project_id,project_name,project_type,scenario_name,scenario_type,record_group,sku_id,metric,description,value,unit,data_state,source_reference,effective_date,owner_name,month_start,month_end,phase,include_in_model,notes
1,Cedarwood Flats,Multifamily Residential Development,Historical Planning — Cedarwood Baseline,custom,project_identity,IDENT-001,project_stage,project stage,development,other,estimated,"pasted_content_23.txt, Cedarwood Base Planning Case, user-supplied 2026-08-21",,jchappell2120,,,,yes,"Estimated/user-supplied historical planning scenario. No figure is an actual result, commitment, or funded-capital record."
1,Cedarwood Flats,Multifamily Residential Development,Historical Planning — Cedarwood Baseline,custom,project_identity,IDENT-002,program_units,program units,280,units,estimated,"pasted_content_23.txt, Cedarwood Base Planning Case, user-supplied 2026-08-21",,jchappell2120,,,,yes,"Estimated/user-supplied historical planning scenario. No figure is an actual result, commitment, or funded-capital record."
1,Cedarwood Flats,Multifamily Residential Development,Historical Planning — Cedarwood Baseline,custom,project_identity,IDENT-003,program_buildings,program buildings,5,units,estimated,"pasted_content_23.txt, Cedarwood Base Planning Case, user-supplied 2026-08-21",,jchappell2120,,,,yes,"Estimated/user-supplied historical planning scenario. No figure is an actual result, commitment, or funded-capital record."
1,Cedarwood Flats,Multifamily Residential Development,Historical Planning — Cedarwood Baseline,custom,project_identity,IDENT-004,program_residential_sf,program residential sf,258300,sf,estimated,"pasted_content_23.txt, Cedarwood Base Planning Case, user-supplied 2026-08-21",,jchappell2120,,,,yes,"Estimated/user-supplied historical planning scenario. No figure is an actual result, commitment, or funded-capital record."
1,Cedarwood Flats,Multifamily Residential Development,Historical Planning — Cedarwood Baseline,custom,project_identity,IDENT-005,program_gross_sf,program gross sf,258300,sf,estimated,"pasted_content_23.txt, Cedarwood Base Planning Case, user-supplied 2026-08-21",,jchappell2120,,,,yes,"Estimated/user-supplied historical planning scenario. No figure is an actual result, commitment, or funded-capital record."
1,Cedarwood Flats,Multifamily Residential Development,Historical Planning — Cedarwood Baseline,custom,scenario_driver,DRV-001,development_cost,development cost,40000000,usd,estimated,"pasted_content_23.txt, Cedarwood Base Planning Case, user-supplied 2026-08-21",,jchappell2120,,,,yes,"Estimated/user-supplied historical planning scenario. No figure is an actual result, commitment, or funded-capital record."
1,Cedarwood Flats,Multifamily Residential Development,Historical Planning — Cedarwood Baseline,custom,scenario_driver,DRV-002,development_cost_per_unit,development cost per unit,142857,usd_per_unit,estimated,"pasted_content_23.txt, Cedarwood Base Planning Case, user-supplied 2026-08-21",,jchappell2120,,,,yes,"Estimated/user-supplied historical planning scenario. No figure is an actual result, commitment, or funded-capital record."
1,Cedarwood Flats,Multifamily Residential Development,Historical Planning — Cedarwood Baseline,custom,scenario_driver,DRV-003,development_cost_per_gross_sf,development cost per gross sf,155,usd_per_sf,estimated,"pasted_content_23.txt, Cedarwood Base Planning Case, user-supplied 2026-08-21",,jchappell2120,,,,yes,"Estimated/user-supplied historical planning scenario. No figure is an actual result, commitment, or funded-capital record."
1,Cedarwood Flats,Multifamily Residential Development,Historical Planning — Cedarwood Baseline,custom,scenario_driver,DRV-004,stabilized_occupancy_bps,stabilized occupancy bps,9500,percentage_bps,estimated,"pasted_content_23.txt, Cedarwood Base Planning Case, user-supplied 2026-08-21",,jchappell2120,,,,yes,"Estimated/user-supplied historical planning scenario. No figure is an actual result, commitment, or funded-capital record."
1,Cedarwood Flats,Multifamily Residential Development,Historical Planning — Cedarwood Baseline,custom,scenario_driver,DRV-005,operating_expense_ratio_bps,operating expense ratio bps,3203,percentage_bps,estimated,"pasted_content_23.txt, Cedarwood Base Planning Case, user-supplied 2026-08-21",,jchappell2120,,,,yes,"Estimated/user-supplied historical planning scenario. No figure is an actual result, commitment, or funded-capital record."
1,Cedarwood Flats,Multifamily Residential Development,Historical Planning — Cedarwood Baseline,custom,scenario_driver,DRV-006,construction_debt_commitment,construction debt commitment,55000000,usd,estimated,"pasted_content_23.txt, Cedarwood Base Planning Case, user-supplied 2026-08-21",,jchappell2120,,,,yes,"Estimated/user-supplied historical planning scenario. No figure is an actual result, commitment, or funded-capital record."
1,Cedarwood Flats,Multifamily Residential Development,Historical Planning — Cedarwood Baseline,custom,scenario_driver,DRV-007,construction_interest_rate_bps,construction interest rate bps,750,percentage_bps,estimated,"pasted_content_23.txt, Cedarwood Base Planning Case, user-supplied 2026-08-21",,jchappell2120,,,,yes,"Estimated/user-supplied historical planning scenario. No figure is an actual result, commitment, or funded-capital record."
1,Cedarwood Flats,Multifamily Residential Development,Historical Planning — Cedarwood Baseline,custom,scenario_driver,DRV-008,construction_interest_only_months,construction interest only months,24,months,estimated,"pasted_content_23.txt, Cedarwood Base Planning Case, user-supplied 2026-08-21",,jchappell2120,,,,yes,"Estimated/user-supplied historical planning scenario. No figure is an actual result, commitment, or funded-capital record."
1,Cedarwood Flats,Multifamily Residential Development,Historical Planning — Cedarwood Baseline,custom,scenario_driver,DRV-009,amortization_months,amortization months,360,months,estimated,"pasted_content_23.txt, Cedarwood Base Planning Case, user-supplied 2026-08-21",,jchappell2120,,,,yes,"Estimated/user-supplied historical planning scenario. No figure is an actual result, commitment, or funded-capital record."
1,Cedarwood Flats,Multifamily Residential Development,Historical Planning — Cedarwood Baseline,custom,scenario_driver,DRV-010,financing_fee_bps,financing fee bps,100,percentage_bps,estimated,"pasted_content_23.txt, Cedarwood Base Planning Case, user-supplied 2026-08-21",,jchappell2120,,,,yes,"Estimated/user-supplied historical planning scenario. No figure is an actual result, commitment, or funded-capital record."
1,Cedarwood Flats,Multifamily Residential Development,Historical Planning — Cedarwood Baseline,custom,scenario_driver,DRV-011,exit_cap_rate_bps,exit cap rate bps,550,percentage_bps,estimated,"pasted_content_23.txt, Cedarwood Base Planning Case, user-supplied 2026-08-21",,jchappell2120,,,,yes,"Estimated/user-supplied historical planning scenario. No figure is an actual result, commitment, or funded-capital record."
1,Cedarwood Flats,Multifamily Residential Development,Historical Planning — Cedarwood Baseline,custom,scenario_driver,DRV-012,sale_cost_bps,sale cost bps,300,percentage_bps,estimated,"pasted_content_23.txt, Cedarwood Base Planning Case, user-supplied 2026-08-21",,jchappell2120,,,,yes,"Estimated/user-supplied historical planning scenario. No figure is an actual result, commitment, or funded-capital record."
1,Cedarwood Flats,Multifamily Residential Development,Historical Planning — Cedarwood Baseline,custom,unit_mix,UNIT-01-01,unit_count,Studio — unit count,28,units,estimated,"pasted_content_23.txt, Cedarwood Base Planning Case, user-supplied 2026-08-21",,jchappell2120,,,,yes,"Estimated/user-supplied historical planning scenario. No figure is an actual result, commitment, or funded-capital record."
1,Cedarwood Flats,Multifamily Residential Development,Historical Planning — Cedarwood Baseline,custom,unit_mix,UNIT-01-02,average_unit_sf,Studio — average unit sf,600,sf,estimated,"pasted_content_23.txt, Cedarwood Base Planning Case, user-supplied 2026-08-21",,jchappell2120,,,,yes,"Estimated/user-supplied historical planning scenario. No figure is an actual result, commitment, or funded-capital record."
1,Cedarwood Flats,Multifamily Residential Development,Historical Planning — Cedarwood Baseline,custom,unit_mix,UNIT-01-03,monthly_rent,Studio — monthly rent,1450,usd_per_month,estimated,"pasted_content_23.txt, Cedarwood Base Planning Case, user-supplied 2026-08-21",,jchappell2120,,,,yes,"Estimated/user-supplied historical planning scenario. No figure is an actual result, commitment, or funded-capital record."
1,Cedarwood Flats,Multifamily Residential Development,Historical Planning — Cedarwood Baseline,custom,unit_mix,UNIT-01-04,annual_scheduled_rent,Studio — annual scheduled rent,487200,usd,estimated,"pasted_content_23.txt, Cedarwood Base Planning Case, user-supplied 2026-08-21",,jchappell2120,,,,yes,"Estimated/user-supplied historical planning scenario. No figure is an actual result, commitment, or funded-capital record."
1,Cedarwood Flats,Multifamily Residential Development,Historical Planning — Cedarwood Baseline,custom,unit_mix,UNIT-02-01,unit_count,1 Bedroom — unit count,112,units,estimated,"pasted_content_23.txt, Cedarwood Base Planning Case, user-supplied 2026-08-21",,jchappell2120,,,,yes,"Estimated/user-supplied historical planning scenario. No figure is an actual result, commitment, or funded-capital record."
1,Cedarwood Flats,Multifamily Residential Development,Historical Planning — Cedarwood Baseline,custom,unit_mix,UNIT-02-02,average_unit_sf,1 Bedroom — average unit sf,775,sf,estimated,"pasted_content_23.txt, Cedarwood Base Planning Case, user-supplied 2026-08-21",,jchappell2120,,,,yes,"Estimated/user-supplied historical planning scenario. No figure is an actual result, commitment, or funded-capital record."
1,Cedarwood Flats,Multifamily Residential Development,Historical Planning — Cedarwood Baseline,custom,unit_mix,UNIT-02-03,monthly_rent,1 Bedroom — monthly rent,1850,usd_per_month,estimated,"pasted_content_23.txt, Cedarwood Base Planning Case, user-supplied 2026-08-21",,jchappell2120,,,,yes,"Estimated/user-supplied historical planning scenario. No figure is an actual result, commitment, or funded-capital record."
1,Cedarwood Flats,Multifamily Residential Development,Historical Planning — Cedarwood Baseline,custom,unit_mix,UNIT-02-04,annual_scheduled_rent,1 Bedroom — annual scheduled rent,2486400,usd,estimated,"pasted_content_23.txt, Cedarwood Base Planning Case, user-supplied 2026-08-21",,jchappell2120,,,,yes,"Estimated/user-supplied historical planning scenario. No figure is an actual result, commitment, or funded-capital record."
1,Cedarwood Flats,Multifamily Residential Development,Historical Planning — Cedarwood Baseline,custom,unit_mix,UNIT-03-01,unit_count,2 Bedroom — unit count,112,units,estimated,"pasted_content_23.txt, Cedarwood Base Planning Case, user-supplied 2026-08-21",,jchappell2120,,,,yes,"Estimated/user-supplied historical planning scenario. No figure is an actual result, commitment, or funded-capital record."
1,Cedarwood Flats,Multifamily Residential Development,Historical Planning — Cedarwood Baseline,custom,unit_mix,UNIT-03-02,average_unit_sf,2 Bedroom — average unit sf,1050,sf,estimated,"pasted_content_23.txt, Cedarwood Base Planning Case, user-supplied 2026-08-21",,jchappell2120,,,,yes,"Estimated/user-supplied historical planning scenario. No figure is an actual result, commitment, or funded-capital record."
1,Cedarwood Flats,Multifamily Residential Development,Historical Planning — Cedarwood Baseline,custom,unit_mix,UNIT-03-03,monthly_rent,2 Bedroom — monthly rent,2350,usd_per_month,estimated,"pasted_content_23.txt, Cedarwood Base Planning Case, user-supplied 2026-08-21",,jchappell2120,,,,yes,"Estimated/user-supplied historical planning scenario. No figure is an actual result, commitment, or funded-capital record."
1,Cedarwood Flats,Multifamily Residential Development,Historical Planning — Cedarwood Baseline,custom,unit_mix,UNIT-03-04,annual_scheduled_rent,2 Bedroom — annual scheduled rent,3158400,usd,estimated,"pasted_content_23.txt, Cedarwood Base Planning Case, user-supplied 2026-08-21",,jchappell2120,,,,yes,"Estimated/user-supplied historical planning scenario. No figure is an actual result, commitment, or funded-capital record."
1,Cedarwood Flats,Multifamily Residential Development,Historical Planning — Cedarwood Baseline,custom,unit_mix,UNIT-04-01,unit_count,3 Bedroom — unit count,28,units,estimated,"pasted_content_23.txt, Cedarwood Base Planning Case, user-supplied 2026-08-21",,jchappell2120,,,,yes,"Estimated/user-supplied historical planning scenario. No figure is an actual result, commitment, or funded-capital record."
1,Cedarwood Flats,Multifamily Residential Development,Historical Planning — Cedarwood Baseline,custom,unit_mix,UNIT-04-02,average_unit_sf,3 Bedroom — average unit sf,1325,sf,estimated,"pasted_content_23.txt, Cedarwood Base Planning Case, user-supplied 2026-08-21",,jchappell2120,,,,yes,"Estimated/user-supplied historical planning scenario. No figure is an actual result, commitment, or funded-capital record."
1,Cedarwood Flats,Multifamily Residential Development,Historical Planning — Cedarwood Baseline,custom,unit_mix,UNIT-04-03,monthly_rent,3 Bedroom — monthly rent,2900,usd_per_month,estimated,"pasted_content_23.txt, Cedarwood Base Planning Case, user-supplied 2026-08-21",,jchappell2120,,,,yes,"Estimated/user-supplied historical planning scenario. No figure is an actual result, commitment, or funded-capital record."
1,Cedarwood Flats,Multifamily Residential Development,Historical Planning — Cedarwood Baseline,custom,unit_mix,UNIT-04-04,annual_scheduled_rent,3 Bedroom — annual scheduled rent,974400,usd,estimated,"pasted_content_23.txt, Cedarwood Base Planning Case, user-supplied 2026-08-21",,jchappell2120,,,,yes,"Estimated/user-supplied historical planning scenario. No figure is an actual result, commitment, or funded-capital record."
1,Cedarwood Flats,Multifamily Residential Development,Historical Planning — Cedarwood Baseline,custom,calculated_output,REV-001,annual_residential_revenue,annual residential revenue,7106400,usd,estimated,"pasted_content_23.txt, Cedarwood Base Planning Case, user-supplied 2026-08-21",,jchappell2120,,,,yes,"Estimated/user-supplied historical planning scenario. No figure is an actual result, commitment, or funded-capital record. | Calculated from the scenario unit mix, occupancy, other-income, and expense drivers."
1,Cedarwood Flats,Multifamily Residential Development,Historical Planning — Cedarwood Baseline,custom,calculated_output,REV-002,annual_other_income,annual other income,252000,usd,estimated,"pasted_content_23.txt, Cedarwood Base Planning Case, user-supplied 2026-08-21",,jchappell2120,,,,yes,"Estimated/user-supplied historical planning scenario. No figure is an actual result, commitment, or funded-capital record. | Calculated from the scenario unit mix, occupancy, other-income, and expense drivers."
1,Cedarwood Flats,Multifamily Residential Development,Historical Planning — Cedarwood Baseline,custom,calculated_output,REV-003,annual_potential_gross_revenue,annual potential gross revenue,7358400,usd,estimated,"pasted_content_23.txt, Cedarwood Base Planning Case, user-supplied 2026-08-21",,jchappell2120,,,,yes,"Estimated/user-supplied historical planning scenario. No figure is an actual result, commitment, or funded-capital record. | Calculated from the scenario unit mix, occupancy, other-income, and expense drivers."
1,Cedarwood Flats,Multifamily Residential Development,Historical Planning — Cedarwood Baseline,custom,calculated_output,REV-004,annual_effective_gross_income,annual effective gross income,6990480,usd,estimated,"pasted_content_23.txt, Cedarwood Base Planning Case, user-supplied 2026-08-21",,jchappell2120,,,,yes,"Estimated/user-supplied historical planning scenario. No figure is an actual result, commitment, or funded-capital record. | Calculated from the scenario unit mix, occupancy, other-income, and expense drivers."
1,Cedarwood Flats,Multifamily Residential Development,Historical Planning — Cedarwood Baseline,custom,calculated_output,REV-005,annual_operating_expenses,annual operating expenses,2240000,usd,estimated,"pasted_content_23.txt, Cedarwood Base Planning Case, user-supplied 2026-08-21",,jchappell2120,,,,yes,"Estimated/user-supplied historical planning scenario. No figure is an actual result, commitment, or funded-capital record. | Calculated from the scenario unit mix, occupancy, other-income, and expense drivers."
1,Cedarwood Flats,Multifamily Residential Development,Historical Planning — Cedarwood Baseline,custom,calculated_output,REV-006,annual_net_operating_income,annual net operating income,4750480,usd,estimated,"pasted_content_23.txt, Cedarwood Base Planning Case, user-supplied 2026-08-21",,jchappell2120,,,,yes,"Estimated/user-supplied historical planning scenario. No figure is an actual result, commitment, or funded-capital record. | Calculated from the scenario unit mix, occupancy, other-income, and expense drivers."
1,Cedarwood Flats,Multifamily Residential Development,Historical Planning — Cedarwood Baseline,custom,calculated_output,REV-007,yield_on_cost_bps,yield on cost bps,1188,percentage_bps,estimated,"pasted_content_23.txt, Cedarwood Base Planning Case, user-supplied 2026-08-21",,jchappell2120,,,,yes,"Estimated/user-supplied historical planning scenario. No figure is an actual result, commitment, or funded-capital record. | Calculated from the scenario unit mix, occupancy, other-income, and expense drivers."
1,Cedarwood Flats,Multifamily Residential Development,Historical Planning — Cedarwood Baseline,custom,operations,OPEX-01,annual_operating_expense,Property taxes,700000,usd,estimated,"pasted_content_23.txt, Cedarwood Base Planning Case, user-supplied 2026-08-21",,jchappell2120,,,,yes,"Estimated/user-supplied historical planning scenario. No figure is an actual result, commitment, or funded-capital record."
1,Cedarwood Flats,Multifamily Residential Development,Historical Planning — Cedarwood Baseline,custom,operations,OPEX-02,annual_operating_expense,Insurance,210000,usd,estimated,"pasted_content_23.txt, Cedarwood Base Planning Case, user-supplied 2026-08-21",,jchappell2120,,,,yes,"Estimated/user-supplied historical planning scenario. No figure is an actual result, commitment, or funded-capital record."
1,Cedarwood Flats,Multifamily Residential Development,Historical Planning — Cedarwood Baseline,custom,operations,OPEX-03,annual_operating_expense,Property management,210000,usd,estimated,"pasted_content_23.txt, Cedarwood Base Planning Case, user-supplied 2026-08-21",,jchappell2120,,,,yes,"Estimated/user-supplied historical planning scenario. No figure is an actual result, commitment, or funded-capital record."
1,Cedarwood Flats,Multifamily Residential Development,Historical Planning — Cedarwood Baseline,custom,operations,OPEX-04,annual_operating_expense,Utilities,250000,usd,estimated,"pasted_content_23.txt, Cedarwood Base Planning Case, user-supplied 2026-08-21",,jchappell2120,,,,yes,"Estimated/user-supplied historical planning scenario. No figure is an actual result, commitment, or funded-capital record."
1,Cedarwood Flats,Multifamily Residential Development,Historical Planning — Cedarwood Baseline,custom,operations,OPEX-05,annual_operating_expense,Repairs and maintenance,300000,usd,estimated,"pasted_content_23.txt, Cedarwood Base Planning Case, user-supplied 2026-08-21",,jchappell2120,,,,yes,"Estimated/user-supplied historical planning scenario. No figure is an actual result, commitment, or funded-capital record."
1,Cedarwood Flats,Multifamily Residential Development,Historical Planning — Cedarwood Baseline,custom,operations,OPEX-06,annual_operating_expense,Payroll / onsite operations,240000,usd,estimated,"pasted_content_23.txt, Cedarwood Base Planning Case, user-supplied 2026-08-21",,jchappell2120,,,,yes,"Estimated/user-supplied historical planning scenario. No figure is an actual result, commitment, or funded-capital record."
1,Cedarwood Flats,Multifamily Residential Development,Historical Planning — Cedarwood Baseline,custom,operations,OPEX-07,annual_operating_expense,Landscaping / grounds,100000,usd,estimated,"pasted_content_23.txt, Cedarwood Base Planning Case, user-supplied 2026-08-21",,jchappell2120,,,,yes,"Estimated/user-supplied historical planning scenario. No figure is an actual result, commitment, or funded-capital record."
1,Cedarwood Flats,Multifamily Residential Development,Historical Planning — Cedarwood Baseline,custom,operations,OPEX-08,annual_operating_expense,Marketing / leasing,70000,usd,estimated,"pasted_content_23.txt, Cedarwood Base Planning Case, user-supplied 2026-08-21",,jchappell2120,,,,yes,"Estimated/user-supplied historical planning scenario. No figure is an actual result, commitment, or funded-capital record."
1,Cedarwood Flats,Multifamily Residential Development,Historical Planning — Cedarwood Baseline,custom,operations,OPEX-09,annual_operating_expense,Administrative,60000,usd,estimated,"pasted_content_23.txt, Cedarwood Base Planning Case, user-supplied 2026-08-21",,jchappell2120,,,,yes,"Estimated/user-supplied historical planning scenario. No figure is an actual result, commitment, or funded-capital record."
1,Cedarwood Flats,Multifamily Residential Development,Historical Planning — Cedarwood Baseline,custom,operations,OPEX-10,annual_operating_expense,Replacement / operating reserves,100000,usd,estimated,"pasted_content_23.txt, Cedarwood Base Planning Case, user-supplied 2026-08-21",,jchappell2120,,,,yes,"Estimated/user-supplied historical planning scenario. No figure is an actual result, commitment, or funded-capital record."
1,Cedarwood Flats,Multifamily Residential Development,Historical Planning — Cedarwood Baseline,custom,wbs_budget,WBS-001,extended_cost,Land acquisition consideration,3400000,usd,estimated,"pasted_content_23.txt, Cedarwood Base Planning Case, user-supplied 2026-08-21",,jchappell2120,,,predevelopment,yes,"Estimated/user-supplied historical planning scenario. No figure is an actual result, commitment, or funded-capital record. | Standardized WBS category: land_acquisition; applicability: Project-wide."
1,Cedarwood Flats,Multifamily Residential Development,Historical Planning — Cedarwood Baseline,custom,wbs_budget,WBS-002,extended_cost,Acquisition due diligence,150000,usd,estimated,"pasted_content_23.txt, Cedarwood Base Planning Case, user-supplied 2026-08-21",,jchappell2120,,,predevelopment,yes,"Estimated/user-supplied historical planning scenario. No figure is an actual result, commitment, or funded-capital record. | Standardized WBS category: land_acquisition; applicability: Project-wide."
1,Cedarwood Flats,Multifamily Residential Development,Historical Planning — Cedarwood Baseline,custom,wbs_budget,WBS-003,extended_cost,Title and escrow,50000,usd,estimated,"pasted_content_23.txt, Cedarwood Base Planning Case, user-supplied 2026-08-21",,jchappell2120,,,predevelopment,yes,"Estimated/user-supplied historical planning scenario. No figure is an actual result, commitment, or funded-capital record. | Standardized WBS category: land_acquisition; applicability: Project-wide."
1,Cedarwood Flats,Multifamily Residential Development,Historical Planning — Cedarwood Baseline,custom,wbs_budget,WBS-004,extended_cost,Acquisition legal,50000,usd,estimated,"pasted_content_23.txt, Cedarwood Base Planning Case, user-supplied 2026-08-21",,jchappell2120,,,predevelopment,yes,"Estimated/user-supplied historical planning scenario. No figure is an actual result, commitment, or funded-capital record. | Standardized WBS category: land_acquisition; applicability: Project-wide."
1,Cedarwood Flats,Multifamily Residential Development,Historical Planning — Cedarwood Baseline,custom,wbs_budget,WBS-005,extended_cost,Environmental review,50000,usd,estimated,"pasted_content_23.txt, Cedarwood Base Planning Case, user-supplied 2026-08-21",,jchappell2120,,,predevelopment,yes,"Estimated/user-supplied historical planning scenario. No figure is an actual result, commitment, or funded-capital record. | Standardized WBS category: land_acquisition; applicability: Project-wide."
1,Cedarwood Flats,Multifamily Residential Development,Historical Planning — Cedarwood Baseline,custom,wbs_budget,WBS-006,extended_cost,Boundary and topographic survey,50000,usd,estimated,"pasted_content_23.txt, Cedarwood Base Planning Case, user-supplied 2026-08-21",,jchappell2120,,,predevelopment,yes,"Estimated/user-supplied historical planning scenario. No figure is an actual result, commitment, or funded-capital record. | Standardized WBS category: land_acquisition; applicability: Project-wide."
1,Cedarwood Flats,Multifamily Residential Development,Historical Planning — Cedarwood Baseline,custom,wbs_budget,WBS-007,extended_cost,Geotechnical investigation,75000,usd,estimated,"pasted_content_23.txt, Cedarwood Base Planning Case, user-supplied 2026-08-21",,jchappell2120,,,predevelopment,yes,"Estimated/user-supplied historical planning scenario. No figure is an actual result, commitment, or funded-capital record. | Standardized WBS category: land_acquisition; applicability: Project-wide."
1,Cedarwood Flats,Multifamily Residential Development,Historical Planning — Cedarwood Baseline,custom,wbs_budget,WBS-008,extended_cost,Acquisition brokerage,50000,usd,estimated,"pasted_content_23.txt, Cedarwood Base Planning Case, user-supplied 2026-08-21",,jchappell2120,,,predevelopment,yes,"Estimated/user-supplied historical planning scenario. No figure is an actual result, commitment, or funded-capital record. | Standardized WBS category: land_acquisition; applicability: Project-wide."
1,Cedarwood Flats,Multifamily Residential Development,Historical Planning — Cedarwood Baseline,custom,wbs_budget,WBS-009,extended_cost,Demolition and clearing allowance,50000,usd,estimated,"pasted_content_23.txt, Cedarwood Base Planning Case, user-supplied 2026-08-21",,jchappell2120,,,predevelopment,yes,"Estimated/user-supplied historical planning scenario. No figure is an actual result, commitment, or funded-capital record. | Standardized WBS category: land_acquisition; applicability: Project-wide."
1,Cedarwood Flats,Multifamily Residential Development,Historical Planning — Cedarwood Baseline,custom,wbs_budget,WBS-010,extended_cost,Land closing reserve,75000,usd,estimated,"pasted_content_23.txt, Cedarwood Base Planning Case, user-supplied 2026-08-21",,jchappell2120,,,predevelopment,yes,"Estimated/user-supplied historical planning scenario. No figure is an actual result, commitment, or funded-capital record. | Standardized WBS category: land_acquisition; applicability: Project-wide."
1,Cedarwood Flats,Multifamily Residential Development,Historical Planning — Cedarwood Baseline,custom,wbs_budget,WBS-011,extended_cost,Mass grading,700000,usd,estimated,"pasted_content_23.txt, Cedarwood Base Planning Case, user-supplied 2026-08-21",,jchappell2120,,,construction,yes,"Estimated/user-supplied historical planning scenario. No figure is an actual result, commitment, or funded-capital record. | Standardized WBS category: site_development; applicability: Project-wide."
1,Cedarwood Flats,Multifamily Residential Development,Historical Planning — Cedarwood Baseline,custom,wbs_budget,WBS-012,extended_cost,Utility extension,500000,usd,estimated,"pasted_content_23.txt, Cedarwood Base Planning Case, user-supplied 2026-08-21",,jchappell2120,,,construction,yes,"Estimated/user-supplied historical planning scenario. No figure is an actual result, commitment, or funded-capital record. | Standardized WBS category: site_development; applicability: Project-wide."
1,Cedarwood Flats,Multifamily Residential Development,Historical Planning — Cedarwood Baseline,custom,wbs_budget,WBS-013,extended_cost,Water and sewer improvements,500000,usd,estimated,"pasted_content_23.txt, Cedarwood Base Planning Case, user-supplied 2026-08-21",,jchappell2120,,,construction,yes,"Estimated/user-supplied historical planning scenario. No figure is an actual result, commitment, or funded-capital record. | Standardized WBS category: site_development; applicability: Project-wide."
1,Cedarwood Flats,Multifamily Residential Development,Historical Planning — Cedarwood Baseline,custom,wbs_budget,WBS-014,extended_cost,Stormwater infrastructure,500000,usd,estimated,"pasted_content_23.txt, Cedarwood Base Planning Case, user-supplied 2026-08-21",,jchappell2120,,,construction,yes,"Estimated/user-supplied historical planning scenario. No figure is an actual result, commitment, or funded-capital record. | Standardized WBS category: site_development; applicability: Project-wide."
1,Cedarwood Flats,Multifamily Residential Development,Historical Planning — Cedarwood Baseline,custom,wbs_budget,WBS-015,extended_cost,"Paving, curbs, and sidewalks",450000,usd,estimated,"pasted_content_23.txt, Cedarwood Base Planning Case, user-supplied 2026-08-21",,jchappell2120,,,construction,yes,"Estimated/user-supplied historical planning scenario. No figure is an actual result, commitment, or funded-capital record. | Standardized WBS category: site_development; applicability: Project-wide."
1,Cedarwood Flats,Multifamily Residential Development,Historical Planning — Cedarwood Baseline,custom,wbs_budget,WBS-016,extended_cost,Landscape and irrigation,250000,usd,estimated,"pasted_content_23.txt, Cedarwood Base Planning Case, user-supplied 2026-08-21",,jchappell2120,,,construction,yes,"Estimated/user-supplied historical planning scenario. No figure is an actual result, commitment, or funded-capital record. | Standardized WBS category: site_development; applicability: Project-wide."
1,Cedarwood Flats,Multifamily Residential Development,Historical Planning — Cedarwood Baseline,custom,wbs_budget,WBS-017,extended_cost,Detention and retention,300000,usd,estimated,"pasted_content_23.txt, Cedarwood Base Planning Case, user-supplied 2026-08-21",,jchappell2120,,,construction,yes,"Estimated/user-supplied historical planning scenario. No figure is an actual result, commitment, or funded-capital record. | Standardized WBS category: site_development; applicability: Project-wide."
1,Cedarwood Flats,Multifamily Residential Development,Historical Planning — Cedarwood Baseline,custom,wbs_budget,WBS-018,extended_cost,Earthwork and import/export,300000,usd,estimated,"pasted_content_23.txt, Cedarwood Base Planning Case, user-supplied 2026-08-21",,jchappell2120,,,construction,yes,"Estimated/user-supplied historical planning scenario. No figure is an actual result, commitment, or funded-capital record. | Standardized WBS category: site_development; applicability: Project-wide."
1,Cedarwood Flats,Multifamily Residential Development,Historical Planning — Cedarwood Baseline,custom,wbs_budget,WBS-019,extended_cost,Temporary utilities,200000,usd,estimated,"pasted_content_23.txt, Cedarwood Base Planning Case, user-supplied 2026-08-21",,jchappell2120,,,construction,yes,"Estimated/user-supplied historical planning scenario. No figure is an actual result, commitment, or funded-capital record. | Standardized WBS category: site_development; applicability: Project-wide."
1,Cedarwood Flats,Multifamily Residential Development,Historical Planning — Cedarwood Baseline,custom,wbs_budget,WBS-020,extended_cost,Site development reserve,300000,usd,estimated,"pasted_content_23.txt, Cedarwood Base Planning Case, user-supplied 2026-08-21",,jchappell2120,,,construction,yes,"Estimated/user-supplied historical planning scenario. No figure is an actual result, commitment, or funded-capital record. | Standardized WBS category: site_development; applicability: Project-wide."
1,Cedarwood Flats,Multifamily Residential Development,Historical Planning — Cedarwood Baseline,custom,wbs_budget,WBS-021,extended_cost,LGS primary structure,1200000,usd,estimated,"pasted_content_23.txt, Cedarwood Base Planning Case, user-supplied 2026-08-21",,jchappell2120,,,construction,yes,"Estimated/user-supplied historical planning scenario. No figure is an actual result, commitment, or funded-capital record. | Standardized WBS category: building_modular; applicability: All five buildings."
1,Cedarwood Flats,Multifamily Residential Development,Historical Planning — Cedarwood Baseline,custom,wbs_budget,WBS-022,extended_cost,LGS secondary framing,800000,usd,estimated,"pasted_content_23.txt, Cedarwood Base Planning Case, user-supplied 2026-08-21",,jchappell2120,,,construction,yes,"Estimated/user-supplied historical planning scenario. No figure is an actual result, commitment, or funded-capital record. | Standardized WBS category: building_modular; applicability: All five buildings."
1,Cedarwood Flats,Multifamily Residential Development,Historical Planning — Cedarwood Baseline,custom,wbs_budget,WBS-023,extended_cost,Structural connectors and fasteners,700000,usd,estimated,"pasted_content_23.txt, Cedarwood Base Planning Case, user-supplied 2026-08-21",,jchappell2120,,,construction,yes,"Estimated/user-supplied historical planning scenario. No figure is an actual result, commitment, or funded-capital record. | Standardized WBS category: building_modular; applicability: All five buildings."
1,Cedarwood Flats,Multifamily Residential Development,Historical Planning — Cedarwood Baseline,custom,wbs_budget,WBS-024,extended_cost,Structural engineering coordination,500000,usd,estimated,"pasted_content_23.txt, Cedarwood Base Planning Case, user-supplied 2026-08-21",,jchappell2120,,,construction,yes,"Estimated/user-supplied historical planning scenario. No figure is an actual result, commitment, or funded-capital record. | Standardized WBS category: building_modular; applicability: All five buildings."
1,Cedarwood Flats,Multifamily Residential Development,Historical Planning — Cedarwood Baseline,custom,wbs_budget,WBS-025,extended_cost,Structural fabrication reserve,380000,usd,estimated,"pasted_content_23.txt, Cedarwood Base Planning Case, user-supplied 2026-08-21",,jchappell2120,,,construction,yes,"Estimated/user-supplied historical planning scenario. No figure is an actual result, commitment, or funded-capital record. | Standardized WBS category: building_modular; applicability: All five buildings."
1,Cedarwood Flats,Multifamily Residential Development,Historical Planning — Cedarwood Baseline,custom,wbs_budget,WBS-026,extended_cost,Exterior wall assemblies,700000,usd,estimated,"pasted_content_23.txt, Cedarwood Base Planning Case, user-supplied 2026-08-21",,jchappell2120,,,construction,yes,"Estimated/user-supplied historical planning scenario. No figure is an actual result, commitment, or funded-capital record. | Standardized WBS category: building_modular; applicability: All five buildings."
1,Cedarwood Flats,Multifamily Residential Development,Historical Planning — Cedarwood Baseline,custom,wbs_budget,WBS-027,extended_cost,Exterior cladding,500000,usd,estimated,"pasted_content_23.txt, Cedarwood Base Planning Case, user-supplied 2026-08-21",,jchappell2120,,,construction,yes,"Estimated/user-supplied historical planning scenario. No figure is an actual result, commitment, or funded-capital record. | Standardized WBS category: building_modular; applicability: All five buildings."
1,Cedarwood Flats,Multifamily Residential Development,Historical Planning — Cedarwood Baseline,custom,wbs_budget,WBS-028,extended_cost,Air and water barrier,500000,usd,estimated,"pasted_content_23.txt, Cedarwood Base Planning Case, user-supplied 2026-08-21",,jchappell2120,,,construction,yes,"Estimated/user-supplied historical planning scenario. No figure is an actual result, commitment, or funded-capital record. | Standardized WBS category: building_modular; applicability: All five buildings."
1,Cedarwood Flats,Multifamily Residential Development,Historical Planning — Cedarwood Baseline,custom,wbs_budget,WBS-029,extended_cost,Insulation systems,460000,usd,estimated,"pasted_content_23.txt, Cedarwood Base Planning Case, user-supplied 2026-08-21",,jchappell2120,,,construction,yes,"Estimated/user-supplied historical planning scenario. No figure is an actual result, commitment, or funded-capital record. | Standardized WBS category: building_modular; applicability: All five buildings."
1,Cedarwood Flats,Multifamily Residential Development,Historical Planning — Cedarwood Baseline,custom,wbs_budget,WBS-030,extended_cost,Exterior finish reserve,400000,usd,estimated,"pasted_content_23.txt, Cedarwood Base Planning Case, user-supplied 2026-08-21",,jchappell2120,,,construction,yes,"Estimated/user-supplied historical planning scenario. No figure is an actual result, commitment, or funded-capital record. | Standardized WBS category: building_modular; applicability: All five buildings."
1,Cedarwood Flats,Multifamily Residential Development,Historical Planning — Cedarwood Baseline,custom,wbs_budget,WBS-031,extended_cost,Plumbing rough-in,900000,usd,estimated,"pasted_content_23.txt, Cedarwood Base Planning Case, user-supplied 2026-08-21",,jchappell2120,,,construction,yes,"Estimated/user-supplied historical planning scenario. No figure is an actual result, commitment, or funded-capital record. | Standardized WBS category: building_modular; applicability: All five buildings."
1,Cedarwood Flats,Multifamily Residential Development,Historical Planning — Cedarwood Baseline,custom,wbs_budget,WBS-032,extended_cost,Electrical rough-in,900000,usd,estimated,"pasted_content_23.txt, Cedarwood Base Planning Case, user-supplied 2026-08-21",,jchappell2120,,,construction,yes,"Estimated/user-supplied historical planning scenario. No figure is an actual result, commitment, or funded-capital record. | Standardized WBS category: building_modular; applicability: All five buildings."
1,Cedarwood Flats,Multifamily Residential Development,Historical Planning — Cedarwood Baseline,custom,wbs_budget,WBS-033,extended_cost,HVAC equipment and distribution,900000,usd,estimated,"pasted_content_23.txt, Cedarwood Base Planning Case, user-supplied 2026-08-21",,jchappell2120,,,construction,yes,"Estimated/user-supplied historical planning scenario. No figure is an actual result, commitment, or funded-capital record. | Standardized WBS category: building_modular; applicability: All five buildings."
1,Cedarwood Flats,Multifamily Residential Development,Historical Planning — Cedarwood Baseline,custom,wbs_budget,WBS-034,extended_cost,Fire protection,550000,usd,estimated,"pasted_content_23.txt, Cedarwood Base Planning Case, user-supplied 2026-08-21",,jchappell2120,,,construction,yes,"Estimated/user-supplied historical planning scenario. No figure is an actual result, commitment, or funded-capital record. | Standardized WBS category: building_modular; applicability: All five buildings."
1,Cedarwood Flats,Multifamily Residential Development,Historical Planning — Cedarwood Baseline,custom,wbs_budget,WBS-035,extended_cost,Low-voltage and controls,350000,usd,estimated,"pasted_content_23.txt, Cedarwood Base Planning Case, user-supplied 2026-08-21",,jchappell2120,,,construction,yes,"Estimated/user-supplied historical planning scenario. No figure is an actual result, commitment, or funded-capital record. | Standardized WBS category: building_modular; applicability: All five buildings."
1,Cedarwood Flats,Multifamily Residential Development,Historical Planning — Cedarwood Baseline,custom,wbs_budget,WBS-036,extended_cost,Metering and service equipment,200000,usd,estimated,"pasted_content_23.txt, Cedarwood Base Planning Case, user-supplied 2026-08-21",,jchappell2120,,,construction,yes,"Estimated/user-supplied historical planning scenario. No figure is an actual result, commitment, or funded-capital record. | Standardized WBS category: building_modular; applicability: All five buildings."
1,Cedarwood Flats,Multifamily Residential Development,Historical Planning — Cedarwood Baseline,custom,wbs_budget,WBS-037,extended_cost,MEP design coordination,650000,usd,estimated,"pasted_content_23.txt, Cedarwood Base Planning Case, user-supplied 2026-08-21",,jchappell2120,,,construction,yes,"Estimated/user-supplied historical planning scenario. No figure is an actual result, commitment, or funded-capital record. | Standardized WBS category: building_modular; applicability: All five buildings."
1,Cedarwood Flats,Multifamily Residential Development,Historical Planning — Cedarwood Baseline,custom,wbs_budget,WBS-038,extended_cost,MEP integration reserve,670000,usd,estimated,"pasted_content_23.txt, Cedarwood Base Planning Case, user-supplied 2026-08-21",,jchappell2120,,,construction,yes,"Estimated/user-supplied historical planning scenario. No figure is an actual result, commitment, or funded-capital record. | Standardized WBS category: building_modular; applicability: All five buildings."
1,Cedarwood Flats,Multifamily Residential Development,Historical Planning — Cedarwood Baseline,custom,wbs_budget,WBS-039,extended_cost,Unit framing and partitions,700000,usd,estimated,"pasted_content_23.txt, Cedarwood Base Planning Case, user-supplied 2026-08-21",,jchappell2120,,,construction,yes,"Estimated/user-supplied historical planning scenario. No figure is an actual result, commitment, or funded-capital record. | Standardized WBS category: building_modular; applicability: All five buildings."
1,Cedarwood Flats,Multifamily Residential Development,Historical Planning — Cedarwood Baseline,custom,wbs_budget,WBS-040,extended_cost,Drywall and finish prep,700000,usd,estimated,"pasted_content_23.txt, Cedarwood Base Planning Case, user-supplied 2026-08-21",,jchappell2120,,,construction,yes,"Estimated/user-supplied historical planning scenario. No figure is an actual result, commitment, or funded-capital record. | Standardized WBS category: building_modular; applicability: All five buildings."
1,Cedarwood Flats,Multifamily Residential Development,Historical Planning — Cedarwood Baseline,custom,wbs_budget,WBS-041,extended_cost,Interior paint,400000,usd,estimated,"pasted_content_23.txt, Cedarwood Base Planning Case, user-supplied 2026-08-21",,jchappell2120,,,construction,yes,"Estimated/user-supplied historical planning scenario. No figure is an actual result, commitment, or funded-capital record. | Standardized WBS category: building_modular; applicability: All five buildings."
1,Cedarwood Flats,Multifamily Residential Development,Historical Planning — Cedarwood Baseline,custom,wbs_budget,WBS-042,extended_cost,Flooring,800000,usd,estimated,"pasted_content_23.txt, Cedarwood Base Planning Case, user-supplied 2026-08-21",,jchappell2120,,,construction,yes,"Estimated/user-supplied historical planning scenario. No figure is an actual result, commitment, or funded-capital record. | Standardized WBS category: building_modular; applicability: All five buildings."
1,Cedarwood Flats,Multifamily Residential Development,Historical Planning — Cedarwood Baseline,custom,wbs_budget,WBS-043,extended_cost,Cabinets and countertops,900000,usd,estimated,"pasted_content_23.txt, Cedarwood Base Planning Case, user-supplied 2026-08-21",,jchappell2120,,,construction,yes,"Estimated/user-supplied historical planning scenario. No figure is an actual result, commitment, or funded-capital record. | Standardized WBS category: building_modular; applicability: All five buildings."
1,Cedarwood Flats,Multifamily Residential Development,Historical Planning — Cedarwood Baseline,custom,wbs_budget,WBS-044,extended_cost,Millwork,600000,usd,estimated,"pasted_content_23.txt, Cedarwood Base Planning Case, user-supplied 2026-08-21",,jchappell2120,,,construction,yes,"Estimated/user-supplied historical planning scenario. No figure is an actual result, commitment, or funded-capital record. | Standardized WBS category: building_modular; applicability: All five buildings."
1,Cedarwood Flats,Multifamily Residential Development,Historical Planning — Cedarwood Baseline,custom,wbs_budget,WBS-045,extended_cost,Bathroom finishes,800000,usd,estimated,"pasted_content_23.txt, Cedarwood Base Planning Case, user-supplied 2026-08-21",,jchappell2120,,,construction,yes,"Estimated/user-supplied historical planning scenario. No figure is an actual result, commitment, or funded-capital record. | Standardized WBS category: building_modular; applicability: All five buildings."
1,Cedarwood Flats,Multifamily Residential Development,Historical Planning — Cedarwood Baseline,custom,wbs_budget,WBS-046,extended_cost,Interior doors and hardware,500000,usd,estimated,"pasted_content_23.txt, Cedarwood Base Planning Case, user-supplied 2026-08-21",,jchappell2120,,,construction,yes,"Estimated/user-supplied historical planning scenario. No figure is an actual result, commitment, or funded-capital record. | Standardized WBS category: building_modular; applicability: All five buildings."
1,Cedarwood Flats,Multifamily Residential Development,Historical Planning — Cedarwood Baseline,custom,wbs_budget,WBS-047,extended_cost,Roofing membrane,800000,usd,estimated,"pasted_content_23.txt, Cedarwood Base Planning Case, user-supplied 2026-08-21",,jchappell2120,,,construction,yes,"Estimated/user-supplied historical planning scenario. No figure is an actual result, commitment, or funded-capital record. | Standardized WBS category: building_modular; applicability: All five buildings."
1,Cedarwood Flats,Multifamily Residential Development,Historical Planning — Cedarwood Baseline,custom,wbs_budget,WBS-048,extended_cost,Roof insulation and accessories,480000,usd,estimated,"pasted_content_23.txt, Cedarwood Base Planning Case, user-supplied 2026-08-21",,jchappell2120,,,construction,yes,"Estimated/user-supplied historical planning scenario. No figure is an actual result, commitment, or funded-capital record. | Standardized WBS category: building_modular; applicability: All five buildings."
1,Cedarwood Flats,Multifamily Residential Development,Historical Planning — Cedarwood Baseline,custom,wbs_budget,WBS-049,extended_cost,Windows,1100000,usd,estimated,"pasted_content_23.txt, Cedarwood Base Planning Case, user-supplied 2026-08-21",,jchappell2120,,,construction,yes,"Estimated/user-supplied historical planning scenario. No figure is an actual result, commitment, or funded-capital record. | Standardized WBS category: building_modular; applicability: All five buildings."
1,Cedarwood Flats,Multifamily Residential Development,Historical Planning — Cedarwood Baseline,custom,wbs_budget,WBS-050,extended_cost,Exterior doors and glazing,440000,usd,estimated,"pasted_content_23.txt, Cedarwood Base Planning Case, user-supplied 2026-08-21",,jchappell2120,,,construction,yes,"Estimated/user-supplied historical planning scenario. No figure is an actual result, commitment, or funded-capital record. | Standardized WBS category: building_modular; applicability: All five buildings."
1,Cedarwood Flats,Multifamily Residential Development,Historical Planning — Cedarwood Baseline,custom,wbs_budget,WBS-051,extended_cost,Appliances,500000,usd,estimated,"pasted_content_23.txt, Cedarwood Base Planning Case, user-supplied 2026-08-21",,jchappell2120,,,construction,yes,"Estimated/user-supplied historical planning scenario. No figure is an actual result, commitment, or funded-capital record. | Standardized WBS category: building_modular; applicability: All five buildings."
1,Cedarwood Flats,Multifamily Residential Development,Historical Planning — Cedarwood Baseline,custom,wbs_budget,WBS-052,extended_cost,Plumbing fixtures,400000,usd,estimated,"pasted_content_23.txt, Cedarwood Base Planning Case, user-supplied 2026-08-21",,jchappell2120,,,construction,yes,"Estimated/user-supplied historical planning scenario. No figure is an actual result, commitment, or funded-capital record. | Standardized WBS category: building_modular; applicability: All five buildings."
1,Cedarwood Flats,Multifamily Residential Development,Historical Planning — Cedarwood Baseline,custom,wbs_budget,WBS-053,extended_cost,Electrical fixtures,380000,usd,estimated,"pasted_content_23.txt, Cedarwood Base Planning Case, user-supplied 2026-08-21",,jchappell2120,,,construction,yes,"Estimated/user-supplied historical planning scenario. No figure is an actual result, commitment, or funded-capital record. | Standardized WBS category: building_modular; applicability: All five buildings."
1,Cedarwood Flats,Multifamily Residential Development,Historical Planning — Cedarwood Baseline,custom,wbs_budget,WBS-054,extended_cost,Common-area finishes,700000,usd,estimated,"pasted_content_23.txt, Cedarwood Base Planning Case, user-supplied 2026-08-21",,jchappell2120,,,construction,yes,"Estimated/user-supplied historical planning scenario. No figure is an actual result, commitment, or funded-capital record. | Standardized WBS category: building_modular; applicability: All five buildings."
1,Cedarwood Flats,Multifamily Residential Development,Historical Planning — Cedarwood Baseline,custom,wbs_budget,WBS-055,extended_cost,Amenity equipment,500000,usd,estimated,"pasted_content_23.txt, Cedarwood Base Planning Case, user-supplied 2026-08-21",,jchappell2120,,,construction,yes,"Estimated/user-supplied historical planning scenario. No figure is an actual result, commitment, or funded-capital record. | Standardized WBS category: building_modular; applicability: Project-wide."
1,Cedarwood Flats,Multifamily Residential Development,Historical Planning — Cedarwood Baseline,custom,wbs_budget,WBS-056,extended_cost,Common-area furnishings allowance,340000,usd,estimated,"pasted_content_23.txt, Cedarwood Base Planning Case, user-supplied 2026-08-21",,jchappell2120,,,construction,yes,"Estimated/user-supplied historical planning scenario. No figure is an actual result, commitment, or funded-capital record. | Standardized WBS category: building_modular; applicability: Project-wide."
1,Cedarwood Flats,Multifamily Residential Development,Historical Planning — Cedarwood Baseline,custom,wbs_budget,WBS-057,extended_cost,QA/QC inspection,750000,usd,estimated,"pasted_content_23.txt, Cedarwood Base Planning Case, user-supplied 2026-08-21",,jchappell2120,,,commissioning,yes,"Estimated/user-supplied historical planning scenario. No figure is an actual result, commitment, or funded-capital record. | Standardized WBS category: building_modular; applicability: All five buildings."
1,Cedarwood Flats,Multifamily Residential Development,Historical Planning — Cedarwood Baseline,custom,wbs_budget,WBS-058,extended_cost,Building commissioning,500000,usd,estimated,"pasted_content_23.txt, Cedarwood Base Planning Case, user-supplied 2026-08-21",,jchappell2120,,,commissioning,yes,"Estimated/user-supplied historical planning scenario. No figure is an actual result, commitment, or funded-capital record. | Standardized WBS category: building_modular; applicability: All five buildings."
1,Cedarwood Flats,Multifamily Residential Development,Historical Planning — Cedarwood Baseline,custom,wbs_budget,WBS-059,extended_cost,Punch and turnover,500000,usd,estimated,"pasted_content_23.txt, Cedarwood Base Planning Case, user-supplied 2026-08-21",,jchappell2120,,,building_completion,yes,"Estimated/user-supplied historical planning scenario. No figure is an actual result, commitment, or funded-capital record. | Standardized WBS category: building_modular; applicability: All five buildings."
1,Cedarwood Flats,Multifamily Residential Development,Historical Planning — Cedarwood Baseline,custom,wbs_budget,WBS-060,extended_cost,Building completion reserve,1550000,usd,estimated,"pasted_content_23.txt, Cedarwood Base Planning Case, user-supplied 2026-08-21",,jchappell2120,,,building_completion,yes,"Estimated/user-supplied historical planning scenario. No figure is an actual result, commitment, or funded-capital record. | Standardized WBS category: building_modular; applicability: All five buildings."
1,Cedarwood Flats,Multifamily Residential Development,Historical Planning — Cedarwood Baseline,custom,wbs_budget,WBS-061,extended_cost,Factory production setup,200000,usd,estimated,"pasted_content_23.txt, Cedarwood Base Planning Case, user-supplied 2026-08-21",,jchappell2120,,,factory_production,yes,"Estimated/user-supplied historical planning scenario. No figure is an actual result, commitment, or funded-capital record. | Standardized WBS category: factory_logistics_installation; applicability: All five buildings."
1,Cedarwood Flats,Multifamily Residential Development,Historical Planning — Cedarwood Baseline,custom,wbs_budget,WBS-062,extended_cost,Panel and module assembly,180000,usd,estimated,"pasted_content_23.txt, Cedarwood Base Planning Case, user-supplied 2026-08-21",,jchappell2120,,,factory_production,yes,"Estimated/user-supplied historical planning scenario. No figure is an actual result, commitment, or funded-capital record. | Standardized WBS category: factory_logistics_installation; applicability: All five buildings."
1,Cedarwood Flats,Multifamily Residential Development,Historical Planning — Cedarwood Baseline,custom,wbs_budget,WBS-063,extended_cost,Factory labor coordination,180000,usd,estimated,"pasted_content_23.txt, Cedarwood Base Planning Case, user-supplied 2026-08-21",,jchappell2120,,,factory_production,yes,"Estimated/user-supplied historical planning scenario. No figure is an actual result, commitment, or funded-capital record. | Standardized WBS category: factory_logistics_installation; applicability: All five buildings."
1,Cedarwood Flats,Multifamily Residential Development,Historical Planning — Cedarwood Baseline,custom,wbs_budget,WBS-064,extended_cost,Factory QA hold points,100000,usd,estimated,"pasted_content_23.txt, Cedarwood Base Planning Case, user-supplied 2026-08-21",,jchappell2120,,,factory_production,yes,"Estimated/user-supplied historical planning scenario. No figure is an actual result, commitment, or funded-capital record. | Standardized WBS category: factory_logistics_installation; applicability: All five buildings."
1,Cedarwood Flats,Multifamily Residential Development,Historical Planning — Cedarwood Baseline,custom,wbs_budget,WBS-065,extended_cost,Packaging and protection,80000,usd,estimated,"pasted_content_23.txt, Cedarwood Base Planning Case, user-supplied 2026-08-21",,jchappell2120,,,factory_production,yes,"Estimated/user-supplied historical planning scenario. No figure is an actual result, commitment, or funded-capital record. | Standardized WBS category: factory_logistics_installation; applicability: All five buildings."
1,Cedarwood Flats,Multifamily Residential Development,Historical Planning — Cedarwood Baseline,custom,wbs_budget,WBS-066,extended_cost,Staging and handling,100000,usd,estimated,"pasted_content_23.txt, Cedarwood Base Planning Case, user-supplied 2026-08-21",,jchappell2120,,,logistics,yes,"Estimated/user-supplied historical planning scenario. No figure is an actual result, commitment, or funded-capital record. | Standardized WBS category: factory_logistics_installation; applicability: All five buildings."
1,Cedarwood Flats,Multifamily Residential Development,Historical Planning — Cedarwood Baseline,custom,wbs_budget,WBS-067,extended_cost,Transportation,250000,usd,estimated,"pasted_content_23.txt, Cedarwood Base Planning Case, user-supplied 2026-08-21",,jchappell2120,,,transportation,yes,"Estimated/user-supplied historical planning scenario. No figure is an actual result, commitment, or funded-capital record. | Standardized WBS category: factory_logistics_installation; applicability: All five buildings."
1,Cedarwood Flats,Multifamily Residential Development,Historical Planning — Cedarwood Baseline,custom,wbs_budget,WBS-068,extended_cost,Route and permit coordination,50000,usd,estimated,"pasted_content_23.txt, Cedarwood Base Planning Case, user-supplied 2026-08-21",,jchappell2120,,,transportation,yes,"Estimated/user-supplied historical planning scenario. No figure is an actual result, commitment, or funded-capital record. | Standardized WBS category: factory_logistics_installation; applicability: All five buildings."
1,Cedarwood Flats,Multifamily Residential Development,Historical Planning — Cedarwood Baseline,custom,wbs_budget,WBS-069,extended_cost,Transit insurance allowance,50000,usd,estimated,"pasted_content_23.txt, Cedarwood Base Planning Case, user-supplied 2026-08-21",,jchappell2120,,,transportation,yes,"Estimated/user-supplied historical planning scenario. No figure is an actual result, commitment, or funded-capital record. | Standardized WBS category: factory_logistics_installation; applicability: All five buildings."
1,Cedarwood Flats,Multifamily Residential Development,Historical Planning — Cedarwood Baseline,custom,wbs_budget,WBS-070,extended_cost,Site receiving,100000,usd,estimated,"pasted_content_23.txt, Cedarwood Base Planning Case, user-supplied 2026-08-21",,jchappell2120,,,site_installation,yes,"Estimated/user-supplied historical planning scenario. No figure is an actual result, commitment, or funded-capital record. | Standardized WBS category: factory_logistics_installation; applicability: All five buildings."
1,Cedarwood Flats,Multifamily Residential Development,Historical Planning — Cedarwood Baseline,custom,wbs_budget,WBS-071,extended_cost,Crane and lifting,200000,usd,estimated,"pasted_content_23.txt, Cedarwood Base Planning Case, user-supplied 2026-08-21",,jchappell2120,,,site_installation,yes,"Estimated/user-supplied historical planning scenario. No figure is an actual result, commitment, or funded-capital record. | Standardized WBS category: factory_logistics_installation; applicability: All five buildings."
1,Cedarwood Flats,Multifamily Residential Development,Historical Planning — Cedarwood Baseline,custom,wbs_budget,WBS-072,extended_cost,Set and alignment,150000,usd,estimated,"pasted_content_23.txt, Cedarwood Base Planning Case, user-supplied 2026-08-21",,jchappell2120,,,site_installation,yes,"Estimated/user-supplied historical planning scenario. No figure is an actual result, commitment, or funded-capital record. | Standardized WBS category: factory_logistics_installation; applicability: All five buildings."
1,Cedarwood Flats,Multifamily Residential Development,Historical Planning — Cedarwood Baseline,custom,wbs_budget,WBS-073,extended_cost,Installation coordination,100000,usd,estimated,"pasted_content_23.txt, Cedarwood Base Planning Case, user-supplied 2026-08-21",,jchappell2120,,,site_installation,yes,"Estimated/user-supplied historical planning scenario. No figure is an actual result, commitment, or funded-capital record. | Standardized WBS category: factory_logistics_installation; applicability: All five buildings."
1,Cedarwood Flats,Multifamily Residential Development,Historical Planning — Cedarwood Baseline,custom,wbs_budget,WBS-074,extended_cost,Temporary weather protection,80000,usd,estimated,"pasted_content_23.txt, Cedarwood Base Planning Case, user-supplied 2026-08-21",,jchappell2120,,,site_installation,yes,"Estimated/user-supplied historical planning scenario. No figure is an actual result, commitment, or funded-capital record. | Standardized WBS category: factory_logistics_installation; applicability: All five buildings."
1,Cedarwood Flats,Multifamily Residential Development,Historical Planning — Cedarwood Baseline,custom,wbs_budget,WBS-075,extended_cost,Logistics reserve,180000,usd,estimated,"pasted_content_23.txt, Cedarwood Base Planning Case, user-supplied 2026-08-21",,jchappell2120,,,site_installation,yes,"Estimated/user-supplied historical planning scenario. No figure is an actual result, commitment, or funded-capital record. | Standardized WBS category: factory_logistics_installation; applicability: All five buildings."
1,Cedarwood Flats,Multifamily Residential Development,Historical Planning — Cedarwood Baseline,custom,wbs_budget,WBS-076,extended_cost,Architecture,300000,usd,estimated,"pasted_content_23.txt, Cedarwood Base Planning Case, user-supplied 2026-08-21",,jchappell2120,,,design_entitlement,yes,"Estimated/user-supplied historical planning scenario. No figure is an actual result, commitment, or funded-capital record. | Standardized WBS category: professional_soft_costs; applicability: Project-wide."
1,Cedarwood Flats,Multifamily Residential Development,Historical Planning — Cedarwood Baseline,custom,wbs_budget,WBS-077,extended_cost,Structural engineering,200000,usd,estimated,"pasted_content_23.txt, Cedarwood Base Planning Case, user-supplied 2026-08-21",,jchappell2120,,,design_entitlement,yes,"Estimated/user-supplied historical planning scenario. No figure is an actual result, commitment, or funded-capital record. | Standardized WBS category: professional_soft_costs; applicability: Project-wide."
1,Cedarwood Flats,Multifamily Residential Development,Historical Planning — Cedarwood Baseline,custom,wbs_budget,WBS-078,extended_cost,MEP engineering,200000,usd,estimated,"pasted_content_23.txt, Cedarwood Base Planning Case, user-supplied 2026-08-21",,jchappell2120,,,design_entitlement,yes,"Estimated/user-supplied historical planning scenario. No figure is an actual result, commitment, or funded-capital record. | Standardized WBS category: professional_soft_costs; applicability: Project-wide."
1,Cedarwood Flats,Multifamily Residential Development,Historical Planning — Cedarwood Baseline,custom,wbs_budget,WBS-079,extended_cost,Civil engineering,150000,usd,estimated,"pasted_content_23.txt, Cedarwood Base Planning Case, user-supplied 2026-08-21",,jchappell2120,,,design_entitlement,yes,"Estimated/user-supplied historical planning scenario. No figure is an actual result, commitment, or funded-capital record. | Standardized WBS category: professional_soft_costs; applicability: Project-wide."
1,Cedarwood Flats,Multifamily Residential Development,Historical Planning — Cedarwood Baseline,custom,wbs_budget,WBS-080,extended_cost,Permitting and entitlement,100000,usd,estimated,"pasted_content_23.txt, Cedarwood Base Planning Case, user-supplied 2026-08-21",,jchappell2120,,,design_entitlement,yes,"Estimated/user-supplied historical planning scenario. No figure is an actual result, commitment, or funded-capital record. | Standardized WBS category: professional_soft_costs; applicability: Project-wide."
1,Cedarwood Flats,Multifamily Residential Development,Historical Planning — Cedarwood Baseline,custom,wbs_budget,WBS-081,extended_cost,Project management,300000,usd,estimated,"pasted_content_23.txt, Cedarwood Base Planning Case, user-supplied 2026-08-21",,jchappell2120,,,construction,yes,"Estimated/user-supplied historical planning scenario. No figure is an actual result, commitment, or funded-capital record. | Standardized WBS category: professional_soft_costs; applicability: Project-wide."
1,Cedarwood Flats,Multifamily Residential Development,Historical Planning — Cedarwood Baseline,custom,wbs_budget,WBS-082,extended_cost,Legal,150000,usd,estimated,"pasted_content_23.txt, Cedarwood Base Planning Case, user-supplied 2026-08-21",,jchappell2120,,,predevelopment,yes,"Estimated/user-supplied historical planning scenario. No figure is an actual result, commitment, or funded-capital record. | Standardized WBS category: professional_soft_costs; applicability: Project-wide."
1,Cedarwood Flats,Multifamily Residential Development,Historical Planning — Cedarwood Baseline,custom,wbs_budget,WBS-083,extended_cost,Accounting and tax,100000,usd,estimated,"pasted_content_23.txt, Cedarwood Base Planning Case, user-supplied 2026-08-21",,jchappell2120,,,predevelopment,yes,"Estimated/user-supplied historical planning scenario. No figure is an actual result, commitment, or funded-capital record. | Standardized WBS category: professional_soft_costs; applicability: Project-wide."
1,Cedarwood Flats,Multifamily Residential Development,Historical Planning — Cedarwood Baseline,custom,wbs_budget,WBS-084,extended_cost,Builder's risk insurance,150000,usd,estimated,"pasted_content_23.txt, Cedarwood Base Planning Case, user-supplied 2026-08-21",,jchappell2120,,,construction,yes,"Estimated/user-supplied historical planning scenario. No figure is an actual result, commitment, or funded-capital record. | Standardized WBS category: professional_soft_costs; applicability: Project-wide."
1,Cedarwood Flats,Multifamily Residential Development,Historical Planning — Cedarwood Baseline,custom,wbs_budget,WBS-085,extended_cost,Marketing,150000,usd,estimated,"pasted_content_23.txt, Cedarwood Base Planning Case, user-supplied 2026-08-21",,jchappell2120,,,lease_up_stabilization,yes,"Estimated/user-supplied historical planning scenario. No figure is an actual result, commitment, or funded-capital record. | Standardized WBS category: professional_soft_costs; applicability: Project-wide."
1,Cedarwood Flats,Multifamily Residential Development,Historical Planning — Cedarwood Baseline,custom,wbs_budget,WBS-086,extended_cost,Leasing,150000,usd,estimated,"pasted_content_23.txt, Cedarwood Base Planning Case, user-supplied 2026-08-21",,jchappell2120,,,lease_up_stabilization,yes,"Estimated/user-supplied historical planning scenario. No figure is an actual result, commitment, or funded-capital record. | Standardized WBS category: professional_soft_costs; applicability: Project-wide."
1,Cedarwood Flats,Multifamily Residential Development,Historical Planning — Cedarwood Baseline,custom,wbs_budget,WBS-087,extended_cost,Leasing commissions,200000,usd,estimated,"pasted_content_23.txt, Cedarwood Base Planning Case, user-supplied 2026-08-21",,jchappell2120,,,lease_up_stabilization,yes,"Estimated/user-supplied historical planning scenario. No figure is an actual result, commitment, or funded-capital record. | Standardized WBS category: professional_soft_costs; applicability: Project-wide."
1,Cedarwood Flats,Multifamily Residential Development,Historical Planning — Cedarwood Baseline,custom,wbs_budget,WBS-088,extended_cost,Owner administration reserve,250000,usd,estimated,"pasted_content_23.txt, Cedarwood Base Planning Case, user-supplied 2026-08-21",,jchappell2120,,,predevelopment,yes,"Estimated/user-supplied historical planning scenario. No figure is an actual result, commitment, or funded-capital record. | Standardized WBS category: professional_soft_costs; applicability: Project-wide."
1,Cedarwood Flats,Multifamily Residential Development,Historical Planning — Cedarwood Baseline,custom,wbs_budget,WBS-089,extended_cost,Loan origination,350000,usd,estimated,"pasted_content_23.txt, Cedarwood Base Planning Case, user-supplied 2026-08-21",,jchappell2120,,,predevelopment,yes,"Estimated/user-supplied historical planning scenario. No figure is an actual result, commitment, or funded-capital record. | Standardized WBS category: financing_carry; applicability: Project-wide."
1,Cedarwood Flats,Multifamily Residential Development,Historical Planning — Cedarwood Baseline,custom,wbs_budget,WBS-090,extended_cost,Interest carry,400000,usd,estimated,"pasted_content_23.txt, Cedarwood Base Planning Case, user-supplied 2026-08-21",,jchappell2120,,,construction,yes,"Estimated/user-supplied historical planning scenario. No figure is an actual result, commitment, or funded-capital record. | Standardized WBS category: financing_carry; applicability: Project-wide."
1,Cedarwood Flats,Multifamily Residential Development,Historical Planning — Cedarwood Baseline,custom,wbs_budget,WBS-091,extended_cost,Lender legal and diligence,100000,usd,estimated,"pasted_content_23.txt, Cedarwood Base Planning Case, user-supplied 2026-08-21",,jchappell2120,,,predevelopment,yes,"Estimated/user-supplied historical planning scenario. No figure is an actual result, commitment, or funded-capital record. | Standardized WBS category: financing_carry; applicability: Project-wide."
1,Cedarwood Flats,Multifamily Residential Development,Historical Planning — Cedarwood Baseline,custom,wbs_budget,WBS-092,extended_cost,Loan administration,100000,usd,estimated,"pasted_content_23.txt, Cedarwood Base Planning Case, user-supplied 2026-08-21",,jchappell2120,,,construction,yes,"Estimated/user-supplied historical planning scenario. No figure is an actual result, commitment, or funded-capital record. | Standardized WBS category: financing_carry; applicability: Project-wide."
1,Cedarwood Flats,Multifamily Residential Development,Historical Planning — Cedarwood Baseline,custom,wbs_budget,WBS-093,extended_cost,Interest reserve,150000,usd,estimated,"pasted_content_23.txt, Cedarwood Base Planning Case, user-supplied 2026-08-21",,jchappell2120,,,construction,yes,"Estimated/user-supplied historical planning scenario. No figure is an actual result, commitment, or funded-capital record. | Standardized WBS category: financing_carry; applicability: Project-wide."
1,Cedarwood Flats,Multifamily Residential Development,Historical Planning — Cedarwood Baseline,custom,wbs_budget,WBS-094,extended_cost,Extension reserve,100000,usd,estimated,"pasted_content_23.txt, Cedarwood Base Planning Case, user-supplied 2026-08-21",,jchappell2120,,,construction,yes,"Estimated/user-supplied historical planning scenario. No figure is an actual result, commitment, or funded-capital record. | Standardized WBS category: financing_carry; applicability: Project-wide."
1,Cedarwood Flats,Multifamily Residential Development,Historical Planning — Cedarwood Baseline,custom,wbs_budget,WBS-095,extended_cost,Construction contingency,300000,usd,estimated,"pasted_content_23.txt, Cedarwood Base Planning Case, user-supplied 2026-08-21",,jchappell2120,,,construction,yes,"Estimated/user-supplied historical planning scenario. No figure is an actual result, commitment, or funded-capital record. | Standardized WBS category: contingency; applicability: All five buildings."
1,Cedarwood Flats,Multifamily Residential Development,Historical Planning — Cedarwood Baseline,custom,wbs_budget,WBS-096,extended_cost,Site contingency,100000,usd,estimated,"pasted_content_23.txt, Cedarwood Base Planning Case, user-supplied 2026-08-21",,jchappell2120,,,construction,yes,"Estimated/user-supplied historical planning scenario. No figure is an actual result, commitment, or funded-capital record. | Standardized WBS category: contingency; applicability: Project-wide."
1,Cedarwood Flats,Multifamily Residential Development,Historical Planning — Cedarwood Baseline,custom,wbs_budget,WBS-097,extended_cost,Materials contingency,100000,usd,estimated,"pasted_content_23.txt, Cedarwood Base Planning Case, user-supplied 2026-08-21",,jchappell2120,,,construction,yes,"Estimated/user-supplied historical planning scenario. No figure is an actual result, commitment, or funded-capital record. | Standardized WBS category: contingency; applicability: All five buildings."
1,Cedarwood Flats,Multifamily Residential Development,Historical Planning — Cedarwood Baseline,custom,wbs_budget,WBS-098,extended_cost,Factory contingency,100000,usd,estimated,"pasted_content_23.txt, Cedarwood Base Planning Case, user-supplied 2026-08-21",,jchappell2120,,,factory_production,yes,"Estimated/user-supplied historical planning scenario. No figure is an actual result, commitment, or funded-capital record. | Standardized WBS category: contingency; applicability: All five buildings."
1,Cedarwood Flats,Multifamily Residential Development,Historical Planning — Cedarwood Baseline,custom,wbs_budget,WBS-099,extended_cost,Schedule contingency,100000,usd,estimated,"pasted_content_23.txt, Cedarwood Base Planning Case, user-supplied 2026-08-21",,jchappell2120,,,construction,yes,"Estimated/user-supplied historical planning scenario. No figure is an actual result, commitment, or funded-capital record. | Standardized WBS category: contingency; applicability: Project-wide."
1,Cedarwood Flats,Multifamily Residential Development,Historical Planning — Cedarwood Baseline,custom,wbs_budget,WBS-100,extended_cost,Closeout contingency,100000,usd,estimated,"pasted_content_23.txt, Cedarwood Base Planning Case, user-supplied 2026-08-21",,jchappell2120,,,building_completion,yes,"Estimated/user-supplied historical planning scenario. No figure is an actual result, commitment, or funded-capital record. | Standardized WBS category: contingency; applicability: Project-wide."
1,Cedarwood Flats,Multifamily Residential Development,Historical Planning — Cedarwood Baseline,custom,capital_deployment,SCH-COST-01,monthly_development_spend,monthly development spend — month 1,668000,usd,estimated,"pasted_content_23.txt, Cedarwood Base Planning Case, user-supplied 2026-08-21",,jchappell2120,1,1,predevelopment,yes,"Estimated/user-supplied historical planning scenario. No figure is an actual result, commitment, or funded-capital record. | Calculated monthly planning series from scenario drivers; not actual project performance."
1,Cedarwood Flats,Multifamily Residential Development,Historical Planning — Cedarwood Baseline,custom,schedule,SCH-CUM-01,cumulative_deployment_bps,cumulative deployment bps — month 1,167,percentage_bps,estimated,"pasted_content_23.txt, Cedarwood Base Planning Case, user-supplied 2026-08-21",,jchappell2120,1,1,predevelopment,yes,"Estimated/user-supplied historical planning scenario. No figure is an actual result, commitment, or funded-capital record. | Calculated monthly planning series from scenario drivers; not actual project performance."
1,Cedarwood Flats,Multifamily Residential Development,Historical Planning — Cedarwood Baseline,custom,schedule,SCH-OCC-01,occupancy_bps,occupancy bps — month 1,0,percentage_bps,estimated,"pasted_content_23.txt, Cedarwood Base Planning Case, user-supplied 2026-08-21",,jchappell2120,1,1,predevelopment,yes,"Estimated/user-supplied historical planning scenario. No figure is an actual result, commitment, or funded-capital record. | Calculated monthly planning series from scenario drivers; not actual project performance."
1,Cedarwood Flats,Multifamily Residential Development,Historical Planning — Cedarwood Baseline,custom,revenue,SCH-REV-01,monthly_effective_revenue,monthly effective revenue — month 1,0,usd,estimated,"pasted_content_23.txt, Cedarwood Base Planning Case, user-supplied 2026-08-21",,jchappell2120,1,1,predevelopment,yes,"Estimated/user-supplied historical planning scenario. No figure is an actual result, commitment, or funded-capital record. | Calculated monthly planning series from scenario drivers; not actual project performance."
1,Cedarwood Flats,Multifamily Residential Development,Historical Planning — Cedarwood Baseline,custom,operations,SCH-OPEX-01,monthly_operating_expense,monthly operating expense — month 1,0,usd,estimated,"pasted_content_23.txt, Cedarwood Base Planning Case, user-supplied 2026-08-21",,jchappell2120,1,1,predevelopment,yes,"Estimated/user-supplied historical planning scenario. No figure is an actual result, commitment, or funded-capital record. | Calculated monthly planning series from scenario drivers; not actual project performance."
1,Cedarwood Flats,Multifamily Residential Development,Historical Planning — Cedarwood Baseline,custom,financing,SCH-DRAW-01,monthly_debt_draw,monthly debt draw — month 1,668000,usd,estimated,"pasted_content_23.txt, Cedarwood Base Planning Case, user-supplied 2026-08-21",,jchappell2120,1,1,predevelopment,yes,"Estimated/user-supplied historical planning scenario. No figure is an actual result, commitment, or funded-capital record. | Calculated monthly planning series from scenario drivers; not actual project performance."
1,Cedarwood Flats,Multifamily Residential Development,Historical Planning — Cedarwood Baseline,custom,financing,SCH-INT-01,monthly_interest,monthly interest — month 1,5741,usd,estimated,"pasted_content_23.txt, Cedarwood Base Planning Case, user-supplied 2026-08-21",,jchappell2120,1,1,predevelopment,yes,"Estimated/user-supplied historical planning scenario. No figure is an actual result, commitment, or funded-capital record. | Calculated monthly planning series from scenario drivers; not actual project performance."
1,Cedarwood Flats,Multifamily Residential Development,Historical Planning — Cedarwood Baseline,custom,cash_flow,SCH-CF-01,monthly_levered_cash_flow,monthly levered cash flow — month 1,-673741,usd,estimated,"pasted_content_23.txt, Cedarwood Base Planning Case, user-supplied 2026-08-21",,jchappell2120,1,1,predevelopment,yes,"Estimated/user-supplied historical planning scenario. No figure is an actual result, commitment, or funded-capital record. | Calculated monthly planning series from scenario drivers; not actual project performance."
1,Cedarwood Flats,Multifamily Residential Development,Historical Planning — Cedarwood Baseline,custom,capital_deployment,SCH-COST-02,monthly_development_spend,monthly development spend — month 2,664000,usd,estimated,"pasted_content_23.txt, Cedarwood Base Planning Case, user-supplied 2026-08-21",,jchappell2120,2,2,predevelopment,yes,"Estimated/user-supplied historical planning scenario. No figure is an actual result, commitment, or funded-capital record. | Calculated monthly planning series from scenario drivers; not actual project performance."
1,Cedarwood Flats,Multifamily Residential Development,Historical Planning — Cedarwood Baseline,custom,schedule,SCH-CUM-02,cumulative_deployment_bps,cumulative deployment bps — month 2,333,percentage_bps,estimated,"pasted_content_23.txt, Cedarwood Base Planning Case, user-supplied 2026-08-21",,jchappell2120,2,2,predevelopment,yes,"Estimated/user-supplied historical planning scenario. No figure is an actual result, commitment, or funded-capital record. | Calculated monthly planning series from scenario drivers; not actual project performance."
1,Cedarwood Flats,Multifamily Residential Development,Historical Planning — Cedarwood Baseline,custom,schedule,SCH-OCC-02,occupancy_bps,occupancy bps — month 2,0,percentage_bps,estimated,"pasted_content_23.txt, Cedarwood Base Planning Case, user-supplied 2026-08-21",,jchappell2120,2,2,predevelopment,yes,"Estimated/user-supplied historical planning scenario. No figure is an actual result, commitment, or funded-capital record. | Calculated monthly planning series from scenario drivers; not actual project performance."
1,Cedarwood Flats,Multifamily Residential Development,Historical Planning — Cedarwood Baseline,custom,revenue,SCH-REV-02,monthly_effective_revenue,monthly effective revenue — month 2,0,usd,estimated,"pasted_content_23.txt, Cedarwood Base Planning Case, user-supplied 2026-08-21",,jchappell2120,2,2,predevelopment,yes,"Estimated/user-supplied historical planning scenario. No figure is an actual result, commitment, or funded-capital record. | Calculated monthly planning series from scenario drivers; not actual project performance."
1,Cedarwood Flats,Multifamily Residential Development,Historical Planning — Cedarwood Baseline,custom,operations,SCH-OPEX-02,monthly_operating_expense,monthly operating expense — month 2,0,usd,estimated,"pasted_content_23.txt, Cedarwood Base Planning Case, user-supplied 2026-08-21",,jchappell2120,2,2,predevelopment,yes,"Estimated/user-supplied historical planning scenario. No figure is an actual result, commitment, or funded-capital record. | Calculated monthly planning series from scenario drivers; not actual project performance."
1,Cedarwood Flats,Multifamily Residential Development,Historical Planning — Cedarwood Baseline,custom,financing,SCH-DRAW-02,monthly_debt_draw,monthly debt draw — month 2,664000,usd,estimated,"pasted_content_23.txt, Cedarwood Base Planning Case, user-supplied 2026-08-21",,jchappell2120,2,2,predevelopment,yes,"Estimated/user-supplied historical planning scenario. No figure is an actual result, commitment, or funded-capital record. | Calculated monthly planning series from scenario drivers; not actual project performance."
1,Cedarwood Flats,Multifamily Residential Development,Historical Planning — Cedarwood Baseline,custom,financing,SCH-INT-02,monthly_interest,monthly interest — month 2,11447,usd,estimated,"pasted_content_23.txt, Cedarwood Base Planning Case, user-supplied 2026-08-21",,jchappell2120,2,2,predevelopment,yes,"Estimated/user-supplied historical planning scenario. No figure is an actual result, commitment, or funded-capital record. | Calculated monthly planning series from scenario drivers; not actual project performance."
1,Cedarwood Flats,Multifamily Residential Development,Historical Planning — Cedarwood Baseline,custom,cash_flow,SCH-CF-02,monthly_levered_cash_flow,monthly levered cash flow — month 2,-675447,usd,estimated,"pasted_content_23.txt, Cedarwood Base Planning Case, user-supplied 2026-08-21",,jchappell2120,2,2,predevelopment,yes,"Estimated/user-supplied historical planning scenario. No figure is an actual result, commitment, or funded-capital record. | Calculated monthly planning series from scenario drivers; not actual project performance."
1,Cedarwood Flats,Multifamily Residential Development,Historical Planning — Cedarwood Baseline,custom,capital_deployment,SCH-COST-03,monthly_development_spend,monthly development spend — month 3,668000,usd,estimated,"pasted_content_23.txt, Cedarwood Base Planning Case, user-supplied 2026-08-21",,jchappell2120,3,3,predevelopment,yes,"Estimated/user-supplied historical planning scenario. No figure is an actual result, commitment, or funded-capital record. | Calculated monthly planning series from scenario drivers; not actual project performance."
1,Cedarwood Flats,Multifamily Residential Development,Historical Planning — Cedarwood Baseline,custom,schedule,SCH-CUM-03,cumulative_deployment_bps,cumulative deployment bps — month 3,500,percentage_bps,estimated,"pasted_content_23.txt, Cedarwood Base Planning Case, user-supplied 2026-08-21",,jchappell2120,3,3,predevelopment,yes,"Estimated/user-supplied historical planning scenario. No figure is an actual result, commitment, or funded-capital record. | Calculated monthly planning series from scenario drivers; not actual project performance."
1,Cedarwood Flats,Multifamily Residential Development,Historical Planning — Cedarwood Baseline,custom,schedule,SCH-OCC-03,occupancy_bps,occupancy bps — month 3,0,percentage_bps,estimated,"pasted_content_23.txt, Cedarwood Base Planning Case, user-supplied 2026-08-21",,jchappell2120,3,3,predevelopment,yes,"Estimated/user-supplied historical planning scenario. No figure is an actual result, commitment, or funded-capital record. | Calculated monthly planning series from scenario drivers; not actual project performance."
1,Cedarwood Flats,Multifamily Residential Development,Historical Planning — Cedarwood Baseline,custom,revenue,SCH-REV-03,monthly_effective_revenue,monthly effective revenue — month 3,0,usd,estimated,"pasted_content_23.txt, Cedarwood Base Planning Case, user-supplied 2026-08-21",,jchappell2120,3,3,predevelopment,yes,"Estimated/user-supplied historical planning scenario. No figure is an actual result, commitment, or funded-capital record. | Calculated monthly planning series from scenario drivers; not actual project performance."
1,Cedarwood Flats,Multifamily Residential Development,Historical Planning — Cedarwood Baseline,custom,operations,SCH-OPEX-03,monthly_operating_expense,monthly operating expense — month 3,0,usd,estimated,"pasted_content_23.txt, Cedarwood Base Planning Case, user-supplied 2026-08-21",,jchappell2120,3,3,predevelopment,yes,"Estimated/user-supplied historical planning scenario. No figure is an actual result, commitment, or funded-capital record. | Calculated monthly planning series from scenario drivers; not actual project performance."
1,Cedarwood Flats,Multifamily Residential Development,Historical Planning — Cedarwood Baseline,custom,financing,SCH-DRAW-03,monthly_debt_draw,monthly debt draw — month 3,668000,usd,estimated,"pasted_content_23.txt, Cedarwood Base Planning Case, user-supplied 2026-08-21",,jchappell2120,3,3,predevelopment,yes,"Estimated/user-supplied historical planning scenario. No figure is an actual result, commitment, or funded-capital record. | Calculated monthly planning series from scenario drivers; not actual project performance."
1,Cedarwood Flats,Multifamily Residential Development,Historical Planning — Cedarwood Baseline,custom,financing,SCH-INT-03,monthly_interest,monthly interest — month 3,17188,usd,estimated,"pasted_content_23.txt, Cedarwood Base Planning Case, user-supplied 2026-08-21",,jchappell2120,3,3,predevelopment,yes,"Estimated/user-supplied historical planning scenario. No figure is an actual result, commitment, or funded-capital record. | Calculated monthly planning series from scenario drivers; not actual project performance."
1,Cedarwood Flats,Multifamily Residential Development,Historical Planning — Cedarwood Baseline,custom,cash_flow,SCH-CF-03,monthly_levered_cash_flow,monthly levered cash flow — month 3,-685188,usd,estimated,"pasted_content_23.txt, Cedarwood Base Planning Case, user-supplied 2026-08-21",,jchappell2120,3,3,predevelopment,yes,"Estimated/user-supplied historical planning scenario. No figure is an actual result, commitment, or funded-capital record. | Calculated monthly planning series from scenario drivers; not actual project performance."
1,Cedarwood Flats,Multifamily Residential Development,Historical Planning — Cedarwood Baseline,custom,capital_deployment,SCH-COST-04,monthly_development_spend,monthly development spend — month 4,1332000,usd,estimated,"pasted_content_23.txt, Cedarwood Base Planning Case, user-supplied 2026-08-21",,jchappell2120,4,4,construction,yes,"Estimated/user-supplied historical planning scenario. No figure is an actual result, commitment, or funded-capital record. | Calculated monthly planning series from scenario drivers; not actual project performance."
1,Cedarwood Flats,Multifamily Residential Development,Historical Planning — Cedarwood Baseline,custom,schedule,SCH-CUM-04,cumulative_deployment_bps,cumulative deployment bps — month 4,833,percentage_bps,estimated,"pasted_content_23.txt, Cedarwood Base Planning Case, user-supplied 2026-08-21",,jchappell2120,4,4,construction,yes,"Estimated/user-supplied historical planning scenario. No figure is an actual result, commitment, or funded-capital record. | Calculated monthly planning series from scenario drivers; not actual project performance."
1,Cedarwood Flats,Multifamily Residential Development,Historical Planning — Cedarwood Baseline,custom,schedule,SCH-OCC-04,occupancy_bps,occupancy bps — month 4,0,percentage_bps,estimated,"pasted_content_23.txt, Cedarwood Base Planning Case, user-supplied 2026-08-21",,jchappell2120,4,4,construction,yes,"Estimated/user-supplied historical planning scenario. No figure is an actual result, commitment, or funded-capital record. | Calculated monthly planning series from scenario drivers; not actual project performance."
1,Cedarwood Flats,Multifamily Residential Development,Historical Planning — Cedarwood Baseline,custom,revenue,SCH-REV-04,monthly_effective_revenue,monthly effective revenue — month 4,0,usd,estimated,"pasted_content_23.txt, Cedarwood Base Planning Case, user-supplied 2026-08-21",,jchappell2120,4,4,construction,yes,"Estimated/user-supplied historical planning scenario. No figure is an actual result, commitment, or funded-capital record. | Calculated monthly planning series from scenario drivers; not actual project performance."
1,Cedarwood Flats,Multifamily Residential Development,Historical Planning — Cedarwood Baseline,custom,operations,SCH-OPEX-04,monthly_operating_expense,monthly operating expense — month 4,0,usd,estimated,"pasted_content_23.txt, Cedarwood Base Planning Case, user-supplied 2026-08-21",,jchappell2120,4,4,construction,yes,"Estimated/user-supplied historical planning scenario. No figure is an actual result, commitment, or funded-capital record. | Calculated monthly planning series from scenario drivers; not actual project performance."
1,Cedarwood Flats,Multifamily Residential Development,Historical Planning — Cedarwood Baseline,custom,financing,SCH-DRAW-04,monthly_debt_draw,monthly debt draw — month 4,1332000,usd,estimated,"pasted_content_23.txt, Cedarwood Base Planning Case, user-supplied 2026-08-21",,jchappell2120,4,4,construction,yes,"Estimated/user-supplied historical planning scenario. No figure is an actual result, commitment, or funded-capital record. | Calculated monthly planning series from scenario drivers; not actual project performance."
1,Cedarwood Flats,Multifamily Residential Development,Historical Planning — Cedarwood Baseline,custom,financing,SCH-INT-04,monthly_interest,monthly interest — month 4,28634,usd,estimated,"pasted_content_23.txt, Cedarwood Base Planning Case, user-supplied 2026-08-21",,jchappell2120,4,4,construction,yes,"Estimated/user-supplied historical planning scenario. No figure is an actual result, commitment, or funded-capital record. | Calculated monthly planning series from scenario drivers; not actual project performance."
1,Cedarwood Flats,Multifamily Residential Development,Historical Planning — Cedarwood Baseline,custom,cash_flow,SCH-CF-04,monthly_levered_cash_flow,monthly levered cash flow — month 4,-1360634,usd,estimated,"pasted_content_23.txt, Cedarwood Base Planning Case, user-supplied 2026-08-21",,jchappell2120,4,4,construction,yes,"Estimated/user-supplied historical planning scenario. No figure is an actual result, commitment, or funded-capital record. | Calculated monthly planning series from scenario drivers; not actual project performance."
1,Cedarwood Flats,Multifamily Residential Development,Historical Planning — Cedarwood Baseline,custom,capital_deployment,SCH-COST-05,monthly_development_spend,monthly development spend — month 5,1336000,usd,estimated,"pasted_content_23.txt, Cedarwood Base Planning Case, user-supplied 2026-08-21",,jchappell2120,5,5,construction,yes,"Estimated/user-supplied historical planning scenario. No figure is an actual result, commitment, or funded-capital record. | Calculated monthly planning series from scenario drivers; not actual project performance."
1,Cedarwood Flats,Multifamily Residential Development,Historical Planning — Cedarwood Baseline,custom,schedule,SCH-CUM-05,cumulative_deployment_bps,cumulative deployment bps — month 5,1167,percentage_bps,estimated,"pasted_content_23.txt, Cedarwood Base Planning Case, user-supplied 2026-08-21",,jchappell2120,5,5,construction,yes,"Estimated/user-supplied historical planning scenario. No figure is an actual result, commitment, or funded-capital record. | Calculated monthly planning series from scenario drivers; not actual project performance."
1,Cedarwood Flats,Multifamily Residential Development,Historical Planning — Cedarwood Baseline,custom,schedule,SCH-OCC-05,occupancy_bps,occupancy bps — month 5,0,percentage_bps,estimated,"pasted_content_23.txt, Cedarwood Base Planning Case, user-supplied 2026-08-21",,jchappell2120,5,5,construction,yes,"Estimated/user-supplied historical planning scenario. No figure is an actual result, commitment, or funded-capital record. | Calculated monthly planning series from scenario drivers; not actual project performance."
1,Cedarwood Flats,Multifamily Residential Development,Historical Planning — Cedarwood Baseline,custom,revenue,SCH-REV-05,monthly_effective_revenue,monthly effective revenue — month 5,0,usd,estimated,"pasted_content_23.txt, Cedarwood Base Planning Case, user-supplied 2026-08-21",,jchappell2120,5,5,construction,yes,"Estimated/user-supplied historical planning scenario. No figure is an actual result, commitment, or funded-capital record. | Calculated monthly planning series from scenario drivers; not actual project performance."
1,Cedarwood Flats,Multifamily Residential Development,Historical Planning — Cedarwood Baseline,custom,operations,SCH-OPEX-05,monthly_operating_expense,monthly operating expense — month 5,0,usd,estimated,"pasted_content_23.txt, Cedarwood Base Planning Case, user-supplied 2026-08-21",,jchappell2120,5,5,construction,yes,"Estimated/user-supplied historical planning scenario. No figure is an actual result, commitment, or funded-capital record. | Calculated monthly planning series from scenario drivers; not actual project performance."
1,Cedarwood Flats,Multifamily Residential Development,Historical Planning — Cedarwood Baseline,custom,financing,SCH-DRAW-05,monthly_debt_draw,monthly debt draw — month 5,1336000,usd,estimated,"pasted_content_23.txt, Cedarwood Base Planning Case, user-supplied 2026-08-21",,jchappell2120,5,5,construction,yes,"Estimated/user-supplied historical planning scenario. No figure is an actual result, commitment, or funded-capital record. | Calculated monthly planning series from scenario drivers; not actual project performance."
1,Cedarwood Flats,Multifamily Residential Development,Historical Planning — Cedarwood Baseline,custom,financing,SCH-INT-05,monthly_interest,monthly interest — month 5,40116,usd,estimated,"pasted_content_23.txt, Cedarwood Base Planning Case, user-supplied 2026-08-21",,jchappell2120,5,5,construction,yes,"Estimated/user-supplied historical planning scenario. No figure is an actual result, commitment, or funded-capital record. | Calculated monthly planning series from scenario drivers; not actual project performance."
1,Cedarwood Flats,Multifamily Residential Development,Historical Planning — Cedarwood Baseline,custom,cash_flow,SCH-CF-05,monthly_levered_cash_flow,monthly levered cash flow — month 5,-1376116,usd,estimated,"pasted_content_23.txt, Cedarwood Base Planning Case, user-supplied 2026-08-21",,jchappell2120,5,5,construction,yes,"Estimated/user-supplied historical planning scenario. No figure is an actual result, commitment, or funded-capital record. | Calculated monthly planning series from scenario drivers; not actual project performance."
1,Cedarwood Flats,Multifamily Residential Development,Historical Planning — Cedarwood Baseline,custom,capital_deployment,SCH-COST-06,monthly_development_spend,monthly development spend — month 6,1332000,usd,estimated,"pasted_content_23.txt, Cedarwood Base Planning Case, user-supplied 2026-08-21",,jchappell2120,6,6,construction,yes,"Estimated/user-supplied historical planning scenario. No figure is an actual result, commitment, or funded-capital record. | Calculated monthly planning series from scenario drivers; not actual project performance."
1,Cedarwood Flats,Multifamily Residential Development,Historical Planning — Cedarwood Baseline,custom,schedule,SCH-CUM-06,cumulative_deployment_bps,cumulative deployment bps — month 6,1500,percentage_bps,estimated,"pasted_content_23.txt, Cedarwood Base Planning Case, user-supplied 2026-08-21",,jchappell2120,6,6,construction,yes,"Estimated/user-supplied historical planning scenario. No figure is an actual result, commitment, or funded-capital record. | Calculated monthly planning series from scenario drivers; not actual project performance."
1,Cedarwood Flats,Multifamily Residential Development,Historical Planning — Cedarwood Baseline,custom,schedule,SCH-OCC-06,occupancy_bps,occupancy bps — month 6,0,percentage_bps,estimated,"pasted_content_23.txt, Cedarwood Base Planning Case, user-supplied 2026-08-21",,jchappell2120,6,6,construction,yes,"Estimated/user-supplied historical planning scenario. No figure is an actual result, commitment, or funded-capital record. | Calculated monthly planning series from scenario drivers; not actual project performance."
1,Cedarwood Flats,Multifamily Residential Development,Historical Planning — Cedarwood Baseline,custom,revenue,SCH-REV-06,monthly_effective_revenue,monthly effective revenue — month 6,0,usd,estimated,"pasted_content_23.txt, Cedarwood Base Planning Case, user-supplied 2026-08-21",,jchappell2120,6,6,construction,yes,"Estimated/user-supplied historical planning scenario. No figure is an actual result, commitment, or funded-capital record. | Calculated monthly planning series from scenario drivers; not actual project performance."
1,Cedarwood Flats,Multifamily Residential Development,Historical Planning — Cedarwood Baseline,custom,operations,SCH-OPEX-06,monthly_operating_expense,monthly operating expense — month 6,0,usd,estimated,"pasted_content_23.txt, Cedarwood Base Planning Case, user-supplied 2026-08-21",,jchappell2120,6,6,construction,yes,"Estimated/user-supplied historical planning scenario. No figure is an actual result, commitment, or funded-capital record. | Calculated monthly planning series from scenario drivers; not actual project performance."
1,Cedarwood Flats,Multifamily Residential Development,Historical Planning — Cedarwood Baseline,custom,financing,SCH-DRAW-06,monthly_debt_draw,monthly debt draw — month 6,1332000,usd,estimated,"pasted_content_23.txt, Cedarwood Base Planning Case, user-supplied 2026-08-21",,jchappell2120,6,6,construction,yes,"Estimated/user-supplied historical planning scenario. No figure is an actual result, commitment, or funded-capital record. | Calculated monthly planning series from scenario drivers; not actual project performance."
1,Cedarwood Flats,Multifamily Residential Development,Historical Planning — Cedarwood Baseline,custom,financing,SCH-INT-06,monthly_interest,monthly interest — month 6,51563,usd,estimated,"pasted_content_23.txt, Cedarwood Base Planning Case, user-supplied 2026-08-21",,jchappell2120,6,6,construction,yes,"Estimated/user-supplied historical planning scenario. No figure is an actual result, commitment, or funded-capital record. | Calculated monthly planning series from scenario drivers; not actual project performance."
1,Cedarwood Flats,Multifamily Residential Development,Historical Planning — Cedarwood Baseline,custom,cash_flow,SCH-CF-06,monthly_levered_cash_flow,monthly levered cash flow — month 6,-1383563,usd,estimated,"pasted_content_23.txt, Cedarwood Base Planning Case, user-supplied 2026-08-21",,jchappell2120,6,6,construction,yes,"Estimated/user-supplied historical planning scenario. No figure is an actual result, commitment, or funded-capital record. | Calculated monthly planning series from scenario drivers; not actual project performance."
1,Cedarwood Flats,Multifamily Residential Development,Historical Planning — Cedarwood Baseline,custom,capital_deployment,SCH-COST-07,monthly_development_spend,monthly development spend — month 7,2000000,usd,estimated,"pasted_content_23.txt, Cedarwood Base Planning Case, user-supplied 2026-08-21",,jchappell2120,7,7,construction,yes,"Estimated/user-supplied historical planning scenario. No figure is an actual result, commitment, or funded-capital record. | Calculated monthly planning series from scenario drivers; not actual project performance."
1,Cedarwood Flats,Multifamily Residential Development,Historical Planning — Cedarwood Baseline,custom,schedule,SCH-CUM-07,cumulative_deployment_bps,cumulative deployment bps — month 7,2000,percentage_bps,estimated,"pasted_content_23.txt, Cedarwood Base Planning Case, user-supplied 2026-08-21",,jchappell2120,7,7,construction,yes,"Estimated/user-supplied historical planning scenario. No figure is an actual result, commitment, or funded-capital record. | Calculated monthly planning series from scenario drivers; not actual project performance."
1,Cedarwood Flats,Multifamily Residential Development,Historical Planning — Cedarwood Baseline,custom,schedule,SCH-OCC-07,occupancy_bps,occupancy bps — month 7,0,percentage_bps,estimated,"pasted_content_23.txt, Cedarwood Base Planning Case, user-supplied 2026-08-21",,jchappell2120,7,7,construction,yes,"Estimated/user-supplied historical planning scenario. No figure is an actual result, commitment, or funded-capital record. | Calculated monthly planning series from scenario drivers; not actual project performance."
1,Cedarwood Flats,Multifamily Residential Development,Historical Planning — Cedarwood Baseline,custom,revenue,SCH-REV-07,monthly_effective_revenue,monthly effective revenue — month 7,0,usd,estimated,"pasted_content_23.txt, Cedarwood Base Planning Case, user-supplied 2026-08-21",,jchappell2120,7,7,construction,yes,"Estimated/user-supplied historical planning scenario. No figure is an actual result, commitment, or funded-capital record. | Calculated monthly planning series from scenario drivers; not actual project performance."
1,Cedarwood Flats,Multifamily Residential Development,Historical Planning — Cedarwood Baseline,custom,operations,SCH-OPEX-07,monthly_operating_expense,monthly operating expense — month 7,0,usd,estimated,"pasted_content_23.txt, Cedarwood Base Planning Case, user-supplied 2026-08-21",,jchappell2120,7,7,construction,yes,"Estimated/user-supplied historical planning scenario. No figure is an actual result, commitment, or funded-capital record. | Calculated monthly planning series from scenario drivers; not actual project performance."
1,Cedarwood Flats,Multifamily Residential Development,Historical Planning — Cedarwood Baseline,custom,financing,SCH-DRAW-07,monthly_debt_draw,monthly debt draw — month 7,2000000,usd,estimated,"pasted_content_23.txt, Cedarwood Base Planning Case, user-supplied 2026-08-21",,jchappell2120,7,7,construction,yes,"Estimated/user-supplied historical planning scenario. No figure is an actual result, commitment, or funded-capital record. | Calculated monthly planning series from scenario drivers; not actual project performance."
1,Cedarwood Flats,Multifamily Residential Development,Historical Planning — Cedarwood Baseline,custom,financing,SCH-INT-07,monthly_interest,monthly interest — month 7,68750,usd,estimated,"pasted_content_23.txt, Cedarwood Base Planning Case, user-supplied 2026-08-21",,jchappell2120,7,7,construction,yes,"Estimated/user-supplied historical planning scenario. No figure is an actual result, commitment, or funded-capital record. | Calculated monthly planning series from scenario drivers; not actual project performance."
1,Cedarwood Flats,Multifamily Residential Development,Historical Planning — Cedarwood Baseline,custom,cash_flow,SCH-CF-07,monthly_levered_cash_flow,monthly levered cash flow — month 7,-2068750,usd,estimated,"pasted_content_23.txt, Cedarwood Base Planning Case, user-supplied 2026-08-21",,jchappell2120,7,7,construction,yes,"Estimated/user-supplied historical planning scenario. No figure is an actual result, commitment, or funded-capital record. | Calculated monthly planning series from scenario drivers; not actual project performance."
1,Cedarwood Flats,Multifamily Residential Development,Historical Planning — Cedarwood Baseline,custom,capital_deployment,SCH-COST-08,monthly_development_spend,monthly development spend — month 8,2000000,usd,estimated,"pasted_content_23.txt, Cedarwood Base Planning Case, user-supplied 2026-08-21",,jchappell2120,8,8,construction,yes,"Estimated/user-supplied historical planning scenario. No figure is an actual result, commitment, or funded-capital record. | Calculated monthly planning series from scenario drivers; not actual project performance."
1,Cedarwood Flats,Multifamily Residential Development,Historical Planning — Cedarwood Baseline,custom,schedule,SCH-CUM-08,cumulative_deployment_bps,cumulative deployment bps — month 8,2500,percentage_bps,estimated,"pasted_content_23.txt, Cedarwood Base Planning Case, user-supplied 2026-08-21",,jchappell2120,8,8,construction,yes,"Estimated/user-supplied historical planning scenario. No figure is an actual result, commitment, or funded-capital record. | Calculated monthly planning series from scenario drivers; not actual project performance."
1,Cedarwood Flats,Multifamily Residential Development,Historical Planning — Cedarwood Baseline,custom,schedule,SCH-OCC-08,occupancy_bps,occupancy bps — month 8,0,percentage_bps,estimated,"pasted_content_23.txt, Cedarwood Base Planning Case, user-supplied 2026-08-21",,jchappell2120,8,8,construction,yes,"Estimated/user-supplied historical planning scenario. No figure is an actual result, commitment, or funded-capital record. | Calculated monthly planning series from scenario drivers; not actual project performance."
1,Cedarwood Flats,Multifamily Residential Development,Historical Planning — Cedarwood Baseline,custom,revenue,SCH-REV-08,monthly_effective_revenue,monthly effective revenue — month 8,0,usd,estimated,"pasted_content_23.txt, Cedarwood Base Planning Case, user-supplied 2026-08-21",,jchappell2120,8,8,construction,yes,"Estimated/user-supplied historical planning scenario. No figure is an actual result, commitment, or funded-capital record. | Calculated monthly planning series from scenario drivers; not actual project performance."
1,Cedarwood Flats,Multifamily Residential Development,Historical Planning — Cedarwood Baseline,custom,operations,SCH-OPEX-08,monthly_operating_expense,monthly operating expense — month 8,0,usd,estimated,"pasted_content_23.txt, Cedarwood Base Planning Case, user-supplied 2026-08-21",,jchappell2120,8,8,construction,yes,"Estimated/user-supplied historical planning scenario. No figure is an actual result, commitment, or funded-capital record. | Calculated monthly planning series from scenario drivers; not actual project performance."
1,Cedarwood Flats,Multifamily Residential Development,Historical Planning — Cedarwood Baseline,custom,financing,SCH-DRAW-08,monthly_debt_draw,monthly debt draw — month 8,2000000,usd,estimated,"pasted_content_23.txt, Cedarwood Base Planning Case, user-supplied 2026-08-21",,jchappell2120,8,8,construction,yes,"Estimated/user-supplied historical planning scenario. No figure is an actual result, commitment, or funded-capital record. | Calculated monthly planning series from scenario drivers; not actual project performance."
1,Cedarwood Flats,Multifamily Residential Development,Historical Planning — Cedarwood Baseline,custom,financing,SCH-INT-08,monthly_interest,monthly interest — month 8,85938,usd,estimated,"pasted_content_23.txt, Cedarwood Base Planning Case, user-supplied 2026-08-21",,jchappell2120,8,8,construction,yes,"Estimated/user-supplied historical planning scenario. No figure is an actual result, commitment, or funded-capital record. | Calculated monthly planning series from scenario drivers; not actual project performance."
1,Cedarwood Flats,Multifamily Residential Development,Historical Planning — Cedarwood Baseline,custom,cash_flow,SCH-CF-08,monthly_levered_cash_flow,monthly levered cash flow — month 8,-2085938,usd,estimated,"pasted_content_23.txt, Cedarwood Base Planning Case, user-supplied 2026-08-21",,jchappell2120,8,8,construction,yes,"Estimated/user-supplied historical planning scenario. No figure is an actual result, commitment, or funded-capital record. | Calculated monthly planning series from scenario drivers; not actual project performance."
1,Cedarwood Flats,Multifamily Residential Development,Historical Planning — Cedarwood Baseline,custom,capital_deployment,SCH-COST-09,monthly_development_spend,monthly development spend — month 9,2000000,usd,estimated,"pasted_content_23.txt, Cedarwood Base Planning Case, user-supplied 2026-08-21",,jchappell2120,9,9,construction,yes,"Estimated/user-supplied historical planning scenario. No figure is an actual result, commitment, or funded-capital record. | Calculated monthly planning series from scenario drivers; not actual project performance."
1,Cedarwood Flats,Multifamily Residential Development,Historical Planning — Cedarwood Baseline,custom,schedule,SCH-CUM-09,cumulative_deployment_bps,cumulative deployment bps — month 9,3000,percentage_bps,estimated,"pasted_content_23.txt, Cedarwood Base Planning Case, user-supplied 2026-08-21",,jchappell2120,9,9,construction,yes,"Estimated/user-supplied historical planning scenario. No figure is an actual result, commitment, or funded-capital record. | Calculated monthly planning series from scenario drivers; not actual project performance."
1,Cedarwood Flats,Multifamily Residential Development,Historical Planning — Cedarwood Baseline,custom,schedule,SCH-OCC-09,occupancy_bps,occupancy bps — month 9,0,percentage_bps,estimated,"pasted_content_23.txt, Cedarwood Base Planning Case, user-supplied 2026-08-21",,jchappell2120,9,9,construction,yes,"Estimated/user-supplied historical planning scenario. No figure is an actual result, commitment, or funded-capital record. | Calculated monthly planning series from scenario drivers; not actual project performance."
1,Cedarwood Flats,Multifamily Residential Development,Historical Planning — Cedarwood Baseline,custom,revenue,SCH-REV-09,monthly_effective_revenue,monthly effective revenue — month 9,0,usd,estimated,"pasted_content_23.txt, Cedarwood Base Planning Case, user-supplied 2026-08-21",,jchappell2120,9,9,construction,yes,"Estimated/user-supplied historical planning scenario. No figure is an actual result, commitment, or funded-capital record. | Calculated monthly planning series from scenario drivers; not actual project performance."
1,Cedarwood Flats,Multifamily Residential Development,Historical Planning — Cedarwood Baseline,custom,operations,SCH-OPEX-09,monthly_operating_expense,monthly operating expense — month 9,0,usd,estimated,"pasted_content_23.txt, Cedarwood Base Planning Case, user-supplied 2026-08-21",,jchappell2120,9,9,construction,yes,"Estimated/user-supplied historical planning scenario. No figure is an actual result, commitment, or funded-capital record. | Calculated monthly planning series from scenario drivers; not actual project performance."
1,Cedarwood Flats,Multifamily Residential Development,Historical Planning — Cedarwood Baseline,custom,financing,SCH-DRAW-09,monthly_debt_draw,monthly debt draw — month 9,2000000,usd,estimated,"pasted_content_23.txt, Cedarwood Base Planning Case, user-supplied 2026-08-21",,jchappell2120,9,9,construction,yes,"Estimated/user-supplied historical planning scenario. No figure is an actual result, commitment, or funded-capital record. | Calculated monthly planning series from scenario drivers; not actual project performance."
1,Cedarwood Flats,Multifamily Residential Development,Historical Planning — Cedarwood Baseline,custom,financing,SCH-INT-09,monthly_interest,monthly interest — month 9,103125,usd,estimated,"pasted_content_23.txt, Cedarwood Base Planning Case, user-supplied 2026-08-21",,jchappell2120,9,9,construction,yes,"Estimated/user-supplied historical planning scenario. No figure is an actual result, commitment, or funded-capital record. | Calculated monthly planning series from scenario drivers; not actual project performance."
1,Cedarwood Flats,Multifamily Residential Development,Historical Planning — Cedarwood Baseline,custom,cash_flow,SCH-CF-09,monthly_levered_cash_flow,monthly levered cash flow — month 9,-2103125,usd,estimated,"pasted_content_23.txt, Cedarwood Base Planning Case, user-supplied 2026-08-21",,jchappell2120,9,9,construction,yes,"Estimated/user-supplied historical planning scenario. No figure is an actual result, commitment, or funded-capital record. | Calculated monthly planning series from scenario drivers; not actual project performance."
1,Cedarwood Flats,Multifamily Residential Development,Historical Planning — Cedarwood Baseline,custom,capital_deployment,SCH-COST-10,monthly_development_spend,monthly development spend — month 10,2400000,usd,estimated,"pasted_content_23.txt, Cedarwood Base Planning Case, user-supplied 2026-08-21",,jchappell2120,10,10,construction,yes,"Estimated/user-supplied historical planning scenario. No figure is an actual result, commitment, or funded-capital record. | Calculated monthly planning series from scenario drivers; not actual project performance."
1,Cedarwood Flats,Multifamily Residential Development,Historical Planning — Cedarwood Baseline,custom,schedule,SCH-CUM-10,cumulative_deployment_bps,cumulative deployment bps — month 10,3600,percentage_bps,estimated,"pasted_content_23.txt, Cedarwood Base Planning Case, user-supplied 2026-08-21",,jchappell2120,10,10,construction,yes,"Estimated/user-supplied historical planning scenario. No figure is an actual result, commitment, or funded-capital record. | Calculated monthly planning series from scenario drivers; not actual project performance."
1,Cedarwood Flats,Multifamily Residential Development,Historical Planning — Cedarwood Baseline,custom,schedule,SCH-OCC-10,occupancy_bps,occupancy bps — month 10,0,percentage_bps,estimated,"pasted_content_23.txt, Cedarwood Base Planning Case, user-supplied 2026-08-21",,jchappell2120,10,10,construction,yes,"Estimated/user-supplied historical planning scenario. No figure is an actual result, commitment, or funded-capital record. | Calculated monthly planning series from scenario drivers; not actual project performance."
1,Cedarwood Flats,Multifamily Residential Development,Historical Planning — Cedarwood Baseline,custom,revenue,SCH-REV-10,monthly_effective_revenue,monthly effective revenue — month 10,0,usd,estimated,"pasted_content_23.txt, Cedarwood Base Planning Case, user-supplied 2026-08-21",,jchappell2120,10,10,construction,yes,"Estimated/user-supplied historical planning scenario. No figure is an actual result, commitment, or funded-capital record. | Calculated monthly planning series from scenario drivers; not actual project performance."
1,Cedarwood Flats,Multifamily Residential Development,Historical Planning — Cedarwood Baseline,custom,operations,SCH-OPEX-10,monthly_operating_expense,monthly operating expense — month 10,0,usd,estimated,"pasted_content_23.txt, Cedarwood Base Planning Case, user-supplied 2026-08-21",,jchappell2120,10,10,construction,yes,"Estimated/user-supplied historical planning scenario. No figure is an actual result, commitment, or funded-capital record. | Calculated monthly planning series from scenario drivers; not actual project performance."
1,Cedarwood Flats,Multifamily Residential Development,Historical Planning — Cedarwood Baseline,custom,financing,SCH-DRAW-10,monthly_debt_draw,monthly debt draw — month 10,2400000,usd,estimated,"pasted_content_23.txt, Cedarwood Base Planning Case, user-supplied 2026-08-21",,jchappell2120,10,10,construction,yes,"Estimated/user-supplied historical planning scenario. No figure is an actual result, commitment, or funded-capital record. | Calculated monthly planning series from scenario drivers; not actual project performance."
1,Cedarwood Flats,Multifamily Residential Development,Historical Planning — Cedarwood Baseline,custom,financing,SCH-INT-10,monthly_interest,monthly interest — month 10,123750,usd,estimated,"pasted_content_23.txt, Cedarwood Base Planning Case, user-supplied 2026-08-21",,jchappell2120,10,10,construction,yes,"Estimated/user-supplied historical planning scenario. No figure is an actual result, commitment, or funded-capital record. | Calculated monthly planning series from scenario drivers; not actual project performance."
1,Cedarwood Flats,Multifamily Residential Development,Historical Planning — Cedarwood Baseline,custom,cash_flow,SCH-CF-10,monthly_levered_cash_flow,monthly levered cash flow — month 10,-2523750,usd,estimated,"pasted_content_23.txt, Cedarwood Base Planning Case, user-supplied 2026-08-21",,jchappell2120,10,10,construction,yes,"Estimated/user-supplied historical planning scenario. No figure is an actual result, commitment, or funded-capital record. | Calculated monthly planning series from scenario drivers; not actual project performance."
1,Cedarwood Flats,Multifamily Residential Development,Historical Planning — Cedarwood Baseline,custom,capital_deployment,SCH-COST-11,monthly_development_spend,monthly development spend — month 11,2400000,usd,estimated,"pasted_content_23.txt, Cedarwood Base Planning Case, user-supplied 2026-08-21",,jchappell2120,11,11,construction,yes,"Estimated/user-supplied historical planning scenario. No figure is an actual result, commitment, or funded-capital record. | Calculated monthly planning series from scenario drivers; not actual project performance."
1,Cedarwood Flats,Multifamily Residential Development,Historical Planning — Cedarwood Baseline,custom,schedule,SCH-CUM-11,cumulative_deployment_bps,cumulative deployment bps — month 11,4200,percentage_bps,estimated,"pasted_content_23.txt, Cedarwood Base Planning Case, user-supplied 2026-08-21",,jchappell2120,11,11,construction,yes,"Estimated/user-supplied historical planning scenario. No figure is an actual result, commitment, or funded-capital record. | Calculated monthly planning series from scenario drivers; not actual project performance."
1,Cedarwood Flats,Multifamily Residential Development,Historical Planning — Cedarwood Baseline,custom,schedule,SCH-OCC-11,occupancy_bps,occupancy bps — month 11,0,percentage_bps,estimated,"pasted_content_23.txt, Cedarwood Base Planning Case, user-supplied 2026-08-21",,jchappell2120,11,11,construction,yes,"Estimated/user-supplied historical planning scenario. No figure is an actual result, commitment, or funded-capital record. | Calculated monthly planning series from scenario drivers; not actual project performance."
1,Cedarwood Flats,Multifamily Residential Development,Historical Planning — Cedarwood Baseline,custom,revenue,SCH-REV-11,monthly_effective_revenue,monthly effective revenue — month 11,0,usd,estimated,"pasted_content_23.txt, Cedarwood Base Planning Case, user-supplied 2026-08-21",,jchappell2120,11,11,construction,yes,"Estimated/user-supplied historical planning scenario. No figure is an actual result, commitment, or funded-capital record. | Calculated monthly planning series from scenario drivers; not actual project performance."
1,Cedarwood Flats,Multifamily Residential Development,Historical Planning — Cedarwood Baseline,custom,operations,SCH-OPEX-11,monthly_operating_expense,monthly operating expense — month 11,0,usd,estimated,"pasted_content_23.txt, Cedarwood Base Planning Case, user-supplied 2026-08-21",,jchappell2120,11,11,construction,yes,"Estimated/user-supplied historical planning scenario. No figure is an actual result, commitment, or funded-capital record. | Calculated monthly planning series from scenario drivers; not actual project performance."
1,Cedarwood Flats,Multifamily Residential Development,Historical Planning — Cedarwood Baseline,custom,financing,SCH-DRAW-11,monthly_debt_draw,monthly debt draw — month 11,2400000,usd,estimated,"pasted_content_23.txt, Cedarwood Base Planning Case, user-supplied 2026-08-21",,jchappell2120,11,11,construction,yes,"Estimated/user-supplied historical planning scenario. No figure is an actual result, commitment, or funded-capital record. | Calculated monthly planning series from scenario drivers; not actual project performance."
1,Cedarwood Flats,Multifamily Residential Development,Historical Planning — Cedarwood Baseline,custom,financing,SCH-INT-11,monthly_interest,monthly interest — month 11,144375,usd,estimated,"pasted_content_23.txt, Cedarwood Base Planning Case, user-supplied 2026-08-21",,jchappell2120,11,11,construction,yes,"Estimated/user-supplied historical planning scenario. No figure is an actual result, commitment, or funded-capital record. | Calculated monthly planning series from scenario drivers; not actual project performance."
1,Cedarwood Flats,Multifamily Residential Development,Historical Planning — Cedarwood Baseline,custom,cash_flow,SCH-CF-11,monthly_levered_cash_flow,monthly levered cash flow — month 11,-2544375,usd,estimated,"pasted_content_23.txt, Cedarwood Base Planning Case, user-supplied 2026-08-21",,jchappell2120,11,11,construction,yes,"Estimated/user-supplied historical planning scenario. No figure is an actual result, commitment, or funded-capital record. | Calculated monthly planning series from scenario drivers; not actual project performance."
1,Cedarwood Flats,Multifamily Residential Development,Historical Planning — Cedarwood Baseline,custom,capital_deployment,SCH-COST-12,monthly_development_spend,monthly development spend — month 12,2400000,usd,estimated,"pasted_content_23.txt, Cedarwood Base Planning Case, user-supplied 2026-08-21",,jchappell2120,12,12,construction,yes,"Estimated/user-supplied historical planning scenario. No figure is an actual result, commitment, or funded-capital record. | Calculated monthly planning series from scenario drivers; not actual project performance."
1,Cedarwood Flats,Multifamily Residential Development,Historical Planning — Cedarwood Baseline,custom,schedule,SCH-CUM-12,cumulative_deployment_bps,cumulative deployment bps — month 12,4800,percentage_bps,estimated,"pasted_content_23.txt, Cedarwood Base Planning Case, user-supplied 2026-08-21",,jchappell2120,12,12,construction,yes,"Estimated/user-supplied historical planning scenario. No figure is an actual result, commitment, or funded-capital record. | Calculated monthly planning series from scenario drivers; not actual project performance."
1,Cedarwood Flats,Multifamily Residential Development,Historical Planning — Cedarwood Baseline,custom,schedule,SCH-OCC-12,occupancy_bps,occupancy bps — month 12,0,percentage_bps,estimated,"pasted_content_23.txt, Cedarwood Base Planning Case, user-supplied 2026-08-21",,jchappell2120,12,12,construction,yes,"Estimated/user-supplied historical planning scenario. No figure is an actual result, commitment, or funded-capital record. | Calculated monthly planning series from scenario drivers; not actual project performance."
1,Cedarwood Flats,Multifamily Residential Development,Historical Planning — Cedarwood Baseline,custom,revenue,SCH-REV-12,monthly_effective_revenue,monthly effective revenue — month 12,0,usd,estimated,"pasted_content_23.txt, Cedarwood Base Planning Case, user-supplied 2026-08-21",,jchappell2120,12,12,construction,yes,"Estimated/user-supplied historical planning scenario. No figure is an actual result, commitment, or funded-capital record. | Calculated monthly planning series from scenario drivers; not actual project performance."
1,Cedarwood Flats,Multifamily Residential Development,Historical Planning — Cedarwood Baseline,custom,operations,SCH-OPEX-12,monthly_operating_expense,monthly operating expense — month 12,0,usd,estimated,"pasted_content_23.txt, Cedarwood Base Planning Case, user-supplied 2026-08-21",,jchappell2120,12,12,construction,yes,"Estimated/user-supplied historical planning scenario. No figure is an actual result, commitment, or funded-capital record. | Calculated monthly planning series from scenario drivers; not actual project performance."
1,Cedarwood Flats,Multifamily Residential Development,Historical Planning — Cedarwood Baseline,custom,financing,SCH-DRAW-12,monthly_debt_draw,monthly debt draw — month 12,2400000,usd,estimated,"pasted_content_23.txt, Cedarwood Base Planning Case, user-supplied 2026-08-21",,jchappell2120,12,12,construction,yes,"Estimated/user-supplied historical planning scenario. No figure is an actual result, commitment, or funded-capital record. | Calculated monthly planning series from scenario drivers; not actual project performance."
1,Cedarwood Flats,Multifamily Residential Development,Historical Planning — Cedarwood Baseline,custom,financing,SCH-INT-12,monthly_interest,monthly interest — month 12,165000,usd,estimated,"pasted_content_23.txt, Cedarwood Base Planning Case, user-supplied 2026-08-21",,jchappell2120,12,12,construction,yes,"Estimated/user-supplied historical planning scenario. No figure is an actual result, commitment, or funded-capital record. | Calculated monthly planning series from scenario drivers; not actual project performance."
1,Cedarwood Flats,Multifamily Residential Development,Historical Planning — Cedarwood Baseline,custom,cash_flow,SCH-CF-12,monthly_levered_cash_flow,monthly levered cash flow — month 12,-2565000,usd,estimated,"pasted_content_23.txt, Cedarwood Base Planning Case, user-supplied 2026-08-21",,jchappell2120,12,12,construction,yes,"Estimated/user-supplied historical planning scenario. No figure is an actual result, commitment, or funded-capital record. | Calculated monthly planning series from scenario drivers; not actual project performance."
1,Cedarwood Flats,Multifamily Residential Development,Historical Planning — Cedarwood Baseline,custom,capital_deployment,SCH-COST-13,monthly_development_spend,monthly development spend — month 13,2532000,usd,estimated,"pasted_content_23.txt, Cedarwood Base Planning Case, user-supplied 2026-08-21",,jchappell2120,13,13,construction,yes,"Estimated/user-supplied historical planning scenario. No figure is an actual result, commitment, or funded-capital record. | Calculated monthly planning series from scenario drivers; not actual project performance."
1,Cedarwood Flats,Multifamily Residential Development,Historical Planning — Cedarwood Baseline,custom,schedule,SCH-CUM-13,cumulative_deployment_bps,cumulative deployment bps — month 13,5433,percentage_bps,estimated,"pasted_content_23.txt, Cedarwood Base Planning Case, user-supplied 2026-08-21",,jchappell2120,13,13,construction,yes,"Estimated/user-supplied historical planning scenario. No figure is an actual result, commitment, or funded-capital record. | Calculated monthly planning series from scenario drivers; not actual project performance."
1,Cedarwood Flats,Multifamily Residential Development,Historical Planning — Cedarwood Baseline,custom,schedule,SCH-OCC-13,occupancy_bps,occupancy bps — month 13,0,percentage_bps,estimated,"pasted_content_23.txt, Cedarwood Base Planning Case, user-supplied 2026-08-21",,jchappell2120,13,13,construction,yes,"Estimated/user-supplied historical planning scenario. No figure is an actual result, commitment, or funded-capital record. | Calculated monthly planning series from scenario drivers; not actual project performance."
1,Cedarwood Flats,Multifamily Residential Development,Historical Planning — Cedarwood Baseline,custom,revenue,SCH-REV-13,monthly_effective_revenue,monthly effective revenue — month 13,0,usd,estimated,"pasted_content_23.txt, Cedarwood Base Planning Case, user-supplied 2026-08-21",,jchappell2120,13,13,construction,yes,"Estimated/user-supplied historical planning scenario. No figure is an actual result, commitment, or funded-capital record. | Calculated monthly planning series from scenario drivers; not actual project performance."
1,Cedarwood Flats,Multifamily Residential Development,Historical Planning — Cedarwood Baseline,custom,operations,SCH-OPEX-13,monthly_operating_expense,monthly operating expense — month 13,0,usd,estimated,"pasted_content_23.txt, Cedarwood Base Planning Case, user-supplied 2026-08-21",,jchappell2120,13,13,construction,yes,"Estimated/user-supplied historical planning scenario. No figure is an actual result, commitment, or funded-capital record. | Calculated monthly planning series from scenario drivers; not actual project performance."
1,Cedarwood Flats,Multifamily Residential Development,Historical Planning — Cedarwood Baseline,custom,financing,SCH-DRAW-13,monthly_debt_draw,monthly debt draw — month 13,2532000,usd,estimated,"pasted_content_23.txt, Cedarwood Base Planning Case, user-supplied 2026-08-21",,jchappell2120,13,13,construction,yes,"Estimated/user-supplied historical planning scenario. No figure is an actual result, commitment, or funded-capital record. | Calculated monthly planning series from scenario drivers; not actual project performance."
1,Cedarwood Flats,Multifamily Residential Development,Historical Planning — Cedarwood Baseline,custom,financing,SCH-INT-13,monthly_interest,monthly interest — month 13,186759,usd,estimated,"pasted_content_23.txt, Cedarwood Base Planning Case, user-supplied 2026-08-21",,jchappell2120,13,13,construction,yes,"Estimated/user-supplied historical planning scenario. No figure is an actual result, commitment, or funded-capital record. | Calculated monthly planning series from scenario drivers; not actual project performance."
1,Cedarwood Flats,Multifamily Residential Development,Historical Planning — Cedarwood Baseline,custom,cash_flow,SCH-CF-13,monthly_levered_cash_flow,monthly levered cash flow — month 13,-2718759,usd,estimated,"pasted_content_23.txt, Cedarwood Base Planning Case, user-supplied 2026-08-21",,jchappell2120,13,13,construction,yes,"Estimated/user-supplied historical planning scenario. No figure is an actual result, commitment, or funded-capital record. | Calculated monthly planning series from scenario drivers; not actual project performance."
1,Cedarwood Flats,Multifamily Residential Development,Historical Planning — Cedarwood Baseline,custom,capital_deployment,SCH-COST-14,monthly_development_spend,monthly development spend — month 14,2536000,usd,estimated,"pasted_content_23.txt, Cedarwood Base Planning Case, user-supplied 2026-08-21",,jchappell2120,14,14,construction,yes,"Estimated/user-supplied historical planning scenario. No figure is an actual result, commitment, or funded-capital record. | Calculated monthly planning series from scenario drivers; not actual project performance."
1,Cedarwood Flats,Multifamily Residential Development,Historical Planning — Cedarwood Baseline,custom,schedule,SCH-CUM-14,cumulative_deployment_bps,cumulative deployment bps — month 14,6067,percentage_bps,estimated,"pasted_content_23.txt, Cedarwood Base Planning Case, user-supplied 2026-08-21",,jchappell2120,14,14,construction,yes,"Estimated/user-supplied historical planning scenario. No figure is an actual result, commitment, or funded-capital record. | Calculated monthly planning series from scenario drivers; not actual project performance."
1,Cedarwood Flats,Multifamily Residential Development,Historical Planning — Cedarwood Baseline,custom,schedule,SCH-OCC-14,occupancy_bps,occupancy bps — month 14,0,percentage_bps,estimated,"pasted_content_23.txt, Cedarwood Base Planning Case, user-supplied 2026-08-21",,jchappell2120,14,14,construction,yes,"Estimated/user-supplied historical planning scenario. No figure is an actual result, commitment, or funded-capital record. | Calculated monthly planning series from scenario drivers; not actual project performance."
1,Cedarwood Flats,Multifamily Residential Development,Historical Planning — Cedarwood Baseline,custom,revenue,SCH-REV-14,monthly_effective_revenue,monthly effective revenue — month 14,0,usd,estimated,"pasted_content_23.txt, Cedarwood Base Planning Case, user-supplied 2026-08-21",,jchappell2120,14,14,construction,yes,"Estimated/user-supplied historical planning scenario. No figure is an actual result, commitment, or funded-capital record. | Calculated monthly planning series from scenario drivers; not actual project performance."
1,Cedarwood Flats,Multifamily Residential Development,Historical Planning — Cedarwood Baseline,custom,operations,SCH-OPEX-14,monthly_operating_expense,monthly operating expense — month 14,0,usd,estimated,"pasted_content_23.txt, Cedarwood Base Planning Case, user-supplied 2026-08-21",,jchappell2120,14,14,construction,yes,"Estimated/user-supplied historical planning scenario. No figure is an actual result, commitment, or funded-capital record. | Calculated monthly planning series from scenario drivers; not actual project performance."
1,Cedarwood Flats,Multifamily Residential Development,Historical Planning — Cedarwood Baseline,custom,financing,SCH-DRAW-14,monthly_debt_draw,monthly debt draw — month 14,2536000,usd,estimated,"pasted_content_23.txt, Cedarwood Base Planning Case, user-supplied 2026-08-21",,jchappell2120,14,14,construction,yes,"Estimated/user-supplied historical planning scenario. No figure is an actual result, commitment, or funded-capital record. | Calculated monthly planning series from scenario drivers; not actual project performance."
1,Cedarwood Flats,Multifamily Residential Development,Historical Planning — Cedarwood Baseline,custom,financing,SCH-INT-14,monthly_interest,monthly interest — month 14,208553,usd,estimated,"pasted_content_23.txt, Cedarwood Base Planning Case, user-supplied 2026-08-21",,jchappell2120,14,14,construction,yes,"Estimated/user-supplied historical planning scenario. No figure is an actual result, commitment, or funded-capital record. | Calculated monthly planning series from scenario drivers; not actual project performance."
1,Cedarwood Flats,Multifamily Residential Development,Historical Planning — Cedarwood Baseline,custom,cash_flow,SCH-CF-14,monthly_levered_cash_flow,monthly levered cash flow — month 14,-2744553,usd,estimated,"pasted_content_23.txt, Cedarwood Base Planning Case, user-supplied 2026-08-21",,jchappell2120,14,14,construction,yes,"Estimated/user-supplied historical planning scenario. No figure is an actual result, commitment, or funded-capital record. | Calculated monthly planning series from scenario drivers; not actual project performance."
1,Cedarwood Flats,Multifamily Residential Development,Historical Planning — Cedarwood Baseline,custom,capital_deployment,SCH-COST-15,monthly_development_spend,monthly development spend — month 15,2532000,usd,estimated,"pasted_content_23.txt, Cedarwood Base Planning Case, user-supplied 2026-08-21",,jchappell2120,15,15,construction,yes,"Estimated/user-supplied historical planning scenario. No figure is an actual result, commitment, or funded-capital record. | Calculated monthly planning series from scenario drivers; not actual project performance."
1,Cedarwood Flats,Multifamily Residential Development,Historical Planning — Cedarwood Baseline,custom,schedule,SCH-CUM-15,cumulative_deployment_bps,cumulative deployment bps — month 15,6700,percentage_bps,estimated,"pasted_content_23.txt, Cedarwood Base Planning Case, user-supplied 2026-08-21",,jchappell2120,15,15,construction,yes,"Estimated/user-supplied historical planning scenario. No figure is an actual result, commitment, or funded-capital record. | Calculated monthly planning series from scenario drivers; not actual project performance."
1,Cedarwood Flats,Multifamily Residential Development,Historical Planning — Cedarwood Baseline,custom,schedule,SCH-OCC-15,occupancy_bps,occupancy bps — month 15,0,percentage_bps,estimated,"pasted_content_23.txt, Cedarwood Base Planning Case, user-supplied 2026-08-21",,jchappell2120,15,15,construction,yes,"Estimated/user-supplied historical planning scenario. No figure is an actual result, commitment, or funded-capital record. | Calculated monthly planning series from scenario drivers; not actual project performance."
1,Cedarwood Flats,Multifamily Residential Development,Historical Planning — Cedarwood Baseline,custom,revenue,SCH-REV-15,monthly_effective_revenue,monthly effective revenue — month 15,0,usd,estimated,"pasted_content_23.txt, Cedarwood Base Planning Case, user-supplied 2026-08-21",,jchappell2120,15,15,construction,yes,"Estimated/user-supplied historical planning scenario. No figure is an actual result, commitment, or funded-capital record. | Calculated monthly planning series from scenario drivers; not actual project performance."
1,Cedarwood Flats,Multifamily Residential Development,Historical Planning — Cedarwood Baseline,custom,operations,SCH-OPEX-15,monthly_operating_expense,monthly operating expense — month 15,0,usd,estimated,"pasted_content_23.txt, Cedarwood Base Planning Case, user-supplied 2026-08-21",,jchappell2120,15,15,construction,yes,"Estimated/user-supplied historical planning scenario. No figure is an actual result, commitment, or funded-capital record. | Calculated monthly planning series from scenario drivers; not actual project performance."
1,Cedarwood Flats,Multifamily Residential Development,Historical Planning — Cedarwood Baseline,custom,financing,SCH-DRAW-15,monthly_debt_draw,monthly debt draw — month 15,2532000,usd,estimated,"pasted_content_23.txt, Cedarwood Base Planning Case, user-supplied 2026-08-21",,jchappell2120,15,15,construction,yes,"Estimated/user-supplied historical planning scenario. No figure is an actual result, commitment, or funded-capital record. | Calculated monthly planning series from scenario drivers; not actual project performance."
1,Cedarwood Flats,Multifamily Residential Development,Historical Planning — Cedarwood Baseline,custom,financing,SCH-INT-15,monthly_interest,monthly interest — month 15,230313,usd,estimated,"pasted_content_23.txt, Cedarwood Base Planning Case, user-supplied 2026-08-21",,jchappell2120,15,15,construction,yes,"Estimated/user-supplied historical planning scenario. No figure is an actual result, commitment, or funded-capital record. | Calculated monthly planning series from scenario drivers; not actual project performance."
1,Cedarwood Flats,Multifamily Residential Development,Historical Planning — Cedarwood Baseline,custom,cash_flow,SCH-CF-15,monthly_levered_cash_flow,monthly levered cash flow — month 15,-2762313,usd,estimated,"pasted_content_23.txt, Cedarwood Base Planning Case, user-supplied 2026-08-21",,jchappell2120,15,15,construction,yes,"Estimated/user-supplied historical planning scenario. No figure is an actual result, commitment, or funded-capital record. | Calculated monthly planning series from scenario drivers; not actual project performance."
1,Cedarwood Flats,Multifamily Residential Development,Historical Planning — Cedarwood Baseline,custom,capital_deployment,SCH-COST-16,monthly_development_spend,monthly development spend — month 16,2000000,usd,estimated,"pasted_content_23.txt, Cedarwood Base Planning Case, user-supplied 2026-08-21",,jchappell2120,16,16,construction,yes,"Estimated/user-supplied historical planning scenario. No figure is an actual result, commitment, or funded-capital record. | Calculated monthly planning series from scenario drivers; not actual project performance."
1,Cedarwood Flats,Multifamily Residential Development,Historical Planning — Cedarwood Baseline,custom,schedule,SCH-CUM-16,cumulative_deployment_bps,cumulative deployment bps — month 16,7200,percentage_bps,estimated,"pasted_content_23.txt, Cedarwood Base Planning Case, user-supplied 2026-08-21",,jchappell2120,16,16,construction,yes,"Estimated/user-supplied historical planning scenario. No figure is an actual result, commitment, or funded-capital record. | Calculated monthly planning series from scenario drivers; not actual project performance."
1,Cedarwood Flats,Multifamily Residential Development,Historical Planning — Cedarwood Baseline,custom,schedule,SCH-OCC-16,occupancy_bps,occupancy bps — month 16,0,percentage_bps,estimated,"pasted_content_23.txt, Cedarwood Base Planning Case, user-supplied 2026-08-21",,jchappell2120,16,16,construction,yes,"Estimated/user-supplied historical planning scenario. No figure is an actual result, commitment, or funded-capital record. | Calculated monthly planning series from scenario drivers; not actual project performance."
1,Cedarwood Flats,Multifamily Residential Development,Historical Planning — Cedarwood Baseline,custom,revenue,SCH-REV-16,monthly_effective_revenue,monthly effective revenue — month 16,0,usd,estimated,"pasted_content_23.txt, Cedarwood Base Planning Case, user-supplied 2026-08-21",,jchappell2120,16,16,construction,yes,"Estimated/user-supplied historical planning scenario. No figure is an actual result, commitment, or funded-capital record. | Calculated monthly planning series from scenario drivers; not actual project performance."
1,Cedarwood Flats,Multifamily Residential Development,Historical Planning — Cedarwood Baseline,custom,operations,SCH-OPEX-16,monthly_operating_expense,monthly operating expense — month 16,0,usd,estimated,"pasted_content_23.txt, Cedarwood Base Planning Case, user-supplied 2026-08-21",,jchappell2120,16,16,construction,yes,"Estimated/user-supplied historical planning scenario. No figure is an actual result, commitment, or funded-capital record. | Calculated monthly planning series from scenario drivers; not actual project performance."
1,Cedarwood Flats,Multifamily Residential Development,Historical Planning — Cedarwood Baseline,custom,financing,SCH-DRAW-16,monthly_debt_draw,monthly debt draw — month 16,2000000,usd,estimated,"pasted_content_23.txt, Cedarwood Base Planning Case, user-supplied 2026-08-21",,jchappell2120,16,16,construction,yes,"Estimated/user-supplied historical planning scenario. No figure is an actual result, commitment, or funded-capital record. | Calculated monthly planning series from scenario drivers; not actual project performance."
1,Cedarwood Flats,Multifamily Residential Development,Historical Planning — Cedarwood Baseline,custom,financing,SCH-INT-16,monthly_interest,monthly interest — month 16,247500,usd,estimated,"pasted_content_23.txt, Cedarwood Base Planning Case, user-supplied 2026-08-21",,jchappell2120,16,16,construction,yes,"Estimated/user-supplied historical planning scenario. No figure is an actual result, commitment, or funded-capital record. | Calculated monthly planning series from scenario drivers; not actual project performance."
1,Cedarwood Flats,Multifamily Residential Development,Historical Planning — Cedarwood Baseline,custom,cash_flow,SCH-CF-16,monthly_levered_cash_flow,monthly levered cash flow — month 16,-2247500,usd,estimated,"pasted_content_23.txt, Cedarwood Base Planning Case, user-supplied 2026-08-21",,jchappell2120,16,16,construction,yes,"Estimated/user-supplied historical planning scenario. No figure is an actual result, commitment, or funded-capital record. | Calculated monthly planning series from scenario drivers; not actual project performance."
1,Cedarwood Flats,Multifamily Residential Development,Historical Planning — Cedarwood Baseline,custom,capital_deployment,SCH-COST-17,monthly_development_spend,monthly development spend — month 17,2000000,usd,estimated,"pasted_content_23.txt, Cedarwood Base Planning Case, user-supplied 2026-08-21",,jchappell2120,17,17,construction,yes,"Estimated/user-supplied historical planning scenario. No figure is an actual result, commitment, or funded-capital record. | Calculated monthly planning series from scenario drivers; not actual project performance."
1,Cedarwood Flats,Multifamily Residential Development,Historical Planning — Cedarwood Baseline,custom,schedule,SCH-CUM-17,cumulative_deployment_bps,cumulative deployment bps — month 17,7700,percentage_bps,estimated,"pasted_content_23.txt, Cedarwood Base Planning Case, user-supplied 2026-08-21",,jchappell2120,17,17,construction,yes,"Estimated/user-supplied historical planning scenario. No figure is an actual result, commitment, or funded-capital record. | Calculated monthly planning series from scenario drivers; not actual project performance."
1,Cedarwood Flats,Multifamily Residential Development,Historical Planning — Cedarwood Baseline,custom,schedule,SCH-OCC-17,occupancy_bps,occupancy bps — month 17,0,percentage_bps,estimated,"pasted_content_23.txt, Cedarwood Base Planning Case, user-supplied 2026-08-21",,jchappell2120,17,17,construction,yes,"Estimated/user-supplied historical planning scenario. No figure is an actual result, commitment, or funded-capital record. | Calculated monthly planning series from scenario drivers; not actual project performance."
1,Cedarwood Flats,Multifamily Residential Development,Historical Planning — Cedarwood Baseline,custom,revenue,SCH-REV-17,monthly_effective_revenue,monthly effective revenue — month 17,0,usd,estimated,"pasted_content_23.txt, Cedarwood Base Planning Case, user-supplied 2026-08-21",,jchappell2120,17,17,construction,yes,"Estimated/user-supplied historical planning scenario. No figure is an actual result, commitment, or funded-capital record. | Calculated monthly planning series from scenario drivers; not actual project performance."
1,Cedarwood Flats,Multifamily Residential Development,Historical Planning — Cedarwood Baseline,custom,operations,SCH-OPEX-17,monthly_operating_expense,monthly operating expense — month 17,0,usd,estimated,"pasted_content_23.txt, Cedarwood Base Planning Case, user-supplied 2026-08-21",,jchappell2120,17,17,construction,yes,"Estimated/user-supplied historical planning scenario. No figure is an actual result, commitment, or funded-capital record. | Calculated monthly planning series from scenario drivers; not actual project performance."
1,Cedarwood Flats,Multifamily Residential Development,Historical Planning — Cedarwood Baseline,custom,financing,SCH-DRAW-17,monthly_debt_draw,monthly debt draw — month 17,2000000,usd,estimated,"pasted_content_23.txt, Cedarwood Base Planning Case, user-supplied 2026-08-21",,jchappell2120,17,17,construction,yes,"Estimated/user-supplied historical planning scenario. No figure is an actual result, commitment, or funded-capital record. | Calculated monthly planning series from scenario drivers; not actual project performance."
1,Cedarwood Flats,Multifamily Residential Development,Historical Planning — Cedarwood Baseline,custom,financing,SCH-INT-17,monthly_interest,monthly interest — month 17,264688,usd,estimated,"pasted_content_23.txt, Cedarwood Base Planning Case, user-supplied 2026-08-21",,jchappell2120,17,17,construction,yes,"Estimated/user-supplied historical planning scenario. No figure is an actual result, commitment, or funded-capital record. | Calculated monthly planning series from scenario drivers; not actual project performance."
1,Cedarwood Flats,Multifamily Residential Development,Historical Planning — Cedarwood Baseline,custom,cash_flow,SCH-CF-17,monthly_levered_cash_flow,monthly levered cash flow — month 17,-2264688,usd,estimated,"pasted_content_23.txt, Cedarwood Base Planning Case, user-supplied 2026-08-21",,jchappell2120,17,17,construction,yes,"Estimated/user-supplied historical planning scenario. No figure is an actual result, commitment, or funded-capital record. | Calculated monthly planning series from scenario drivers; not actual project performance."
1,Cedarwood Flats,Multifamily Residential Development,Historical Planning — Cedarwood Baseline,custom,capital_deployment,SCH-COST-18,monthly_development_spend,monthly development spend — month 18,2000000,usd,estimated,"pasted_content_23.txt, Cedarwood Base Planning Case, user-supplied 2026-08-21",,jchappell2120,18,18,construction,yes,"Estimated/user-supplied historical planning scenario. No figure is an actual result, commitment, or funded-capital record. | Calculated monthly planning series from scenario drivers; not actual project performance."
1,Cedarwood Flats,Multifamily Residential Development,Historical Planning — Cedarwood Baseline,custom,schedule,SCH-CUM-18,cumulative_deployment_bps,cumulative deployment bps — month 18,8200,percentage_bps,estimated,"pasted_content_23.txt, Cedarwood Base Planning Case, user-supplied 2026-08-21",,jchappell2120,18,18,construction,yes,"Estimated/user-supplied historical planning scenario. No figure is an actual result, commitment, or funded-capital record. | Calculated monthly planning series from scenario drivers; not actual project performance."
1,Cedarwood Flats,Multifamily Residential Development,Historical Planning — Cedarwood Baseline,custom,schedule,SCH-OCC-18,occupancy_bps,occupancy bps — month 18,0,percentage_bps,estimated,"pasted_content_23.txt, Cedarwood Base Planning Case, user-supplied 2026-08-21",,jchappell2120,18,18,construction,yes,"Estimated/user-supplied historical planning scenario. No figure is an actual result, commitment, or funded-capital record. | Calculated monthly planning series from scenario drivers; not actual project performance."
1,Cedarwood Flats,Multifamily Residential Development,Historical Planning — Cedarwood Baseline,custom,revenue,SCH-REV-18,monthly_effective_revenue,monthly effective revenue — month 18,0,usd,estimated,"pasted_content_23.txt, Cedarwood Base Planning Case, user-supplied 2026-08-21",,jchappell2120,18,18,construction,yes,"Estimated/user-supplied historical planning scenario. No figure is an actual result, commitment, or funded-capital record. | Calculated monthly planning series from scenario drivers; not actual project performance."
1,Cedarwood Flats,Multifamily Residential Development,Historical Planning — Cedarwood Baseline,custom,operations,SCH-OPEX-18,monthly_operating_expense,monthly operating expense — month 18,0,usd,estimated,"pasted_content_23.txt, Cedarwood Base Planning Case, user-supplied 2026-08-21",,jchappell2120,18,18,construction,yes,"Estimated/user-supplied historical planning scenario. No figure is an actual result, commitment, or funded-capital record. | Calculated monthly planning series from scenario drivers; not actual project performance."
1,Cedarwood Flats,Multifamily Residential Development,Historical Planning — Cedarwood Baseline,custom,financing,SCH-DRAW-18,monthly_debt_draw,monthly debt draw — month 18,2000000,usd,estimated,"pasted_content_23.txt, Cedarwood Base Planning Case, user-supplied 2026-08-21",,jchappell2120,18,18,construction,yes,"Estimated/user-supplied historical planning scenario. No figure is an actual result, commitment, or funded-capital record. | Calculated monthly planning series from scenario drivers; not actual project performance."
1,Cedarwood Flats,Multifamily Residential Development,Historical Planning — Cedarwood Baseline,custom,financing,SCH-INT-18,monthly_interest,monthly interest — month 18,281875,usd,estimated,"pasted_content_23.txt, Cedarwood Base Planning Case, user-supplied 2026-08-21",,jchappell2120,18,18,construction,yes,"Estimated/user-supplied historical planning scenario. No figure is an actual result, commitment, or funded-capital record. | Calculated monthly planning series from scenario drivers; not actual project performance."
1,Cedarwood Flats,Multifamily Residential Development,Historical Planning — Cedarwood Baseline,custom,cash_flow,SCH-CF-18,monthly_levered_cash_flow,monthly levered cash flow — month 18,-2281875,usd,estimated,"pasted_content_23.txt, Cedarwood Base Planning Case, user-supplied 2026-08-21",,jchappell2120,18,18,construction,yes,"Estimated/user-supplied historical planning scenario. No figure is an actual result, commitment, or funded-capital record. | Calculated monthly planning series from scenario drivers; not actual project performance."
1,Cedarwood Flats,Multifamily Residential Development,Historical Planning — Cedarwood Baseline,custom,capital_deployment,SCH-COST-19,monthly_development_spend,monthly development spend — month 19,1600000,usd,estimated,"pasted_content_23.txt, Cedarwood Base Planning Case, user-supplied 2026-08-21",,jchappell2120,19,19,construction,yes,"Estimated/user-supplied historical planning scenario. No figure is an actual result, commitment, or funded-capital record. | Calculated monthly planning series from scenario drivers; not actual project performance."
1,Cedarwood Flats,Multifamily Residential Development,Historical Planning — Cedarwood Baseline,custom,schedule,SCH-CUM-19,cumulative_deployment_bps,cumulative deployment bps — month 19,8600,percentage_bps,estimated,"pasted_content_23.txt, Cedarwood Base Planning Case, user-supplied 2026-08-21",,jchappell2120,19,19,construction,yes,"Estimated/user-supplied historical planning scenario. No figure is an actual result, commitment, or funded-capital record. | Calculated monthly planning series from scenario drivers; not actual project performance."
1,Cedarwood Flats,Multifamily Residential Development,Historical Planning — Cedarwood Baseline,custom,schedule,SCH-OCC-19,occupancy_bps,occupancy bps — month 19,0,percentage_bps,estimated,"pasted_content_23.txt, Cedarwood Base Planning Case, user-supplied 2026-08-21",,jchappell2120,19,19,construction,yes,"Estimated/user-supplied historical planning scenario. No figure is an actual result, commitment, or funded-capital record. | Calculated monthly planning series from scenario drivers; not actual project performance."
1,Cedarwood Flats,Multifamily Residential Development,Historical Planning — Cedarwood Baseline,custom,revenue,SCH-REV-19,monthly_effective_revenue,monthly effective revenue — month 19,0,usd,estimated,"pasted_content_23.txt, Cedarwood Base Planning Case, user-supplied 2026-08-21",,jchappell2120,19,19,construction,yes,"Estimated/user-supplied historical planning scenario. No figure is an actual result, commitment, or funded-capital record. | Calculated monthly planning series from scenario drivers; not actual project performance."
1,Cedarwood Flats,Multifamily Residential Development,Historical Planning — Cedarwood Baseline,custom,operations,SCH-OPEX-19,monthly_operating_expense,monthly operating expense — month 19,0,usd,estimated,"pasted_content_23.txt, Cedarwood Base Planning Case, user-supplied 2026-08-21",,jchappell2120,19,19,construction,yes,"Estimated/user-supplied historical planning scenario. No figure is an actual result, commitment, or funded-capital record. | Calculated monthly planning series from scenario drivers; not actual project performance."
1,Cedarwood Flats,Multifamily Residential Development,Historical Planning — Cedarwood Baseline,custom,financing,SCH-DRAW-19,monthly_debt_draw,monthly debt draw — month 19,1600000,usd,estimated,"pasted_content_23.txt, Cedarwood Base Planning Case, user-supplied 2026-08-21",,jchappell2120,19,19,construction,yes,"Estimated/user-supplied historical planning scenario. No figure is an actual result, commitment, or funded-capital record. | Calculated monthly planning series from scenario drivers; not actual project performance."
1,Cedarwood Flats,Multifamily Residential Development,Historical Planning — Cedarwood Baseline,custom,financing,SCH-INT-19,monthly_interest,monthly interest — month 19,295625,usd,estimated,"pasted_content_23.txt, Cedarwood Base Planning Case, user-supplied 2026-08-21",,jchappell2120,19,19,construction,yes,"Estimated/user-supplied historical planning scenario. No figure is an actual result, commitment, or funded-capital record. | Calculated monthly planning series from scenario drivers; not actual project performance."
1,Cedarwood Flats,Multifamily Residential Development,Historical Planning — Cedarwood Baseline,custom,cash_flow,SCH-CF-19,monthly_levered_cash_flow,monthly levered cash flow — month 19,-1895625,usd,estimated,"pasted_content_23.txt, Cedarwood Base Planning Case, user-supplied 2026-08-21",,jchappell2120,19,19,construction,yes,"Estimated/user-supplied historical planning scenario. No figure is an actual result, commitment, or funded-capital record. | Calculated monthly planning series from scenario drivers; not actual project performance."
1,Cedarwood Flats,Multifamily Residential Development,Historical Planning — Cedarwood Baseline,custom,capital_deployment,SCH-COST-20,monthly_development_spend,monthly development spend — month 20,1600000,usd,estimated,"pasted_content_23.txt, Cedarwood Base Planning Case, user-supplied 2026-08-21",,jchappell2120,20,20,construction,yes,"Estimated/user-supplied historical planning scenario. No figure is an actual result, commitment, or funded-capital record. | Calculated monthly planning series from scenario drivers; not actual project performance."
1,Cedarwood Flats,Multifamily Residential Development,Historical Planning — Cedarwood Baseline,custom,schedule,SCH-CUM-20,cumulative_deployment_bps,cumulative deployment bps — month 20,9000,percentage_bps,estimated,"pasted_content_23.txt, Cedarwood Base Planning Case, user-supplied 2026-08-21",,jchappell2120,20,20,construction,yes,"Estimated/user-supplied historical planning scenario. No figure is an actual result, commitment, or funded-capital record. | Calculated monthly planning series from scenario drivers; not actual project performance."
1,Cedarwood Flats,Multifamily Residential Development,Historical Planning — Cedarwood Baseline,custom,schedule,SCH-OCC-20,occupancy_bps,occupancy bps — month 20,0,percentage_bps,estimated,"pasted_content_23.txt, Cedarwood Base Planning Case, user-supplied 2026-08-21",,jchappell2120,20,20,construction,yes,"Estimated/user-supplied historical planning scenario. No figure is an actual result, commitment, or funded-capital record. | Calculated monthly planning series from scenario drivers; not actual project performance."
1,Cedarwood Flats,Multifamily Residential Development,Historical Planning — Cedarwood Baseline,custom,revenue,SCH-REV-20,monthly_effective_revenue,monthly effective revenue — month 20,0,usd,estimated,"pasted_content_23.txt, Cedarwood Base Planning Case, user-supplied 2026-08-21",,jchappell2120,20,20,construction,yes,"Estimated/user-supplied historical planning scenario. No figure is an actual result, commitment, or funded-capital record. | Calculated monthly planning series from scenario drivers; not actual project performance."
1,Cedarwood Flats,Multifamily Residential Development,Historical Planning — Cedarwood Baseline,custom,operations,SCH-OPEX-20,monthly_operating_expense,monthly operating expense — month 20,0,usd,estimated,"pasted_content_23.txt, Cedarwood Base Planning Case, user-supplied 2026-08-21",,jchappell2120,20,20,construction,yes,"Estimated/user-supplied historical planning scenario. No figure is an actual result, commitment, or funded-capital record. | Calculated monthly planning series from scenario drivers; not actual project performance."
1,Cedarwood Flats,Multifamily Residential Development,Historical Planning — Cedarwood Baseline,custom,financing,SCH-DRAW-20,monthly_debt_draw,monthly debt draw — month 20,1600000,usd,estimated,"pasted_content_23.txt, Cedarwood Base Planning Case, user-supplied 2026-08-21",,jchappell2120,20,20,construction,yes,"Estimated/user-supplied historical planning scenario. No figure is an actual result, commitment, or funded-capital record. | Calculated monthly planning series from scenario drivers; not actual project performance."
1,Cedarwood Flats,Multifamily Residential Development,Historical Planning — Cedarwood Baseline,custom,financing,SCH-INT-20,monthly_interest,monthly interest — month 20,309375,usd,estimated,"pasted_content_23.txt, Cedarwood Base Planning Case, user-supplied 2026-08-21",,jchappell2120,20,20,construction,yes,"Estimated/user-supplied historical planning scenario. No figure is an actual result, commitment, or funded-capital record. | Calculated monthly planning series from scenario drivers; not actual project performance."
1,Cedarwood Flats,Multifamily Residential Development,Historical Planning — Cedarwood Baseline,custom,cash_flow,SCH-CF-20,monthly_levered_cash_flow,monthly levered cash flow — month 20,-1909375,usd,estimated,"pasted_content_23.txt, Cedarwood Base Planning Case, user-supplied 2026-08-21",,jchappell2120,20,20,construction,yes,"Estimated/user-supplied historical planning scenario. No figure is an actual result, commitment, or funded-capital record. | Calculated monthly planning series from scenario drivers; not actual project performance."
1,Cedarwood Flats,Multifamily Residential Development,Historical Planning — Cedarwood Baseline,custom,capital_deployment,SCH-COST-21,monthly_development_spend,monthly development spend — month 21,1600000,usd,estimated,"pasted_content_23.txt, Cedarwood Base Planning Case, user-supplied 2026-08-21",,jchappell2120,21,21,construction,yes,"Estimated/user-supplied historical planning scenario. No figure is an actual result, commitment, or funded-capital record. | Calculated monthly planning series from scenario drivers; not actual project performance."
1,Cedarwood Flats,Multifamily Residential Development,Historical Planning — Cedarwood Baseline,custom,schedule,SCH-CUM-21,cumulative_deployment_bps,cumulative deployment bps — month 21,9400,percentage_bps,estimated,"pasted_content_23.txt, Cedarwood Base Planning Case, user-supplied 2026-08-21",,jchappell2120,21,21,construction,yes,"Estimated/user-supplied historical planning scenario. No figure is an actual result, commitment, or funded-capital record. | Calculated monthly planning series from scenario drivers; not actual project performance."
1,Cedarwood Flats,Multifamily Residential Development,Historical Planning — Cedarwood Baseline,custom,schedule,SCH-OCC-21,occupancy_bps,occupancy bps — month 21,0,percentage_bps,estimated,"pasted_content_23.txt, Cedarwood Base Planning Case, user-supplied 2026-08-21",,jchappell2120,21,21,construction,yes,"Estimated/user-supplied historical planning scenario. No figure is an actual result, commitment, or funded-capital record. | Calculated monthly planning series from scenario drivers; not actual project performance."
1,Cedarwood Flats,Multifamily Residential Development,Historical Planning — Cedarwood Baseline,custom,revenue,SCH-REV-21,monthly_effective_revenue,monthly effective revenue — month 21,0,usd,estimated,"pasted_content_23.txt, Cedarwood Base Planning Case, user-supplied 2026-08-21",,jchappell2120,21,21,construction,yes,"Estimated/user-supplied historical planning scenario. No figure is an actual result, commitment, or funded-capital record. | Calculated monthly planning series from scenario drivers; not actual project performance."
1,Cedarwood Flats,Multifamily Residential Development,Historical Planning — Cedarwood Baseline,custom,operations,SCH-OPEX-21,monthly_operating_expense,monthly operating expense — month 21,0,usd,estimated,"pasted_content_23.txt, Cedarwood Base Planning Case, user-supplied 2026-08-21",,jchappell2120,21,21,construction,yes,"Estimated/user-supplied historical planning scenario. No figure is an actual result, commitment, or funded-capital record. | Calculated monthly planning series from scenario drivers; not actual project performance."
1,Cedarwood Flats,Multifamily Residential Development,Historical Planning — Cedarwood Baseline,custom,financing,SCH-DRAW-21,monthly_debt_draw,monthly debt draw — month 21,1600000,usd,estimated,"pasted_content_23.txt, Cedarwood Base Planning Case, user-supplied 2026-08-21",,jchappell2120,21,21,construction,yes,"Estimated/user-supplied historical planning scenario. No figure is an actual result, commitment, or funded-capital record. | Calculated monthly planning series from scenario drivers; not actual project performance."
1,Cedarwood Flats,Multifamily Residential Development,Historical Planning — Cedarwood Baseline,custom,financing,SCH-INT-21,monthly_interest,monthly interest — month 21,323125,usd,estimated,"pasted_content_23.txt, Cedarwood Base Planning Case, user-supplied 2026-08-21",,jchappell2120,21,21,construction,yes,"Estimated/user-supplied historical planning scenario. No figure is an actual result, commitment, or funded-capital record. | Calculated monthly planning series from scenario drivers; not actual project performance."
1,Cedarwood Flats,Multifamily Residential Development,Historical Planning — Cedarwood Baseline,custom,cash_flow,SCH-CF-21,monthly_levered_cash_flow,monthly levered cash flow — month 21,-1923125,usd,estimated,"pasted_content_23.txt, Cedarwood Base Planning Case, user-supplied 2026-08-21",,jchappell2120,21,21,construction,yes,"Estimated/user-supplied historical planning scenario. No figure is an actual result, commitment, or funded-capital record. | Calculated monthly planning series from scenario drivers; not actual project performance."
1,Cedarwood Flats,Multifamily Residential Development,Historical Planning — Cedarwood Baseline,custom,capital_deployment,SCH-COST-22,monthly_development_spend,monthly development spend — month 22,800000,usd,estimated,"pasted_content_23.txt, Cedarwood Base Planning Case, user-supplied 2026-08-21",,jchappell2120,22,22,construction,yes,"Estimated/user-supplied historical planning scenario. No figure is an actual result, commitment, or funded-capital record. | Calculated monthly planning series from scenario drivers; not actual project performance."
1,Cedarwood Flats,Multifamily Residential Development,Historical Planning — Cedarwood Baseline,custom,schedule,SCH-CUM-22,cumulative_deployment_bps,cumulative deployment bps — month 22,9600,percentage_bps,estimated,"pasted_content_23.txt, Cedarwood Base Planning Case, user-supplied 2026-08-21",,jchappell2120,22,22,construction,yes,"Estimated/user-supplied historical planning scenario. No figure is an actual result, commitment, or funded-capital record. | Calculated monthly planning series from scenario drivers; not actual project performance."
1,Cedarwood Flats,Multifamily Residential Development,Historical Planning — Cedarwood Baseline,custom,schedule,SCH-OCC-22,occupancy_bps,occupancy bps — month 22,0,percentage_bps,estimated,"pasted_content_23.txt, Cedarwood Base Planning Case, user-supplied 2026-08-21",,jchappell2120,22,22,construction,yes,"Estimated/user-supplied historical planning scenario. No figure is an actual result, commitment, or funded-capital record. | Calculated monthly planning series from scenario drivers; not actual project performance."
1,Cedarwood Flats,Multifamily Residential Development,Historical Planning — Cedarwood Baseline,custom,revenue,SCH-REV-22,monthly_effective_revenue,monthly effective revenue — month 22,0,usd,estimated,"pasted_content_23.txt, Cedarwood Base Planning Case, user-supplied 2026-08-21",,jchappell2120,22,22,construction,yes,"Estimated/user-supplied historical planning scenario. No figure is an actual result, commitment, or funded-capital record. | Calculated monthly planning series from scenario drivers; not actual project performance."
1,Cedarwood Flats,Multifamily Residential Development,Historical Planning — Cedarwood Baseline,custom,operations,SCH-OPEX-22,monthly_operating_expense,monthly operating expense — month 22,0,usd,estimated,"pasted_content_23.txt, Cedarwood Base Planning Case, user-supplied 2026-08-21",,jchappell2120,22,22,construction,yes,"Estimated/user-supplied historical planning scenario. No figure is an actual result, commitment, or funded-capital record. | Calculated monthly planning series from scenario drivers; not actual project performance."
1,Cedarwood Flats,Multifamily Residential Development,Historical Planning — Cedarwood Baseline,custom,financing,SCH-DRAW-22,monthly_debt_draw,monthly debt draw — month 22,800000,usd,estimated,"pasted_content_23.txt, Cedarwood Base Planning Case, user-supplied 2026-08-21",,jchappell2120,22,22,construction,yes,"Estimated/user-supplied historical planning scenario. No figure is an actual result, commitment, or funded-capital record. | Calculated monthly planning series from scenario drivers; not actual project performance."
1,Cedarwood Flats,Multifamily Residential Development,Historical Planning — Cedarwood Baseline,custom,financing,SCH-INT-22,monthly_interest,monthly interest — month 22,330000,usd,estimated,"pasted_content_23.txt, Cedarwood Base Planning Case, user-supplied 2026-08-21",,jchappell2120,22,22,construction,yes,"Estimated/user-supplied historical planning scenario. No figure is an actual result, commitment, or funded-capital record. | Calculated monthly planning series from scenario drivers; not actual project performance."
1,Cedarwood Flats,Multifamily Residential Development,Historical Planning — Cedarwood Baseline,custom,cash_flow,SCH-CF-22,monthly_levered_cash_flow,monthly levered cash flow — month 22,-1130000,usd,estimated,"pasted_content_23.txt, Cedarwood Base Planning Case, user-supplied 2026-08-21",,jchappell2120,22,22,construction,yes,"Estimated/user-supplied historical planning scenario. No figure is an actual result, commitment, or funded-capital record. | Calculated monthly planning series from scenario drivers; not actual project performance."
1,Cedarwood Flats,Multifamily Residential Development,Historical Planning — Cedarwood Baseline,custom,capital_deployment,SCH-COST-23,monthly_development_spend,monthly development spend — month 23,800000,usd,estimated,"pasted_content_23.txt, Cedarwood Base Planning Case, user-supplied 2026-08-21",,jchappell2120,23,23,construction,yes,"Estimated/user-supplied historical planning scenario. No figure is an actual result, commitment, or funded-capital record. | Calculated monthly planning series from scenario drivers; not actual project performance."
1,Cedarwood Flats,Multifamily Residential Development,Historical Planning — Cedarwood Baseline,custom,schedule,SCH-CUM-23,cumulative_deployment_bps,cumulative deployment bps — month 23,9800,percentage_bps,estimated,"pasted_content_23.txt, Cedarwood Base Planning Case, user-supplied 2026-08-21",,jchappell2120,23,23,construction,yes,"Estimated/user-supplied historical planning scenario. No figure is an actual result, commitment, or funded-capital record. | Calculated monthly planning series from scenario drivers; not actual project performance."
1,Cedarwood Flats,Multifamily Residential Development,Historical Planning — Cedarwood Baseline,custom,schedule,SCH-OCC-23,occupancy_bps,occupancy bps — month 23,0,percentage_bps,estimated,"pasted_content_23.txt, Cedarwood Base Planning Case, user-supplied 2026-08-21",,jchappell2120,23,23,construction,yes,"Estimated/user-supplied historical planning scenario. No figure is an actual result, commitment, or funded-capital record. | Calculated monthly planning series from scenario drivers; not actual project performance."
1,Cedarwood Flats,Multifamily Residential Development,Historical Planning — Cedarwood Baseline,custom,revenue,SCH-REV-23,monthly_effective_revenue,monthly effective revenue — month 23,0,usd,estimated,"pasted_content_23.txt, Cedarwood Base Planning Case, user-supplied 2026-08-21",,jchappell2120,23,23,construction,yes,"Estimated/user-supplied historical planning scenario. No figure is an actual result, commitment, or funded-capital record. | Calculated monthly planning series from scenario drivers; not actual project performance."
1,Cedarwood Flats,Multifamily Residential Development,Historical Planning — Cedarwood Baseline,custom,operations,SCH-OPEX-23,monthly_operating_expense,monthly operating expense — month 23,0,usd,estimated,"pasted_content_23.txt, Cedarwood Base Planning Case, user-supplied 2026-08-21",,jchappell2120,23,23,construction,yes,"Estimated/user-supplied historical planning scenario. No figure is an actual result, commitment, or funded-capital record. | Calculated monthly planning series from scenario drivers; not actual project performance."
1,Cedarwood Flats,Multifamily Residential Development,Historical Planning — Cedarwood Baseline,custom,financing,SCH-DRAW-23,monthly_debt_draw,monthly debt draw — month 23,800000,usd,estimated,"pasted_content_23.txt, Cedarwood Base Planning Case, user-supplied 2026-08-21",,jchappell2120,23,23,construction,yes,"Estimated/user-supplied historical planning scenario. No figure is an actual result, commitment, or funded-capital record. | Calculated monthly planning series from scenario drivers; not actual project performance."
1,Cedarwood Flats,Multifamily Residential Development,Historical Planning — Cedarwood Baseline,custom,financing,SCH-INT-23,monthly_interest,monthly interest — month 23,336875,usd,estimated,"pasted_content_23.txt, Cedarwood Base Planning Case, user-supplied 2026-08-21",,jchappell2120,23,23,construction,yes,"Estimated/user-supplied historical planning scenario. No figure is an actual result, commitment, or funded-capital record. | Calculated monthly planning series from scenario drivers; not actual project performance."
1,Cedarwood Flats,Multifamily Residential Development,Historical Planning — Cedarwood Baseline,custom,cash_flow,SCH-CF-23,monthly_levered_cash_flow,monthly levered cash flow — month 23,-1136875,usd,estimated,"pasted_content_23.txt, Cedarwood Base Planning Case, user-supplied 2026-08-21",,jchappell2120,23,23,construction,yes,"Estimated/user-supplied historical planning scenario. No figure is an actual result, commitment, or funded-capital record. | Calculated monthly planning series from scenario drivers; not actual project performance."
1,Cedarwood Flats,Multifamily Residential Development,Historical Planning — Cedarwood Baseline,custom,capital_deployment,SCH-COST-24,monthly_development_spend,monthly development spend — month 24,800000,usd,estimated,"pasted_content_23.txt, Cedarwood Base Planning Case, user-supplied 2026-08-21",,jchappell2120,24,24,construction,yes,"Estimated/user-supplied historical planning scenario. No figure is an actual result, commitment, or funded-capital record. | Calculated monthly planning series from scenario drivers; not actual project performance."
1,Cedarwood Flats,Multifamily Residential Development,Historical Planning — Cedarwood Baseline,custom,schedule,SCH-CUM-24,cumulative_deployment_bps,cumulative deployment bps — month 24,10000,percentage_bps,estimated,"pasted_content_23.txt, Cedarwood Base Planning Case, user-supplied 2026-08-21",,jchappell2120,24,24,construction,yes,"Estimated/user-supplied historical planning scenario. No figure is an actual result, commitment, or funded-capital record. | Calculated monthly planning series from scenario drivers; not actual project performance."
1,Cedarwood Flats,Multifamily Residential Development,Historical Planning — Cedarwood Baseline,custom,schedule,SCH-OCC-24,occupancy_bps,occupancy bps — month 24,0,percentage_bps,estimated,"pasted_content_23.txt, Cedarwood Base Planning Case, user-supplied 2026-08-21",,jchappell2120,24,24,construction,yes,"Estimated/user-supplied historical planning scenario. No figure is an actual result, commitment, or funded-capital record. | Calculated monthly planning series from scenario drivers; not actual project performance."
1,Cedarwood Flats,Multifamily Residential Development,Historical Planning — Cedarwood Baseline,custom,revenue,SCH-REV-24,monthly_effective_revenue,monthly effective revenue — month 24,0,usd,estimated,"pasted_content_23.txt, Cedarwood Base Planning Case, user-supplied 2026-08-21",,jchappell2120,24,24,construction,yes,"Estimated/user-supplied historical planning scenario. No figure is an actual result, commitment, or funded-capital record. | Calculated monthly planning series from scenario drivers; not actual project performance."
1,Cedarwood Flats,Multifamily Residential Development,Historical Planning — Cedarwood Baseline,custom,operations,SCH-OPEX-24,monthly_operating_expense,monthly operating expense — month 24,0,usd,estimated,"pasted_content_23.txt, Cedarwood Base Planning Case, user-supplied 2026-08-21",,jchappell2120,24,24,construction,yes,"Estimated/user-supplied historical planning scenario. No figure is an actual result, commitment, or funded-capital record. | Calculated monthly planning series from scenario drivers; not actual project performance."
1,Cedarwood Flats,Multifamily Residential Development,Historical Planning — Cedarwood Baseline,custom,financing,SCH-DRAW-24,monthly_debt_draw,monthly debt draw — month 24,800000,usd,estimated,"pasted_content_23.txt, Cedarwood Base Planning Case, user-supplied 2026-08-21",,jchappell2120,24,24,construction,yes,"Estimated/user-supplied historical planning scenario. No figure is an actual result, commitment, or funded-capital record. | Calculated monthly planning series from scenario drivers; not actual project performance."
1,Cedarwood Flats,Multifamily Residential Development,Historical Planning — Cedarwood Baseline,custom,financing,SCH-INT-24,monthly_interest,monthly interest — month 24,343750,usd,estimated,"pasted_content_23.txt, Cedarwood Base Planning Case, user-supplied 2026-08-21",,jchappell2120,24,24,construction,yes,"Estimated/user-supplied historical planning scenario. No figure is an actual result, commitment, or funded-capital record. | Calculated monthly planning series from scenario drivers; not actual project performance."
1,Cedarwood Flats,Multifamily Residential Development,Historical Planning — Cedarwood Baseline,custom,cash_flow,SCH-CF-24,monthly_levered_cash_flow,monthly levered cash flow — month 24,-1143750,usd,estimated,"pasted_content_23.txt, Cedarwood Base Planning Case, user-supplied 2026-08-21",,jchappell2120,24,24,construction,yes,"Estimated/user-supplied historical planning scenario. No figure is an actual result, commitment, or funded-capital record. | Calculated monthly planning series from scenario drivers; not actual project performance."
1,Cedarwood Flats,Multifamily Residential Development,Historical Planning — Cedarwood Baseline,custom,capital_deployment,SCH-COST-25,monthly_development_spend,monthly development spend — month 25,0,usd,estimated,"pasted_content_23.txt, Cedarwood Base Planning Case, user-supplied 2026-08-21",,jchappell2120,25,25,lease_up_stabilization,yes,"Estimated/user-supplied historical planning scenario. No figure is an actual result, commitment, or funded-capital record. | Calculated monthly planning series from scenario drivers; not actual project performance."
1,Cedarwood Flats,Multifamily Residential Development,Historical Planning — Cedarwood Baseline,custom,schedule,SCH-CUM-25,cumulative_deployment_bps,cumulative deployment bps — month 25,10000,percentage_bps,estimated,"pasted_content_23.txt, Cedarwood Base Planning Case, user-supplied 2026-08-21",,jchappell2120,25,25,lease_up_stabilization,yes,"Estimated/user-supplied historical planning scenario. No figure is an actual result, commitment, or funded-capital record. | Calculated monthly planning series from scenario drivers; not actual project performance."
1,Cedarwood Flats,Multifamily Residential Development,Historical Planning — Cedarwood Baseline,custom,schedule,SCH-OCC-25,occupancy_bps,occupancy bps — month 25,2000,percentage_bps,estimated,"pasted_content_23.txt, Cedarwood Base Planning Case, user-supplied 2026-08-21",,jchappell2120,25,25,lease_up_stabilization,yes,"Estimated/user-supplied historical planning scenario. No figure is an actual result, commitment, or funded-capital record. | Calculated monthly planning series from scenario drivers; not actual project performance."
1,Cedarwood Flats,Multifamily Residential Development,Historical Planning — Cedarwood Baseline,custom,revenue,SCH-REV-25,monthly_effective_revenue,monthly effective revenue — month 25,122640,usd,estimated,"pasted_content_23.txt, Cedarwood Base Planning Case, user-supplied 2026-08-21",,jchappell2120,25,25,lease_up_stabilization,yes,"Estimated/user-supplied historical planning scenario. No figure is an actual result, commitment, or funded-capital record. | Calculated monthly planning series from scenario drivers; not actual project performance."
1,Cedarwood Flats,Multifamily Residential Development,Historical Planning — Cedarwood Baseline,custom,operations,SCH-OPEX-25,monthly_operating_expense,monthly operating expense — month 25,39282,usd,estimated,"pasted_content_23.txt, Cedarwood Base Planning Case, user-supplied 2026-08-21",,jchappell2120,25,25,lease_up_stabilization,yes,"Estimated/user-supplied historical planning scenario. No figure is an actual result, commitment, or funded-capital record. | Calculated monthly planning series from scenario drivers; not actual project performance."
1,Cedarwood Flats,Multifamily Residential Development,Historical Planning — Cedarwood Baseline,custom,financing,SCH-DRAW-25,monthly_debt_draw,monthly debt draw — month 25,0,usd,estimated,"pasted_content_23.txt, Cedarwood Base Planning Case, user-supplied 2026-08-21",,jchappell2120,25,25,lease_up_stabilization,yes,"Estimated/user-supplied historical planning scenario. No figure is an actual result, commitment, or funded-capital record. | Calculated monthly planning series from scenario drivers; not actual project performance."
1,Cedarwood Flats,Multifamily Residential Development,Historical Planning — Cedarwood Baseline,custom,financing,SCH-INT-25,monthly_interest,monthly interest — month 25,343750,usd,estimated,"pasted_content_23.txt, Cedarwood Base Planning Case, user-supplied 2026-08-21",,jchappell2120,25,25,lease_up_stabilization,yes,"Estimated/user-supplied historical planning scenario. No figure is an actual result, commitment, or funded-capital record. | Calculated monthly planning series from scenario drivers; not actual project performance."
1,Cedarwood Flats,Multifamily Residential Development,Historical Planning — Cedarwood Baseline,custom,cash_flow,SCH-CF-25,monthly_levered_cash_flow,monthly levered cash flow — month 25,-260392,usd,estimated,"pasted_content_23.txt, Cedarwood Base Planning Case, user-supplied 2026-08-21",,jchappell2120,25,25,lease_up_stabilization,yes,"Estimated/user-supplied historical planning scenario. No figure is an actual result, commitment, or funded-capital record. | Calculated monthly planning series from scenario drivers; not actual project performance."
1,Cedarwood Flats,Multifamily Residential Development,Historical Planning — Cedarwood Baseline,custom,capital_deployment,SCH-COST-26,monthly_development_spend,monthly development spend — month 26,0,usd,estimated,"pasted_content_23.txt, Cedarwood Base Planning Case, user-supplied 2026-08-21",,jchappell2120,26,26,lease_up_stabilization,yes,"Estimated/user-supplied historical planning scenario. No figure is an actual result, commitment, or funded-capital record. | Calculated monthly planning series from scenario drivers; not actual project performance."
1,Cedarwood Flats,Multifamily Residential Development,Historical Planning — Cedarwood Baseline,custom,schedule,SCH-CUM-26,cumulative_deployment_bps,cumulative deployment bps — month 26,10000,percentage_bps,estimated,"pasted_content_23.txt, Cedarwood Base Planning Case, user-supplied 2026-08-21",,jchappell2120,26,26,lease_up_stabilization,yes,"Estimated/user-supplied historical planning scenario. No figure is an actual result, commitment, or funded-capital record. | Calculated monthly planning series from scenario drivers; not actual project performance."
1,Cedarwood Flats,Multifamily Residential Development,Historical Planning — Cedarwood Baseline,custom,schedule,SCH-OCC-26,occupancy_bps,occupancy bps — month 26,3500,percentage_bps,estimated,"pasted_content_23.txt, Cedarwood Base Planning Case, user-supplied 2026-08-21",,jchappell2120,26,26,lease_up_stabilization,yes,"Estimated/user-supplied historical planning scenario. No figure is an actual result, commitment, or funded-capital record. | Calculated monthly planning series from scenario drivers; not actual project performance."
1,Cedarwood Flats,Multifamily Residential Development,Historical Planning — Cedarwood Baseline,custom,revenue,SCH-REV-26,monthly_effective_revenue,monthly effective revenue — month 26,214620,usd,estimated,"pasted_content_23.txt, Cedarwood Base Planning Case, user-supplied 2026-08-21",,jchappell2120,26,26,lease_up_stabilization,yes,"Estimated/user-supplied historical planning scenario. No figure is an actual result, commitment, or funded-capital record. | Calculated monthly planning series from scenario drivers; not actual project performance."
1,Cedarwood Flats,Multifamily Residential Development,Historical Planning — Cedarwood Baseline,custom,operations,SCH-OPEX-26,monthly_operating_expense,monthly operating expense — month 26,68743,usd,estimated,"pasted_content_23.txt, Cedarwood Base Planning Case, user-supplied 2026-08-21",,jchappell2120,26,26,lease_up_stabilization,yes,"Estimated/user-supplied historical planning scenario. No figure is an actual result, commitment, or funded-capital record. | Calculated monthly planning series from scenario drivers; not actual project performance."
1,Cedarwood Flats,Multifamily Residential Development,Historical Planning — Cedarwood Baseline,custom,financing,SCH-DRAW-26,monthly_debt_draw,monthly debt draw — month 26,0,usd,estimated,"pasted_content_23.txt, Cedarwood Base Planning Case, user-supplied 2026-08-21",,jchappell2120,26,26,lease_up_stabilization,yes,"Estimated/user-supplied historical planning scenario. No figure is an actual result, commitment, or funded-capital record. | Calculated monthly planning series from scenario drivers; not actual project performance."
1,Cedarwood Flats,Multifamily Residential Development,Historical Planning — Cedarwood Baseline,custom,financing,SCH-INT-26,monthly_interest,monthly interest — month 26,343750,usd,estimated,"pasted_content_23.txt, Cedarwood Base Planning Case, user-supplied 2026-08-21",,jchappell2120,26,26,lease_up_stabilization,yes,"Estimated/user-supplied historical planning scenario. No figure is an actual result, commitment, or funded-capital record. | Calculated monthly planning series from scenario drivers; not actual project performance."
1,Cedarwood Flats,Multifamily Residential Development,Historical Planning — Cedarwood Baseline,custom,cash_flow,SCH-CF-26,monthly_levered_cash_flow,monthly levered cash flow — month 26,-197873,usd,estimated,"pasted_content_23.txt, Cedarwood Base Planning Case, user-supplied 2026-08-21",,jchappell2120,26,26,lease_up_stabilization,yes,"Estimated/user-supplied historical planning scenario. No figure is an actual result, commitment, or funded-capital record. | Calculated monthly planning series from scenario drivers; not actual project performance."
1,Cedarwood Flats,Multifamily Residential Development,Historical Planning — Cedarwood Baseline,custom,capital_deployment,SCH-COST-27,monthly_development_spend,monthly development spend — month 27,0,usd,estimated,"pasted_content_23.txt, Cedarwood Base Planning Case, user-supplied 2026-08-21",,jchappell2120,27,27,lease_up_stabilization,yes,"Estimated/user-supplied historical planning scenario. No figure is an actual result, commitment, or funded-capital record. | Calculated monthly planning series from scenario drivers; not actual project performance."
1,Cedarwood Flats,Multifamily Residential Development,Historical Planning — Cedarwood Baseline,custom,schedule,SCH-CUM-27,cumulative_deployment_bps,cumulative deployment bps — month 27,10000,percentage_bps,estimated,"pasted_content_23.txt, Cedarwood Base Planning Case, user-supplied 2026-08-21",,jchappell2120,27,27,lease_up_stabilization,yes,"Estimated/user-supplied historical planning scenario. No figure is an actual result, commitment, or funded-capital record. | Calculated monthly planning series from scenario drivers; not actual project performance."
1,Cedarwood Flats,Multifamily Residential Development,Historical Planning — Cedarwood Baseline,custom,schedule,SCH-OCC-27,occupancy_bps,occupancy bps — month 27,5000,percentage_bps,estimated,"pasted_content_23.txt, Cedarwood Base Planning Case, user-supplied 2026-08-21",,jchappell2120,27,27,lease_up_stabilization,yes,"Estimated/user-supplied historical planning scenario. No figure is an actual result, commitment, or funded-capital record. | Calculated monthly planning series from scenario drivers; not actual project performance."
1,Cedarwood Flats,Multifamily Residential Development,Historical Planning — Cedarwood Baseline,custom,revenue,SCH-REV-27,monthly_effective_revenue,monthly effective revenue — month 27,306600,usd,estimated,"pasted_content_23.txt, Cedarwood Base Planning Case, user-supplied 2026-08-21",,jchappell2120,27,27,lease_up_stabilization,yes,"Estimated/user-supplied historical planning scenario. No figure is an actual result, commitment, or funded-capital record. | Calculated monthly planning series from scenario drivers; not actual project performance."
1,Cedarwood Flats,Multifamily Residential Development,Historical Planning — Cedarwood Baseline,custom,operations,SCH-OPEX-27,monthly_operating_expense,monthly operating expense — month 27,98204,usd,estimated,"pasted_content_23.txt, Cedarwood Base Planning Case, user-supplied 2026-08-21",,jchappell2120,27,27,lease_up_stabilization,yes,"Estimated/user-supplied historical planning scenario. No figure is an actual result, commitment, or funded-capital record. | Calculated monthly planning series from scenario drivers; not actual project performance."
1,Cedarwood Flats,Multifamily Residential Development,Historical Planning — Cedarwood Baseline,custom,financing,SCH-DRAW-27,monthly_debt_draw,monthly debt draw — month 27,0,usd,estimated,"pasted_content_23.txt, Cedarwood Base Planning Case, user-supplied 2026-08-21",,jchappell2120,27,27,lease_up_stabilization,yes,"Estimated/user-supplied historical planning scenario. No figure is an actual result, commitment, or funded-capital record. | Calculated monthly planning series from scenario drivers; not actual project performance."
1,Cedarwood Flats,Multifamily Residential Development,Historical Planning — Cedarwood Baseline,custom,financing,SCH-INT-27,monthly_interest,monthly interest — month 27,343750,usd,estimated,"pasted_content_23.txt, Cedarwood Base Planning Case, user-supplied 2026-08-21",,jchappell2120,27,27,lease_up_stabilization,yes,"Estimated/user-supplied historical planning scenario. No figure is an actual result, commitment, or funded-capital record. | Calculated monthly planning series from scenario drivers; not actual project performance."
1,Cedarwood Flats,Multifamily Residential Development,Historical Planning — Cedarwood Baseline,custom,cash_flow,SCH-CF-27,monthly_levered_cash_flow,monthly levered cash flow — month 27,-135354,usd,estimated,"pasted_content_23.txt, Cedarwood Base Planning Case, user-supplied 2026-08-21",,jchappell2120,27,27,lease_up_stabilization,yes,"Estimated/user-supplied historical planning scenario. No figure is an actual result, commitment, or funded-capital record. | Calculated monthly planning series from scenario drivers; not actual project performance."
1,Cedarwood Flats,Multifamily Residential Development,Historical Planning — Cedarwood Baseline,custom,capital_deployment,SCH-COST-28,monthly_development_spend,monthly development spend — month 28,0,usd,estimated,"pasted_content_23.txt, Cedarwood Base Planning Case, user-supplied 2026-08-21",,jchappell2120,28,28,lease_up_stabilization,yes,"Estimated/user-supplied historical planning scenario. No figure is an actual result, commitment, or funded-capital record. | Calculated monthly planning series from scenario drivers; not actual project performance."
1,Cedarwood Flats,Multifamily Residential Development,Historical Planning — Cedarwood Baseline,custom,schedule,SCH-CUM-28,cumulative_deployment_bps,cumulative deployment bps — month 28,10000,percentage_bps,estimated,"pasted_content_23.txt, Cedarwood Base Planning Case, user-supplied 2026-08-21",,jchappell2120,28,28,lease_up_stabilization,yes,"Estimated/user-supplied historical planning scenario. No figure is an actual result, commitment, or funded-capital record. | Calculated monthly planning series from scenario drivers; not actual project performance."
1,Cedarwood Flats,Multifamily Residential Development,Historical Planning — Cedarwood Baseline,custom,schedule,SCH-OCC-28,occupancy_bps,occupancy bps — month 28,6200,percentage_bps,estimated,"pasted_content_23.txt, Cedarwood Base Planning Case, user-supplied 2026-08-21",,jchappell2120,28,28,lease_up_stabilization,yes,"Estimated/user-supplied historical planning scenario. No figure is an actual result, commitment, or funded-capital record. | Calculated monthly planning series from scenario drivers; not actual project performance."
1,Cedarwood Flats,Multifamily Residential Development,Historical Planning — Cedarwood Baseline,custom,revenue,SCH-REV-28,monthly_effective_revenue,monthly effective revenue — month 28,380184,usd,estimated,"pasted_content_23.txt, Cedarwood Base Planning Case, user-supplied 2026-08-21",,jchappell2120,28,28,lease_up_stabilization,yes,"Estimated/user-supplied historical planning scenario. No figure is an actual result, commitment, or funded-capital record. | Calculated monthly planning series from scenario drivers; not actual project performance."
1,Cedarwood Flats,Multifamily Residential Development,Historical Planning — Cedarwood Baseline,custom,operations,SCH-OPEX-28,monthly_operating_expense,monthly operating expense — month 28,121773,usd,estimated,"pasted_content_23.txt, Cedarwood Base Planning Case, user-supplied 2026-08-21",,jchappell2120,28,28,lease_up_stabilization,yes,"Estimated/user-supplied historical planning scenario. No figure is an actual result, commitment, or funded-capital record. | Calculated monthly planning series from scenario drivers; not actual project performance."
1,Cedarwood Flats,Multifamily Residential Development,Historical Planning — Cedarwood Baseline,custom,financing,SCH-DRAW-28,monthly_debt_draw,monthly debt draw — month 28,0,usd,estimated,"pasted_content_23.txt, Cedarwood Base Planning Case, user-supplied 2026-08-21",,jchappell2120,28,28,lease_up_stabilization,yes,"Estimated/user-supplied historical planning scenario. No figure is an actual result, commitment, or funded-capital record. | Calculated monthly planning series from scenario drivers; not actual project performance."
1,Cedarwood Flats,Multifamily Residential Development,Historical Planning — Cedarwood Baseline,custom,financing,SCH-INT-28,monthly_interest,monthly interest — month 28,343750,usd,estimated,"pasted_content_23.txt, Cedarwood Base Planning Case, user-supplied 2026-08-21",,jchappell2120,28,28,lease_up_stabilization,yes,"Estimated/user-supplied historical planning scenario. No figure is an actual result, commitment, or funded-capital record. | Calculated monthly planning series from scenario drivers; not actual project performance."
1,Cedarwood Flats,Multifamily Residential Development,Historical Planning — Cedarwood Baseline,custom,cash_flow,SCH-CF-28,monthly_levered_cash_flow,monthly levered cash flow — month 28,-85339,usd,estimated,"pasted_content_23.txt, Cedarwood Base Planning Case, user-supplied 2026-08-21",,jchappell2120,28,28,lease_up_stabilization,yes,"Estimated/user-supplied historical planning scenario. No figure is an actual result, commitment, or funded-capital record. | Calculated monthly planning series from scenario drivers; not actual project performance."
1,Cedarwood Flats,Multifamily Residential Development,Historical Planning — Cedarwood Baseline,custom,capital_deployment,SCH-COST-29,monthly_development_spend,monthly development spend — month 29,0,usd,estimated,"pasted_content_23.txt, Cedarwood Base Planning Case, user-supplied 2026-08-21",,jchappell2120,29,29,lease_up_stabilization,yes,"Estimated/user-supplied historical planning scenario. No figure is an actual result, commitment, or funded-capital record. | Calculated monthly planning series from scenario drivers; not actual project performance."
1,Cedarwood Flats,Multifamily Residential Development,Historical Planning — Cedarwood Baseline,custom,schedule,SCH-CUM-29,cumulative_deployment_bps,cumulative deployment bps — month 29,10000,percentage_bps,estimated,"pasted_content_23.txt, Cedarwood Base Planning Case, user-supplied 2026-08-21",,jchappell2120,29,29,lease_up_stabilization,yes,"Estimated/user-supplied historical planning scenario. No figure is an actual result, commitment, or funded-capital record. | Calculated monthly planning series from scenario drivers; not actual project performance."
1,Cedarwood Flats,Multifamily Residential Development,Historical Planning — Cedarwood Baseline,custom,schedule,SCH-OCC-29,occupancy_bps,occupancy bps — month 29,7200,percentage_bps,estimated,"pasted_content_23.txt, Cedarwood Base Planning Case, user-supplied 2026-08-21",,jchappell2120,29,29,lease_up_stabilization,yes,"Estimated/user-supplied historical planning scenario. No figure is an actual result, commitment, or funded-capital record. | Calculated monthly planning series from scenario drivers; not actual project performance."
1,Cedarwood Flats,Multifamily Residential Development,Historical Planning — Cedarwood Baseline,custom,revenue,SCH-REV-29,monthly_effective_revenue,monthly effective revenue — month 29,441504,usd,estimated,"pasted_content_23.txt, Cedarwood Base Planning Case, user-supplied 2026-08-21",,jchappell2120,29,29,lease_up_stabilization,yes,"Estimated/user-supplied historical planning scenario. No figure is an actual result, commitment, or funded-capital record. | Calculated monthly planning series from scenario drivers; not actual project performance."
1,Cedarwood Flats,Multifamily Residential Development,Historical Planning — Cedarwood Baseline,custom,operations,SCH-OPEX-29,monthly_operating_expense,monthly operating expense — month 29,141414,usd,estimated,"pasted_content_23.txt, Cedarwood Base Planning Case, user-supplied 2026-08-21",,jchappell2120,29,29,lease_up_stabilization,yes,"Estimated/user-supplied historical planning scenario. No figure is an actual result, commitment, or funded-capital record. | Calculated monthly planning series from scenario drivers; not actual project performance."
1,Cedarwood Flats,Multifamily Residential Development,Historical Planning — Cedarwood Baseline,custom,financing,SCH-DRAW-29,monthly_debt_draw,monthly debt draw — month 29,0,usd,estimated,"pasted_content_23.txt, Cedarwood Base Planning Case, user-supplied 2026-08-21",,jchappell2120,29,29,lease_up_stabilization,yes,"Estimated/user-supplied historical planning scenario. No figure is an actual result, commitment, or funded-capital record. | Calculated monthly planning series from scenario drivers; not actual project performance."
1,Cedarwood Flats,Multifamily Residential Development,Historical Planning — Cedarwood Baseline,custom,financing,SCH-INT-29,monthly_interest,monthly interest — month 29,343750,usd,estimated,"pasted_content_23.txt, Cedarwood Base Planning Case, user-supplied 2026-08-21",,jchappell2120,29,29,lease_up_stabilization,yes,"Estimated/user-supplied historical planning scenario. No figure is an actual result, commitment, or funded-capital record. | Calculated monthly planning series from scenario drivers; not actual project performance."
1,Cedarwood Flats,Multifamily Residential Development,Historical Planning — Cedarwood Baseline,custom,cash_flow,SCH-CF-29,monthly_levered_cash_flow,monthly levered cash flow — month 29,-43660,usd,estimated,"pasted_content_23.txt, Cedarwood Base Planning Case, user-supplied 2026-08-21",,jchappell2120,29,29,lease_up_stabilization,yes,"Estimated/user-supplied historical planning scenario. No figure is an actual result, commitment, or funded-capital record. | Calculated monthly planning series from scenario drivers; not actual project performance."
1,Cedarwood Flats,Multifamily Residential Development,Historical Planning — Cedarwood Baseline,custom,capital_deployment,SCH-COST-30,monthly_development_spend,monthly development spend — month 30,0,usd,estimated,"pasted_content_23.txt, Cedarwood Base Planning Case, user-supplied 2026-08-21",,jchappell2120,30,30,lease_up_stabilization,yes,"Estimated/user-supplied historical planning scenario. No figure is an actual result, commitment, or funded-capital record. | Calculated monthly planning series from scenario drivers; not actual project performance."
1,Cedarwood Flats,Multifamily Residential Development,Historical Planning — Cedarwood Baseline,custom,schedule,SCH-CUM-30,cumulative_deployment_bps,cumulative deployment bps — month 30,10000,percentage_bps,estimated,"pasted_content_23.txt, Cedarwood Base Planning Case, user-supplied 2026-08-21",,jchappell2120,30,30,lease_up_stabilization,yes,"Estimated/user-supplied historical planning scenario. No figure is an actual result, commitment, or funded-capital record. | Calculated monthly planning series from scenario drivers; not actual project performance."
1,Cedarwood Flats,Multifamily Residential Development,Historical Planning — Cedarwood Baseline,custom,schedule,SCH-OCC-30,occupancy_bps,occupancy bps — month 30,8000,percentage_bps,estimated,"pasted_content_23.txt, Cedarwood Base Planning Case, user-supplied 2026-08-21",,jchappell2120,30,30,lease_up_stabilization,yes,"Estimated/user-supplied historical planning scenario. No figure is an actual result, commitment, or funded-capital record. | Calculated monthly planning series from scenario drivers; not actual project performance."
1,Cedarwood Flats,Multifamily Residential Development,Historical Planning — Cedarwood Baseline,custom,revenue,SCH-REV-30,monthly_effective_revenue,monthly effective revenue — month 30,490560,usd,estimated,"pasted_content_23.txt, Cedarwood Base Planning Case, user-supplied 2026-08-21",,jchappell2120,30,30,lease_up_stabilization,yes,"Estimated/user-supplied historical planning scenario. No figure is an actual result, commitment, or funded-capital record. | Calculated monthly planning series from scenario drivers; not actual project performance."
1,Cedarwood Flats,Multifamily Residential Development,Historical Planning — Cedarwood Baseline,custom,operations,SCH-OPEX-30,monthly_operating_expense,monthly operating expense — month 30,157126,usd,estimated,"pasted_content_23.txt, Cedarwood Base Planning Case, user-supplied 2026-08-21",,jchappell2120,30,30,lease_up_stabilization,yes,"Estimated/user-supplied historical planning scenario. No figure is an actual result, commitment, or funded-capital record. | Calculated monthly planning series from scenario drivers; not actual project performance."
1,Cedarwood Flats,Multifamily Residential Development,Historical Planning — Cedarwood Baseline,custom,financing,SCH-DRAW-30,monthly_debt_draw,monthly debt draw — month 30,0,usd,estimated,"pasted_content_23.txt, Cedarwood Base Planning Case, user-supplied 2026-08-21",,jchappell2120,30,30,lease_up_stabilization,yes,"Estimated/user-supplied historical planning scenario. No figure is an actual result, commitment, or funded-capital record. | Calculated monthly planning series from scenario drivers; not actual project performance."
1,Cedarwood Flats,Multifamily Residential Development,Historical Planning — Cedarwood Baseline,custom,financing,SCH-INT-30,monthly_interest,monthly interest — month 30,343750,usd,estimated,"pasted_content_23.txt, Cedarwood Base Planning Case, user-supplied 2026-08-21",,jchappell2120,30,30,lease_up_stabilization,yes,"Estimated/user-supplied historical planning scenario. No figure is an actual result, commitment, or funded-capital record. | Calculated monthly planning series from scenario drivers; not actual project performance."
1,Cedarwood Flats,Multifamily Residential Development,Historical Planning — Cedarwood Baseline,custom,cash_flow,SCH-CF-30,monthly_levered_cash_flow,monthly levered cash flow — month 30,-10316,usd,estimated,"pasted_content_23.txt, Cedarwood Base Planning Case, user-supplied 2026-08-21",,jchappell2120,30,30,lease_up_stabilization,yes,"Estimated/user-supplied historical planning scenario. No figure is an actual result, commitment, or funded-capital record. | Calculated monthly planning series from scenario drivers; not actual project performance."
1,Cedarwood Flats,Multifamily Residential Development,Historical Planning — Cedarwood Baseline,custom,capital_deployment,SCH-COST-31,monthly_development_spend,monthly development spend — month 31,0,usd,estimated,"pasted_content_23.txt, Cedarwood Base Planning Case, user-supplied 2026-08-21",,jchappell2120,31,31,lease_up_stabilization,yes,"Estimated/user-supplied historical planning scenario. No figure is an actual result, commitment, or funded-capital record. | Calculated monthly planning series from scenario drivers; not actual project performance."
1,Cedarwood Flats,Multifamily Residential Development,Historical Planning — Cedarwood Baseline,custom,schedule,SCH-CUM-31,cumulative_deployment_bps,cumulative deployment bps — month 31,10000,percentage_bps,estimated,"pasted_content_23.txt, Cedarwood Base Planning Case, user-supplied 2026-08-21",,jchappell2120,31,31,lease_up_stabilization,yes,"Estimated/user-supplied historical planning scenario. No figure is an actual result, commitment, or funded-capital record. | Calculated monthly planning series from scenario drivers; not actual project performance."
1,Cedarwood Flats,Multifamily Residential Development,Historical Planning — Cedarwood Baseline,custom,schedule,SCH-OCC-31,occupancy_bps,occupancy bps — month 31,8600,percentage_bps,estimated,"pasted_content_23.txt, Cedarwood Base Planning Case, user-supplied 2026-08-21",,jchappell2120,31,31,lease_up_stabilization,yes,"Estimated/user-supplied historical planning scenario. No figure is an actual result, commitment, or funded-capital record. | Calculated monthly planning series from scenario drivers; not actual project performance."
1,Cedarwood Flats,Multifamily Residential Development,Historical Planning — Cedarwood Baseline,custom,revenue,SCH-REV-31,monthly_effective_revenue,monthly effective revenue — month 31,527352,usd,estimated,"pasted_content_23.txt, Cedarwood Base Planning Case, user-supplied 2026-08-21",,jchappell2120,31,31,lease_up_stabilization,yes,"Estimated/user-supplied historical planning scenario. No figure is an actual result, commitment, or funded-capital record. | Calculated monthly planning series from scenario drivers; not actual project performance."
1,Cedarwood Flats,Multifamily Residential Development,Historical Planning — Cedarwood Baseline,custom,operations,SCH-OPEX-31,monthly_operating_expense,monthly operating expense — month 31,168911,usd,estimated,"pasted_content_23.txt, Cedarwood Base Planning Case, user-supplied 2026-08-21",,jchappell2120,31,31,lease_up_stabilization,yes,"Estimated/user-supplied historical planning scenario. No figure is an actual result, commitment, or funded-capital record. | Calculated monthly planning series from scenario drivers; not actual project performance."
1,Cedarwood Flats,Multifamily Residential Development,Historical Planning — Cedarwood Baseline,custom,financing,SCH-DRAW-31,monthly_debt_draw,monthly debt draw — month 31,0,usd,estimated,"pasted_content_23.txt, Cedarwood Base Planning Case, user-supplied 2026-08-21",,jchappell2120,31,31,lease_up_stabilization,yes,"Estimated/user-supplied historical planning scenario. No figure is an actual result, commitment, or funded-capital record. | Calculated monthly planning series from scenario drivers; not actual project performance."
1,Cedarwood Flats,Multifamily Residential Development,Historical Planning — Cedarwood Baseline,custom,financing,SCH-INT-31,monthly_interest,monthly interest — month 31,343750,usd,estimated,"pasted_content_23.txt, Cedarwood Base Planning Case, user-supplied 2026-08-21",,jchappell2120,31,31,lease_up_stabilization,yes,"Estimated/user-supplied historical planning scenario. No figure is an actual result, commitment, or funded-capital record. | Calculated monthly planning series from scenario drivers; not actual project performance."
1,Cedarwood Flats,Multifamily Residential Development,Historical Planning — Cedarwood Baseline,custom,cash_flow,SCH-CF-31,monthly_levered_cash_flow,monthly levered cash flow — month 31,14691,usd,estimated,"pasted_content_23.txt, Cedarwood Base Planning Case, user-supplied 2026-08-21",,jchappell2120,31,31,lease_up_stabilization,yes,"Estimated/user-supplied historical planning scenario. No figure is an actual result, commitment, or funded-capital record. | Calculated monthly planning series from scenario drivers; not actual project performance."
1,Cedarwood Flats,Multifamily Residential Development,Historical Planning — Cedarwood Baseline,custom,capital_deployment,SCH-COST-32,monthly_development_spend,monthly development spend — month 32,0,usd,estimated,"pasted_content_23.txt, Cedarwood Base Planning Case, user-supplied 2026-08-21",,jchappell2120,32,32,lease_up_stabilization,yes,"Estimated/user-supplied historical planning scenario. No figure is an actual result, commitment, or funded-capital record. | Calculated monthly planning series from scenario drivers; not actual project performance."
1,Cedarwood Flats,Multifamily Residential Development,Historical Planning — Cedarwood Baseline,custom,schedule,SCH-CUM-32,cumulative_deployment_bps,cumulative deployment bps — month 32,10000,percentage_bps,estimated,"pasted_content_23.txt, Cedarwood Base Planning Case, user-supplied 2026-08-21",,jchappell2120,32,32,lease_up_stabilization,yes,"Estimated/user-supplied historical planning scenario. No figure is an actual result, commitment, or funded-capital record. | Calculated monthly planning series from scenario drivers; not actual project performance."
1,Cedarwood Flats,Multifamily Residential Development,Historical Planning — Cedarwood Baseline,custom,schedule,SCH-OCC-32,occupancy_bps,occupancy bps — month 32,9000,percentage_bps,estimated,"pasted_content_23.txt, Cedarwood Base Planning Case, user-supplied 2026-08-21",,jchappell2120,32,32,lease_up_stabilization,yes,"Estimated/user-supplied historical planning scenario. No figure is an actual result, commitment, or funded-capital record. | Calculated monthly planning series from scenario drivers; not actual project performance."
1,Cedarwood Flats,Multifamily Residential Development,Historical Planning — Cedarwood Baseline,custom,revenue,SCH-REV-32,monthly_effective_revenue,monthly effective revenue — month 32,551880,usd,estimated,"pasted_content_23.txt, Cedarwood Base Planning Case, user-supplied 2026-08-21",,jchappell2120,32,32,lease_up_stabilization,yes,"Estimated/user-supplied historical planning scenario. No figure is an actual result, commitment, or funded-capital record. | Calculated monthly planning series from scenario drivers; not actual project performance."
1,Cedarwood Flats,Multifamily Residential Development,Historical Planning — Cedarwood Baseline,custom,operations,SCH-OPEX-32,monthly_operating_expense,monthly operating expense — month 32,176767,usd,estimated,"pasted_content_23.txt, Cedarwood Base Planning Case, user-supplied 2026-08-21",,jchappell2120,32,32,lease_up_stabilization,yes,"Estimated/user-supplied historical planning scenario. No figure is an actual result, commitment, or funded-capital record. | Calculated monthly planning series from scenario drivers; not actual project performance."
1,Cedarwood Flats,Multifamily Residential Development,Historical Planning — Cedarwood Baseline,custom,financing,SCH-DRAW-32,monthly_debt_draw,monthly debt draw — month 32,0,usd,estimated,"pasted_content_23.txt, Cedarwood Base Planning Case, user-supplied 2026-08-21",,jchappell2120,32,32,lease_up_stabilization,yes,"Estimated/user-supplied historical planning scenario. No figure is an actual result, commitment, or funded-capital record. | Calculated monthly planning series from scenario drivers; not actual project performance."
1,Cedarwood Flats,Multifamily Residential Development,Historical Planning — Cedarwood Baseline,custom,financing,SCH-INT-32,monthly_interest,monthly interest — month 32,343750,usd,estimated,"pasted_content_23.txt, Cedarwood Base Planning Case, user-supplied 2026-08-21",,jchappell2120,32,32,lease_up_stabilization,yes,"Estimated/user-supplied historical planning scenario. No figure is an actual result, commitment, or funded-capital record. | Calculated monthly planning series from scenario drivers; not actual project performance."
1,Cedarwood Flats,Multifamily Residential Development,Historical Planning — Cedarwood Baseline,custom,cash_flow,SCH-CF-32,monthly_levered_cash_flow,monthly levered cash flow — month 32,31363,usd,estimated,"pasted_content_23.txt, Cedarwood Base Planning Case, user-supplied 2026-08-21",,jchappell2120,32,32,lease_up_stabilization,yes,"Estimated/user-supplied historical planning scenario. No figure is an actual result, commitment, or funded-capital record. | Calculated monthly planning series from scenario drivers; not actual project performance."
1,Cedarwood Flats,Multifamily Residential Development,Historical Planning — Cedarwood Baseline,custom,capital_deployment,SCH-COST-33,monthly_development_spend,monthly development spend — month 33,0,usd,estimated,"pasted_content_23.txt, Cedarwood Base Planning Case, user-supplied 2026-08-21",,jchappell2120,33,33,lease_up_stabilization,yes,"Estimated/user-supplied historical planning scenario. No figure is an actual result, commitment, or funded-capital record. | Calculated monthly planning series from scenario drivers; not actual project performance."
1,Cedarwood Flats,Multifamily Residential Development,Historical Planning — Cedarwood Baseline,custom,schedule,SCH-CUM-33,cumulative_deployment_bps,cumulative deployment bps — month 33,10000,percentage_bps,estimated,"pasted_content_23.txt, Cedarwood Base Planning Case, user-supplied 2026-08-21",,jchappell2120,33,33,lease_up_stabilization,yes,"Estimated/user-supplied historical planning scenario. No figure is an actual result, commitment, or funded-capital record. | Calculated monthly planning series from scenario drivers; not actual project performance."
1,Cedarwood Flats,Multifamily Residential Development,Historical Planning — Cedarwood Baseline,custom,schedule,SCH-OCC-33,occupancy_bps,occupancy bps — month 33,9200,percentage_bps,estimated,"pasted_content_23.txt, Cedarwood Base Planning Case, user-supplied 2026-08-21",,jchappell2120,33,33,lease_up_stabilization,yes,"Estimated/user-supplied historical planning scenario. No figure is an actual result, commitment, or funded-capital record. | Calculated monthly planning series from scenario drivers; not actual project performance."
1,Cedarwood Flats,Multifamily Residential Development,Historical Planning — Cedarwood Baseline,custom,revenue,SCH-REV-33,monthly_effective_revenue,monthly effective revenue — month 33,564144,usd,estimated,"pasted_content_23.txt, Cedarwood Base Planning Case, user-supplied 2026-08-21",,jchappell2120,33,33,lease_up_stabilization,yes,"Estimated/user-supplied historical planning scenario. No figure is an actual result, commitment, or funded-capital record. | Calculated monthly planning series from scenario drivers; not actual project performance."
1,Cedarwood Flats,Multifamily Residential Development,Historical Planning — Cedarwood Baseline,custom,operations,SCH-OPEX-33,monthly_operating_expense,monthly operating expense — month 33,180695,usd,estimated,"pasted_content_23.txt, Cedarwood Base Planning Case, user-supplied 2026-08-21",,jchappell2120,33,33,lease_up_stabilization,yes,"Estimated/user-supplied historical planning scenario. No figure is an actual result, commitment, or funded-capital record. | Calculated monthly planning series from scenario drivers; not actual project performance."
1,Cedarwood Flats,Multifamily Residential Development,Historical Planning — Cedarwood Baseline,custom,financing,SCH-DRAW-33,monthly_debt_draw,monthly debt draw — month 33,0,usd,estimated,"pasted_content_23.txt, Cedarwood Base Planning Case, user-supplied 2026-08-21",,jchappell2120,33,33,lease_up_stabilization,yes,"Estimated/user-supplied historical planning scenario. No figure is an actual result, commitment, or funded-capital record. | Calculated monthly planning series from scenario drivers; not actual project performance."
1,Cedarwood Flats,Multifamily Residential Development,Historical Planning — Cedarwood Baseline,custom,financing,SCH-INT-33,monthly_interest,monthly interest — month 33,343750,usd,estimated,"pasted_content_23.txt, Cedarwood Base Planning Case, user-supplied 2026-08-21",,jchappell2120,33,33,lease_up_stabilization,yes,"Estimated/user-supplied historical planning scenario. No figure is an actual result, commitment, or funded-capital record. | Calculated monthly planning series from scenario drivers; not actual project performance."
1,Cedarwood Flats,Multifamily Residential Development,Historical Planning — Cedarwood Baseline,custom,cash_flow,SCH-CF-33,monthly_levered_cash_flow,monthly levered cash flow — month 33,39699,usd,estimated,"pasted_content_23.txt, Cedarwood Base Planning Case, user-supplied 2026-08-21",,jchappell2120,33,33,lease_up_stabilization,yes,"Estimated/user-supplied historical planning scenario. No figure is an actual result, commitment, or funded-capital record. | Calculated monthly planning series from scenario drivers; not actual project performance."
1,Cedarwood Flats,Multifamily Residential Development,Historical Planning — Cedarwood Baseline,custom,capital_deployment,SCH-COST-34,monthly_development_spend,monthly development spend — month 34,0,usd,estimated,"pasted_content_23.txt, Cedarwood Base Planning Case, user-supplied 2026-08-21",,jchappell2120,34,34,lease_up_stabilization,yes,"Estimated/user-supplied historical planning scenario. No figure is an actual result, commitment, or funded-capital record. | Calculated monthly planning series from scenario drivers; not actual project performance."
1,Cedarwood Flats,Multifamily Residential Development,Historical Planning — Cedarwood Baseline,custom,schedule,SCH-CUM-34,cumulative_deployment_bps,cumulative deployment bps — month 34,10000,percentage_bps,estimated,"pasted_content_23.txt, Cedarwood Base Planning Case, user-supplied 2026-08-21",,jchappell2120,34,34,lease_up_stabilization,yes,"Estimated/user-supplied historical planning scenario. No figure is an actual result, commitment, or funded-capital record. | Calculated monthly planning series from scenario drivers; not actual project performance."
1,Cedarwood Flats,Multifamily Residential Development,Historical Planning — Cedarwood Baseline,custom,schedule,SCH-OCC-34,occupancy_bps,occupancy bps — month 34,9400,percentage_bps,estimated,"pasted_content_23.txt, Cedarwood Base Planning Case, user-supplied 2026-08-21",,jchappell2120,34,34,lease_up_stabilization,yes,"Estimated/user-supplied historical planning scenario. No figure is an actual result, commitment, or funded-capital record. | Calculated monthly planning series from scenario drivers; not actual project performance."
1,Cedarwood Flats,Multifamily Residential Development,Historical Planning — Cedarwood Baseline,custom,revenue,SCH-REV-34,monthly_effective_revenue,monthly effective revenue — month 34,576408,usd,estimated,"pasted_content_23.txt, Cedarwood Base Planning Case, user-supplied 2026-08-21",,jchappell2120,34,34,lease_up_stabilization,yes,"Estimated/user-supplied historical planning scenario. No figure is an actual result, commitment, or funded-capital record. | Calculated monthly planning series from scenario drivers; not actual project performance."
1,Cedarwood Flats,Multifamily Residential Development,Historical Planning — Cedarwood Baseline,custom,operations,SCH-OPEX-34,monthly_operating_expense,monthly operating expense — month 34,184623,usd,estimated,"pasted_content_23.txt, Cedarwood Base Planning Case, user-supplied 2026-08-21",,jchappell2120,34,34,lease_up_stabilization,yes,"Estimated/user-supplied historical planning scenario. No figure is an actual result, commitment, or funded-capital record. | Calculated monthly planning series from scenario drivers; not actual project performance."
1,Cedarwood Flats,Multifamily Residential Development,Historical Planning — Cedarwood Baseline,custom,financing,SCH-DRAW-34,monthly_debt_draw,monthly debt draw — month 34,0,usd,estimated,"pasted_content_23.txt, Cedarwood Base Planning Case, user-supplied 2026-08-21",,jchappell2120,34,34,lease_up_stabilization,yes,"Estimated/user-supplied historical planning scenario. No figure is an actual result, commitment, or funded-capital record. | Calculated monthly planning series from scenario drivers; not actual project performance."
1,Cedarwood Flats,Multifamily Residential Development,Historical Planning — Cedarwood Baseline,custom,financing,SCH-INT-34,monthly_interest,monthly interest — month 34,343750,usd,estimated,"pasted_content_23.txt, Cedarwood Base Planning Case, user-supplied 2026-08-21",,jchappell2120,34,34,lease_up_stabilization,yes,"Estimated/user-supplied historical planning scenario. No figure is an actual result, commitment, or funded-capital record. | Calculated monthly planning series from scenario drivers; not actual project performance."
1,Cedarwood Flats,Multifamily Residential Development,Historical Planning — Cedarwood Baseline,custom,cash_flow,SCH-CF-34,monthly_levered_cash_flow,monthly levered cash flow — month 34,48035,usd,estimated,"pasted_content_23.txt, Cedarwood Base Planning Case, user-supplied 2026-08-21",,jchappell2120,34,34,lease_up_stabilization,yes,"Estimated/user-supplied historical planning scenario. No figure is an actual result, commitment, or funded-capital record. | Calculated monthly planning series from scenario drivers; not actual project performance."
1,Cedarwood Flats,Multifamily Residential Development,Historical Planning — Cedarwood Baseline,custom,capital_deployment,SCH-COST-35,monthly_development_spend,monthly development spend — month 35,0,usd,estimated,"pasted_content_23.txt, Cedarwood Base Planning Case, user-supplied 2026-08-21",,jchappell2120,35,35,lease_up_stabilization,yes,"Estimated/user-supplied historical planning scenario. No figure is an actual result, commitment, or funded-capital record. | Calculated monthly planning series from scenario drivers; not actual project performance."
1,Cedarwood Flats,Multifamily Residential Development,Historical Planning — Cedarwood Baseline,custom,schedule,SCH-CUM-35,cumulative_deployment_bps,cumulative deployment bps — month 35,10000,percentage_bps,estimated,"pasted_content_23.txt, Cedarwood Base Planning Case, user-supplied 2026-08-21",,jchappell2120,35,35,lease_up_stabilization,yes,"Estimated/user-supplied historical planning scenario. No figure is an actual result, commitment, or funded-capital record. | Calculated monthly planning series from scenario drivers; not actual project performance."
1,Cedarwood Flats,Multifamily Residential Development,Historical Planning — Cedarwood Baseline,custom,schedule,SCH-OCC-35,occupancy_bps,occupancy bps — month 35,9500,percentage_bps,estimated,"pasted_content_23.txt, Cedarwood Base Planning Case, user-supplied 2026-08-21",,jchappell2120,35,35,lease_up_stabilization,yes,"Estimated/user-supplied historical planning scenario. No figure is an actual result, commitment, or funded-capital record. | Calculated monthly planning series from scenario drivers; not actual project performance."
1,Cedarwood Flats,Multifamily Residential Development,Historical Planning — Cedarwood Baseline,custom,revenue,SCH-REV-35,monthly_effective_revenue,monthly effective revenue — month 35,582540,usd,estimated,"pasted_content_23.txt, Cedarwood Base Planning Case, user-supplied 2026-08-21",,jchappell2120,35,35,lease_up_stabilization,yes,"Estimated/user-supplied historical planning scenario. No figure is an actual result, commitment, or funded-capital record. | Calculated monthly planning series from scenario drivers; not actual project performance."
1,Cedarwood Flats,Multifamily Residential Development,Historical Planning — Cedarwood Baseline,custom,operations,SCH-OPEX-35,monthly_operating_expense,monthly operating expense — month 35,186588,usd,estimated,"pasted_content_23.txt, Cedarwood Base Planning Case, user-supplied 2026-08-21",,jchappell2120,35,35,lease_up_stabilization,yes,"Estimated/user-supplied historical planning scenario. No figure is an actual result, commitment, or funded-capital record. | Calculated monthly planning series from scenario drivers; not actual project performance."
1,Cedarwood Flats,Multifamily Residential Development,Historical Planning — Cedarwood Baseline,custom,financing,SCH-DRAW-35,monthly_debt_draw,monthly debt draw — month 35,0,usd,estimated,"pasted_content_23.txt, Cedarwood Base Planning Case, user-supplied 2026-08-21",,jchappell2120,35,35,lease_up_stabilization,yes,"Estimated/user-supplied historical planning scenario. No figure is an actual result, commitment, or funded-capital record. | Calculated monthly planning series from scenario drivers; not actual project performance."
1,Cedarwood Flats,Multifamily Residential Development,Historical Planning — Cedarwood Baseline,custom,financing,SCH-INT-35,monthly_interest,monthly interest — month 35,343750,usd,estimated,"pasted_content_23.txt, Cedarwood Base Planning Case, user-supplied 2026-08-21",,jchappell2120,35,35,lease_up_stabilization,yes,"Estimated/user-supplied historical planning scenario. No figure is an actual result, commitment, or funded-capital record. | Calculated monthly planning series from scenario drivers; not actual project performance."
1,Cedarwood Flats,Multifamily Residential Development,Historical Planning — Cedarwood Baseline,custom,cash_flow,SCH-CF-35,monthly_levered_cash_flow,monthly levered cash flow — month 35,52202,usd,estimated,"pasted_content_23.txt, Cedarwood Base Planning Case, user-supplied 2026-08-21",,jchappell2120,35,35,lease_up_stabilization,yes,"Estimated/user-supplied historical planning scenario. No figure is an actual result, commitment, or funded-capital record. | Calculated monthly planning series from scenario drivers; not actual project performance."
1,Cedarwood Flats,Multifamily Residential Development,Historical Planning — Cedarwood Baseline,custom,capital_deployment,SCH-COST-36,monthly_development_spend,monthly development spend — month 36,0,usd,estimated,"pasted_content_23.txt, Cedarwood Base Planning Case, user-supplied 2026-08-21",,jchappell2120,36,36,lease_up_stabilization,yes,"Estimated/user-supplied historical planning scenario. No figure is an actual result, commitment, or funded-capital record. | Calculated monthly planning series from scenario drivers; not actual project performance."
1,Cedarwood Flats,Multifamily Residential Development,Historical Planning — Cedarwood Baseline,custom,schedule,SCH-CUM-36,cumulative_deployment_bps,cumulative deployment bps — month 36,10000,percentage_bps,estimated,"pasted_content_23.txt, Cedarwood Base Planning Case, user-supplied 2026-08-21",,jchappell2120,36,36,lease_up_stabilization,yes,"Estimated/user-supplied historical planning scenario. No figure is an actual result, commitment, or funded-capital record. | Calculated monthly planning series from scenario drivers; not actual project performance."
1,Cedarwood Flats,Multifamily Residential Development,Historical Planning — Cedarwood Baseline,custom,schedule,SCH-OCC-36,occupancy_bps,occupancy bps — month 36,9500,percentage_bps,estimated,"pasted_content_23.txt, Cedarwood Base Planning Case, user-supplied 2026-08-21",,jchappell2120,36,36,lease_up_stabilization,yes,"Estimated/user-supplied historical planning scenario. No figure is an actual result, commitment, or funded-capital record. | Calculated monthly planning series from scenario drivers; not actual project performance."
1,Cedarwood Flats,Multifamily Residential Development,Historical Planning — Cedarwood Baseline,custom,revenue,SCH-REV-36,monthly_effective_revenue,monthly effective revenue — month 36,582540,usd,estimated,"pasted_content_23.txt, Cedarwood Base Planning Case, user-supplied 2026-08-21",,jchappell2120,36,36,lease_up_stabilization,yes,"Estimated/user-supplied historical planning scenario. No figure is an actual result, commitment, or funded-capital record. | Calculated monthly planning series from scenario drivers; not actual project performance."
1,Cedarwood Flats,Multifamily Residential Development,Historical Planning — Cedarwood Baseline,custom,operations,SCH-OPEX-36,monthly_operating_expense,monthly operating expense — month 36,186588,usd,estimated,"pasted_content_23.txt, Cedarwood Base Planning Case, user-supplied 2026-08-21",,jchappell2120,36,36,lease_up_stabilization,yes,"Estimated/user-supplied historical planning scenario. No figure is an actual result, commitment, or funded-capital record. | Calculated monthly planning series from scenario drivers; not actual project performance."
1,Cedarwood Flats,Multifamily Residential Development,Historical Planning — Cedarwood Baseline,custom,financing,SCH-DRAW-36,monthly_debt_draw,monthly debt draw — month 36,0,usd,estimated,"pasted_content_23.txt, Cedarwood Base Planning Case, user-supplied 2026-08-21",,jchappell2120,36,36,lease_up_stabilization,yes,"Estimated/user-supplied historical planning scenario. No figure is an actual result, commitment, or funded-capital record. | Calculated monthly planning series from scenario drivers; not actual project performance."
1,Cedarwood Flats,Multifamily Residential Development,Historical Planning — Cedarwood Baseline,custom,financing,SCH-INT-36,monthly_interest,monthly interest — month 36,343750,usd,estimated,"pasted_content_23.txt, Cedarwood Base Planning Case, user-supplied 2026-08-21",,jchappell2120,36,36,lease_up_stabilization,yes,"Estimated/user-supplied historical planning scenario. No figure is an actual result, commitment, or funded-capital record. | Calculated monthly planning series from scenario drivers; not actual project performance."
1,Cedarwood Flats,Multifamily Residential Development,Historical Planning — Cedarwood Baseline,custom,cash_flow,SCH-CF-36,monthly_levered_cash_flow,monthly levered cash flow — month 36,52202,usd,estimated,"pasted_content_23.txt, Cedarwood Base Planning Case, user-supplied 2026-08-21",,jchappell2120,36,36,lease_up_stabilization,yes,"Estimated/user-supplied historical planning scenario. No figure is an actual result, commitment, or funded-capital record. | Calculated monthly planning series from scenario drivers; not actual project performance."
