project_id,project_name,project_type,scenario_name,scenario_type,record_group,sku_id,metric,description,value,unit,data_state,source_reference,effective_date,owner_name,month_start,month_end,phase,include_in_model,notes
3,Stonepine Residences,Single-Family Residential Development / Subdivision,Historical Planning — Base Case (Superseded),custom,project_identity,IDENT-001,project_stage,project stage,development,other,estimated,"pasted_content_20.txt, CE Development Portfolio Financial Baseline, user-supplied 2026-08-21",,jchappell2120,,,,yes,Estimated/user-supplied historical planning base case.
3,Stonepine Residences,Single-Family Residential Development / Subdivision,Historical Planning — Base Case (Superseded),custom,project_identity,IDENT-002,program_units,program units,300,units,estimated,"pasted_content_20.txt, CE Development Portfolio Financial Baseline, user-supplied 2026-08-21",,jchappell2120,,,,yes,Estimated/user-supplied historical planning base case.
3,Stonepine Residences,Single-Family Residential Development / Subdivision,Historical Planning — Base Case (Superseded),custom,project_identity,IDENT-003,program_buildings,program buildings,300,units,estimated,"pasted_content_20.txt, CE Development Portfolio Financial Baseline, user-supplied 2026-08-21",,jchappell2120,,,,yes,Estimated/user-supplied historical planning base case.
3,Stonepine Residences,Single-Family Residential Development / Subdivision,Historical Planning — Base Case (Superseded),custom,project_identity,IDENT-004,program_residential_sf,program residential sf,570000,sf,estimated,"pasted_content_20.txt, CE Development Portfolio Financial Baseline, user-supplied 2026-08-21",,jchappell2120,,,,yes,Estimated/user-supplied historical planning base case.
3,Stonepine Residences,Single-Family Residential Development / Subdivision,Historical Planning — Base Case (Superseded),custom,project_identity,IDENT-005,program_gross_sf,program gross sf,630000,sf,estimated,"pasted_content_20.txt, CE Development Portfolio Financial Baseline, user-supplied 2026-08-21",,jchappell2120,,,,yes,Estimated/user-supplied historical planning base case.
3,Stonepine Residences,Single-Family Residential Development / Subdivision,Historical Planning — Base Case (Superseded),custom,scenario_driver,DRV-001,development_cost,development cost,174600000,usd,estimated,"pasted_content_20.txt, CE Development Portfolio Financial Baseline, user-supplied 2026-08-21",,jchappell2120,,,,yes,Estimated/user-supplied historical planning base case.
3,Stonepine Residences,Single-Family Residential Development / Subdivision,Historical Planning — Base Case (Superseded),custom,scenario_driver,DRV-002,development_cost_per_unit,development cost per unit,582000,usd_per_unit,estimated,"pasted_content_20.txt, CE Development Portfolio Financial Baseline, user-supplied 2026-08-21",,jchappell2120,,,,yes,Estimated/user-supplied historical planning base case.
3,Stonepine Residences,Single-Family Residential Development / Subdivision,Historical Planning — Base Case (Superseded),custom,scenario_driver,DRV-003,development_cost_per_gross_sf,development cost per gross sf,277,usd_per_sf,estimated,"pasted_content_20.txt, CE Development Portfolio Financial Baseline, user-supplied 2026-08-21",,jchappell2120,,,,yes,Estimated/user-supplied historical planning base case.
3,Stonepine Residences,Single-Family Residential Development / Subdivision,Historical Planning — Base Case (Superseded),custom,scenario_driver,DRV-004,stabilized_occupancy_bps,stabilized occupancy bps,10000,percentage_bps,estimated,"pasted_content_20.txt, CE Development Portfolio Financial Baseline, user-supplied 2026-08-21",,jchappell2120,,,,yes,Estimated/user-supplied historical planning base case.
3,Stonepine Residences,Single-Family Residential Development / Subdivision,Historical Planning — Base Case (Superseded),custom,scenario_driver,DRV-005,operating_expense_ratio_bps,operating expense ratio bps,0,percentage_bps,estimated,"pasted_content_20.txt, CE Development Portfolio Financial Baseline, user-supplied 2026-08-21",,jchappell2120,,,,yes,Estimated/user-supplied historical planning base case.
3,Stonepine Residences,Single-Family Residential Development / Subdivision,Historical Planning — Base Case (Superseded),custom,scenario_driver,DRV-006,construction_debt_commitment,construction debt commitment,113490000,usd,estimated,"pasted_content_20.txt, CE Development Portfolio Financial Baseline, user-supplied 2026-08-21",,jchappell2120,,,,yes,Estimated/user-supplied historical planning base case.
3,Stonepine Residences,Single-Family Residential Development / Subdivision,Historical Planning — Base Case (Superseded),custom,scenario_driver,DRV-007,construction_interest_rate_bps,construction interest rate bps,800,percentage_bps,estimated,"pasted_content_20.txt, CE Development Portfolio Financial Baseline, user-supplied 2026-08-21",,jchappell2120,,,,yes,Estimated/user-supplied historical planning base case.
3,Stonepine Residences,Single-Family Residential Development / Subdivision,Historical Planning — Base Case (Superseded),custom,scenario_driver,DRV-008,construction_interest_only_months,construction interest only months,30,months,estimated,"pasted_content_20.txt, CE Development Portfolio Financial Baseline, user-supplied 2026-08-21",,jchappell2120,,,,yes,Estimated/user-supplied historical planning base case.
3,Stonepine Residences,Single-Family Residential Development / Subdivision,Historical Planning — Base Case (Superseded),custom,scenario_driver,DRV-009,amortization_months,amortization months,360,months,estimated,"pasted_content_20.txt, CE Development Portfolio Financial Baseline, user-supplied 2026-08-21",,jchappell2120,,,,yes,Estimated/user-supplied historical planning base case.
3,Stonepine Residences,Single-Family Residential Development / Subdivision,Historical Planning — Base Case (Superseded),custom,scenario_driver,DRV-010,financing_fee_bps,financing fee bps,125,percentage_bps,estimated,"pasted_content_20.txt, CE Development Portfolio Financial Baseline, user-supplied 2026-08-21",,jchappell2120,,,,yes,Estimated/user-supplied historical planning base case.
3,Stonepine Residences,Single-Family Residential Development / Subdivision,Historical Planning — Base Case (Superseded),custom,scenario_driver,DRV-011,exit_cap_rate_bps,exit cap rate bps,0,percentage_bps,estimated,"pasted_content_20.txt, CE Development Portfolio Financial Baseline, user-supplied 2026-08-21",,jchappell2120,,,,yes,Estimated/user-supplied historical planning base case.
3,Stonepine Residences,Single-Family Residential Development / Subdivision,Historical Planning — Base Case (Superseded),custom,scenario_driver,DRV-012,sale_cost_bps,sale cost bps,0,percentage_bps,estimated,"pasted_content_20.txt, CE Development Portfolio Financial Baseline, user-supplied 2026-08-21",,jchappell2120,,,,yes,Estimated/user-supplied historical planning base case.
3,Stonepine Residences,Single-Family Residential Development / Subdivision,Historical Planning — Base Case (Superseded),custom,sales_program,SALE-001,home_count,home count,300,units,estimated,"pasted_content_20.txt, CE Development Portfolio Financial Baseline, user-supplied 2026-08-21",,jchappell2120,,,,yes,Estimated/user-supplied historical planning base case.
3,Stonepine Residences,Single-Family Residential Development / Subdivision,Historical Planning — Base Case (Superseded),custom,sales_program,SALE-002,average_selling_price,average selling price,495000,usd_per_unit,estimated,"pasted_content_20.txt, CE Development Portfolio Financial Baseline, user-supplied 2026-08-21",,jchappell2120,,,,yes,Estimated/user-supplied historical planning base case.
3,Stonepine Residences,Single-Family Residential Development / Subdivision,Historical Planning — Base Case (Superseded),custom,sales_program,SALE-003,gross_sales_revenue,gross sales revenue,148500000,usd,estimated,"pasted_content_20.txt, CE Development Portfolio Financial Baseline, user-supplied 2026-08-21",,jchappell2120,,,,yes,Estimated/user-supplied historical planning base case.
3,Stonepine Residences,Single-Family Residential Development / Subdivision,Historical Planning — Base Case (Superseded),custom,sales_program,SALE-004,project_result,project result,-26100000,usd,estimated,"pasted_content_20.txt, CE Development Portfolio Financial Baseline, user-supplied 2026-08-21",,jchappell2120,,,,yes,Estimated/user-supplied historical planning base case.
3,Stonepine Residences,Single-Family Residential Development / Subdivision,Historical Planning — Base Case (Superseded),custom,budget_summary,BUD-001,extended_cost,Land,15000000,usd,estimated,"pasted_content_20.txt, CE Development Portfolio Financial Baseline, user-supplied 2026-08-21",,jchappell2120,,,,yes,Estimated/user-supplied historical planning base case.
3,Stonepine Residences,Single-Family Residential Development / Subdivision,Historical Planning — Base Case (Superseded),custom,budget_summary,BUD-002,extended_cost,Infrastructure,43500000,usd,estimated,"pasted_content_20.txt, CE Development Portfolio Financial Baseline, user-supplied 2026-08-21",,jchappell2120,,,,yes,Estimated/user-supplied historical planning base case.
3,Stonepine Residences,Single-Family Residential Development / Subdivision,Historical Planning — Base Case (Superseded),custom,budget_summary,BUD-003,extended_cost,Vertical construction,88500000,usd,estimated,"pasted_content_20.txt, CE Development Portfolio Financial Baseline, user-supplied 2026-08-21",,jchappell2120,,,,yes,Estimated/user-supplied historical planning base case.
3,Stonepine Residences,Single-Family Residential Development / Subdivision,Historical Planning — Base Case (Superseded),custom,budget_summary,BUD-004,extended_cost,Soft costs,19300000,usd,estimated,"pasted_content_20.txt, CE Development Portfolio Financial Baseline, user-supplied 2026-08-21",,jchappell2120,,,,yes,Estimated/user-supplied historical planning base case.
3,Stonepine Residences,Single-Family Residential Development / Subdivision,Historical Planning — Base Case (Superseded),custom,budget_summary,BUD-005,extended_cost,Contingency,8300000,usd,estimated,"pasted_content_20.txt, CE Development Portfolio Financial Baseline, user-supplied 2026-08-21",,jchappell2120,,,,yes,Estimated/user-supplied historical planning base case.
3,Stonepine Residences,Single-Family Residential Development / Subdivision,Historical Planning — Base Case (Superseded),custom,wbs_budget,WBS-001,extended_cost,Residential subdivision / home delivery — Land acquisition consideration,14841000,usd,estimated,"pasted_content_20.txt, CE Development Portfolio Financial Baseline, user-supplied 2026-08-21",,jchappell2120,,,predevelopment,yes,Estimated/user-supplied historical planning base case. | Standardized WBS category: land_acquisition; applicability: Project-wide.
3,Stonepine Residences,Single-Family Residential Development / Subdivision,Historical Planning — Base Case (Superseded),custom,wbs_budget,WBS-002,extended_cost,Residential subdivision / home delivery — Acquisition due diligence,654750,usd,estimated,"pasted_content_20.txt, CE Development Portfolio Financial Baseline, user-supplied 2026-08-21",,jchappell2120,,,predevelopment,yes,Estimated/user-supplied historical planning base case. | Standardized WBS category: land_acquisition; applicability: Project-wide.
3,Stonepine Residences,Single-Family Residential Development / Subdivision,Historical Planning — Base Case (Superseded),custom,wbs_budget,WBS-003,extended_cost,Residential subdivision / home delivery — Title and escrow,218250,usd,estimated,"pasted_content_20.txt, CE Development Portfolio Financial Baseline, user-supplied 2026-08-21",,jchappell2120,,,predevelopment,yes,Estimated/user-supplied historical planning base case. | Standardized WBS category: land_acquisition; applicability: Project-wide.
3,Stonepine Residences,Single-Family Residential Development / Subdivision,Historical Planning — Base Case (Superseded),custom,wbs_budget,WBS-004,extended_cost,Residential subdivision / home delivery — Acquisition legal,218250,usd,estimated,"pasted_content_20.txt, CE Development Portfolio Financial Baseline, user-supplied 2026-08-21",,jchappell2120,,,predevelopment,yes,Estimated/user-supplied historical planning base case. | Standardized WBS category: land_acquisition; applicability: Project-wide.
3,Stonepine Residences,Single-Family Residential Development / Subdivision,Historical Planning — Base Case (Superseded),custom,wbs_budget,WBS-005,extended_cost,Residential subdivision / home delivery — Environmental review,218250,usd,estimated,"pasted_content_20.txt, CE Development Portfolio Financial Baseline, user-supplied 2026-08-21",,jchappell2120,,,predevelopment,yes,Estimated/user-supplied historical planning base case. | Standardized WBS category: land_acquisition; applicability: Project-wide.
3,Stonepine Residences,Single-Family Residential Development / Subdivision,Historical Planning — Base Case (Superseded),custom,wbs_budget,WBS-006,extended_cost,Residential subdivision / home delivery — Boundary and topographic survey,218250,usd,estimated,"pasted_content_20.txt, CE Development Portfolio Financial Baseline, user-supplied 2026-08-21",,jchappell2120,,,predevelopment,yes,Estimated/user-supplied historical planning base case. | Standardized WBS category: land_acquisition; applicability: Project-wide.
3,Stonepine Residences,Single-Family Residential Development / Subdivision,Historical Planning — Base Case (Superseded),custom,wbs_budget,WBS-007,extended_cost,Residential subdivision / home delivery — Geotechnical investigation,327375,usd,estimated,"pasted_content_20.txt, CE Development Portfolio Financial Baseline, user-supplied 2026-08-21",,jchappell2120,,,predevelopment,yes,Estimated/user-supplied historical planning base case. | Standardized WBS category: land_acquisition; applicability: Project-wide.
3,Stonepine Residences,Single-Family Residential Development / Subdivision,Historical Planning — Base Case (Superseded),custom,wbs_budget,WBS-008,extended_cost,Residential subdivision / home delivery — Acquisition brokerage,218250,usd,estimated,"pasted_content_20.txt, CE Development Portfolio Financial Baseline, user-supplied 2026-08-21",,jchappell2120,,,predevelopment,yes,Estimated/user-supplied historical planning base case. | Standardized WBS category: land_acquisition; applicability: Project-wide.
3,Stonepine Residences,Single-Family Residential Development / Subdivision,Historical Planning — Base Case (Superseded),custom,wbs_budget,WBS-009,extended_cost,Residential subdivision / home delivery — Demolition and clearing allowance,218250,usd,estimated,"pasted_content_20.txt, CE Development Portfolio Financial Baseline, user-supplied 2026-08-21",,jchappell2120,,,predevelopment,yes,Estimated/user-supplied historical planning base case. | Standardized WBS category: land_acquisition; applicability: Project-wide.
3,Stonepine Residences,Single-Family Residential Development / Subdivision,Historical Planning — Base Case (Superseded),custom,wbs_budget,WBS-010,extended_cost,Residential subdivision / home delivery — Land closing reserve,327375,usd,estimated,"pasted_content_20.txt, CE Development Portfolio Financial Baseline, user-supplied 2026-08-21",,jchappell2120,,,predevelopment,yes,Estimated/user-supplied historical planning base case. | Standardized WBS category: land_acquisition; applicability: Project-wide.
3,Stonepine Residences,Single-Family Residential Development / Subdivision,Historical Planning — Base Case (Superseded),custom,wbs_budget,WBS-011,extended_cost,Residential subdivision / home delivery — Mass grading,3055500,usd,estimated,"pasted_content_20.txt, CE Development Portfolio Financial Baseline, user-supplied 2026-08-21",,jchappell2120,,,construction,yes,Estimated/user-supplied historical planning base case. | Standardized WBS category: site_development; applicability: Project-wide.
3,Stonepine Residences,Single-Family Residential Development / Subdivision,Historical Planning — Base Case (Superseded),custom,wbs_budget,WBS-012,extended_cost,Residential subdivision / home delivery — Utility extension,2182500,usd,estimated,"pasted_content_20.txt, CE Development Portfolio Financial Baseline, user-supplied 2026-08-21",,jchappell2120,,,construction,yes,Estimated/user-supplied historical planning base case. | Standardized WBS category: site_development; applicability: Project-wide.
3,Stonepine Residences,Single-Family Residential Development / Subdivision,Historical Planning — Base Case (Superseded),custom,wbs_budget,WBS-013,extended_cost,Residential subdivision / home delivery — Water and sewer improvements,2182500,usd,estimated,"pasted_content_20.txt, CE Development Portfolio Financial Baseline, user-supplied 2026-08-21",,jchappell2120,,,construction,yes,Estimated/user-supplied historical planning base case. | Standardized WBS category: site_development; applicability: Project-wide.
3,Stonepine Residences,Single-Family Residential Development / Subdivision,Historical Planning — Base Case (Superseded),custom,wbs_budget,WBS-014,extended_cost,Residential subdivision / home delivery — Stormwater infrastructure,2182500,usd,estimated,"pasted_content_20.txt, CE Development Portfolio Financial Baseline, user-supplied 2026-08-21",,jchappell2120,,,construction,yes,Estimated/user-supplied historical planning base case. | Standardized WBS category: site_development; applicability: Project-wide.
3,Stonepine Residences,Single-Family Residential Development / Subdivision,Historical Planning — Base Case (Superseded),custom,wbs_budget,WBS-015,extended_cost,"Residential subdivision / home delivery — Paving, curbs, and sidewalks",1964250,usd,estimated,"pasted_content_20.txt, CE Development Portfolio Financial Baseline, user-supplied 2026-08-21",,jchappell2120,,,construction,yes,Estimated/user-supplied historical planning base case. | Standardized WBS category: site_development; applicability: Project-wide.
3,Stonepine Residences,Single-Family Residential Development / Subdivision,Historical Planning — Base Case (Superseded),custom,wbs_budget,WBS-016,extended_cost,Residential subdivision / home delivery — Landscape and irrigation,1091250,usd,estimated,"pasted_content_20.txt, CE Development Portfolio Financial Baseline, user-supplied 2026-08-21",,jchappell2120,,,construction,yes,Estimated/user-supplied historical planning base case. | Standardized WBS category: site_development; applicability: Project-wide.
3,Stonepine Residences,Single-Family Residential Development / Subdivision,Historical Planning — Base Case (Superseded),custom,wbs_budget,WBS-017,extended_cost,Residential subdivision / home delivery — Detention and retention,1309500,usd,estimated,"pasted_content_20.txt, CE Development Portfolio Financial Baseline, user-supplied 2026-08-21",,jchappell2120,,,construction,yes,Estimated/user-supplied historical planning base case. | Standardized WBS category: site_development; applicability: Project-wide.
3,Stonepine Residences,Single-Family Residential Development / Subdivision,Historical Planning — Base Case (Superseded),custom,wbs_budget,WBS-018,extended_cost,Residential subdivision / home delivery — Earthwork and import/export,1309500,usd,estimated,"pasted_content_20.txt, CE Development Portfolio Financial Baseline, user-supplied 2026-08-21",,jchappell2120,,,construction,yes,Estimated/user-supplied historical planning base case. | Standardized WBS category: site_development; applicability: Project-wide.
3,Stonepine Residences,Single-Family Residential Development / Subdivision,Historical Planning — Base Case (Superseded),custom,wbs_budget,WBS-019,extended_cost,Residential subdivision / home delivery — Temporary utilities,873000,usd,estimated,"pasted_content_20.txt, CE Development Portfolio Financial Baseline, user-supplied 2026-08-21",,jchappell2120,,,construction,yes,Estimated/user-supplied historical planning base case. | Standardized WBS category: site_development; applicability: Project-wide.
3,Stonepine Residences,Single-Family Residential Development / Subdivision,Historical Planning — Base Case (Superseded),custom,wbs_budget,WBS-020,extended_cost,Residential subdivision / home delivery — Site development reserve,1309500,usd,estimated,"pasted_content_20.txt, CE Development Portfolio Financial Baseline, user-supplied 2026-08-21",,jchappell2120,,,construction,yes,Estimated/user-supplied historical planning base case. | Standardized WBS category: site_development; applicability: Project-wide.
3,Stonepine Residences,Single-Family Residential Development / Subdivision,Historical Planning — Base Case (Superseded),custom,wbs_budget,WBS-021,extended_cost,Residential subdivision / home delivery — LGS primary structure,5238000,usd,estimated,"pasted_content_20.txt, CE Development Portfolio Financial Baseline, user-supplied 2026-08-21",,jchappell2120,,,construction,yes,Estimated/user-supplied historical planning base case. | Standardized WBS category: building_modular; applicability: All five buildings.
3,Stonepine Residences,Single-Family Residential Development / Subdivision,Historical Planning — Base Case (Superseded),custom,wbs_budget,WBS-022,extended_cost,Residential subdivision / home delivery — LGS secondary framing,3492000,usd,estimated,"pasted_content_20.txt, CE Development Portfolio Financial Baseline, user-supplied 2026-08-21",,jchappell2120,,,construction,yes,Estimated/user-supplied historical planning base case. | Standardized WBS category: building_modular; applicability: All five buildings.
3,Stonepine Residences,Single-Family Residential Development / Subdivision,Historical Planning — Base Case (Superseded),custom,wbs_budget,WBS-023,extended_cost,Residential subdivision / home delivery — Structural connectors and fasteners,3055500,usd,estimated,"pasted_content_20.txt, CE Development Portfolio Financial Baseline, user-supplied 2026-08-21",,jchappell2120,,,construction,yes,Estimated/user-supplied historical planning base case. | Standardized WBS category: building_modular; applicability: All five buildings.
3,Stonepine Residences,Single-Family Residential Development / Subdivision,Historical Planning — Base Case (Superseded),custom,wbs_budget,WBS-024,extended_cost,Residential subdivision / home delivery — Structural engineering coordination,2182500,usd,estimated,"pasted_content_20.txt, CE Development Portfolio Financial Baseline, user-supplied 2026-08-21",,jchappell2120,,,construction,yes,Estimated/user-supplied historical planning base case. | Standardized WBS category: building_modular; applicability: All five buildings.
3,Stonepine Residences,Single-Family Residential Development / Subdivision,Historical Planning — Base Case (Superseded),custom,wbs_budget,WBS-025,extended_cost,Residential subdivision / home delivery — Structural fabrication reserve,1658700,usd,estimated,"pasted_content_20.txt, CE Development Portfolio Financial Baseline, user-supplied 2026-08-21",,jchappell2120,,,construction,yes,Estimated/user-supplied historical planning base case. | Standardized WBS category: building_modular; applicability: All five buildings.
3,Stonepine Residences,Single-Family Residential Development / Subdivision,Historical Planning — Base Case (Superseded),custom,wbs_budget,WBS-026,extended_cost,Residential subdivision / home delivery — Exterior wall assemblies,3055500,usd,estimated,"pasted_content_20.txt, CE Development Portfolio Financial Baseline, user-supplied 2026-08-21",,jchappell2120,,,construction,yes,Estimated/user-supplied historical planning base case. | Standardized WBS category: building_modular; applicability: All five buildings.
3,Stonepine Residences,Single-Family Residential Development / Subdivision,Historical Planning — Base Case (Superseded),custom,wbs_budget,WBS-027,extended_cost,Residential subdivision / home delivery — Exterior cladding,2182500,usd,estimated,"pasted_content_20.txt, CE Development Portfolio Financial Baseline, user-supplied 2026-08-21",,jchappell2120,,,construction,yes,Estimated/user-supplied historical planning base case. | Standardized WBS category: building_modular; applicability: All five buildings.
3,Stonepine Residences,Single-Family Residential Development / Subdivision,Historical Planning — Base Case (Superseded),custom,wbs_budget,WBS-028,extended_cost,Residential subdivision / home delivery — Air and water barrier,2182500,usd,estimated,"pasted_content_20.txt, CE Development Portfolio Financial Baseline, user-supplied 2026-08-21",,jchappell2120,,,construction,yes,Estimated/user-supplied historical planning base case. | Standardized WBS category: building_modular; applicability: All five buildings.
3,Stonepine Residences,Single-Family Residential Development / Subdivision,Historical Planning — Base Case (Superseded),custom,wbs_budget,WBS-029,extended_cost,Residential subdivision / home delivery — Insulation systems,2007900,usd,estimated,"pasted_content_20.txt, CE Development Portfolio Financial Baseline, user-supplied 2026-08-21",,jchappell2120,,,construction,yes,Estimated/user-supplied historical planning base case. | Standardized WBS category: building_modular; applicability: All five buildings.
3,Stonepine Residences,Single-Family Residential Development / Subdivision,Historical Planning — Base Case (Superseded),custom,wbs_budget,WBS-030,extended_cost,Residential subdivision / home delivery — Exterior finish reserve,1746000,usd,estimated,"pasted_content_20.txt, CE Development Portfolio Financial Baseline, user-supplied 2026-08-21",,jchappell2120,,,construction,yes,Estimated/user-supplied historical planning base case. | Standardized WBS category: building_modular; applicability: All five buildings.
3,Stonepine Residences,Single-Family Residential Development / Subdivision,Historical Planning — Base Case (Superseded),custom,wbs_budget,WBS-031,extended_cost,Residential subdivision / home delivery — Plumbing rough-in,3928500,usd,estimated,"pasted_content_20.txt, CE Development Portfolio Financial Baseline, user-supplied 2026-08-21",,jchappell2120,,,construction,yes,Estimated/user-supplied historical planning base case. | Standardized WBS category: building_modular; applicability: All five buildings.
3,Stonepine Residences,Single-Family Residential Development / Subdivision,Historical Planning — Base Case (Superseded),custom,wbs_budget,WBS-032,extended_cost,Residential subdivision / home delivery — Electrical rough-in,3928500,usd,estimated,"pasted_content_20.txt, CE Development Portfolio Financial Baseline, user-supplied 2026-08-21",,jchappell2120,,,construction,yes,Estimated/user-supplied historical planning base case. | Standardized WBS category: building_modular; applicability: All five buildings.
3,Stonepine Residences,Single-Family Residential Development / Subdivision,Historical Planning — Base Case (Superseded),custom,wbs_budget,WBS-033,extended_cost,Residential subdivision / home delivery — HVAC equipment and distribution,3928500,usd,estimated,"pasted_content_20.txt, CE Development Portfolio Financial Baseline, user-supplied 2026-08-21",,jchappell2120,,,construction,yes,Estimated/user-supplied historical planning base case. | Standardized WBS category: building_modular; applicability: All five buildings.
3,Stonepine Residences,Single-Family Residential Development / Subdivision,Historical Planning — Base Case (Superseded),custom,wbs_budget,WBS-034,extended_cost,Residential subdivision / home delivery — Fire protection,2400750,usd,estimated,"pasted_content_20.txt, CE Development Portfolio Financial Baseline, user-supplied 2026-08-21",,jchappell2120,,,construction,yes,Estimated/user-supplied historical planning base case. | Standardized WBS category: building_modular; applicability: All five buildings.
3,Stonepine Residences,Single-Family Residential Development / Subdivision,Historical Planning — Base Case (Superseded),custom,wbs_budget,WBS-035,extended_cost,Residential subdivision / home delivery — Low-voltage and controls,1527750,usd,estimated,"pasted_content_20.txt, CE Development Portfolio Financial Baseline, user-supplied 2026-08-21",,jchappell2120,,,construction,yes,Estimated/user-supplied historical planning base case. | Standardized WBS category: building_modular; applicability: All five buildings.
3,Stonepine Residences,Single-Family Residential Development / Subdivision,Historical Planning — Base Case (Superseded),custom,wbs_budget,WBS-036,extended_cost,Residential subdivision / home delivery — Metering and service equipment,873000,usd,estimated,"pasted_content_20.txt, CE Development Portfolio Financial Baseline, user-supplied 2026-08-21",,jchappell2120,,,construction,yes,Estimated/user-supplied historical planning base case. | Standardized WBS category: building_modular; applicability: All five buildings.
3,Stonepine Residences,Single-Family Residential Development / Subdivision,Historical Planning — Base Case (Superseded),custom,wbs_budget,WBS-037,extended_cost,Residential subdivision / home delivery — MEP design coordination,2837250,usd,estimated,"pasted_content_20.txt, CE Development Portfolio Financial Baseline, user-supplied 2026-08-21",,jchappell2120,,,construction,yes,Estimated/user-supplied historical planning base case. | Standardized WBS category: building_modular; applicability: All five buildings.
3,Stonepine Residences,Single-Family Residential Development / Subdivision,Historical Planning — Base Case (Superseded),custom,wbs_budget,WBS-038,extended_cost,Residential subdivision / home delivery — MEP integration reserve,2924550,usd,estimated,"pasted_content_20.txt, CE Development Portfolio Financial Baseline, user-supplied 2026-08-21",,jchappell2120,,,construction,yes,Estimated/user-supplied historical planning base case. | Standardized WBS category: building_modular; applicability: All five buildings.
3,Stonepine Residences,Single-Family Residential Development / Subdivision,Historical Planning — Base Case (Superseded),custom,wbs_budget,WBS-039,extended_cost,Residential subdivision / home delivery — Unit framing and partitions,3055500,usd,estimated,"pasted_content_20.txt, CE Development Portfolio Financial Baseline, user-supplied 2026-08-21",,jchappell2120,,,construction,yes,Estimated/user-supplied historical planning base case. | Standardized WBS category: building_modular; applicability: All five buildings.
3,Stonepine Residences,Single-Family Residential Development / Subdivision,Historical Planning — Base Case (Superseded),custom,wbs_budget,WBS-040,extended_cost,Residential subdivision / home delivery — Drywall and finish prep,3055500,usd,estimated,"pasted_content_20.txt, CE Development Portfolio Financial Baseline, user-supplied 2026-08-21",,jchappell2120,,,construction,yes,Estimated/user-supplied historical planning base case. | Standardized WBS category: building_modular; applicability: All five buildings.
3,Stonepine Residences,Single-Family Residential Development / Subdivision,Historical Planning — Base Case (Superseded),custom,wbs_budget,WBS-041,extended_cost,Residential subdivision / home delivery — Interior paint,1746000,usd,estimated,"pasted_content_20.txt, CE Development Portfolio Financial Baseline, user-supplied 2026-08-21",,jchappell2120,,,construction,yes,Estimated/user-supplied historical planning base case. | Standardized WBS category: building_modular; applicability: All five buildings.
3,Stonepine Residences,Single-Family Residential Development / Subdivision,Historical Planning — Base Case (Superseded),custom,wbs_budget,WBS-042,extended_cost,Residential subdivision / home delivery — Flooring,3492000,usd,estimated,"pasted_content_20.txt, CE Development Portfolio Financial Baseline, user-supplied 2026-08-21",,jchappell2120,,,construction,yes,Estimated/user-supplied historical planning base case. | Standardized WBS category: building_modular; applicability: All five buildings.
3,Stonepine Residences,Single-Family Residential Development / Subdivision,Historical Planning — Base Case (Superseded),custom,wbs_budget,WBS-043,extended_cost,Residential subdivision / home delivery — Cabinets and countertops,3928500,usd,estimated,"pasted_content_20.txt, CE Development Portfolio Financial Baseline, user-supplied 2026-08-21",,jchappell2120,,,construction,yes,Estimated/user-supplied historical planning base case. | Standardized WBS category: building_modular; applicability: All five buildings.
3,Stonepine Residences,Single-Family Residential Development / Subdivision,Historical Planning — Base Case (Superseded),custom,wbs_budget,WBS-044,extended_cost,Residential subdivision / home delivery — Millwork,2619000,usd,estimated,"pasted_content_20.txt, CE Development Portfolio Financial Baseline, user-supplied 2026-08-21",,jchappell2120,,,construction,yes,Estimated/user-supplied historical planning base case. | Standardized WBS category: building_modular; applicability: All five buildings.
3,Stonepine Residences,Single-Family Residential Development / Subdivision,Historical Planning — Base Case (Superseded),custom,wbs_budget,WBS-045,extended_cost,Residential subdivision / home delivery — Bathroom finishes,3492000,usd,estimated,"pasted_content_20.txt, CE Development Portfolio Financial Baseline, user-supplied 2026-08-21",,jchappell2120,,,construction,yes,Estimated/user-supplied historical planning base case. | Standardized WBS category: building_modular; applicability: All five buildings.
3,Stonepine Residences,Single-Family Residential Development / Subdivision,Historical Planning — Base Case (Superseded),custom,wbs_budget,WBS-046,extended_cost,Residential subdivision / home delivery — Interior doors and hardware,2182500,usd,estimated,"pasted_content_20.txt, CE Development Portfolio Financial Baseline, user-supplied 2026-08-21",,jchappell2120,,,construction,yes,Estimated/user-supplied historical planning base case. | Standardized WBS category: building_modular; applicability: All five buildings.
3,Stonepine Residences,Single-Family Residential Development / Subdivision,Historical Planning — Base Case (Superseded),custom,wbs_budget,WBS-047,extended_cost,Residential subdivision / home delivery — Roofing membrane,3492000,usd,estimated,"pasted_content_20.txt, CE Development Portfolio Financial Baseline, user-supplied 2026-08-21",,jchappell2120,,,construction,yes,Estimated/user-supplied historical planning base case. | Standardized WBS category: building_modular; applicability: All five buildings.
3,Stonepine Residences,Single-Family Residential Development / Subdivision,Historical Planning — Base Case (Superseded),custom,wbs_budget,WBS-048,extended_cost,Residential subdivision / home delivery — Roof insulation and accessories,2095200,usd,estimated,"pasted_content_20.txt, CE Development Portfolio Financial Baseline, user-supplied 2026-08-21",,jchappell2120,,,construction,yes,Estimated/user-supplied historical planning base case. | Standardized WBS category: building_modular; applicability: All five buildings.
3,Stonepine Residences,Single-Family Residential Development / Subdivision,Historical Planning — Base Case (Superseded),custom,wbs_budget,WBS-049,extended_cost,Residential subdivision / home delivery — Windows,4801500,usd,estimated,"pasted_content_20.txt, CE Development Portfolio Financial Baseline, user-supplied 2026-08-21",,jchappell2120,,,construction,yes,Estimated/user-supplied historical planning base case. | Standardized WBS category: building_modular; applicability: All five buildings.
3,Stonepine Residences,Single-Family Residential Development / Subdivision,Historical Planning — Base Case (Superseded),custom,wbs_budget,WBS-050,extended_cost,Residential subdivision / home delivery — Exterior doors and glazing,1920600,usd,estimated,"pasted_content_20.txt, CE Development Portfolio Financial Baseline, user-supplied 2026-08-21",,jchappell2120,,,construction,yes,Estimated/user-supplied historical planning base case. | Standardized WBS category: building_modular; applicability: All five buildings.
3,Stonepine Residences,Single-Family Residential Development / Subdivision,Historical Planning — Base Case (Superseded),custom,wbs_budget,WBS-051,extended_cost,Residential subdivision / home delivery — Appliances,2182500,usd,estimated,"pasted_content_20.txt, CE Development Portfolio Financial Baseline, user-supplied 2026-08-21",,jchappell2120,,,construction,yes,Estimated/user-supplied historical planning base case. | Standardized WBS category: building_modular; applicability: All five buildings.
3,Stonepine Residences,Single-Family Residential Development / Subdivision,Historical Planning — Base Case (Superseded),custom,wbs_budget,WBS-052,extended_cost,Residential subdivision / home delivery — Plumbing fixtures,1746000,usd,estimated,"pasted_content_20.txt, CE Development Portfolio Financial Baseline, user-supplied 2026-08-21",,jchappell2120,,,construction,yes,Estimated/user-supplied historical planning base case. | Standardized WBS category: building_modular; applicability: All five buildings.
3,Stonepine Residences,Single-Family Residential Development / Subdivision,Historical Planning — Base Case (Superseded),custom,wbs_budget,WBS-053,extended_cost,Residential subdivision / home delivery — Electrical fixtures,1658700,usd,estimated,"pasted_content_20.txt, CE Development Portfolio Financial Baseline, user-supplied 2026-08-21",,jchappell2120,,,construction,yes,Estimated/user-supplied historical planning base case. | Standardized WBS category: building_modular; applicability: All five buildings.
3,Stonepine Residences,Single-Family Residential Development / Subdivision,Historical Planning — Base Case (Superseded),custom,wbs_budget,WBS-054,extended_cost,Residential subdivision / home delivery — Common-area finishes,3055500,usd,estimated,"pasted_content_20.txt, CE Development Portfolio Financial Baseline, user-supplied 2026-08-21",,jchappell2120,,,construction,yes,Estimated/user-supplied historical planning base case. | Standardized WBS category: building_modular; applicability: All five buildings.
3,Stonepine Residences,Single-Family Residential Development / Subdivision,Historical Planning — Base Case (Superseded),custom,wbs_budget,WBS-055,extended_cost,Residential subdivision / home delivery — Amenity equipment,2182500,usd,estimated,"pasted_content_20.txt, CE Development Portfolio Financial Baseline, user-supplied 2026-08-21",,jchappell2120,,,construction,yes,Estimated/user-supplied historical planning base case. | Standardized WBS category: building_modular; applicability: Project-wide.
3,Stonepine Residences,Single-Family Residential Development / Subdivision,Historical Planning — Base Case (Superseded),custom,wbs_budget,WBS-056,extended_cost,Residential subdivision / home delivery — Common-area furnishings allowance,1484100,usd,estimated,"pasted_content_20.txt, CE Development Portfolio Financial Baseline, user-supplied 2026-08-21",,jchappell2120,,,construction,yes,Estimated/user-supplied historical planning base case. | Standardized WBS category: building_modular; applicability: Project-wide.
3,Stonepine Residences,Single-Family Residential Development / Subdivision,Historical Planning — Base Case (Superseded),custom,wbs_budget,WBS-057,extended_cost,Residential subdivision / home delivery — QA/QC inspection,3273750,usd,estimated,"pasted_content_20.txt, CE Development Portfolio Financial Baseline, user-supplied 2026-08-21",,jchappell2120,,,commissioning,yes,Estimated/user-supplied historical planning base case. | Standardized WBS category: building_modular; applicability: All five buildings.
3,Stonepine Residences,Single-Family Residential Development / Subdivision,Historical Planning — Base Case (Superseded),custom,wbs_budget,WBS-058,extended_cost,Residential subdivision / home delivery — Building commissioning,2182500,usd,estimated,"pasted_content_20.txt, CE Development Portfolio Financial Baseline, user-supplied 2026-08-21",,jchappell2120,,,commissioning,yes,Estimated/user-supplied historical planning base case. | Standardized WBS category: building_modular; applicability: All five buildings.
3,Stonepine Residences,Single-Family Residential Development / Subdivision,Historical Planning — Base Case (Superseded),custom,wbs_budget,WBS-059,extended_cost,Residential subdivision / home delivery — Punch and turnover,2182500,usd,estimated,"pasted_content_20.txt, CE Development Portfolio Financial Baseline, user-supplied 2026-08-21",,jchappell2120,,,building_completion,yes,Estimated/user-supplied historical planning base case. | Standardized WBS category: building_modular; applicability: All five buildings.
3,Stonepine Residences,Single-Family Residential Development / Subdivision,Historical Planning — Base Case (Superseded),custom,wbs_budget,WBS-060,extended_cost,Residential subdivision / home delivery — Building completion reserve,6765750,usd,estimated,"pasted_content_20.txt, CE Development Portfolio Financial Baseline, user-supplied 2026-08-21",,jchappell2120,,,building_completion,yes,Estimated/user-supplied historical planning base case. | Standardized WBS category: building_modular; applicability: All five buildings.
3,Stonepine Residences,Single-Family Residential Development / Subdivision,Historical Planning — Base Case (Superseded),custom,wbs_budget,WBS-061,extended_cost,Residential subdivision / home delivery — Factory production setup,873000,usd,estimated,"pasted_content_20.txt, CE Development Portfolio Financial Baseline, user-supplied 2026-08-21",,jchappell2120,,,factory_production,yes,Estimated/user-supplied historical planning base case. | Standardized WBS category: factory_logistics_installation; applicability: All five buildings.
3,Stonepine Residences,Single-Family Residential Development / Subdivision,Historical Planning — Base Case (Superseded),custom,wbs_budget,WBS-062,extended_cost,Residential subdivision / home delivery — Panel and module assembly,785700,usd,estimated,"pasted_content_20.txt, CE Development Portfolio Financial Baseline, user-supplied 2026-08-21",,jchappell2120,,,factory_production,yes,Estimated/user-supplied historical planning base case. | Standardized WBS category: factory_logistics_installation; applicability: All five buildings.
3,Stonepine Residences,Single-Family Residential Development / Subdivision,Historical Planning — Base Case (Superseded),custom,wbs_budget,WBS-063,extended_cost,Residential subdivision / home delivery — Factory labor coordination,785700,usd,estimated,"pasted_content_20.txt, CE Development Portfolio Financial Baseline, user-supplied 2026-08-21",,jchappell2120,,,factory_production,yes,Estimated/user-supplied historical planning base case. | Standardized WBS category: factory_logistics_installation; applicability: All five buildings.
3,Stonepine Residences,Single-Family Residential Development / Subdivision,Historical Planning — Base Case (Superseded),custom,wbs_budget,WBS-064,extended_cost,Residential subdivision / home delivery — Factory QA hold points,436500,usd,estimated,"pasted_content_20.txt, CE Development Portfolio Financial Baseline, user-supplied 2026-08-21",,jchappell2120,,,factory_production,yes,Estimated/user-supplied historical planning base case. | Standardized WBS category: factory_logistics_installation; applicability: All five buildings.
3,Stonepine Residences,Single-Family Residential Development / Subdivision,Historical Planning — Base Case (Superseded),custom,wbs_budget,WBS-065,extended_cost,Residential subdivision / home delivery — Packaging and protection,349200,usd,estimated,"pasted_content_20.txt, CE Development Portfolio Financial Baseline, user-supplied 2026-08-21",,jchappell2120,,,factory_production,yes,Estimated/user-supplied historical planning base case. | Standardized WBS category: factory_logistics_installation; applicability: All five buildings.
3,Stonepine Residences,Single-Family Residential Development / Subdivision,Historical Planning — Base Case (Superseded),custom,wbs_budget,WBS-066,extended_cost,Residential subdivision / home delivery — Staging and handling,436500,usd,estimated,"pasted_content_20.txt, CE Development Portfolio Financial Baseline, user-supplied 2026-08-21",,jchappell2120,,,logistics,yes,Estimated/user-supplied historical planning base case. | Standardized WBS category: factory_logistics_installation; applicability: All five buildings.
3,Stonepine Residences,Single-Family Residential Development / Subdivision,Historical Planning — Base Case (Superseded),custom,wbs_budget,WBS-067,extended_cost,Residential subdivision / home delivery — Transportation,1091250,usd,estimated,"pasted_content_20.txt, CE Development Portfolio Financial Baseline, user-supplied 2026-08-21",,jchappell2120,,,transportation,yes,Estimated/user-supplied historical planning base case. | Standardized WBS category: factory_logistics_installation; applicability: All five buildings.
3,Stonepine Residences,Single-Family Residential Development / Subdivision,Historical Planning — Base Case (Superseded),custom,wbs_budget,WBS-068,extended_cost,Residential subdivision / home delivery — Route and permit coordination,218250,usd,estimated,"pasted_content_20.txt, CE Development Portfolio Financial Baseline, user-supplied 2026-08-21",,jchappell2120,,,transportation,yes,Estimated/user-supplied historical planning base case. | Standardized WBS category: factory_logistics_installation; applicability: All five buildings.
3,Stonepine Residences,Single-Family Residential Development / Subdivision,Historical Planning — Base Case (Superseded),custom,wbs_budget,WBS-069,extended_cost,Residential subdivision / home delivery — Transit insurance allowance,218250,usd,estimated,"pasted_content_20.txt, CE Development Portfolio Financial Baseline, user-supplied 2026-08-21",,jchappell2120,,,transportation,yes,Estimated/user-supplied historical planning base case. | Standardized WBS category: factory_logistics_installation; applicability: All five buildings.
3,Stonepine Residences,Single-Family Residential Development / Subdivision,Historical Planning — Base Case (Superseded),custom,wbs_budget,WBS-070,extended_cost,Residential subdivision / home delivery — Site receiving,436500,usd,estimated,"pasted_content_20.txt, CE Development Portfolio Financial Baseline, user-supplied 2026-08-21",,jchappell2120,,,site_installation,yes,Estimated/user-supplied historical planning base case. | Standardized WBS category: factory_logistics_installation; applicability: All five buildings.
3,Stonepine Residences,Single-Family Residential Development / Subdivision,Historical Planning — Base Case (Superseded),custom,wbs_budget,WBS-071,extended_cost,Residential subdivision / home delivery — Crane and lifting,873000,usd,estimated,"pasted_content_20.txt, CE Development Portfolio Financial Baseline, user-supplied 2026-08-21",,jchappell2120,,,site_installation,yes,Estimated/user-supplied historical planning base case. | Standardized WBS category: factory_logistics_installation; applicability: All five buildings.
3,Stonepine Residences,Single-Family Residential Development / Subdivision,Historical Planning — Base Case (Superseded),custom,wbs_budget,WBS-072,extended_cost,Residential subdivision / home delivery — Set and alignment,654750,usd,estimated,"pasted_content_20.txt, CE Development Portfolio Financial Baseline, user-supplied 2026-08-21",,jchappell2120,,,site_installation,yes,Estimated/user-supplied historical planning base case. | Standardized WBS category: factory_logistics_installation; applicability: All five buildings.
3,Stonepine Residences,Single-Family Residential Development / Subdivision,Historical Planning — Base Case (Superseded),custom,wbs_budget,WBS-073,extended_cost,Residential subdivision / home delivery — Installation coordination,436500,usd,estimated,"pasted_content_20.txt, CE Development Portfolio Financial Baseline, user-supplied 2026-08-21",,jchappell2120,,,site_installation,yes,Estimated/user-supplied historical planning base case. | Standardized WBS category: factory_logistics_installation; applicability: All five buildings.
3,Stonepine Residences,Single-Family Residential Development / Subdivision,Historical Planning — Base Case (Superseded),custom,wbs_budget,WBS-074,extended_cost,Residential subdivision / home delivery — Temporary weather protection,349200,usd,estimated,"pasted_content_20.txt, CE Development Portfolio Financial Baseline, user-supplied 2026-08-21",,jchappell2120,,,site_installation,yes,Estimated/user-supplied historical planning base case. | Standardized WBS category: factory_logistics_installation; applicability: All five buildings.
3,Stonepine Residences,Single-Family Residential Development / Subdivision,Historical Planning — Base Case (Superseded),custom,wbs_budget,WBS-075,extended_cost,Residential subdivision / home delivery — Logistics reserve,785700,usd,estimated,"pasted_content_20.txt, CE Development Portfolio Financial Baseline, user-supplied 2026-08-21",,jchappell2120,,,site_installation,yes,Estimated/user-supplied historical planning base case. | Standardized WBS category: factory_logistics_installation; applicability: All five buildings.
3,Stonepine Residences,Single-Family Residential Development / Subdivision,Historical Planning — Base Case (Superseded),custom,wbs_budget,WBS-076,extended_cost,Residential subdivision / home delivery — Architecture,1309500,usd,estimated,"pasted_content_20.txt, CE Development Portfolio Financial Baseline, user-supplied 2026-08-21",,jchappell2120,,,design_entitlement,yes,Estimated/user-supplied historical planning base case. | Standardized WBS category: professional_soft_costs; applicability: Project-wide.
3,Stonepine Residences,Single-Family Residential Development / Subdivision,Historical Planning — Base Case (Superseded),custom,wbs_budget,WBS-077,extended_cost,Residential subdivision / home delivery — Structural engineering,873000,usd,estimated,"pasted_content_20.txt, CE Development Portfolio Financial Baseline, user-supplied 2026-08-21",,jchappell2120,,,design_entitlement,yes,Estimated/user-supplied historical planning base case. | Standardized WBS category: professional_soft_costs; applicability: Project-wide.
3,Stonepine Residences,Single-Family Residential Development / Subdivision,Historical Planning — Base Case (Superseded),custom,wbs_budget,WBS-078,extended_cost,Residential subdivision / home delivery — MEP engineering,873000,usd,estimated,"pasted_content_20.txt, CE Development Portfolio Financial Baseline, user-supplied 2026-08-21",,jchappell2120,,,design_entitlement,yes,Estimated/user-supplied historical planning base case. | Standardized WBS category: professional_soft_costs; applicability: Project-wide.
3,Stonepine Residences,Single-Family Residential Development / Subdivision,Historical Planning — Base Case (Superseded),custom,wbs_budget,WBS-079,extended_cost,Residential subdivision / home delivery — Civil engineering,654750,usd,estimated,"pasted_content_20.txt, CE Development Portfolio Financial Baseline, user-supplied 2026-08-21",,jchappell2120,,,design_entitlement,yes,Estimated/user-supplied historical planning base case. | Standardized WBS category: professional_soft_costs; applicability: Project-wide.
3,Stonepine Residences,Single-Family Residential Development / Subdivision,Historical Planning — Base Case (Superseded),custom,wbs_budget,WBS-080,extended_cost,Residential subdivision / home delivery — Permitting and entitlement,436500,usd,estimated,"pasted_content_20.txt, CE Development Portfolio Financial Baseline, user-supplied 2026-08-21",,jchappell2120,,,design_entitlement,yes,Estimated/user-supplied historical planning base case. | Standardized WBS category: professional_soft_costs; applicability: Project-wide.
3,Stonepine Residences,Single-Family Residential Development / Subdivision,Historical Planning — Base Case (Superseded),custom,wbs_budget,WBS-081,extended_cost,Residential subdivision / home delivery — Project management,1309500,usd,estimated,"pasted_content_20.txt, CE Development Portfolio Financial Baseline, user-supplied 2026-08-21",,jchappell2120,,,construction,yes,Estimated/user-supplied historical planning base case. | Standardized WBS category: professional_soft_costs; applicability: Project-wide.
3,Stonepine Residences,Single-Family Residential Development / Subdivision,Historical Planning — Base Case (Superseded),custom,wbs_budget,WBS-082,extended_cost,Residential subdivision / home delivery — Legal,654750,usd,estimated,"pasted_content_20.txt, CE Development Portfolio Financial Baseline, user-supplied 2026-08-21",,jchappell2120,,,predevelopment,yes,Estimated/user-supplied historical planning base case. | Standardized WBS category: professional_soft_costs; applicability: Project-wide.
3,Stonepine Residences,Single-Family Residential Development / Subdivision,Historical Planning — Base Case (Superseded),custom,wbs_budget,WBS-083,extended_cost,Residential subdivision / home delivery — Accounting and tax,436500,usd,estimated,"pasted_content_20.txt, CE Development Portfolio Financial Baseline, user-supplied 2026-08-21",,jchappell2120,,,predevelopment,yes,Estimated/user-supplied historical planning base case. | Standardized WBS category: professional_soft_costs; applicability: Project-wide.
3,Stonepine Residences,Single-Family Residential Development / Subdivision,Historical Planning — Base Case (Superseded),custom,wbs_budget,WBS-084,extended_cost,Residential subdivision / home delivery — Builder's risk insurance,654750,usd,estimated,"pasted_content_20.txt, CE Development Portfolio Financial Baseline, user-supplied 2026-08-21",,jchappell2120,,,construction,yes,Estimated/user-supplied historical planning base case. | Standardized WBS category: professional_soft_costs; applicability: Project-wide.
3,Stonepine Residences,Single-Family Residential Development / Subdivision,Historical Planning — Base Case (Superseded),custom,wbs_budget,WBS-085,extended_cost,Residential subdivision / home delivery — Marketing,654750,usd,estimated,"pasted_content_20.txt, CE Development Portfolio Financial Baseline, user-supplied 2026-08-21",,jchappell2120,,,lease_up_stabilization,yes,Estimated/user-supplied historical planning base case. | Standardized WBS category: professional_soft_costs; applicability: Project-wide.
3,Stonepine Residences,Single-Family Residential Development / Subdivision,Historical Planning — Base Case (Superseded),custom,wbs_budget,WBS-086,extended_cost,Residential subdivision / home delivery — Leasing,654750,usd,estimated,"pasted_content_20.txt, CE Development Portfolio Financial Baseline, user-supplied 2026-08-21",,jchappell2120,,,lease_up_stabilization,yes,Estimated/user-supplied historical planning base case. | Standardized WBS category: professional_soft_costs; applicability: Project-wide.
3,Stonepine Residences,Single-Family Residential Development / Subdivision,Historical Planning — Base Case (Superseded),custom,wbs_budget,WBS-087,extended_cost,Residential subdivision / home delivery — Leasing commissions,873000,usd,estimated,"pasted_content_20.txt, CE Development Portfolio Financial Baseline, user-supplied 2026-08-21",,jchappell2120,,,lease_up_stabilization,yes,Estimated/user-supplied historical planning base case. | Standardized WBS category: professional_soft_costs; applicability: Project-wide.
3,Stonepine Residences,Single-Family Residential Development / Subdivision,Historical Planning — Base Case (Superseded),custom,wbs_budget,WBS-088,extended_cost,Residential subdivision / home delivery — Owner administration reserve,1091250,usd,estimated,"pasted_content_20.txt, CE Development Portfolio Financial Baseline, user-supplied 2026-08-21",,jchappell2120,,,predevelopment,yes,Estimated/user-supplied historical planning base case. | Standardized WBS category: professional_soft_costs; applicability: Project-wide.
3,Stonepine Residences,Single-Family Residential Development / Subdivision,Historical Planning — Base Case (Superseded),custom,wbs_budget,WBS-089,extended_cost,Residential subdivision / home delivery — Loan origination,1527750,usd,estimated,"pasted_content_20.txt, CE Development Portfolio Financial Baseline, user-supplied 2026-08-21",,jchappell2120,,,predevelopment,yes,Estimated/user-supplied historical planning base case. | Standardized WBS category: financing_carry; applicability: Project-wide.
3,Stonepine Residences,Single-Family Residential Development / Subdivision,Historical Planning — Base Case (Superseded),custom,wbs_budget,WBS-090,extended_cost,Residential subdivision / home delivery — Interest carry,1746000,usd,estimated,"pasted_content_20.txt, CE Development Portfolio Financial Baseline, user-supplied 2026-08-21",,jchappell2120,,,construction,yes,Estimated/user-supplied historical planning base case. | Standardized WBS category: financing_carry; applicability: Project-wide.
3,Stonepine Residences,Single-Family Residential Development / Subdivision,Historical Planning — Base Case (Superseded),custom,wbs_budget,WBS-091,extended_cost,Residential subdivision / home delivery — Lender legal and diligence,436500,usd,estimated,"pasted_content_20.txt, CE Development Portfolio Financial Baseline, user-supplied 2026-08-21",,jchappell2120,,,predevelopment,yes,Estimated/user-supplied historical planning base case. | Standardized WBS category: financing_carry; applicability: Project-wide.
3,Stonepine Residences,Single-Family Residential Development / Subdivision,Historical Planning — Base Case (Superseded),custom,wbs_budget,WBS-092,extended_cost,Residential subdivision / home delivery — Loan administration,436500,usd,estimated,"pasted_content_20.txt, CE Development Portfolio Financial Baseline, user-supplied 2026-08-21",,jchappell2120,,,construction,yes,Estimated/user-supplied historical planning base case. | Standardized WBS category: financing_carry; applicability: Project-wide.
3,Stonepine Residences,Single-Family Residential Development / Subdivision,Historical Planning — Base Case (Superseded),custom,wbs_budget,WBS-093,extended_cost,Residential subdivision / home delivery — Interest reserve,654750,usd,estimated,"pasted_content_20.txt, CE Development Portfolio Financial Baseline, user-supplied 2026-08-21",,jchappell2120,,,construction,yes,Estimated/user-supplied historical planning base case. | Standardized WBS category: financing_carry; applicability: Project-wide.
3,Stonepine Residences,Single-Family Residential Development / Subdivision,Historical Planning — Base Case (Superseded),custom,wbs_budget,WBS-094,extended_cost,Residential subdivision / home delivery — Extension reserve,436500,usd,estimated,"pasted_content_20.txt, CE Development Portfolio Financial Baseline, user-supplied 2026-08-21",,jchappell2120,,,construction,yes,Estimated/user-supplied historical planning base case. | Standardized WBS category: financing_carry; applicability: Project-wide.
3,Stonepine Residences,Single-Family Residential Development / Subdivision,Historical Planning — Base Case (Superseded),custom,wbs_budget,WBS-095,extended_cost,Residential subdivision / home delivery — Construction contingency,1309500,usd,estimated,"pasted_content_20.txt, CE Development Portfolio Financial Baseline, user-supplied 2026-08-21",,jchappell2120,,,construction,yes,Estimated/user-supplied historical planning base case. | Standardized WBS category: contingency; applicability: All five buildings.
3,Stonepine Residences,Single-Family Residential Development / Subdivision,Historical Planning — Base Case (Superseded),custom,wbs_budget,WBS-096,extended_cost,Residential subdivision / home delivery — Site contingency,436500,usd,estimated,"pasted_content_20.txt, CE Development Portfolio Financial Baseline, user-supplied 2026-08-21",,jchappell2120,,,construction,yes,Estimated/user-supplied historical planning base case. | Standardized WBS category: contingency; applicability: Project-wide.
3,Stonepine Residences,Single-Family Residential Development / Subdivision,Historical Planning — Base Case (Superseded),custom,wbs_budget,WBS-097,extended_cost,Residential subdivision / home delivery — Materials contingency,436500,usd,estimated,"pasted_content_20.txt, CE Development Portfolio Financial Baseline, user-supplied 2026-08-21",,jchappell2120,,,construction,yes,Estimated/user-supplied historical planning base case. | Standardized WBS category: contingency; applicability: All five buildings.
3,Stonepine Residences,Single-Family Residential Development / Subdivision,Historical Planning — Base Case (Superseded),custom,wbs_budget,WBS-098,extended_cost,Residential subdivision / home delivery — Factory contingency,436500,usd,estimated,"pasted_content_20.txt, CE Development Portfolio Financial Baseline, user-supplied 2026-08-21",,jchappell2120,,,factory_production,yes,Estimated/user-supplied historical planning base case. | Standardized WBS category: contingency; applicability: All five buildings.
3,Stonepine Residences,Single-Family Residential Development / Subdivision,Historical Planning — Base Case (Superseded),custom,wbs_budget,WBS-099,extended_cost,Residential subdivision / home delivery — Schedule contingency,436500,usd,estimated,"pasted_content_20.txt, CE Development Portfolio Financial Baseline, user-supplied 2026-08-21",,jchappell2120,,,construction,yes,Estimated/user-supplied historical planning base case. | Standardized WBS category: contingency; applicability: Project-wide.
3,Stonepine Residences,Single-Family Residential Development / Subdivision,Historical Planning — Base Case (Superseded),custom,wbs_budget,WBS-100,extended_cost,Residential subdivision / home delivery — Closeout contingency,436500,usd,estimated,"pasted_content_20.txt, CE Development Portfolio Financial Baseline, user-supplied 2026-08-21",,jchappell2120,,,building_completion,yes,Estimated/user-supplied historical planning base case. | Standardized WBS category: contingency; applicability: Project-wide.
3,Stonepine Residences,Single-Family Residential Development / Subdivision,Historical Planning — Base Case (Superseded),custom,capital_deployment,SCH-COST-01,monthly_development_spend,monthly development spend — month 1,2322180,usd,estimated,"pasted_content_20.txt, CE Development Portfolio Financial Baseline, user-supplied 2026-08-21",,jchappell2120,1,1,predevelopment,yes,Estimated/user-supplied historical planning base case. | Calculated monthly planning series from scenario drivers; not actual project performance.
3,Stonepine Residences,Single-Family Residential Development / Subdivision,Historical Planning — Base Case (Superseded),custom,schedule,SCH-CUM-01,cumulative_deployment_bps,cumulative deployment bps — month 1,133,percentage_bps,estimated,"pasted_content_20.txt, CE Development Portfolio Financial Baseline, user-supplied 2026-08-21",,jchappell2120,1,1,predevelopment,yes,Estimated/user-supplied historical planning base case. | Calculated monthly planning series from scenario drivers; not actual project performance.
3,Stonepine Residences,Single-Family Residential Development / Subdivision,Historical Planning — Base Case (Superseded),custom,schedule,SCH-OCC-01,occupancy_bps,occupancy bps — month 1,0,percentage_bps,estimated,"pasted_content_20.txt, CE Development Portfolio Financial Baseline, user-supplied 2026-08-21",,jchappell2120,1,1,predevelopment,yes,Estimated/user-supplied historical planning base case. | Calculated monthly planning series from scenario drivers; not actual project performance.
3,Stonepine Residences,Single-Family Residential Development / Subdivision,Historical Planning — Base Case (Superseded),custom,revenue,SCH-REV-01,monthly_effective_revenue,monthly effective revenue — month 1,0,usd,estimated,"pasted_content_20.txt, CE Development Portfolio Financial Baseline, user-supplied 2026-08-21",,jchappell2120,1,1,predevelopment,yes,Estimated/user-supplied historical planning base case. | Calculated monthly planning series from scenario drivers; not actual project performance.
3,Stonepine Residences,Single-Family Residential Development / Subdivision,Historical Planning — Base Case (Superseded),custom,operations,SCH-OPEX-01,monthly_operating_expense,monthly operating expense — month 1,0,usd,estimated,"pasted_content_20.txt, CE Development Portfolio Financial Baseline, user-supplied 2026-08-21",,jchappell2120,1,1,predevelopment,yes,Estimated/user-supplied historical planning base case. | Calculated monthly planning series from scenario drivers; not actual project performance.
3,Stonepine Residences,Single-Family Residential Development / Subdivision,Historical Planning — Base Case (Superseded),custom,financing,SCH-DRAW-01,monthly_debt_draw,monthly debt draw — month 1,1509417,usd,estimated,"pasted_content_20.txt, CE Development Portfolio Financial Baseline, user-supplied 2026-08-21",,jchappell2120,1,1,predevelopment,yes,Estimated/user-supplied historical planning base case. | Calculated monthly planning series from scenario drivers; not actual project performance.
3,Stonepine Residences,Single-Family Residential Development / Subdivision,Historical Planning — Base Case (Superseded),custom,financing,SCH-INT-01,monthly_interest,monthly interest — month 1,10063,usd,estimated,"pasted_content_20.txt, CE Development Portfolio Financial Baseline, user-supplied 2026-08-21",,jchappell2120,1,1,predevelopment,yes,Estimated/user-supplied historical planning base case. | Calculated monthly planning series from scenario drivers; not actual project performance.
3,Stonepine Residences,Single-Family Residential Development / Subdivision,Historical Planning — Base Case (Superseded),custom,cash_flow,SCH-CF-01,monthly_levered_cash_flow,monthly levered cash flow — month 1,-2332243,usd,estimated,"pasted_content_20.txt, CE Development Portfolio Financial Baseline, user-supplied 2026-08-21",,jchappell2120,1,1,predevelopment,yes,Estimated/user-supplied historical planning base case. | Calculated monthly planning series from scenario drivers; not actual project performance.
3,Stonepine Residences,Single-Family Residential Development / Subdivision,Historical Planning — Base Case (Superseded),custom,capital_deployment,SCH-COST-02,monthly_development_spend,monthly development spend — month 2,2339640,usd,estimated,"pasted_content_20.txt, CE Development Portfolio Financial Baseline, user-supplied 2026-08-21",,jchappell2120,2,2,predevelopment,yes,Estimated/user-supplied historical planning base case. | Calculated monthly planning series from scenario drivers; not actual project performance.
3,Stonepine Residences,Single-Family Residential Development / Subdivision,Historical Planning — Base Case (Superseded),custom,schedule,SCH-CUM-02,cumulative_deployment_bps,cumulative deployment bps — month 2,267,percentage_bps,estimated,"pasted_content_20.txt, CE Development Portfolio Financial Baseline, user-supplied 2026-08-21",,jchappell2120,2,2,predevelopment,yes,Estimated/user-supplied historical planning base case. | Calculated monthly planning series from scenario drivers; not actual project performance.
3,Stonepine Residences,Single-Family Residential Development / Subdivision,Historical Planning — Base Case (Superseded),custom,schedule,SCH-OCC-02,occupancy_bps,occupancy bps — month 2,286,percentage_bps,estimated,"pasted_content_20.txt, CE Development Portfolio Financial Baseline, user-supplied 2026-08-21",,jchappell2120,2,2,predevelopment,yes,Estimated/user-supplied historical planning base case. | Calculated monthly planning series from scenario drivers; not actual project performance.
3,Stonepine Residences,Single-Family Residential Development / Subdivision,Historical Planning — Base Case (Superseded),custom,revenue,SCH-REV-02,monthly_effective_revenue,monthly effective revenue — month 2,117975,usd,estimated,"pasted_content_20.txt, CE Development Portfolio Financial Baseline, user-supplied 2026-08-21",,jchappell2120,2,2,predevelopment,yes,Estimated/user-supplied historical planning base case. | Calculated monthly planning series from scenario drivers; not actual project performance.
3,Stonepine Residences,Single-Family Residential Development / Subdivision,Historical Planning — Base Case (Superseded),custom,operations,SCH-OPEX-02,monthly_operating_expense,monthly operating expense — month 2,0,usd,estimated,"pasted_content_20.txt, CE Development Portfolio Financial Baseline, user-supplied 2026-08-21",,jchappell2120,2,2,predevelopment,yes,Estimated/user-supplied historical planning base case. | Calculated monthly planning series from scenario drivers; not actual project performance.
3,Stonepine Residences,Single-Family Residential Development / Subdivision,Historical Planning — Base Case (Superseded),custom,financing,SCH-DRAW-02,monthly_debt_draw,monthly debt draw — month 2,1520766,usd,estimated,"pasted_content_20.txt, CE Development Portfolio Financial Baseline, user-supplied 2026-08-21",,jchappell2120,2,2,predevelopment,yes,Estimated/user-supplied historical planning base case. | Calculated monthly planning series from scenario drivers; not actual project performance.
3,Stonepine Residences,Single-Family Residential Development / Subdivision,Historical Planning — Base Case (Superseded),custom,financing,SCH-INT-02,monthly_interest,monthly interest — month 2,20201,usd,estimated,"pasted_content_20.txt, CE Development Portfolio Financial Baseline, user-supplied 2026-08-21",,jchappell2120,2,2,predevelopment,yes,Estimated/user-supplied historical planning base case. | Calculated monthly planning series from scenario drivers; not actual project performance.
3,Stonepine Residences,Single-Family Residential Development / Subdivision,Historical Planning — Base Case (Superseded),custom,cash_flow,SCH-CF-02,monthly_levered_cash_flow,monthly levered cash flow — month 2,-2241866,usd,estimated,"pasted_content_20.txt, CE Development Portfolio Financial Baseline, user-supplied 2026-08-21",,jchappell2120,2,2,predevelopment,yes,Estimated/user-supplied historical planning base case. | Calculated monthly planning series from scenario drivers; not actual project performance.
3,Stonepine Residences,Single-Family Residential Development / Subdivision,Historical Planning — Base Case (Superseded),custom,capital_deployment,SCH-COST-03,monthly_development_spend,monthly development spend — month 3,2322180,usd,estimated,"pasted_content_20.txt, CE Development Portfolio Financial Baseline, user-supplied 2026-08-21",,jchappell2120,3,3,predevelopment,yes,Estimated/user-supplied historical planning base case. | Calculated monthly planning series from scenario drivers; not actual project performance.
3,Stonepine Residences,Single-Family Residential Development / Subdivision,Historical Planning — Base Case (Superseded),custom,schedule,SCH-CUM-03,cumulative_deployment_bps,cumulative deployment bps — month 3,400,percentage_bps,estimated,"pasted_content_20.txt, CE Development Portfolio Financial Baseline, user-supplied 2026-08-21",,jchappell2120,3,3,predevelopment,yes,Estimated/user-supplied historical planning base case. | Calculated monthly planning series from scenario drivers; not actual project performance.
3,Stonepine Residences,Single-Family Residential Development / Subdivision,Historical Planning — Base Case (Superseded),custom,schedule,SCH-OCC-03,occupancy_bps,occupancy bps — month 3,571,percentage_bps,estimated,"pasted_content_20.txt, CE Development Portfolio Financial Baseline, user-supplied 2026-08-21",,jchappell2120,3,3,predevelopment,yes,Estimated/user-supplied historical planning base case. | Calculated monthly planning series from scenario drivers; not actual project performance.
3,Stonepine Residences,Single-Family Residential Development / Subdivision,Historical Planning — Base Case (Superseded),custom,revenue,SCH-REV-03,monthly_effective_revenue,monthly effective revenue — month 3,235538,usd,estimated,"pasted_content_20.txt, CE Development Portfolio Financial Baseline, user-supplied 2026-08-21",,jchappell2120,3,3,predevelopment,yes,Estimated/user-supplied historical planning base case. | Calculated monthly planning series from scenario drivers; not actual project performance.
3,Stonepine Residences,Single-Family Residential Development / Subdivision,Historical Planning — Base Case (Superseded),custom,operations,SCH-OPEX-03,monthly_operating_expense,monthly operating expense — month 3,0,usd,estimated,"pasted_content_20.txt, CE Development Portfolio Financial Baseline, user-supplied 2026-08-21",,jchappell2120,3,3,predevelopment,yes,Estimated/user-supplied historical planning base case. | Calculated monthly planning series from scenario drivers; not actual project performance.
3,Stonepine Residences,Single-Family Residential Development / Subdivision,Historical Planning — Base Case (Superseded),custom,financing,SCH-DRAW-03,monthly_debt_draw,monthly debt draw — month 3,1509417,usd,estimated,"pasted_content_20.txt, CE Development Portfolio Financial Baseline, user-supplied 2026-08-21",,jchappell2120,3,3,predevelopment,yes,Estimated/user-supplied historical planning base case. | Calculated monthly planning series from scenario drivers; not actual project performance.
3,Stonepine Residences,Single-Family Residential Development / Subdivision,Historical Planning — Base Case (Superseded),custom,financing,SCH-INT-03,monthly_interest,monthly interest — month 3,30264,usd,estimated,"pasted_content_20.txt, CE Development Portfolio Financial Baseline, user-supplied 2026-08-21",,jchappell2120,3,3,predevelopment,yes,Estimated/user-supplied historical planning base case. | Calculated monthly planning series from scenario drivers; not actual project performance.
3,Stonepine Residences,Single-Family Residential Development / Subdivision,Historical Planning — Base Case (Superseded),custom,cash_flow,SCH-CF-03,monthly_levered_cash_flow,monthly levered cash flow — month 3,-2116906,usd,estimated,"pasted_content_20.txt, CE Development Portfolio Financial Baseline, user-supplied 2026-08-21",,jchappell2120,3,3,predevelopment,yes,Estimated/user-supplied historical planning base case. | Calculated monthly planning series from scenario drivers; not actual project performance.
3,Stonepine Residences,Single-Family Residential Development / Subdivision,Historical Planning — Base Case (Superseded),custom,capital_deployment,SCH-COST-04,monthly_development_spend,monthly development spend — month 4,2322180,usd,estimated,"pasted_content_20.txt, CE Development Portfolio Financial Baseline, user-supplied 2026-08-21",,jchappell2120,4,4,predevelopment,yes,Estimated/user-supplied historical planning base case. | Calculated monthly planning series from scenario drivers; not actual project performance.
3,Stonepine Residences,Single-Family Residential Development / Subdivision,Historical Planning — Base Case (Superseded),custom,schedule,SCH-CUM-04,cumulative_deployment_bps,cumulative deployment bps — month 4,533,percentage_bps,estimated,"pasted_content_20.txt, CE Development Portfolio Financial Baseline, user-supplied 2026-08-21",,jchappell2120,4,4,predevelopment,yes,Estimated/user-supplied historical planning base case. | Calculated monthly planning series from scenario drivers; not actual project performance.
3,Stonepine Residences,Single-Family Residential Development / Subdivision,Historical Planning — Base Case (Superseded),custom,schedule,SCH-OCC-04,occupancy_bps,occupancy bps — month 4,857,percentage_bps,estimated,"pasted_content_20.txt, CE Development Portfolio Financial Baseline, user-supplied 2026-08-21",,jchappell2120,4,4,predevelopment,yes,Estimated/user-supplied historical planning base case. | Calculated monthly planning series from scenario drivers; not actual project performance.
3,Stonepine Residences,Single-Family Residential Development / Subdivision,Historical Planning — Base Case (Superseded),custom,revenue,SCH-REV-04,monthly_effective_revenue,monthly effective revenue — month 4,353513,usd,estimated,"pasted_content_20.txt, CE Development Portfolio Financial Baseline, user-supplied 2026-08-21",,jchappell2120,4,4,predevelopment,yes,Estimated/user-supplied historical planning base case. | Calculated monthly planning series from scenario drivers; not actual project performance.
3,Stonepine Residences,Single-Family Residential Development / Subdivision,Historical Planning — Base Case (Superseded),custom,operations,SCH-OPEX-04,monthly_operating_expense,monthly operating expense — month 4,0,usd,estimated,"pasted_content_20.txt, CE Development Portfolio Financial Baseline, user-supplied 2026-08-21",,jchappell2120,4,4,predevelopment,yes,Estimated/user-supplied historical planning base case. | Calculated monthly planning series from scenario drivers; not actual project performance.
3,Stonepine Residences,Single-Family Residential Development / Subdivision,Historical Planning — Base Case (Superseded),custom,financing,SCH-DRAW-04,monthly_debt_draw,monthly debt draw — month 4,1509417,usd,estimated,"pasted_content_20.txt, CE Development Portfolio Financial Baseline, user-supplied 2026-08-21",,jchappell2120,4,4,predevelopment,yes,Estimated/user-supplied historical planning base case. | Calculated monthly planning series from scenario drivers; not actual project performance.
3,Stonepine Residences,Single-Family Residential Development / Subdivision,Historical Planning — Base Case (Superseded),custom,financing,SCH-INT-04,monthly_interest,monthly interest — month 4,40327,usd,estimated,"pasted_content_20.txt, CE Development Portfolio Financial Baseline, user-supplied 2026-08-21",,jchappell2120,4,4,predevelopment,yes,Estimated/user-supplied historical planning base case. | Calculated monthly planning series from scenario drivers; not actual project performance.
3,Stonepine Residences,Single-Family Residential Development / Subdivision,Historical Planning — Base Case (Superseded),custom,cash_flow,SCH-CF-04,monthly_levered_cash_flow,monthly levered cash flow — month 4,-2008994,usd,estimated,"pasted_content_20.txt, CE Development Portfolio Financial Baseline, user-supplied 2026-08-21",,jchappell2120,4,4,predevelopment,yes,Estimated/user-supplied historical planning base case. | Calculated monthly planning series from scenario drivers; not actual project performance.
3,Stonepine Residences,Single-Family Residential Development / Subdivision,Historical Planning — Base Case (Superseded),custom,capital_deployment,SCH-COST-05,monthly_development_spend,monthly development spend — month 5,2339640,usd,estimated,"pasted_content_20.txt, CE Development Portfolio Financial Baseline, user-supplied 2026-08-21",,jchappell2120,5,5,predevelopment,yes,Estimated/user-supplied historical planning base case. | Calculated monthly planning series from scenario drivers; not actual project performance.
3,Stonepine Residences,Single-Family Residential Development / Subdivision,Historical Planning — Base Case (Superseded),custom,schedule,SCH-CUM-05,cumulative_deployment_bps,cumulative deployment bps — month 5,667,percentage_bps,estimated,"pasted_content_20.txt, CE Development Portfolio Financial Baseline, user-supplied 2026-08-21",,jchappell2120,5,5,predevelopment,yes,Estimated/user-supplied historical planning base case. | Calculated monthly planning series from scenario drivers; not actual project performance.
3,Stonepine Residences,Single-Family Residential Development / Subdivision,Historical Planning — Base Case (Superseded),custom,schedule,SCH-OCC-05,occupancy_bps,occupancy bps — month 5,1143,percentage_bps,estimated,"pasted_content_20.txt, CE Development Portfolio Financial Baseline, user-supplied 2026-08-21",,jchappell2120,5,5,predevelopment,yes,Estimated/user-supplied historical planning base case. | Calculated monthly planning series from scenario drivers; not actual project performance.
3,Stonepine Residences,Single-Family Residential Development / Subdivision,Historical Planning — Base Case (Superseded),custom,revenue,SCH-REV-05,monthly_effective_revenue,monthly effective revenue — month 5,471488,usd,estimated,"pasted_content_20.txt, CE Development Portfolio Financial Baseline, user-supplied 2026-08-21",,jchappell2120,5,5,predevelopment,yes,Estimated/user-supplied historical planning base case. | Calculated monthly planning series from scenario drivers; not actual project performance.
3,Stonepine Residences,Single-Family Residential Development / Subdivision,Historical Planning — Base Case (Superseded),custom,operations,SCH-OPEX-05,monthly_operating_expense,monthly operating expense — month 5,0,usd,estimated,"pasted_content_20.txt, CE Development Portfolio Financial Baseline, user-supplied 2026-08-21",,jchappell2120,5,5,predevelopment,yes,Estimated/user-supplied historical planning base case. | Calculated monthly planning series from scenario drivers; not actual project performance.
3,Stonepine Residences,Single-Family Residential Development / Subdivision,Historical Planning — Base Case (Superseded),custom,financing,SCH-DRAW-05,monthly_debt_draw,monthly debt draw — month 5,1520766,usd,estimated,"pasted_content_20.txt, CE Development Portfolio Financial Baseline, user-supplied 2026-08-21",,jchappell2120,5,5,predevelopment,yes,Estimated/user-supplied historical planning base case. | Calculated monthly planning series from scenario drivers; not actual project performance.
3,Stonepine Residences,Single-Family Residential Development / Subdivision,Historical Planning — Base Case (Superseded),custom,financing,SCH-INT-05,monthly_interest,monthly interest — month 5,50465,usd,estimated,"pasted_content_20.txt, CE Development Portfolio Financial Baseline, user-supplied 2026-08-21",,jchappell2120,5,5,predevelopment,yes,Estimated/user-supplied historical planning base case. | Calculated monthly planning series from scenario drivers; not actual project performance.
3,Stonepine Residences,Single-Family Residential Development / Subdivision,Historical Planning — Base Case (Superseded),custom,cash_flow,SCH-CF-05,monthly_levered_cash_flow,monthly levered cash flow — month 5,-1918617,usd,estimated,"pasted_content_20.txt, CE Development Portfolio Financial Baseline, user-supplied 2026-08-21",,jchappell2120,5,5,predevelopment,yes,Estimated/user-supplied historical planning base case. | Calculated monthly planning series from scenario drivers; not actual project performance.
3,Stonepine Residences,Single-Family Residential Development / Subdivision,Historical Planning — Base Case (Superseded),custom,capital_deployment,SCH-COST-06,monthly_development_spend,monthly development spend — month 6,2322180,usd,estimated,"pasted_content_20.txt, CE Development Portfolio Financial Baseline, user-supplied 2026-08-21",,jchappell2120,6,6,predevelopment,yes,Estimated/user-supplied historical planning base case. | Calculated monthly planning series from scenario drivers; not actual project performance.
3,Stonepine Residences,Single-Family Residential Development / Subdivision,Historical Planning — Base Case (Superseded),custom,schedule,SCH-CUM-06,cumulative_deployment_bps,cumulative deployment bps — month 6,800,percentage_bps,estimated,"pasted_content_20.txt, CE Development Portfolio Financial Baseline, user-supplied 2026-08-21",,jchappell2120,6,6,predevelopment,yes,Estimated/user-supplied historical planning base case. | Calculated monthly planning series from scenario drivers; not actual project performance.
3,Stonepine Residences,Single-Family Residential Development / Subdivision,Historical Planning — Base Case (Superseded),custom,schedule,SCH-OCC-06,occupancy_bps,occupancy bps — month 6,1429,percentage_bps,estimated,"pasted_content_20.txt, CE Development Portfolio Financial Baseline, user-supplied 2026-08-21",,jchappell2120,6,6,predevelopment,yes,Estimated/user-supplied historical planning base case. | Calculated monthly planning series from scenario drivers; not actual project performance.
3,Stonepine Residences,Single-Family Residential Development / Subdivision,Historical Planning — Base Case (Superseded),custom,revenue,SCH-REV-06,monthly_effective_revenue,monthly effective revenue — month 6,589463,usd,estimated,"pasted_content_20.txt, CE Development Portfolio Financial Baseline, user-supplied 2026-08-21",,jchappell2120,6,6,predevelopment,yes,Estimated/user-supplied historical planning base case. | Calculated monthly planning series from scenario drivers; not actual project performance.
3,Stonepine Residences,Single-Family Residential Development / Subdivision,Historical Planning — Base Case (Superseded),custom,operations,SCH-OPEX-06,monthly_operating_expense,monthly operating expense — month 6,0,usd,estimated,"pasted_content_20.txt, CE Development Portfolio Financial Baseline, user-supplied 2026-08-21",,jchappell2120,6,6,predevelopment,yes,Estimated/user-supplied historical planning base case. | Calculated monthly planning series from scenario drivers; not actual project performance.
3,Stonepine Residences,Single-Family Residential Development / Subdivision,Historical Planning — Base Case (Superseded),custom,financing,SCH-DRAW-06,monthly_debt_draw,monthly debt draw — month 6,1509417,usd,estimated,"pasted_content_20.txt, CE Development Portfolio Financial Baseline, user-supplied 2026-08-21",,jchappell2120,6,6,predevelopment,yes,Estimated/user-supplied historical planning base case. | Calculated monthly planning series from scenario drivers; not actual project performance.
3,Stonepine Residences,Single-Family Residential Development / Subdivision,Historical Planning — Base Case (Superseded),custom,financing,SCH-INT-06,monthly_interest,monthly interest — month 6,60528,usd,estimated,"pasted_content_20.txt, CE Development Portfolio Financial Baseline, user-supplied 2026-08-21",,jchappell2120,6,6,predevelopment,yes,Estimated/user-supplied historical planning base case. | Calculated monthly planning series from scenario drivers; not actual project performance.
3,Stonepine Residences,Single-Family Residential Development / Subdivision,Historical Planning — Base Case (Superseded),custom,cash_flow,SCH-CF-06,monthly_levered_cash_flow,monthly levered cash flow — month 6,-1793245,usd,estimated,"pasted_content_20.txt, CE Development Portfolio Financial Baseline, user-supplied 2026-08-21",,jchappell2120,6,6,predevelopment,yes,Estimated/user-supplied historical planning base case. | Calculated monthly planning series from scenario drivers; not actual project performance.
3,Stonepine Residences,Single-Family Residential Development / Subdivision,Historical Planning — Base Case (Superseded),custom,capital_deployment,SCH-COST-07,monthly_development_spend,monthly development spend — month 7,5814180,usd,estimated,"pasted_content_20.txt, CE Development Portfolio Financial Baseline, user-supplied 2026-08-21",,jchappell2120,7,7,construction,yes,Estimated/user-supplied historical planning base case. | Calculated monthly planning series from scenario drivers; not actual project performance.
3,Stonepine Residences,Single-Family Residential Development / Subdivision,Historical Planning — Base Case (Superseded),custom,schedule,SCH-CUM-07,cumulative_deployment_bps,cumulative deployment bps — month 7,1133,percentage_bps,estimated,"pasted_content_20.txt, CE Development Portfolio Financial Baseline, user-supplied 2026-08-21",,jchappell2120,7,7,construction,yes,Estimated/user-supplied historical planning base case. | Calculated monthly planning series from scenario drivers; not actual project performance.
3,Stonepine Residences,Single-Family Residential Development / Subdivision,Historical Planning — Base Case (Superseded),custom,schedule,SCH-OCC-07,occupancy_bps,occupancy bps — month 7,1714,percentage_bps,estimated,"pasted_content_20.txt, CE Development Portfolio Financial Baseline, user-supplied 2026-08-21",,jchappell2120,7,7,construction,yes,Estimated/user-supplied historical planning base case. | Calculated monthly planning series from scenario drivers; not actual project performance.
3,Stonepine Residences,Single-Family Residential Development / Subdivision,Historical Planning — Base Case (Superseded),custom,revenue,SCH-REV-07,monthly_effective_revenue,monthly effective revenue — month 7,707025,usd,estimated,"pasted_content_20.txt, CE Development Portfolio Financial Baseline, user-supplied 2026-08-21",,jchappell2120,7,7,construction,yes,Estimated/user-supplied historical planning base case. | Calculated monthly planning series from scenario drivers; not actual project performance.
3,Stonepine Residences,Single-Family Residential Development / Subdivision,Historical Planning — Base Case (Superseded),custom,operations,SCH-OPEX-07,monthly_operating_expense,monthly operating expense — month 7,0,usd,estimated,"pasted_content_20.txt, CE Development Portfolio Financial Baseline, user-supplied 2026-08-21",,jchappell2120,7,7,construction,yes,Estimated/user-supplied historical planning base case. | Calculated monthly planning series from scenario drivers; not actual project performance.
3,Stonepine Residences,Single-Family Residential Development / Subdivision,Historical Planning — Base Case (Superseded),custom,financing,SCH-DRAW-07,monthly_debt_draw,monthly debt draw — month 7,3779217,usd,estimated,"pasted_content_20.txt, CE Development Portfolio Financial Baseline, user-supplied 2026-08-21",,jchappell2120,7,7,construction,yes,Estimated/user-supplied historical planning base case. | Calculated monthly planning series from scenario drivers; not actual project performance.
3,Stonepine Residences,Single-Family Residential Development / Subdivision,Historical Planning — Base Case (Superseded),custom,financing,SCH-INT-07,monthly_interest,monthly interest — month 7,85723,usd,estimated,"pasted_content_20.txt, CE Development Portfolio Financial Baseline, user-supplied 2026-08-21",,jchappell2120,7,7,construction,yes,Estimated/user-supplied historical planning base case. | Calculated monthly planning series from scenario drivers; not actual project performance.
3,Stonepine Residences,Single-Family Residential Development / Subdivision,Historical Planning — Base Case (Superseded),custom,cash_flow,SCH-CF-07,monthly_levered_cash_flow,monthly levered cash flow — month 7,-5192878,usd,estimated,"pasted_content_20.txt, CE Development Portfolio Financial Baseline, user-supplied 2026-08-21",,jchappell2120,7,7,construction,yes,Estimated/user-supplied historical planning base case. | Calculated monthly planning series from scenario drivers; not actual project performance.
3,Stonepine Residences,Single-Family Residential Development / Subdivision,Historical Planning — Base Case (Superseded),custom,capital_deployment,SCH-COST-08,monthly_development_spend,monthly development spend — month 8,5831640,usd,estimated,"pasted_content_20.txt, CE Development Portfolio Financial Baseline, user-supplied 2026-08-21",,jchappell2120,8,8,construction,yes,Estimated/user-supplied historical planning base case. | Calculated monthly planning series from scenario drivers; not actual project performance.
3,Stonepine Residences,Single-Family Residential Development / Subdivision,Historical Planning — Base Case (Superseded),custom,schedule,SCH-CUM-08,cumulative_deployment_bps,cumulative deployment bps — month 8,1467,percentage_bps,estimated,"pasted_content_20.txt, CE Development Portfolio Financial Baseline, user-supplied 2026-08-21",,jchappell2120,8,8,construction,yes,Estimated/user-supplied historical planning base case. | Calculated monthly planning series from scenario drivers; not actual project performance.
3,Stonepine Residences,Single-Family Residential Development / Subdivision,Historical Planning — Base Case (Superseded),custom,schedule,SCH-OCC-08,occupancy_bps,occupancy bps — month 8,2000,percentage_bps,estimated,"pasted_content_20.txt, CE Development Portfolio Financial Baseline, user-supplied 2026-08-21",,jchappell2120,8,8,construction,yes,Estimated/user-supplied historical planning base case. | Calculated monthly planning series from scenario drivers; not actual project performance.
3,Stonepine Residences,Single-Family Residential Development / Subdivision,Historical Planning — Base Case (Superseded),custom,revenue,SCH-REV-08,monthly_effective_revenue,monthly effective revenue — month 8,825000,usd,estimated,"pasted_content_20.txt, CE Development Portfolio Financial Baseline, user-supplied 2026-08-21",,jchappell2120,8,8,construction,yes,Estimated/user-supplied historical planning base case. | Calculated monthly planning series from scenario drivers; not actual project performance.
3,Stonepine Residences,Single-Family Residential Development / Subdivision,Historical Planning — Base Case (Superseded),custom,operations,SCH-OPEX-08,monthly_operating_expense,monthly operating expense — month 8,0,usd,estimated,"pasted_content_20.txt, CE Development Portfolio Financial Baseline, user-supplied 2026-08-21",,jchappell2120,8,8,construction,yes,Estimated/user-supplied historical planning base case. | Calculated monthly planning series from scenario drivers; not actual project performance.
3,Stonepine Residences,Single-Family Residential Development / Subdivision,Historical Planning — Base Case (Superseded),custom,financing,SCH-DRAW-08,monthly_debt_draw,monthly debt draw — month 8,3790566,usd,estimated,"pasted_content_20.txt, CE Development Portfolio Financial Baseline, user-supplied 2026-08-21",,jchappell2120,8,8,construction,yes,Estimated/user-supplied historical planning base case. | Calculated monthly planning series from scenario drivers; not actual project performance.
3,Stonepine Residences,Single-Family Residential Development / Subdivision,Historical Planning — Base Case (Superseded),custom,financing,SCH-INT-08,monthly_interest,monthly interest — month 8,110993,usd,estimated,"pasted_content_20.txt, CE Development Portfolio Financial Baseline, user-supplied 2026-08-21",,jchappell2120,8,8,construction,yes,Estimated/user-supplied historical planning base case. | Calculated monthly planning series from scenario drivers; not actual project performance.
3,Stonepine Residences,Single-Family Residential Development / Subdivision,Historical Planning — Base Case (Superseded),custom,cash_flow,SCH-CF-08,monthly_levered_cash_flow,monthly levered cash flow — month 8,-5117633,usd,estimated,"pasted_content_20.txt, CE Development Portfolio Financial Baseline, user-supplied 2026-08-21",,jchappell2120,8,8,construction,yes,Estimated/user-supplied historical planning base case. | Calculated monthly planning series from scenario drivers; not actual project performance.
3,Stonepine Residences,Single-Family Residential Development / Subdivision,Historical Planning — Base Case (Superseded),custom,capital_deployment,SCH-COST-09,monthly_development_spend,monthly development spend — month 9,5814180,usd,estimated,"pasted_content_20.txt, CE Development Portfolio Financial Baseline, user-supplied 2026-08-21",,jchappell2120,9,9,construction,yes,Estimated/user-supplied historical planning base case. | Calculated monthly planning series from scenario drivers; not actual project performance.
3,Stonepine Residences,Single-Family Residential Development / Subdivision,Historical Planning — Base Case (Superseded),custom,schedule,SCH-CUM-09,cumulative_deployment_bps,cumulative deployment bps — month 9,1800,percentage_bps,estimated,"pasted_content_20.txt, CE Development Portfolio Financial Baseline, user-supplied 2026-08-21",,jchappell2120,9,9,construction,yes,Estimated/user-supplied historical planning base case. | Calculated monthly planning series from scenario drivers; not actual project performance.
3,Stonepine Residences,Single-Family Residential Development / Subdivision,Historical Planning — Base Case (Superseded),custom,schedule,SCH-OCC-09,occupancy_bps,occupancy bps — month 9,2286,percentage_bps,estimated,"pasted_content_20.txt, CE Development Portfolio Financial Baseline, user-supplied 2026-08-21",,jchappell2120,9,9,construction,yes,Estimated/user-supplied historical planning base case. | Calculated monthly planning series from scenario drivers; not actual project performance.
3,Stonepine Residences,Single-Family Residential Development / Subdivision,Historical Planning — Base Case (Superseded),custom,revenue,SCH-REV-09,monthly_effective_revenue,monthly effective revenue — month 9,942975,usd,estimated,"pasted_content_20.txt, CE Development Portfolio Financial Baseline, user-supplied 2026-08-21",,jchappell2120,9,9,construction,yes,Estimated/user-supplied historical planning base case. | Calculated monthly planning series from scenario drivers; not actual project performance.
3,Stonepine Residences,Single-Family Residential Development / Subdivision,Historical Planning — Base Case (Superseded),custom,operations,SCH-OPEX-09,monthly_operating_expense,monthly operating expense — month 9,0,usd,estimated,"pasted_content_20.txt, CE Development Portfolio Financial Baseline, user-supplied 2026-08-21",,jchappell2120,9,9,construction,yes,Estimated/user-supplied historical planning base case. | Calculated monthly planning series from scenario drivers; not actual project performance.
3,Stonepine Residences,Single-Family Residential Development / Subdivision,Historical Planning — Base Case (Superseded),custom,financing,SCH-DRAW-09,monthly_debt_draw,monthly debt draw — month 9,3779217,usd,estimated,"pasted_content_20.txt, CE Development Portfolio Financial Baseline, user-supplied 2026-08-21",,jchappell2120,9,9,construction,yes,Estimated/user-supplied historical planning base case. | Calculated monthly planning series from scenario drivers; not actual project performance.
3,Stonepine Residences,Single-Family Residential Development / Subdivision,Historical Planning — Base Case (Superseded),custom,financing,SCH-INT-09,monthly_interest,monthly interest — month 9,136188,usd,estimated,"pasted_content_20.txt, CE Development Portfolio Financial Baseline, user-supplied 2026-08-21",,jchappell2120,9,9,construction,yes,Estimated/user-supplied historical planning base case. | Calculated monthly planning series from scenario drivers; not actual project performance.
3,Stonepine Residences,Single-Family Residential Development / Subdivision,Historical Planning — Base Case (Superseded),custom,cash_flow,SCH-CF-09,monthly_levered_cash_flow,monthly levered cash flow — month 9,-5007393,usd,estimated,"pasted_content_20.txt, CE Development Portfolio Financial Baseline, user-supplied 2026-08-21",,jchappell2120,9,9,construction,yes,Estimated/user-supplied historical planning base case. | Calculated monthly planning series from scenario drivers; not actual project performance.
3,Stonepine Residences,Single-Family Residential Development / Subdivision,Historical Planning — Base Case (Superseded),custom,capital_deployment,SCH-COST-10,monthly_development_spend,monthly development spend — month 10,5814180,usd,estimated,"pasted_content_20.txt, CE Development Portfolio Financial Baseline, user-supplied 2026-08-21",,jchappell2120,10,10,construction,yes,Estimated/user-supplied historical planning base case. | Calculated monthly planning series from scenario drivers; not actual project performance.
3,Stonepine Residences,Single-Family Residential Development / Subdivision,Historical Planning — Base Case (Superseded),custom,schedule,SCH-CUM-10,cumulative_deployment_bps,cumulative deployment bps — month 10,2133,percentage_bps,estimated,"pasted_content_20.txt, CE Development Portfolio Financial Baseline, user-supplied 2026-08-21",,jchappell2120,10,10,construction,yes,Estimated/user-supplied historical planning base case. | Calculated monthly planning series from scenario drivers; not actual project performance.
3,Stonepine Residences,Single-Family Residential Development / Subdivision,Historical Planning — Base Case (Superseded),custom,schedule,SCH-OCC-10,occupancy_bps,occupancy bps — month 10,2571,percentage_bps,estimated,"pasted_content_20.txt, CE Development Portfolio Financial Baseline, user-supplied 2026-08-21",,jchappell2120,10,10,construction,yes,Estimated/user-supplied historical planning base case. | Calculated monthly planning series from scenario drivers; not actual project performance.
3,Stonepine Residences,Single-Family Residential Development / Subdivision,Historical Planning — Base Case (Superseded),custom,revenue,SCH-REV-10,monthly_effective_revenue,monthly effective revenue — month 10,1060538,usd,estimated,"pasted_content_20.txt, CE Development Portfolio Financial Baseline, user-supplied 2026-08-21",,jchappell2120,10,10,construction,yes,Estimated/user-supplied historical planning base case. | Calculated monthly planning series from scenario drivers; not actual project performance.
3,Stonepine Residences,Single-Family Residential Development / Subdivision,Historical Planning — Base Case (Superseded),custom,operations,SCH-OPEX-10,monthly_operating_expense,monthly operating expense — month 10,0,usd,estimated,"pasted_content_20.txt, CE Development Portfolio Financial Baseline, user-supplied 2026-08-21",,jchappell2120,10,10,construction,yes,Estimated/user-supplied historical planning base case. | Calculated monthly planning series from scenario drivers; not actual project performance.
3,Stonepine Residences,Single-Family Residential Development / Subdivision,Historical Planning — Base Case (Superseded),custom,financing,SCH-DRAW-10,monthly_debt_draw,monthly debt draw — month 10,3779217,usd,estimated,"pasted_content_20.txt, CE Development Portfolio Financial Baseline, user-supplied 2026-08-21",,jchappell2120,10,10,construction,yes,Estimated/user-supplied historical planning base case. | Calculated monthly planning series from scenario drivers; not actual project performance.
3,Stonepine Residences,Single-Family Residential Development / Subdivision,Historical Planning — Base Case (Superseded),custom,financing,SCH-INT-10,monthly_interest,monthly interest — month 10,161383,usd,estimated,"pasted_content_20.txt, CE Development Portfolio Financial Baseline, user-supplied 2026-08-21",,jchappell2120,10,10,construction,yes,Estimated/user-supplied historical planning base case. | Calculated monthly planning series from scenario drivers; not actual project performance.
3,Stonepine Residences,Single-Family Residential Development / Subdivision,Historical Planning — Base Case (Superseded),custom,cash_flow,SCH-CF-10,monthly_levered_cash_flow,monthly levered cash flow — month 10,-4915025,usd,estimated,"pasted_content_20.txt, CE Development Portfolio Financial Baseline, user-supplied 2026-08-21",,jchappell2120,10,10,construction,yes,Estimated/user-supplied historical planning base case. | Calculated monthly planning series from scenario drivers; not actual project performance.
3,Stonepine Residences,Single-Family Residential Development / Subdivision,Historical Planning — Base Case (Superseded),custom,capital_deployment,SCH-COST-11,monthly_development_spend,monthly development spend — month 11,5831640,usd,estimated,"pasted_content_20.txt, CE Development Portfolio Financial Baseline, user-supplied 2026-08-21",,jchappell2120,11,11,construction,yes,Estimated/user-supplied historical planning base case. | Calculated monthly planning series from scenario drivers; not actual project performance.
3,Stonepine Residences,Single-Family Residential Development / Subdivision,Historical Planning — Base Case (Superseded),custom,schedule,SCH-CUM-11,cumulative_deployment_bps,cumulative deployment bps — month 11,2467,percentage_bps,estimated,"pasted_content_20.txt, CE Development Portfolio Financial Baseline, user-supplied 2026-08-21",,jchappell2120,11,11,construction,yes,Estimated/user-supplied historical planning base case. | Calculated monthly planning series from scenario drivers; not actual project performance.
3,Stonepine Residences,Single-Family Residential Development / Subdivision,Historical Planning — Base Case (Superseded),custom,schedule,SCH-OCC-11,occupancy_bps,occupancy bps — month 11,2857,percentage_bps,estimated,"pasted_content_20.txt, CE Development Portfolio Financial Baseline, user-supplied 2026-08-21",,jchappell2120,11,11,construction,yes,Estimated/user-supplied historical planning base case. | Calculated monthly planning series from scenario drivers; not actual project performance.
3,Stonepine Residences,Single-Family Residential Development / Subdivision,Historical Planning — Base Case (Superseded),custom,revenue,SCH-REV-11,monthly_effective_revenue,monthly effective revenue — month 11,1178513,usd,estimated,"pasted_content_20.txt, CE Development Portfolio Financial Baseline, user-supplied 2026-08-21",,jchappell2120,11,11,construction,yes,Estimated/user-supplied historical planning base case. | Calculated monthly planning series from scenario drivers; not actual project performance.
3,Stonepine Residences,Single-Family Residential Development / Subdivision,Historical Planning — Base Case (Superseded),custom,operations,SCH-OPEX-11,monthly_operating_expense,monthly operating expense — month 11,0,usd,estimated,"pasted_content_20.txt, CE Development Portfolio Financial Baseline, user-supplied 2026-08-21",,jchappell2120,11,11,construction,yes,Estimated/user-supplied historical planning base case. | Calculated monthly planning series from scenario drivers; not actual project performance.
3,Stonepine Residences,Single-Family Residential Development / Subdivision,Historical Planning — Base Case (Superseded),custom,financing,SCH-DRAW-11,monthly_debt_draw,monthly debt draw — month 11,3790566,usd,estimated,"pasted_content_20.txt, CE Development Portfolio Financial Baseline, user-supplied 2026-08-21",,jchappell2120,11,11,construction,yes,Estimated/user-supplied historical planning base case. | Calculated monthly planning series from scenario drivers; not actual project performance.
3,Stonepine Residences,Single-Family Residential Development / Subdivision,Historical Planning — Base Case (Superseded),custom,financing,SCH-INT-11,monthly_interest,monthly interest — month 11,186653,usd,estimated,"pasted_content_20.txt, CE Development Portfolio Financial Baseline, user-supplied 2026-08-21",,jchappell2120,11,11,construction,yes,Estimated/user-supplied historical planning base case. | Calculated monthly planning series from scenario drivers; not actual project performance.
3,Stonepine Residences,Single-Family Residential Development / Subdivision,Historical Planning — Base Case (Superseded),custom,cash_flow,SCH-CF-11,monthly_levered_cash_flow,monthly levered cash flow — month 11,-4839780,usd,estimated,"pasted_content_20.txt, CE Development Portfolio Financial Baseline, user-supplied 2026-08-21",,jchappell2120,11,11,construction,yes,Estimated/user-supplied historical planning base case. | Calculated monthly planning series from scenario drivers; not actual project performance.
3,Stonepine Residences,Single-Family Residential Development / Subdivision,Historical Planning — Base Case (Superseded),custom,capital_deployment,SCH-COST-12,monthly_development_spend,monthly development spend — month 12,5814180,usd,estimated,"pasted_content_20.txt, CE Development Portfolio Financial Baseline, user-supplied 2026-08-21",,jchappell2120,12,12,construction,yes,Estimated/user-supplied historical planning base case. | Calculated monthly planning series from scenario drivers; not actual project performance.
3,Stonepine Residences,Single-Family Residential Development / Subdivision,Historical Planning — Base Case (Superseded),custom,schedule,SCH-CUM-12,cumulative_deployment_bps,cumulative deployment bps — month 12,2800,percentage_bps,estimated,"pasted_content_20.txt, CE Development Portfolio Financial Baseline, user-supplied 2026-08-21",,jchappell2120,12,12,construction,yes,Estimated/user-supplied historical planning base case. | Calculated monthly planning series from scenario drivers; not actual project performance.
3,Stonepine Residences,Single-Family Residential Development / Subdivision,Historical Planning — Base Case (Superseded),custom,schedule,SCH-OCC-12,occupancy_bps,occupancy bps — month 12,3143,percentage_bps,estimated,"pasted_content_20.txt, CE Development Portfolio Financial Baseline, user-supplied 2026-08-21",,jchappell2120,12,12,construction,yes,Estimated/user-supplied historical planning base case. | Calculated monthly planning series from scenario drivers; not actual project performance.
3,Stonepine Residences,Single-Family Residential Development / Subdivision,Historical Planning — Base Case (Superseded),custom,revenue,SCH-REV-12,monthly_effective_revenue,monthly effective revenue — month 12,1296488,usd,estimated,"pasted_content_20.txt, CE Development Portfolio Financial Baseline, user-supplied 2026-08-21",,jchappell2120,12,12,construction,yes,Estimated/user-supplied historical planning base case. | Calculated monthly planning series from scenario drivers; not actual project performance.
3,Stonepine Residences,Single-Family Residential Development / Subdivision,Historical Planning — Base Case (Superseded),custom,operations,SCH-OPEX-12,monthly_operating_expense,monthly operating expense — month 12,0,usd,estimated,"pasted_content_20.txt, CE Development Portfolio Financial Baseline, user-supplied 2026-08-21",,jchappell2120,12,12,construction,yes,Estimated/user-supplied historical planning base case. | Calculated monthly planning series from scenario drivers; not actual project performance.
3,Stonepine Residences,Single-Family Residential Development / Subdivision,Historical Planning — Base Case (Superseded),custom,financing,SCH-DRAW-12,monthly_debt_draw,monthly debt draw — month 12,3779217,usd,estimated,"pasted_content_20.txt, CE Development Portfolio Financial Baseline, user-supplied 2026-08-21",,jchappell2120,12,12,construction,yes,Estimated/user-supplied historical planning base case. | Calculated monthly planning series from scenario drivers; not actual project performance.
3,Stonepine Residences,Single-Family Residential Development / Subdivision,Historical Planning — Base Case (Superseded),custom,financing,SCH-INT-12,monthly_interest,monthly interest — month 12,211848,usd,estimated,"pasted_content_20.txt, CE Development Portfolio Financial Baseline, user-supplied 2026-08-21",,jchappell2120,12,12,construction,yes,Estimated/user-supplied historical planning base case. | Calculated monthly planning series from scenario drivers; not actual project performance.
3,Stonepine Residences,Single-Family Residential Development / Subdivision,Historical Planning — Base Case (Superseded),custom,cash_flow,SCH-CF-12,monthly_levered_cash_flow,monthly levered cash flow — month 12,-4729540,usd,estimated,"pasted_content_20.txt, CE Development Portfolio Financial Baseline, user-supplied 2026-08-21",,jchappell2120,12,12,construction,yes,Estimated/user-supplied historical planning base case. | Calculated monthly planning series from scenario drivers; not actual project performance.
3,Stonepine Residences,Single-Family Residential Development / Subdivision,Historical Planning — Base Case (Superseded),custom,capital_deployment,SCH-COST-13,monthly_development_spend,monthly development spend — month 13,6984000,usd,estimated,"pasted_content_20.txt, CE Development Portfolio Financial Baseline, user-supplied 2026-08-21",,jchappell2120,13,13,construction,yes,Estimated/user-supplied historical planning base case. | Calculated monthly planning series from scenario drivers; not actual project performance.
3,Stonepine Residences,Single-Family Residential Development / Subdivision,Historical Planning — Base Case (Superseded),custom,schedule,SCH-CUM-13,cumulative_deployment_bps,cumulative deployment bps — month 13,3200,percentage_bps,estimated,"pasted_content_20.txt, CE Development Portfolio Financial Baseline, user-supplied 2026-08-21",,jchappell2120,13,13,construction,yes,Estimated/user-supplied historical planning base case. | Calculated monthly planning series from scenario drivers; not actual project performance.
3,Stonepine Residences,Single-Family Residential Development / Subdivision,Historical Planning — Base Case (Superseded),custom,schedule,SCH-OCC-13,occupancy_bps,occupancy bps — month 13,3429,percentage_bps,estimated,"pasted_content_20.txt, CE Development Portfolio Financial Baseline, user-supplied 2026-08-21",,jchappell2120,13,13,construction,yes,Estimated/user-supplied historical planning base case. | Calculated monthly planning series from scenario drivers; not actual project performance.
3,Stonepine Residences,Single-Family Residential Development / Subdivision,Historical Planning — Base Case (Superseded),custom,revenue,SCH-REV-13,monthly_effective_revenue,monthly effective revenue — month 13,1414463,usd,estimated,"pasted_content_20.txt, CE Development Portfolio Financial Baseline, user-supplied 2026-08-21",,jchappell2120,13,13,construction,yes,Estimated/user-supplied historical planning base case. | Calculated monthly planning series from scenario drivers; not actual project performance.
3,Stonepine Residences,Single-Family Residential Development / Subdivision,Historical Planning — Base Case (Superseded),custom,operations,SCH-OPEX-13,monthly_operating_expense,monthly operating expense — month 13,0,usd,estimated,"pasted_content_20.txt, CE Development Portfolio Financial Baseline, user-supplied 2026-08-21",,jchappell2120,13,13,construction,yes,Estimated/user-supplied historical planning base case. | Calculated monthly planning series from scenario drivers; not actual project performance.
3,Stonepine Residences,Single-Family Residential Development / Subdivision,Historical Planning — Base Case (Superseded),custom,financing,SCH-DRAW-13,monthly_debt_draw,monthly debt draw — month 13,4539600,usd,estimated,"pasted_content_20.txt, CE Development Portfolio Financial Baseline, user-supplied 2026-08-21",,jchappell2120,13,13,construction,yes,Estimated/user-supplied historical planning base case. | Calculated monthly planning series from scenario drivers; not actual project performance.
3,Stonepine Residences,Single-Family Residential Development / Subdivision,Historical Planning — Base Case (Superseded),custom,financing,SCH-INT-13,monthly_interest,monthly interest — month 13,242112,usd,estimated,"pasted_content_20.txt, CE Development Portfolio Financial Baseline, user-supplied 2026-08-21",,jchappell2120,13,13,construction,yes,Estimated/user-supplied historical planning base case. | Calculated monthly planning series from scenario drivers; not actual project performance.
3,Stonepine Residences,Single-Family Residential Development / Subdivision,Historical Planning — Base Case (Superseded),custom,cash_flow,SCH-CF-13,monthly_levered_cash_flow,monthly levered cash flow — month 13,-5811649,usd,estimated,"pasted_content_20.txt, CE Development Portfolio Financial Baseline, user-supplied 2026-08-21",,jchappell2120,13,13,construction,yes,Estimated/user-supplied historical planning base case. | Calculated monthly planning series from scenario drivers; not actual project performance.
3,Stonepine Residences,Single-Family Residential Development / Subdivision,Historical Planning — Base Case (Superseded),custom,capital_deployment,SCH-COST-14,monthly_development_spend,monthly development spend — month 14,6984000,usd,estimated,"pasted_content_20.txt, CE Development Portfolio Financial Baseline, user-supplied 2026-08-21",,jchappell2120,14,14,construction,yes,Estimated/user-supplied historical planning base case. | Calculated monthly planning series from scenario drivers; not actual project performance.
3,Stonepine Residences,Single-Family Residential Development / Subdivision,Historical Planning — Base Case (Superseded),custom,schedule,SCH-CUM-14,cumulative_deployment_bps,cumulative deployment bps — month 14,3600,percentage_bps,estimated,"pasted_content_20.txt, CE Development Portfolio Financial Baseline, user-supplied 2026-08-21",,jchappell2120,14,14,construction,yes,Estimated/user-supplied historical planning base case. | Calculated monthly planning series from scenario drivers; not actual project performance.
3,Stonepine Residences,Single-Family Residential Development / Subdivision,Historical Planning — Base Case (Superseded),custom,schedule,SCH-OCC-14,occupancy_bps,occupancy bps — month 14,3714,percentage_bps,estimated,"pasted_content_20.txt, CE Development Portfolio Financial Baseline, user-supplied 2026-08-21",,jchappell2120,14,14,construction,yes,Estimated/user-supplied historical planning base case. | Calculated monthly planning series from scenario drivers; not actual project performance.
3,Stonepine Residences,Single-Family Residential Development / Subdivision,Historical Planning — Base Case (Superseded),custom,revenue,SCH-REV-14,monthly_effective_revenue,monthly effective revenue — month 14,1532025,usd,estimated,"pasted_content_20.txt, CE Development Portfolio Financial Baseline, user-supplied 2026-08-21",,jchappell2120,14,14,construction,yes,Estimated/user-supplied historical planning base case. | Calculated monthly planning series from scenario drivers; not actual project performance.
3,Stonepine Residences,Single-Family Residential Development / Subdivision,Historical Planning — Base Case (Superseded),custom,operations,SCH-OPEX-14,monthly_operating_expense,monthly operating expense — month 14,0,usd,estimated,"pasted_content_20.txt, CE Development Portfolio Financial Baseline, user-supplied 2026-08-21",,jchappell2120,14,14,construction,yes,Estimated/user-supplied historical planning base case. | Calculated monthly planning series from scenario drivers; not actual project performance.
3,Stonepine Residences,Single-Family Residential Development / Subdivision,Historical Planning — Base Case (Superseded),custom,financing,SCH-DRAW-14,monthly_debt_draw,monthly debt draw — month 14,4539600,usd,estimated,"pasted_content_20.txt, CE Development Portfolio Financial Baseline, user-supplied 2026-08-21",,jchappell2120,14,14,construction,yes,Estimated/user-supplied historical planning base case. | Calculated monthly planning series from scenario drivers; not actual project performance.
3,Stonepine Residences,Single-Family Residential Development / Subdivision,Historical Planning — Base Case (Superseded),custom,financing,SCH-INT-14,monthly_interest,monthly interest — month 14,272376,usd,estimated,"pasted_content_20.txt, CE Development Portfolio Financial Baseline, user-supplied 2026-08-21",,jchappell2120,14,14,construction,yes,Estimated/user-supplied historical planning base case. | Calculated monthly planning series from scenario drivers; not actual project performance.
3,Stonepine Residences,Single-Family Residential Development / Subdivision,Historical Planning — Base Case (Superseded),custom,cash_flow,SCH-CF-14,monthly_levered_cash_flow,monthly levered cash flow — month 14,-5724351,usd,estimated,"pasted_content_20.txt, CE Development Portfolio Financial Baseline, user-supplied 2026-08-21",,jchappell2120,14,14,construction,yes,Estimated/user-supplied historical planning base case. | Calculated monthly planning series from scenario drivers; not actual project performance.
3,Stonepine Residences,Single-Family Residential Development / Subdivision,Historical Planning — Base Case (Superseded),custom,capital_deployment,SCH-COST-15,monthly_development_spend,monthly development spend — month 15,6984000,usd,estimated,"pasted_content_20.txt, CE Development Portfolio Financial Baseline, user-supplied 2026-08-21",,jchappell2120,15,15,construction,yes,Estimated/user-supplied historical planning base case. | Calculated monthly planning series from scenario drivers; not actual project performance.
3,Stonepine Residences,Single-Family Residential Development / Subdivision,Historical Planning — Base Case (Superseded),custom,schedule,SCH-CUM-15,cumulative_deployment_bps,cumulative deployment bps — month 15,4000,percentage_bps,estimated,"pasted_content_20.txt, CE Development Portfolio Financial Baseline, user-supplied 2026-08-21",,jchappell2120,15,15,construction,yes,Estimated/user-supplied historical planning base case. | Calculated monthly planning series from scenario drivers; not actual project performance.
3,Stonepine Residences,Single-Family Residential Development / Subdivision,Historical Planning — Base Case (Superseded),custom,schedule,SCH-OCC-15,occupancy_bps,occupancy bps — month 15,4000,percentage_bps,estimated,"pasted_content_20.txt, CE Development Portfolio Financial Baseline, user-supplied 2026-08-21",,jchappell2120,15,15,construction,yes,Estimated/user-supplied historical planning base case. | Calculated monthly planning series from scenario drivers; not actual project performance.
3,Stonepine Residences,Single-Family Residential Development / Subdivision,Historical Planning — Base Case (Superseded),custom,revenue,SCH-REV-15,monthly_effective_revenue,monthly effective revenue — month 15,1650000,usd,estimated,"pasted_content_20.txt, CE Development Portfolio Financial Baseline, user-supplied 2026-08-21",,jchappell2120,15,15,construction,yes,Estimated/user-supplied historical planning base case. | Calculated monthly planning series from scenario drivers; not actual project performance.
3,Stonepine Residences,Single-Family Residential Development / Subdivision,Historical Planning — Base Case (Superseded),custom,operations,SCH-OPEX-15,monthly_operating_expense,monthly operating expense — month 15,0,usd,estimated,"pasted_content_20.txt, CE Development Portfolio Financial Baseline, user-supplied 2026-08-21",,jchappell2120,15,15,construction,yes,Estimated/user-supplied historical planning base case. | Calculated monthly planning series from scenario drivers; not actual project performance.
3,Stonepine Residences,Single-Family Residential Development / Subdivision,Historical Planning — Base Case (Superseded),custom,financing,SCH-DRAW-15,monthly_debt_draw,monthly debt draw — month 15,4539600,usd,estimated,"pasted_content_20.txt, CE Development Portfolio Financial Baseline, user-supplied 2026-08-21",,jchappell2120,15,15,construction,yes,Estimated/user-supplied historical planning base case. | Calculated monthly planning series from scenario drivers; not actual project performance.
3,Stonepine Residences,Single-Family Residential Development / Subdivision,Historical Planning — Base Case (Superseded),custom,financing,SCH-INT-15,monthly_interest,monthly interest — month 15,302640,usd,estimated,"pasted_content_20.txt, CE Development Portfolio Financial Baseline, user-supplied 2026-08-21",,jchappell2120,15,15,construction,yes,Estimated/user-supplied historical planning base case. | Calculated monthly planning series from scenario drivers; not actual project performance.
3,Stonepine Residences,Single-Family Residential Development / Subdivision,Historical Planning — Base Case (Superseded),custom,cash_flow,SCH-CF-15,monthly_levered_cash_flow,monthly levered cash flow — month 15,-5636640,usd,estimated,"pasted_content_20.txt, CE Development Portfolio Financial Baseline, user-supplied 2026-08-21",,jchappell2120,15,15,construction,yes,Estimated/user-supplied historical planning base case. | Calculated monthly planning series from scenario drivers; not actual project performance.
3,Stonepine Residences,Single-Family Residential Development / Subdivision,Historical Planning — Base Case (Superseded),custom,capital_deployment,SCH-COST-16,monthly_development_spend,monthly development spend — month 16,6984000,usd,estimated,"pasted_content_20.txt, CE Development Portfolio Financial Baseline, user-supplied 2026-08-21",,jchappell2120,16,16,construction,yes,Estimated/user-supplied historical planning base case. | Calculated monthly planning series from scenario drivers; not actual project performance.
3,Stonepine Residences,Single-Family Residential Development / Subdivision,Historical Planning — Base Case (Superseded),custom,schedule,SCH-CUM-16,cumulative_deployment_bps,cumulative deployment bps — month 16,4400,percentage_bps,estimated,"pasted_content_20.txt, CE Development Portfolio Financial Baseline, user-supplied 2026-08-21",,jchappell2120,16,16,construction,yes,Estimated/user-supplied historical planning base case. | Calculated monthly planning series from scenario drivers; not actual project performance.
3,Stonepine Residences,Single-Family Residential Development / Subdivision,Historical Planning — Base Case (Superseded),custom,schedule,SCH-OCC-16,occupancy_bps,occupancy bps — month 16,4286,percentage_bps,estimated,"pasted_content_20.txt, CE Development Portfolio Financial Baseline, user-supplied 2026-08-21",,jchappell2120,16,16,construction,yes,Estimated/user-supplied historical planning base case. | Calculated monthly planning series from scenario drivers; not actual project performance.
3,Stonepine Residences,Single-Family Residential Development / Subdivision,Historical Planning — Base Case (Superseded),custom,revenue,SCH-REV-16,monthly_effective_revenue,monthly effective revenue — month 16,1767975,usd,estimated,"pasted_content_20.txt, CE Development Portfolio Financial Baseline, user-supplied 2026-08-21",,jchappell2120,16,16,construction,yes,Estimated/user-supplied historical planning base case. | Calculated monthly planning series from scenario drivers; not actual project performance.
3,Stonepine Residences,Single-Family Residential Development / Subdivision,Historical Planning — Base Case (Superseded),custom,operations,SCH-OPEX-16,monthly_operating_expense,monthly operating expense — month 16,0,usd,estimated,"pasted_content_20.txt, CE Development Portfolio Financial Baseline, user-supplied 2026-08-21",,jchappell2120,16,16,construction,yes,Estimated/user-supplied historical planning base case. | Calculated monthly planning series from scenario drivers; not actual project performance.
3,Stonepine Residences,Single-Family Residential Development / Subdivision,Historical Planning — Base Case (Superseded),custom,financing,SCH-DRAW-16,monthly_debt_draw,monthly debt draw — month 16,4539600,usd,estimated,"pasted_content_20.txt, CE Development Portfolio Financial Baseline, user-supplied 2026-08-21",,jchappell2120,16,16,construction,yes,Estimated/user-supplied historical planning base case. | Calculated monthly planning series from scenario drivers; not actual project performance.
3,Stonepine Residences,Single-Family Residential Development / Subdivision,Historical Planning — Base Case (Superseded),custom,financing,SCH-INT-16,monthly_interest,monthly interest — month 16,332904,usd,estimated,"pasted_content_20.txt, CE Development Portfolio Financial Baseline, user-supplied 2026-08-21",,jchappell2120,16,16,construction,yes,Estimated/user-supplied historical planning base case. | Calculated monthly planning series from scenario drivers; not actual project performance.
3,Stonepine Residences,Single-Family Residential Development / Subdivision,Historical Planning — Base Case (Superseded),custom,cash_flow,SCH-CF-16,monthly_levered_cash_flow,monthly levered cash flow — month 16,-5548929,usd,estimated,"pasted_content_20.txt, CE Development Portfolio Financial Baseline, user-supplied 2026-08-21",,jchappell2120,16,16,construction,yes,Estimated/user-supplied historical planning base case. | Calculated monthly planning series from scenario drivers; not actual project performance.
3,Stonepine Residences,Single-Family Residential Development / Subdivision,Historical Planning — Base Case (Superseded),custom,capital_deployment,SCH-COST-17,monthly_development_spend,monthly development spend — month 17,6984000,usd,estimated,"pasted_content_20.txt, CE Development Portfolio Financial Baseline, user-supplied 2026-08-21",,jchappell2120,17,17,construction,yes,Estimated/user-supplied historical planning base case. | Calculated monthly planning series from scenario drivers; not actual project performance.
3,Stonepine Residences,Single-Family Residential Development / Subdivision,Historical Planning — Base Case (Superseded),custom,schedule,SCH-CUM-17,cumulative_deployment_bps,cumulative deployment bps — month 17,4800,percentage_bps,estimated,"pasted_content_20.txt, CE Development Portfolio Financial Baseline, user-supplied 2026-08-21",,jchappell2120,17,17,construction,yes,Estimated/user-supplied historical planning base case. | Calculated monthly planning series from scenario drivers; not actual project performance.
3,Stonepine Residences,Single-Family Residential Development / Subdivision,Historical Planning — Base Case (Superseded),custom,schedule,SCH-OCC-17,occupancy_bps,occupancy bps — month 17,4571,percentage_bps,estimated,"pasted_content_20.txt, CE Development Portfolio Financial Baseline, user-supplied 2026-08-21",,jchappell2120,17,17,construction,yes,Estimated/user-supplied historical planning base case. | Calculated monthly planning series from scenario drivers; not actual project performance.
3,Stonepine Residences,Single-Family Residential Development / Subdivision,Historical Planning — Base Case (Superseded),custom,revenue,SCH-REV-17,monthly_effective_revenue,monthly effective revenue — month 17,1885538,usd,estimated,"pasted_content_20.txt, CE Development Portfolio Financial Baseline, user-supplied 2026-08-21",,jchappell2120,17,17,construction,yes,Estimated/user-supplied historical planning base case. | Calculated monthly planning series from scenario drivers; not actual project performance.
3,Stonepine Residences,Single-Family Residential Development / Subdivision,Historical Planning — Base Case (Superseded),custom,operations,SCH-OPEX-17,monthly_operating_expense,monthly operating expense — month 17,0,usd,estimated,"pasted_content_20.txt, CE Development Portfolio Financial Baseline, user-supplied 2026-08-21",,jchappell2120,17,17,construction,yes,Estimated/user-supplied historical planning base case. | Calculated monthly planning series from scenario drivers; not actual project performance.
3,Stonepine Residences,Single-Family Residential Development / Subdivision,Historical Planning — Base Case (Superseded),custom,financing,SCH-DRAW-17,monthly_debt_draw,monthly debt draw — month 17,4539600,usd,estimated,"pasted_content_20.txt, CE Development Portfolio Financial Baseline, user-supplied 2026-08-21",,jchappell2120,17,17,construction,yes,Estimated/user-supplied historical planning base case. | Calculated monthly planning series from scenario drivers; not actual project performance.
3,Stonepine Residences,Single-Family Residential Development / Subdivision,Historical Planning — Base Case (Superseded),custom,financing,SCH-INT-17,monthly_interest,monthly interest — month 17,363168,usd,estimated,"pasted_content_20.txt, CE Development Portfolio Financial Baseline, user-supplied 2026-08-21",,jchappell2120,17,17,construction,yes,Estimated/user-supplied historical planning base case. | Calculated monthly planning series from scenario drivers; not actual project performance.
3,Stonepine Residences,Single-Family Residential Development / Subdivision,Historical Planning — Base Case (Superseded),custom,cash_flow,SCH-CF-17,monthly_levered_cash_flow,monthly levered cash flow — month 17,-5461630,usd,estimated,"pasted_content_20.txt, CE Development Portfolio Financial Baseline, user-supplied 2026-08-21",,jchappell2120,17,17,construction,yes,Estimated/user-supplied historical planning base case. | Calculated monthly planning series from scenario drivers; not actual project performance.
3,Stonepine Residences,Single-Family Residential Development / Subdivision,Historical Planning — Base Case (Superseded),custom,capital_deployment,SCH-COST-18,monthly_development_spend,monthly development spend — month 18,6984000,usd,estimated,"pasted_content_20.txt, CE Development Portfolio Financial Baseline, user-supplied 2026-08-21",,jchappell2120,18,18,construction,yes,Estimated/user-supplied historical planning base case. | Calculated monthly planning series from scenario drivers; not actual project performance.
3,Stonepine Residences,Single-Family Residential Development / Subdivision,Historical Planning — Base Case (Superseded),custom,schedule,SCH-CUM-18,cumulative_deployment_bps,cumulative deployment bps — month 18,5200,percentage_bps,estimated,"pasted_content_20.txt, CE Development Portfolio Financial Baseline, user-supplied 2026-08-21",,jchappell2120,18,18,construction,yes,Estimated/user-supplied historical planning base case. | Calculated monthly planning series from scenario drivers; not actual project performance.
3,Stonepine Residences,Single-Family Residential Development / Subdivision,Historical Planning — Base Case (Superseded),custom,schedule,SCH-OCC-18,occupancy_bps,occupancy bps — month 18,4857,percentage_bps,estimated,"pasted_content_20.txt, CE Development Portfolio Financial Baseline, user-supplied 2026-08-21",,jchappell2120,18,18,construction,yes,Estimated/user-supplied historical planning base case. | Calculated monthly planning series from scenario drivers; not actual project performance.
3,Stonepine Residences,Single-Family Residential Development / Subdivision,Historical Planning — Base Case (Superseded),custom,revenue,SCH-REV-18,monthly_effective_revenue,monthly effective revenue — month 18,2003513,usd,estimated,"pasted_content_20.txt, CE Development Portfolio Financial Baseline, user-supplied 2026-08-21",,jchappell2120,18,18,construction,yes,Estimated/user-supplied historical planning base case. | Calculated monthly planning series from scenario drivers; not actual project performance.
3,Stonepine Residences,Single-Family Residential Development / Subdivision,Historical Planning — Base Case (Superseded),custom,operations,SCH-OPEX-18,monthly_operating_expense,monthly operating expense — month 18,0,usd,estimated,"pasted_content_20.txt, CE Development Portfolio Financial Baseline, user-supplied 2026-08-21",,jchappell2120,18,18,construction,yes,Estimated/user-supplied historical planning base case. | Calculated monthly planning series from scenario drivers; not actual project performance.
3,Stonepine Residences,Single-Family Residential Development / Subdivision,Historical Planning — Base Case (Superseded),custom,financing,SCH-DRAW-18,monthly_debt_draw,monthly debt draw — month 18,4539600,usd,estimated,"pasted_content_20.txt, CE Development Portfolio Financial Baseline, user-supplied 2026-08-21",,jchappell2120,18,18,construction,yes,Estimated/user-supplied historical planning base case. | Calculated monthly planning series from scenario drivers; not actual project performance.
3,Stonepine Residences,Single-Family Residential Development / Subdivision,Historical Planning — Base Case (Superseded),custom,financing,SCH-INT-18,monthly_interest,monthly interest — month 18,393432,usd,estimated,"pasted_content_20.txt, CE Development Portfolio Financial Baseline, user-supplied 2026-08-21",,jchappell2120,18,18,construction,yes,Estimated/user-supplied historical planning base case. | Calculated monthly planning series from scenario drivers; not actual project performance.
3,Stonepine Residences,Single-Family Residential Development / Subdivision,Historical Planning — Base Case (Superseded),custom,cash_flow,SCH-CF-18,monthly_levered_cash_flow,monthly levered cash flow — month 18,-5373919,usd,estimated,"pasted_content_20.txt, CE Development Portfolio Financial Baseline, user-supplied 2026-08-21",,jchappell2120,18,18,construction,yes,Estimated/user-supplied historical planning base case. | Calculated monthly planning series from scenario drivers; not actual project performance.
3,Stonepine Residences,Single-Family Residential Development / Subdivision,Historical Planning — Base Case (Superseded),custom,capital_deployment,SCH-COST-19,monthly_development_spend,monthly development spend — month 19,6984000,usd,estimated,"pasted_content_20.txt, CE Development Portfolio Financial Baseline, user-supplied 2026-08-21",,jchappell2120,19,19,construction,yes,Estimated/user-supplied historical planning base case. | Calculated monthly planning series from scenario drivers; not actual project performance.
3,Stonepine Residences,Single-Family Residential Development / Subdivision,Historical Planning — Base Case (Superseded),custom,schedule,SCH-CUM-19,cumulative_deployment_bps,cumulative deployment bps — month 19,5600,percentage_bps,estimated,"pasted_content_20.txt, CE Development Portfolio Financial Baseline, user-supplied 2026-08-21",,jchappell2120,19,19,construction,yes,Estimated/user-supplied historical planning base case. | Calculated monthly planning series from scenario drivers; not actual project performance.
3,Stonepine Residences,Single-Family Residential Development / Subdivision,Historical Planning — Base Case (Superseded),custom,schedule,SCH-OCC-19,occupancy_bps,occupancy bps — month 19,5143,percentage_bps,estimated,"pasted_content_20.txt, CE Development Portfolio Financial Baseline, user-supplied 2026-08-21",,jchappell2120,19,19,construction,yes,Estimated/user-supplied historical planning base case. | Calculated monthly planning series from scenario drivers; not actual project performance.
3,Stonepine Residences,Single-Family Residential Development / Subdivision,Historical Planning — Base Case (Superseded),custom,revenue,SCH-REV-19,monthly_effective_revenue,monthly effective revenue — month 19,2121488,usd,estimated,"pasted_content_20.txt, CE Development Portfolio Financial Baseline, user-supplied 2026-08-21",,jchappell2120,19,19,construction,yes,Estimated/user-supplied historical planning base case. | Calculated monthly planning series from scenario drivers; not actual project performance.
3,Stonepine Residences,Single-Family Residential Development / Subdivision,Historical Planning — Base Case (Superseded),custom,operations,SCH-OPEX-19,monthly_operating_expense,monthly operating expense — month 19,0,usd,estimated,"pasted_content_20.txt, CE Development Portfolio Financial Baseline, user-supplied 2026-08-21",,jchappell2120,19,19,construction,yes,Estimated/user-supplied historical planning base case. | Calculated monthly planning series from scenario drivers; not actual project performance.
3,Stonepine Residences,Single-Family Residential Development / Subdivision,Historical Planning — Base Case (Superseded),custom,financing,SCH-DRAW-19,monthly_debt_draw,monthly debt draw — month 19,4539600,usd,estimated,"pasted_content_20.txt, CE Development Portfolio Financial Baseline, user-supplied 2026-08-21",,jchappell2120,19,19,construction,yes,Estimated/user-supplied historical planning base case. | Calculated monthly planning series from scenario drivers; not actual project performance.
3,Stonepine Residences,Single-Family Residential Development / Subdivision,Historical Planning — Base Case (Superseded),custom,financing,SCH-INT-19,monthly_interest,monthly interest — month 19,423696,usd,estimated,"pasted_content_20.txt, CE Development Portfolio Financial Baseline, user-supplied 2026-08-21",,jchappell2120,19,19,construction,yes,Estimated/user-supplied historical planning base case. | Calculated monthly planning series from scenario drivers; not actual project performance.
3,Stonepine Residences,Single-Family Residential Development / Subdivision,Historical Planning — Base Case (Superseded),custom,cash_flow,SCH-CF-19,monthly_levered_cash_flow,monthly levered cash flow — month 19,-5286208,usd,estimated,"pasted_content_20.txt, CE Development Portfolio Financial Baseline, user-supplied 2026-08-21",,jchappell2120,19,19,construction,yes,Estimated/user-supplied historical planning base case. | Calculated monthly planning series from scenario drivers; not actual project performance.
3,Stonepine Residences,Single-Family Residential Development / Subdivision,Historical Planning — Base Case (Superseded),custom,capital_deployment,SCH-COST-20,monthly_development_spend,monthly development spend — month 20,6984000,usd,estimated,"pasted_content_20.txt, CE Development Portfolio Financial Baseline, user-supplied 2026-08-21",,jchappell2120,20,20,construction,yes,Estimated/user-supplied historical planning base case. | Calculated monthly planning series from scenario drivers; not actual project performance.
3,Stonepine Residences,Single-Family Residential Development / Subdivision,Historical Planning — Base Case (Superseded),custom,schedule,SCH-CUM-20,cumulative_deployment_bps,cumulative deployment bps — month 20,6000,percentage_bps,estimated,"pasted_content_20.txt, CE Development Portfolio Financial Baseline, user-supplied 2026-08-21",,jchappell2120,20,20,construction,yes,Estimated/user-supplied historical planning base case. | Calculated monthly planning series from scenario drivers; not actual project performance.
3,Stonepine Residences,Single-Family Residential Development / Subdivision,Historical Planning — Base Case (Superseded),custom,schedule,SCH-OCC-20,occupancy_bps,occupancy bps — month 20,5429,percentage_bps,estimated,"pasted_content_20.txt, CE Development Portfolio Financial Baseline, user-supplied 2026-08-21",,jchappell2120,20,20,construction,yes,Estimated/user-supplied historical planning base case. | Calculated monthly planning series from scenario drivers; not actual project performance.
3,Stonepine Residences,Single-Family Residential Development / Subdivision,Historical Planning — Base Case (Superseded),custom,revenue,SCH-REV-20,monthly_effective_revenue,monthly effective revenue — month 20,2239463,usd,estimated,"pasted_content_20.txt, CE Development Portfolio Financial Baseline, user-supplied 2026-08-21",,jchappell2120,20,20,construction,yes,Estimated/user-supplied historical planning base case. | Calculated monthly planning series from scenario drivers; not actual project performance.
3,Stonepine Residences,Single-Family Residential Development / Subdivision,Historical Planning — Base Case (Superseded),custom,operations,SCH-OPEX-20,monthly_operating_expense,monthly operating expense — month 20,0,usd,estimated,"pasted_content_20.txt, CE Development Portfolio Financial Baseline, user-supplied 2026-08-21",,jchappell2120,20,20,construction,yes,Estimated/user-supplied historical planning base case. | Calculated monthly planning series from scenario drivers; not actual project performance.
3,Stonepine Residences,Single-Family Residential Development / Subdivision,Historical Planning — Base Case (Superseded),custom,financing,SCH-DRAW-20,monthly_debt_draw,monthly debt draw — month 20,4539600,usd,estimated,"pasted_content_20.txt, CE Development Portfolio Financial Baseline, user-supplied 2026-08-21",,jchappell2120,20,20,construction,yes,Estimated/user-supplied historical planning base case. | Calculated monthly planning series from scenario drivers; not actual project performance.
3,Stonepine Residences,Single-Family Residential Development / Subdivision,Historical Planning — Base Case (Superseded),custom,financing,SCH-INT-20,monthly_interest,monthly interest — month 20,453960,usd,estimated,"pasted_content_20.txt, CE Development Portfolio Financial Baseline, user-supplied 2026-08-21",,jchappell2120,20,20,construction,yes,Estimated/user-supplied historical planning base case. | Calculated monthly planning series from scenario drivers; not actual project performance.
3,Stonepine Residences,Single-Family Residential Development / Subdivision,Historical Planning — Base Case (Superseded),custom,cash_flow,SCH-CF-20,monthly_levered_cash_flow,monthly levered cash flow — month 20,-5198497,usd,estimated,"pasted_content_20.txt, CE Development Portfolio Financial Baseline, user-supplied 2026-08-21",,jchappell2120,20,20,construction,yes,Estimated/user-supplied historical planning base case. | Calculated monthly planning series from scenario drivers; not actual project performance.
3,Stonepine Residences,Single-Family Residential Development / Subdivision,Historical Planning — Base Case (Superseded),custom,capital_deployment,SCH-COST-21,monthly_development_spend,monthly development spend — month 21,6984000,usd,estimated,"pasted_content_20.txt, CE Development Portfolio Financial Baseline, user-supplied 2026-08-21",,jchappell2120,21,21,construction,yes,Estimated/user-supplied historical planning base case. | Calculated monthly planning series from scenario drivers; not actual project performance.
3,Stonepine Residences,Single-Family Residential Development / Subdivision,Historical Planning — Base Case (Superseded),custom,schedule,SCH-CUM-21,cumulative_deployment_bps,cumulative deployment bps — month 21,6400,percentage_bps,estimated,"pasted_content_20.txt, CE Development Portfolio Financial Baseline, user-supplied 2026-08-21",,jchappell2120,21,21,construction,yes,Estimated/user-supplied historical planning base case. | Calculated monthly planning series from scenario drivers; not actual project performance.
3,Stonepine Residences,Single-Family Residential Development / Subdivision,Historical Planning — Base Case (Superseded),custom,schedule,SCH-OCC-21,occupancy_bps,occupancy bps — month 21,5714,percentage_bps,estimated,"pasted_content_20.txt, CE Development Portfolio Financial Baseline, user-supplied 2026-08-21",,jchappell2120,21,21,construction,yes,Estimated/user-supplied historical planning base case. | Calculated monthly planning series from scenario drivers; not actual project performance.
3,Stonepine Residences,Single-Family Residential Development / Subdivision,Historical Planning — Base Case (Superseded),custom,revenue,SCH-REV-21,monthly_effective_revenue,monthly effective revenue — month 21,2357025,usd,estimated,"pasted_content_20.txt, CE Development Portfolio Financial Baseline, user-supplied 2026-08-21",,jchappell2120,21,21,construction,yes,Estimated/user-supplied historical planning base case. | Calculated monthly planning series from scenario drivers; not actual project performance.
3,Stonepine Residences,Single-Family Residential Development / Subdivision,Historical Planning — Base Case (Superseded),custom,operations,SCH-OPEX-21,monthly_operating_expense,monthly operating expense — month 21,0,usd,estimated,"pasted_content_20.txt, CE Development Portfolio Financial Baseline, user-supplied 2026-08-21",,jchappell2120,21,21,construction,yes,Estimated/user-supplied historical planning base case. | Calculated monthly planning series from scenario drivers; not actual project performance.
3,Stonepine Residences,Single-Family Residential Development / Subdivision,Historical Planning — Base Case (Superseded),custom,financing,SCH-DRAW-21,monthly_debt_draw,monthly debt draw — month 21,4539600,usd,estimated,"pasted_content_20.txt, CE Development Portfolio Financial Baseline, user-supplied 2026-08-21",,jchappell2120,21,21,construction,yes,Estimated/user-supplied historical planning base case. | Calculated monthly planning series from scenario drivers; not actual project performance.
3,Stonepine Residences,Single-Family Residential Development / Subdivision,Historical Planning — Base Case (Superseded),custom,financing,SCH-INT-21,monthly_interest,monthly interest — month 21,484224,usd,estimated,"pasted_content_20.txt, CE Development Portfolio Financial Baseline, user-supplied 2026-08-21",,jchappell2120,21,21,construction,yes,Estimated/user-supplied historical planning base case. | Calculated monthly planning series from scenario drivers; not actual project performance.
3,Stonepine Residences,Single-Family Residential Development / Subdivision,Historical Planning — Base Case (Superseded),custom,cash_flow,SCH-CF-21,monthly_levered_cash_flow,monthly levered cash flow — month 21,-5111199,usd,estimated,"pasted_content_20.txt, CE Development Portfolio Financial Baseline, user-supplied 2026-08-21",,jchappell2120,21,21,construction,yes,Estimated/user-supplied historical planning base case. | Calculated monthly planning series from scenario drivers; not actual project performance.
3,Stonepine Residences,Single-Family Residential Development / Subdivision,Historical Planning — Base Case (Superseded),custom,capital_deployment,SCH-COST-22,monthly_development_spend,monthly development spend — month 22,6984000,usd,estimated,"pasted_content_20.txt, CE Development Portfolio Financial Baseline, user-supplied 2026-08-21",,jchappell2120,22,22,construction,yes,Estimated/user-supplied historical planning base case. | Calculated monthly planning series from scenario drivers; not actual project performance.
3,Stonepine Residences,Single-Family Residential Development / Subdivision,Historical Planning — Base Case (Superseded),custom,schedule,SCH-CUM-22,cumulative_deployment_bps,cumulative deployment bps — month 22,6800,percentage_bps,estimated,"pasted_content_20.txt, CE Development Portfolio Financial Baseline, user-supplied 2026-08-21",,jchappell2120,22,22,construction,yes,Estimated/user-supplied historical planning base case. | Calculated monthly planning series from scenario drivers; not actual project performance.
3,Stonepine Residences,Single-Family Residential Development / Subdivision,Historical Planning — Base Case (Superseded),custom,schedule,SCH-OCC-22,occupancy_bps,occupancy bps — month 22,6000,percentage_bps,estimated,"pasted_content_20.txt, CE Development Portfolio Financial Baseline, user-supplied 2026-08-21",,jchappell2120,22,22,construction,yes,Estimated/user-supplied historical planning base case. | Calculated monthly planning series from scenario drivers; not actual project performance.
3,Stonepine Residences,Single-Family Residential Development / Subdivision,Historical Planning — Base Case (Superseded),custom,revenue,SCH-REV-22,monthly_effective_revenue,monthly effective revenue — month 22,2475000,usd,estimated,"pasted_content_20.txt, CE Development Portfolio Financial Baseline, user-supplied 2026-08-21",,jchappell2120,22,22,construction,yes,Estimated/user-supplied historical planning base case. | Calculated monthly planning series from scenario drivers; not actual project performance.
3,Stonepine Residences,Single-Family Residential Development / Subdivision,Historical Planning — Base Case (Superseded),custom,operations,SCH-OPEX-22,monthly_operating_expense,monthly operating expense — month 22,0,usd,estimated,"pasted_content_20.txt, CE Development Portfolio Financial Baseline, user-supplied 2026-08-21",,jchappell2120,22,22,construction,yes,Estimated/user-supplied historical planning base case. | Calculated monthly planning series from scenario drivers; not actual project performance.
3,Stonepine Residences,Single-Family Residential Development / Subdivision,Historical Planning — Base Case (Superseded),custom,financing,SCH-DRAW-22,monthly_debt_draw,monthly debt draw — month 22,4539600,usd,estimated,"pasted_content_20.txt, CE Development Portfolio Financial Baseline, user-supplied 2026-08-21",,jchappell2120,22,22,construction,yes,Estimated/user-supplied historical planning base case. | Calculated monthly planning series from scenario drivers; not actual project performance.
3,Stonepine Residences,Single-Family Residential Development / Subdivision,Historical Planning — Base Case (Superseded),custom,financing,SCH-INT-22,monthly_interest,monthly interest — month 22,514488,usd,estimated,"pasted_content_20.txt, CE Development Portfolio Financial Baseline, user-supplied 2026-08-21",,jchappell2120,22,22,construction,yes,Estimated/user-supplied historical planning base case. | Calculated monthly planning series from scenario drivers; not actual project performance.
3,Stonepine Residences,Single-Family Residential Development / Subdivision,Historical Planning — Base Case (Superseded),custom,cash_flow,SCH-CF-22,monthly_levered_cash_flow,monthly levered cash flow — month 22,-5023488,usd,estimated,"pasted_content_20.txt, CE Development Portfolio Financial Baseline, user-supplied 2026-08-21",,jchappell2120,22,22,construction,yes,Estimated/user-supplied historical planning base case. | Calculated monthly planning series from scenario drivers; not actual project performance.
3,Stonepine Residences,Single-Family Residential Development / Subdivision,Historical Planning — Base Case (Superseded),custom,capital_deployment,SCH-COST-23,monthly_development_spend,monthly development spend — month 23,6984000,usd,estimated,"pasted_content_20.txt, CE Development Portfolio Financial Baseline, user-supplied 2026-08-21",,jchappell2120,23,23,construction,yes,Estimated/user-supplied historical planning base case. | Calculated monthly planning series from scenario drivers; not actual project performance.
3,Stonepine Residences,Single-Family Residential Development / Subdivision,Historical Planning — Base Case (Superseded),custom,schedule,SCH-CUM-23,cumulative_deployment_bps,cumulative deployment bps — month 23,7200,percentage_bps,estimated,"pasted_content_20.txt, CE Development Portfolio Financial Baseline, user-supplied 2026-08-21",,jchappell2120,23,23,construction,yes,Estimated/user-supplied historical planning base case. | Calculated monthly planning series from scenario drivers; not actual project performance.
3,Stonepine Residences,Single-Family Residential Development / Subdivision,Historical Planning — Base Case (Superseded),custom,schedule,SCH-OCC-23,occupancy_bps,occupancy bps — month 23,6286,percentage_bps,estimated,"pasted_content_20.txt, CE Development Portfolio Financial Baseline, user-supplied 2026-08-21",,jchappell2120,23,23,construction,yes,Estimated/user-supplied historical planning base case. | Calculated monthly planning series from scenario drivers; not actual project performance.
3,Stonepine Residences,Single-Family Residential Development / Subdivision,Historical Planning — Base Case (Superseded),custom,revenue,SCH-REV-23,monthly_effective_revenue,monthly effective revenue — month 23,2592975,usd,estimated,"pasted_content_20.txt, CE Development Portfolio Financial Baseline, user-supplied 2026-08-21",,jchappell2120,23,23,construction,yes,Estimated/user-supplied historical planning base case. | Calculated monthly planning series from scenario drivers; not actual project performance.
3,Stonepine Residences,Single-Family Residential Development / Subdivision,Historical Planning — Base Case (Superseded),custom,operations,SCH-OPEX-23,monthly_operating_expense,monthly operating expense — month 23,0,usd,estimated,"pasted_content_20.txt, CE Development Portfolio Financial Baseline, user-supplied 2026-08-21",,jchappell2120,23,23,construction,yes,Estimated/user-supplied historical planning base case. | Calculated monthly planning series from scenario drivers; not actual project performance.
3,Stonepine Residences,Single-Family Residential Development / Subdivision,Historical Planning — Base Case (Superseded),custom,financing,SCH-DRAW-23,monthly_debt_draw,monthly debt draw — month 23,4539600,usd,estimated,"pasted_content_20.txt, CE Development Portfolio Financial Baseline, user-supplied 2026-08-21",,jchappell2120,23,23,construction,yes,Estimated/user-supplied historical planning base case. | Calculated monthly planning series from scenario drivers; not actual project performance.
3,Stonepine Residences,Single-Family Residential Development / Subdivision,Historical Planning — Base Case (Superseded),custom,financing,SCH-INT-23,monthly_interest,monthly interest — month 23,544752,usd,estimated,"pasted_content_20.txt, CE Development Portfolio Financial Baseline, user-supplied 2026-08-21",,jchappell2120,23,23,construction,yes,Estimated/user-supplied historical planning base case. | Calculated monthly planning series from scenario drivers; not actual project performance.
3,Stonepine Residences,Single-Family Residential Development / Subdivision,Historical Planning — Base Case (Superseded),custom,cash_flow,SCH-CF-23,monthly_levered_cash_flow,monthly levered cash flow — month 23,-4935777,usd,estimated,"pasted_content_20.txt, CE Development Portfolio Financial Baseline, user-supplied 2026-08-21",,jchappell2120,23,23,construction,yes,Estimated/user-supplied historical planning base case. | Calculated monthly planning series from scenario drivers; not actual project performance.
3,Stonepine Residences,Single-Family Residential Development / Subdivision,Historical Planning — Base Case (Superseded),custom,capital_deployment,SCH-COST-24,monthly_development_spend,monthly development spend — month 24,6984000,usd,estimated,"pasted_content_20.txt, CE Development Portfolio Financial Baseline, user-supplied 2026-08-21",,jchappell2120,24,24,construction,yes,Estimated/user-supplied historical planning base case. | Calculated monthly planning series from scenario drivers; not actual project performance.
3,Stonepine Residences,Single-Family Residential Development / Subdivision,Historical Planning — Base Case (Superseded),custom,schedule,SCH-CUM-24,cumulative_deployment_bps,cumulative deployment bps — month 24,7600,percentage_bps,estimated,"pasted_content_20.txt, CE Development Portfolio Financial Baseline, user-supplied 2026-08-21",,jchappell2120,24,24,construction,yes,Estimated/user-supplied historical planning base case. | Calculated monthly planning series from scenario drivers; not actual project performance.
3,Stonepine Residences,Single-Family Residential Development / Subdivision,Historical Planning — Base Case (Superseded),custom,schedule,SCH-OCC-24,occupancy_bps,occupancy bps — month 24,6571,percentage_bps,estimated,"pasted_content_20.txt, CE Development Portfolio Financial Baseline, user-supplied 2026-08-21",,jchappell2120,24,24,construction,yes,Estimated/user-supplied historical planning base case. | Calculated monthly planning series from scenario drivers; not actual project performance.
3,Stonepine Residences,Single-Family Residential Development / Subdivision,Historical Planning — Base Case (Superseded),custom,revenue,SCH-REV-24,monthly_effective_revenue,monthly effective revenue — month 24,2710538,usd,estimated,"pasted_content_20.txt, CE Development Portfolio Financial Baseline, user-supplied 2026-08-21",,jchappell2120,24,24,construction,yes,Estimated/user-supplied historical planning base case. | Calculated monthly planning series from scenario drivers; not actual project performance.
3,Stonepine Residences,Single-Family Residential Development / Subdivision,Historical Planning — Base Case (Superseded),custom,operations,SCH-OPEX-24,monthly_operating_expense,monthly operating expense — month 24,0,usd,estimated,"pasted_content_20.txt, CE Development Portfolio Financial Baseline, user-supplied 2026-08-21",,jchappell2120,24,24,construction,yes,Estimated/user-supplied historical planning base case. | Calculated monthly planning series from scenario drivers; not actual project performance.
3,Stonepine Residences,Single-Family Residential Development / Subdivision,Historical Planning — Base Case (Superseded),custom,financing,SCH-DRAW-24,monthly_debt_draw,monthly debt draw — month 24,4539600,usd,estimated,"pasted_content_20.txt, CE Development Portfolio Financial Baseline, user-supplied 2026-08-21",,jchappell2120,24,24,construction,yes,Estimated/user-supplied historical planning base case. | Calculated monthly planning series from scenario drivers; not actual project performance.
3,Stonepine Residences,Single-Family Residential Development / Subdivision,Historical Planning — Base Case (Superseded),custom,financing,SCH-INT-24,monthly_interest,monthly interest — month 24,575016,usd,estimated,"pasted_content_20.txt, CE Development Portfolio Financial Baseline, user-supplied 2026-08-21",,jchappell2120,24,24,construction,yes,Estimated/user-supplied historical planning base case. | Calculated monthly planning series from scenario drivers; not actual project performance.
3,Stonepine Residences,Single-Family Residential Development / Subdivision,Historical Planning — Base Case (Superseded),custom,cash_flow,SCH-CF-24,monthly_levered_cash_flow,monthly levered cash flow — month 24,-4848478,usd,estimated,"pasted_content_20.txt, CE Development Portfolio Financial Baseline, user-supplied 2026-08-21",,jchappell2120,24,24,construction,yes,Estimated/user-supplied historical planning base case. | Calculated monthly planning series from scenario drivers; not actual project performance.
3,Stonepine Residences,Single-Family Residential Development / Subdivision,Historical Planning — Base Case (Superseded),custom,capital_deployment,SCH-COST-25,monthly_development_spend,monthly development spend — month 25,6984000,usd,estimated,"pasted_content_20.txt, CE Development Portfolio Financial Baseline, user-supplied 2026-08-21",,jchappell2120,25,25,construction,yes,Estimated/user-supplied historical planning base case. | Calculated monthly planning series from scenario drivers; not actual project performance.
3,Stonepine Residences,Single-Family Residential Development / Subdivision,Historical Planning — Base Case (Superseded),custom,schedule,SCH-CUM-25,cumulative_deployment_bps,cumulative deployment bps — month 25,8000,percentage_bps,estimated,"pasted_content_20.txt, CE Development Portfolio Financial Baseline, user-supplied 2026-08-21",,jchappell2120,25,25,construction,yes,Estimated/user-supplied historical planning base case. | Calculated monthly planning series from scenario drivers; not actual project performance.
3,Stonepine Residences,Single-Family Residential Development / Subdivision,Historical Planning — Base Case (Superseded),custom,schedule,SCH-OCC-25,occupancy_bps,occupancy bps — month 25,6857,percentage_bps,estimated,"pasted_content_20.txt, CE Development Portfolio Financial Baseline, user-supplied 2026-08-21",,jchappell2120,25,25,construction,yes,Estimated/user-supplied historical planning base case. | Calculated monthly planning series from scenario drivers; not actual project performance.
3,Stonepine Residences,Single-Family Residential Development / Subdivision,Historical Planning — Base Case (Superseded),custom,revenue,SCH-REV-25,monthly_effective_revenue,monthly effective revenue — month 25,2828513,usd,estimated,"pasted_content_20.txt, CE Development Portfolio Financial Baseline, user-supplied 2026-08-21",,jchappell2120,25,25,construction,yes,Estimated/user-supplied historical planning base case. | Calculated monthly planning series from scenario drivers; not actual project performance.
3,Stonepine Residences,Single-Family Residential Development / Subdivision,Historical Planning — Base Case (Superseded),custom,operations,SCH-OPEX-25,monthly_operating_expense,monthly operating expense — month 25,0,usd,estimated,"pasted_content_20.txt, CE Development Portfolio Financial Baseline, user-supplied 2026-08-21",,jchappell2120,25,25,construction,yes,Estimated/user-supplied historical planning base case. | Calculated monthly planning series from scenario drivers; not actual project performance.
3,Stonepine Residences,Single-Family Residential Development / Subdivision,Historical Planning — Base Case (Superseded),custom,financing,SCH-DRAW-25,monthly_debt_draw,monthly debt draw — month 25,4539600,usd,estimated,"pasted_content_20.txt, CE Development Portfolio Financial Baseline, user-supplied 2026-08-21",,jchappell2120,25,25,construction,yes,Estimated/user-supplied historical planning base case. | Calculated monthly planning series from scenario drivers; not actual project performance.
3,Stonepine Residences,Single-Family Residential Development / Subdivision,Historical Planning — Base Case (Superseded),custom,financing,SCH-INT-25,monthly_interest,monthly interest — month 25,605280,usd,estimated,"pasted_content_20.txt, CE Development Portfolio Financial Baseline, user-supplied 2026-08-21",,jchappell2120,25,25,construction,yes,Estimated/user-supplied historical planning base case. | Calculated monthly planning series from scenario drivers; not actual project performance.
3,Stonepine Residences,Single-Family Residential Development / Subdivision,Historical Planning — Base Case (Superseded),custom,cash_flow,SCH-CF-25,monthly_levered_cash_flow,monthly levered cash flow — month 25,-4760767,usd,estimated,"pasted_content_20.txt, CE Development Portfolio Financial Baseline, user-supplied 2026-08-21",,jchappell2120,25,25,construction,yes,Estimated/user-supplied historical planning base case. | Calculated monthly planning series from scenario drivers; not actual project performance.
3,Stonepine Residences,Single-Family Residential Development / Subdivision,Historical Planning — Base Case (Superseded),custom,capital_deployment,SCH-COST-26,monthly_development_spend,monthly development spend — month 26,6984000,usd,estimated,"pasted_content_20.txt, CE Development Portfolio Financial Baseline, user-supplied 2026-08-21",,jchappell2120,26,26,construction,yes,Estimated/user-supplied historical planning base case. | Calculated monthly planning series from scenario drivers; not actual project performance.
3,Stonepine Residences,Single-Family Residential Development / Subdivision,Historical Planning — Base Case (Superseded),custom,schedule,SCH-CUM-26,cumulative_deployment_bps,cumulative deployment bps — month 26,8400,percentage_bps,estimated,"pasted_content_20.txt, CE Development Portfolio Financial Baseline, user-supplied 2026-08-21",,jchappell2120,26,26,construction,yes,Estimated/user-supplied historical planning base case. | Calculated monthly planning series from scenario drivers; not actual project performance.
3,Stonepine Residences,Single-Family Residential Development / Subdivision,Historical Planning — Base Case (Superseded),custom,schedule,SCH-OCC-26,occupancy_bps,occupancy bps — month 26,7143,percentage_bps,estimated,"pasted_content_20.txt, CE Development Portfolio Financial Baseline, user-supplied 2026-08-21",,jchappell2120,26,26,construction,yes,Estimated/user-supplied historical planning base case. | Calculated monthly planning series from scenario drivers; not actual project performance.
3,Stonepine Residences,Single-Family Residential Development / Subdivision,Historical Planning — Base Case (Superseded),custom,revenue,SCH-REV-26,monthly_effective_revenue,monthly effective revenue — month 26,2946488,usd,estimated,"pasted_content_20.txt, CE Development Portfolio Financial Baseline, user-supplied 2026-08-21",,jchappell2120,26,26,construction,yes,Estimated/user-supplied historical planning base case. | Calculated monthly planning series from scenario drivers; not actual project performance.
3,Stonepine Residences,Single-Family Residential Development / Subdivision,Historical Planning — Base Case (Superseded),custom,operations,SCH-OPEX-26,monthly_operating_expense,monthly operating expense — month 26,0,usd,estimated,"pasted_content_20.txt, CE Development Portfolio Financial Baseline, user-supplied 2026-08-21",,jchappell2120,26,26,construction,yes,Estimated/user-supplied historical planning base case. | Calculated monthly planning series from scenario drivers; not actual project performance.
3,Stonepine Residences,Single-Family Residential Development / Subdivision,Historical Planning — Base Case (Superseded),custom,financing,SCH-DRAW-26,monthly_debt_draw,monthly debt draw — month 26,4539600,usd,estimated,"pasted_content_20.txt, CE Development Portfolio Financial Baseline, user-supplied 2026-08-21",,jchappell2120,26,26,construction,yes,Estimated/user-supplied historical planning base case. | Calculated monthly planning series from scenario drivers; not actual project performance.
3,Stonepine Residences,Single-Family Residential Development / Subdivision,Historical Planning — Base Case (Superseded),custom,financing,SCH-INT-26,monthly_interest,monthly interest — month 26,635544,usd,estimated,"pasted_content_20.txt, CE Development Portfolio Financial Baseline, user-supplied 2026-08-21",,jchappell2120,26,26,construction,yes,Estimated/user-supplied historical planning base case. | Calculated monthly planning series from scenario drivers; not actual project performance.
3,Stonepine Residences,Single-Family Residential Development / Subdivision,Historical Planning — Base Case (Superseded),custom,cash_flow,SCH-CF-26,monthly_levered_cash_flow,monthly levered cash flow — month 26,-4673056,usd,estimated,"pasted_content_20.txt, CE Development Portfolio Financial Baseline, user-supplied 2026-08-21",,jchappell2120,26,26,construction,yes,Estimated/user-supplied historical planning base case. | Calculated monthly planning series from scenario drivers; not actual project performance.
3,Stonepine Residences,Single-Family Residential Development / Subdivision,Historical Planning — Base Case (Superseded),custom,capital_deployment,SCH-COST-27,monthly_development_spend,monthly development spend — month 27,6984000,usd,estimated,"pasted_content_20.txt, CE Development Portfolio Financial Baseline, user-supplied 2026-08-21",,jchappell2120,27,27,construction,yes,Estimated/user-supplied historical planning base case. | Calculated monthly planning series from scenario drivers; not actual project performance.
3,Stonepine Residences,Single-Family Residential Development / Subdivision,Historical Planning — Base Case (Superseded),custom,schedule,SCH-CUM-27,cumulative_deployment_bps,cumulative deployment bps — month 27,8800,percentage_bps,estimated,"pasted_content_20.txt, CE Development Portfolio Financial Baseline, user-supplied 2026-08-21",,jchappell2120,27,27,construction,yes,Estimated/user-supplied historical planning base case. | Calculated monthly planning series from scenario drivers; not actual project performance.
3,Stonepine Residences,Single-Family Residential Development / Subdivision,Historical Planning — Base Case (Superseded),custom,schedule,SCH-OCC-27,occupancy_bps,occupancy bps — month 27,7429,percentage_bps,estimated,"pasted_content_20.txt, CE Development Portfolio Financial Baseline, user-supplied 2026-08-21",,jchappell2120,27,27,construction,yes,Estimated/user-supplied historical planning base case. | Calculated monthly planning series from scenario drivers; not actual project performance.
3,Stonepine Residences,Single-Family Residential Development / Subdivision,Historical Planning — Base Case (Superseded),custom,revenue,SCH-REV-27,monthly_effective_revenue,monthly effective revenue — month 27,3064463,usd,estimated,"pasted_content_20.txt, CE Development Portfolio Financial Baseline, user-supplied 2026-08-21",,jchappell2120,27,27,construction,yes,Estimated/user-supplied historical planning base case. | Calculated monthly planning series from scenario drivers; not actual project performance.
3,Stonepine Residences,Single-Family Residential Development / Subdivision,Historical Planning — Base Case (Superseded),custom,operations,SCH-OPEX-27,monthly_operating_expense,monthly operating expense — month 27,0,usd,estimated,"pasted_content_20.txt, CE Development Portfolio Financial Baseline, user-supplied 2026-08-21",,jchappell2120,27,27,construction,yes,Estimated/user-supplied historical planning base case. | Calculated monthly planning series from scenario drivers; not actual project performance.
3,Stonepine Residences,Single-Family Residential Development / Subdivision,Historical Planning — Base Case (Superseded),custom,financing,SCH-DRAW-27,monthly_debt_draw,monthly debt draw — month 27,4539600,usd,estimated,"pasted_content_20.txt, CE Development Portfolio Financial Baseline, user-supplied 2026-08-21",,jchappell2120,27,27,construction,yes,Estimated/user-supplied historical planning base case. | Calculated monthly planning series from scenario drivers; not actual project performance.
3,Stonepine Residences,Single-Family Residential Development / Subdivision,Historical Planning — Base Case (Superseded),custom,financing,SCH-INT-27,monthly_interest,monthly interest — month 27,665808,usd,estimated,"pasted_content_20.txt, CE Development Portfolio Financial Baseline, user-supplied 2026-08-21",,jchappell2120,27,27,construction,yes,Estimated/user-supplied historical planning base case. | Calculated monthly planning series from scenario drivers; not actual project performance.
3,Stonepine Residences,Single-Family Residential Development / Subdivision,Historical Planning — Base Case (Superseded),custom,cash_flow,SCH-CF-27,monthly_levered_cash_flow,monthly levered cash flow — month 27,-4585345,usd,estimated,"pasted_content_20.txt, CE Development Portfolio Financial Baseline, user-supplied 2026-08-21",,jchappell2120,27,27,construction,yes,Estimated/user-supplied historical planning base case. | Calculated monthly planning series from scenario drivers; not actual project performance.
3,Stonepine Residences,Single-Family Residential Development / Subdivision,Historical Planning — Base Case (Superseded),custom,capital_deployment,SCH-COST-28,monthly_development_spend,monthly development spend — month 28,6984000,usd,estimated,"pasted_content_20.txt, CE Development Portfolio Financial Baseline, user-supplied 2026-08-21",,jchappell2120,28,28,construction,yes,Estimated/user-supplied historical planning base case. | Calculated monthly planning series from scenario drivers; not actual project performance.
3,Stonepine Residences,Single-Family Residential Development / Subdivision,Historical Planning — Base Case (Superseded),custom,schedule,SCH-CUM-28,cumulative_deployment_bps,cumulative deployment bps — month 28,9200,percentage_bps,estimated,"pasted_content_20.txt, CE Development Portfolio Financial Baseline, user-supplied 2026-08-21",,jchappell2120,28,28,construction,yes,Estimated/user-supplied historical planning base case. | Calculated monthly planning series from scenario drivers; not actual project performance.
3,Stonepine Residences,Single-Family Residential Development / Subdivision,Historical Planning — Base Case (Superseded),custom,schedule,SCH-OCC-28,occupancy_bps,occupancy bps — month 28,7714,percentage_bps,estimated,"pasted_content_20.txt, CE Development Portfolio Financial Baseline, user-supplied 2026-08-21",,jchappell2120,28,28,construction,yes,Estimated/user-supplied historical planning base case. | Calculated monthly planning series from scenario drivers; not actual project performance.
3,Stonepine Residences,Single-Family Residential Development / Subdivision,Historical Planning — Base Case (Superseded),custom,revenue,SCH-REV-28,monthly_effective_revenue,monthly effective revenue — month 28,3182025,usd,estimated,"pasted_content_20.txt, CE Development Portfolio Financial Baseline, user-supplied 2026-08-21",,jchappell2120,28,28,construction,yes,Estimated/user-supplied historical planning base case. | Calculated monthly planning series from scenario drivers; not actual project performance.
3,Stonepine Residences,Single-Family Residential Development / Subdivision,Historical Planning — Base Case (Superseded),custom,operations,SCH-OPEX-28,monthly_operating_expense,monthly operating expense — month 28,0,usd,estimated,"pasted_content_20.txt, CE Development Portfolio Financial Baseline, user-supplied 2026-08-21",,jchappell2120,28,28,construction,yes,Estimated/user-supplied historical planning base case. | Calculated monthly planning series from scenario drivers; not actual project performance.
3,Stonepine Residences,Single-Family Residential Development / Subdivision,Historical Planning — Base Case (Superseded),custom,financing,SCH-DRAW-28,monthly_debt_draw,monthly debt draw — month 28,4539600,usd,estimated,"pasted_content_20.txt, CE Development Portfolio Financial Baseline, user-supplied 2026-08-21",,jchappell2120,28,28,construction,yes,Estimated/user-supplied historical planning base case. | Calculated monthly planning series from scenario drivers; not actual project performance.
3,Stonepine Residences,Single-Family Residential Development / Subdivision,Historical Planning — Base Case (Superseded),custom,financing,SCH-INT-28,monthly_interest,monthly interest — month 28,696072,usd,estimated,"pasted_content_20.txt, CE Development Portfolio Financial Baseline, user-supplied 2026-08-21",,jchappell2120,28,28,construction,yes,Estimated/user-supplied historical planning base case. | Calculated monthly planning series from scenario drivers; not actual project performance.
3,Stonepine Residences,Single-Family Residential Development / Subdivision,Historical Planning — Base Case (Superseded),custom,cash_flow,SCH-CF-28,monthly_levered_cash_flow,monthly levered cash flow — month 28,-4498047,usd,estimated,"pasted_content_20.txt, CE Development Portfolio Financial Baseline, user-supplied 2026-08-21",,jchappell2120,28,28,construction,yes,Estimated/user-supplied historical planning base case. | Calculated monthly planning series from scenario drivers; not actual project performance.
3,Stonepine Residences,Single-Family Residential Development / Subdivision,Historical Planning — Base Case (Superseded),custom,capital_deployment,SCH-COST-29,monthly_development_spend,monthly development spend — month 29,6984000,usd,estimated,"pasted_content_20.txt, CE Development Portfolio Financial Baseline, user-supplied 2026-08-21",,jchappell2120,29,29,construction,yes,Estimated/user-supplied historical planning base case. | Calculated monthly planning series from scenario drivers; not actual project performance.
3,Stonepine Residences,Single-Family Residential Development / Subdivision,Historical Planning — Base Case (Superseded),custom,schedule,SCH-CUM-29,cumulative_deployment_bps,cumulative deployment bps — month 29,9600,percentage_bps,estimated,"pasted_content_20.txt, CE Development Portfolio Financial Baseline, user-supplied 2026-08-21",,jchappell2120,29,29,construction,yes,Estimated/user-supplied historical planning base case. | Calculated monthly planning series from scenario drivers; not actual project performance.
3,Stonepine Residences,Single-Family Residential Development / Subdivision,Historical Planning — Base Case (Superseded),custom,schedule,SCH-OCC-29,occupancy_bps,occupancy bps — month 29,8000,percentage_bps,estimated,"pasted_content_20.txt, CE Development Portfolio Financial Baseline, user-supplied 2026-08-21",,jchappell2120,29,29,construction,yes,Estimated/user-supplied historical planning base case. | Calculated monthly planning series from scenario drivers; not actual project performance.
3,Stonepine Residences,Single-Family Residential Development / Subdivision,Historical Planning — Base Case (Superseded),custom,revenue,SCH-REV-29,monthly_effective_revenue,monthly effective revenue — month 29,3300000,usd,estimated,"pasted_content_20.txt, CE Development Portfolio Financial Baseline, user-supplied 2026-08-21",,jchappell2120,29,29,construction,yes,Estimated/user-supplied historical planning base case. | Calculated monthly planning series from scenario drivers; not actual project performance.
3,Stonepine Residences,Single-Family Residential Development / Subdivision,Historical Planning — Base Case (Superseded),custom,operations,SCH-OPEX-29,monthly_operating_expense,monthly operating expense — month 29,0,usd,estimated,"pasted_content_20.txt, CE Development Portfolio Financial Baseline, user-supplied 2026-08-21",,jchappell2120,29,29,construction,yes,Estimated/user-supplied historical planning base case. | Calculated monthly planning series from scenario drivers; not actual project performance.
3,Stonepine Residences,Single-Family Residential Development / Subdivision,Historical Planning — Base Case (Superseded),custom,financing,SCH-DRAW-29,monthly_debt_draw,monthly debt draw — month 29,4539600,usd,estimated,"pasted_content_20.txt, CE Development Portfolio Financial Baseline, user-supplied 2026-08-21",,jchappell2120,29,29,construction,yes,Estimated/user-supplied historical planning base case. | Calculated monthly planning series from scenario drivers; not actual project performance.
3,Stonepine Residences,Single-Family Residential Development / Subdivision,Historical Planning — Base Case (Superseded),custom,financing,SCH-INT-29,monthly_interest,monthly interest — month 29,726336,usd,estimated,"pasted_content_20.txt, CE Development Portfolio Financial Baseline, user-supplied 2026-08-21",,jchappell2120,29,29,construction,yes,Estimated/user-supplied historical planning base case. | Calculated monthly planning series from scenario drivers; not actual project performance.
3,Stonepine Residences,Single-Family Residential Development / Subdivision,Historical Planning — Base Case (Superseded),custom,cash_flow,SCH-CF-29,monthly_levered_cash_flow,monthly levered cash flow — month 29,-4410336,usd,estimated,"pasted_content_20.txt, CE Development Portfolio Financial Baseline, user-supplied 2026-08-21",,jchappell2120,29,29,construction,yes,Estimated/user-supplied historical planning base case. | Calculated monthly planning series from scenario drivers; not actual project performance.
3,Stonepine Residences,Single-Family Residential Development / Subdivision,Historical Planning — Base Case (Superseded),custom,capital_deployment,SCH-COST-30,monthly_development_spend,monthly development spend — month 30,6984000,usd,estimated,"pasted_content_20.txt, CE Development Portfolio Financial Baseline, user-supplied 2026-08-21",,jchappell2120,30,30,construction,yes,Estimated/user-supplied historical planning base case. | Calculated monthly planning series from scenario drivers; not actual project performance.
3,Stonepine Residences,Single-Family Residential Development / Subdivision,Historical Planning — Base Case (Superseded),custom,schedule,SCH-CUM-30,cumulative_deployment_bps,cumulative deployment bps — month 30,10000,percentage_bps,estimated,"pasted_content_20.txt, CE Development Portfolio Financial Baseline, user-supplied 2026-08-21",,jchappell2120,30,30,construction,yes,Estimated/user-supplied historical planning base case. | Calculated monthly planning series from scenario drivers; not actual project performance.
3,Stonepine Residences,Single-Family Residential Development / Subdivision,Historical Planning — Base Case (Superseded),custom,schedule,SCH-OCC-30,occupancy_bps,occupancy bps — month 30,8286,percentage_bps,estimated,"pasted_content_20.txt, CE Development Portfolio Financial Baseline, user-supplied 2026-08-21",,jchappell2120,30,30,construction,yes,Estimated/user-supplied historical planning base case. | Calculated monthly planning series from scenario drivers; not actual project performance.
3,Stonepine Residences,Single-Family Residential Development / Subdivision,Historical Planning — Base Case (Superseded),custom,revenue,SCH-REV-30,monthly_effective_revenue,monthly effective revenue — month 30,3417975,usd,estimated,"pasted_content_20.txt, CE Development Portfolio Financial Baseline, user-supplied 2026-08-21",,jchappell2120,30,30,construction,yes,Estimated/user-supplied historical planning base case. | Calculated monthly planning series from scenario drivers; not actual project performance.
3,Stonepine Residences,Single-Family Residential Development / Subdivision,Historical Planning — Base Case (Superseded),custom,operations,SCH-OPEX-30,monthly_operating_expense,monthly operating expense — month 30,0,usd,estimated,"pasted_content_20.txt, CE Development Portfolio Financial Baseline, user-supplied 2026-08-21",,jchappell2120,30,30,construction,yes,Estimated/user-supplied historical planning base case. | Calculated monthly planning series from scenario drivers; not actual project performance.
3,Stonepine Residences,Single-Family Residential Development / Subdivision,Historical Planning — Base Case (Superseded),custom,financing,SCH-DRAW-30,monthly_debt_draw,monthly debt draw — month 30,4539600,usd,estimated,"pasted_content_20.txt, CE Development Portfolio Financial Baseline, user-supplied 2026-08-21",,jchappell2120,30,30,construction,yes,Estimated/user-supplied historical planning base case. | Calculated monthly planning series from scenario drivers; not actual project performance.
3,Stonepine Residences,Single-Family Residential Development / Subdivision,Historical Planning — Base Case (Superseded),custom,financing,SCH-INT-30,monthly_interest,monthly interest — month 30,756600,usd,estimated,"pasted_content_20.txt, CE Development Portfolio Financial Baseline, user-supplied 2026-08-21",,jchappell2120,30,30,construction,yes,Estimated/user-supplied historical planning base case. | Calculated monthly planning series from scenario drivers; not actual project performance.
3,Stonepine Residences,Single-Family Residential Development / Subdivision,Historical Planning — Base Case (Superseded),custom,cash_flow,SCH-CF-30,monthly_levered_cash_flow,monthly levered cash flow — month 30,-4322625,usd,estimated,"pasted_content_20.txt, CE Development Portfolio Financial Baseline, user-supplied 2026-08-21",,jchappell2120,30,30,construction,yes,Estimated/user-supplied historical planning base case. | Calculated monthly planning series from scenario drivers; not actual project performance.
3,Stonepine Residences,Single-Family Residential Development / Subdivision,Historical Planning — Base Case (Superseded),custom,capital_deployment,SCH-COST-31,monthly_development_spend,monthly development spend — month 31,0,usd,estimated,"pasted_content_20.txt, CE Development Portfolio Financial Baseline, user-supplied 2026-08-21",,jchappell2120,31,31,lease_up_stabilization,yes,Estimated/user-supplied historical planning base case. | Calculated monthly planning series from scenario drivers; not actual project performance.
3,Stonepine Residences,Single-Family Residential Development / Subdivision,Historical Planning — Base Case (Superseded),custom,schedule,SCH-CUM-31,cumulative_deployment_bps,cumulative deployment bps — month 31,10000,percentage_bps,estimated,"pasted_content_20.txt, CE Development Portfolio Financial Baseline, user-supplied 2026-08-21",,jchappell2120,31,31,lease_up_stabilization,yes,Estimated/user-supplied historical planning base case. | Calculated monthly planning series from scenario drivers; not actual project performance.
3,Stonepine Residences,Single-Family Residential Development / Subdivision,Historical Planning — Base Case (Superseded),custom,schedule,SCH-OCC-31,occupancy_bps,occupancy bps — month 31,8571,percentage_bps,estimated,"pasted_content_20.txt, CE Development Portfolio Financial Baseline, user-supplied 2026-08-21",,jchappell2120,31,31,lease_up_stabilization,yes,Estimated/user-supplied historical planning base case. | Calculated monthly planning series from scenario drivers; not actual project performance.
3,Stonepine Residences,Single-Family Residential Development / Subdivision,Historical Planning — Base Case (Superseded),custom,revenue,SCH-REV-31,monthly_effective_revenue,monthly effective revenue — month 31,3535538,usd,estimated,"pasted_content_20.txt, CE Development Portfolio Financial Baseline, user-supplied 2026-08-21",,jchappell2120,31,31,lease_up_stabilization,yes,Estimated/user-supplied historical planning base case. | Calculated monthly planning series from scenario drivers; not actual project performance.
3,Stonepine Residences,Single-Family Residential Development / Subdivision,Historical Planning — Base Case (Superseded),custom,operations,SCH-OPEX-31,monthly_operating_expense,monthly operating expense — month 31,0,usd,estimated,"pasted_content_20.txt, CE Development Portfolio Financial Baseline, user-supplied 2026-08-21",,jchappell2120,31,31,lease_up_stabilization,yes,Estimated/user-supplied historical planning base case. | Calculated monthly planning series from scenario drivers; not actual project performance.
3,Stonepine Residences,Single-Family Residential Development / Subdivision,Historical Planning — Base Case (Superseded),custom,financing,SCH-DRAW-31,monthly_debt_draw,monthly debt draw — month 31,0,usd,estimated,"pasted_content_20.txt, CE Development Portfolio Financial Baseline, user-supplied 2026-08-21",,jchappell2120,31,31,lease_up_stabilization,yes,Estimated/user-supplied historical planning base case. | Calculated monthly planning series from scenario drivers; not actual project performance.
3,Stonepine Residences,Single-Family Residential Development / Subdivision,Historical Planning — Base Case (Superseded),custom,financing,SCH-INT-31,monthly_interest,monthly interest — month 31,756600,usd,estimated,"pasted_content_20.txt, CE Development Portfolio Financial Baseline, user-supplied 2026-08-21",,jchappell2120,31,31,lease_up_stabilization,yes,Estimated/user-supplied historical planning base case. | Calculated monthly planning series from scenario drivers; not actual project performance.
3,Stonepine Residences,Single-Family Residential Development / Subdivision,Historical Planning — Base Case (Superseded),custom,cash_flow,SCH-CF-31,monthly_levered_cash_flow,monthly levered cash flow — month 31,2778938,usd,estimated,"pasted_content_20.txt, CE Development Portfolio Financial Baseline, user-supplied 2026-08-21",,jchappell2120,31,31,lease_up_stabilization,yes,Estimated/user-supplied historical planning base case. | Calculated monthly planning series from scenario drivers; not actual project performance.
3,Stonepine Residences,Single-Family Residential Development / Subdivision,Historical Planning — Base Case (Superseded),custom,capital_deployment,SCH-COST-32,monthly_development_spend,monthly development spend — month 32,0,usd,estimated,"pasted_content_20.txt, CE Development Portfolio Financial Baseline, user-supplied 2026-08-21",,jchappell2120,32,32,lease_up_stabilization,yes,Estimated/user-supplied historical planning base case. | Calculated monthly planning series from scenario drivers; not actual project performance.
3,Stonepine Residences,Single-Family Residential Development / Subdivision,Historical Planning — Base Case (Superseded),custom,schedule,SCH-CUM-32,cumulative_deployment_bps,cumulative deployment bps — month 32,10000,percentage_bps,estimated,"pasted_content_20.txt, CE Development Portfolio Financial Baseline, user-supplied 2026-08-21",,jchappell2120,32,32,lease_up_stabilization,yes,Estimated/user-supplied historical planning base case. | Calculated monthly planning series from scenario drivers; not actual project performance.
3,Stonepine Residences,Single-Family Residential Development / Subdivision,Historical Planning — Base Case (Superseded),custom,schedule,SCH-OCC-32,occupancy_bps,occupancy bps — month 32,8857,percentage_bps,estimated,"pasted_content_20.txt, CE Development Portfolio Financial Baseline, user-supplied 2026-08-21",,jchappell2120,32,32,lease_up_stabilization,yes,Estimated/user-supplied historical planning base case. | Calculated monthly planning series from scenario drivers; not actual project performance.
3,Stonepine Residences,Single-Family Residential Development / Subdivision,Historical Planning — Base Case (Superseded),custom,revenue,SCH-REV-32,monthly_effective_revenue,monthly effective revenue — month 32,3653513,usd,estimated,"pasted_content_20.txt, CE Development Portfolio Financial Baseline, user-supplied 2026-08-21",,jchappell2120,32,32,lease_up_stabilization,yes,Estimated/user-supplied historical planning base case. | Calculated monthly planning series from scenario drivers; not actual project performance.
3,Stonepine Residences,Single-Family Residential Development / Subdivision,Historical Planning — Base Case (Superseded),custom,operations,SCH-OPEX-32,monthly_operating_expense,monthly operating expense — month 32,0,usd,estimated,"pasted_content_20.txt, CE Development Portfolio Financial Baseline, user-supplied 2026-08-21",,jchappell2120,32,32,lease_up_stabilization,yes,Estimated/user-supplied historical planning base case. | Calculated monthly planning series from scenario drivers; not actual project performance.
3,Stonepine Residences,Single-Family Residential Development / Subdivision,Historical Planning — Base Case (Superseded),custom,financing,SCH-DRAW-32,monthly_debt_draw,monthly debt draw — month 32,0,usd,estimated,"pasted_content_20.txt, CE Development Portfolio Financial Baseline, user-supplied 2026-08-21",,jchappell2120,32,32,lease_up_stabilization,yes,Estimated/user-supplied historical planning base case. | Calculated monthly planning series from scenario drivers; not actual project performance.
3,Stonepine Residences,Single-Family Residential Development / Subdivision,Historical Planning — Base Case (Superseded),custom,financing,SCH-INT-32,monthly_interest,monthly interest — month 32,756600,usd,estimated,"pasted_content_20.txt, CE Development Portfolio Financial Baseline, user-supplied 2026-08-21",,jchappell2120,32,32,lease_up_stabilization,yes,Estimated/user-supplied historical planning base case. | Calculated monthly planning series from scenario drivers; not actual project performance.
3,Stonepine Residences,Single-Family Residential Development / Subdivision,Historical Planning — Base Case (Superseded),custom,cash_flow,SCH-CF-32,monthly_levered_cash_flow,monthly levered cash flow — month 32,2896913,usd,estimated,"pasted_content_20.txt, CE Development Portfolio Financial Baseline, user-supplied 2026-08-21",,jchappell2120,32,32,lease_up_stabilization,yes,Estimated/user-supplied historical planning base case. | Calculated monthly planning series from scenario drivers; not actual project performance.
3,Stonepine Residences,Single-Family Residential Development / Subdivision,Historical Planning — Base Case (Superseded),custom,capital_deployment,SCH-COST-33,monthly_development_spend,monthly development spend — month 33,0,usd,estimated,"pasted_content_20.txt, CE Development Portfolio Financial Baseline, user-supplied 2026-08-21",,jchappell2120,33,33,lease_up_stabilization,yes,Estimated/user-supplied historical planning base case. | Calculated monthly planning series from scenario drivers; not actual project performance.
3,Stonepine Residences,Single-Family Residential Development / Subdivision,Historical Planning — Base Case (Superseded),custom,schedule,SCH-CUM-33,cumulative_deployment_bps,cumulative deployment bps — month 33,10000,percentage_bps,estimated,"pasted_content_20.txt, CE Development Portfolio Financial Baseline, user-supplied 2026-08-21",,jchappell2120,33,33,lease_up_stabilization,yes,Estimated/user-supplied historical planning base case. | Calculated monthly planning series from scenario drivers; not actual project performance.
3,Stonepine Residences,Single-Family Residential Development / Subdivision,Historical Planning — Base Case (Superseded),custom,schedule,SCH-OCC-33,occupancy_bps,occupancy bps — month 33,9143,percentage_bps,estimated,"pasted_content_20.txt, CE Development Portfolio Financial Baseline, user-supplied 2026-08-21",,jchappell2120,33,33,lease_up_stabilization,yes,Estimated/user-supplied historical planning base case. | Calculated monthly planning series from scenario drivers; not actual project performance.
3,Stonepine Residences,Single-Family Residential Development / Subdivision,Historical Planning — Base Case (Superseded),custom,revenue,SCH-REV-33,monthly_effective_revenue,monthly effective revenue — month 33,3771488,usd,estimated,"pasted_content_20.txt, CE Development Portfolio Financial Baseline, user-supplied 2026-08-21",,jchappell2120,33,33,lease_up_stabilization,yes,Estimated/user-supplied historical planning base case. | Calculated monthly planning series from scenario drivers; not actual project performance.
3,Stonepine Residences,Single-Family Residential Development / Subdivision,Historical Planning — Base Case (Superseded),custom,operations,SCH-OPEX-33,monthly_operating_expense,monthly operating expense — month 33,0,usd,estimated,"pasted_content_20.txt, CE Development Portfolio Financial Baseline, user-supplied 2026-08-21",,jchappell2120,33,33,lease_up_stabilization,yes,Estimated/user-supplied historical planning base case. | Calculated monthly planning series from scenario drivers; not actual project performance.
3,Stonepine Residences,Single-Family Residential Development / Subdivision,Historical Planning — Base Case (Superseded),custom,financing,SCH-DRAW-33,monthly_debt_draw,monthly debt draw — month 33,0,usd,estimated,"pasted_content_20.txt, CE Development Portfolio Financial Baseline, user-supplied 2026-08-21",,jchappell2120,33,33,lease_up_stabilization,yes,Estimated/user-supplied historical planning base case. | Calculated monthly planning series from scenario drivers; not actual project performance.
3,Stonepine Residences,Single-Family Residential Development / Subdivision,Historical Planning — Base Case (Superseded),custom,financing,SCH-INT-33,monthly_interest,monthly interest — month 33,756600,usd,estimated,"pasted_content_20.txt, CE Development Portfolio Financial Baseline, user-supplied 2026-08-21",,jchappell2120,33,33,lease_up_stabilization,yes,Estimated/user-supplied historical planning base case. | Calculated monthly planning series from scenario drivers; not actual project performance.
3,Stonepine Residences,Single-Family Residential Development / Subdivision,Historical Planning — Base Case (Superseded),custom,cash_flow,SCH-CF-33,monthly_levered_cash_flow,monthly levered cash flow — month 33,3014888,usd,estimated,"pasted_content_20.txt, CE Development Portfolio Financial Baseline, user-supplied 2026-08-21",,jchappell2120,33,33,lease_up_stabilization,yes,Estimated/user-supplied historical planning base case. | Calculated monthly planning series from scenario drivers; not actual project performance.
3,Stonepine Residences,Single-Family Residential Development / Subdivision,Historical Planning — Base Case (Superseded),custom,capital_deployment,SCH-COST-34,monthly_development_spend,monthly development spend — month 34,0,usd,estimated,"pasted_content_20.txt, CE Development Portfolio Financial Baseline, user-supplied 2026-08-21",,jchappell2120,34,34,lease_up_stabilization,yes,Estimated/user-supplied historical planning base case. | Calculated monthly planning series from scenario drivers; not actual project performance.
3,Stonepine Residences,Single-Family Residential Development / Subdivision,Historical Planning — Base Case (Superseded),custom,schedule,SCH-CUM-34,cumulative_deployment_bps,cumulative deployment bps — month 34,10000,percentage_bps,estimated,"pasted_content_20.txt, CE Development Portfolio Financial Baseline, user-supplied 2026-08-21",,jchappell2120,34,34,lease_up_stabilization,yes,Estimated/user-supplied historical planning base case. | Calculated monthly planning series from scenario drivers; not actual project performance.
3,Stonepine Residences,Single-Family Residential Development / Subdivision,Historical Planning — Base Case (Superseded),custom,schedule,SCH-OCC-34,occupancy_bps,occupancy bps — month 34,9429,percentage_bps,estimated,"pasted_content_20.txt, CE Development Portfolio Financial Baseline, user-supplied 2026-08-21",,jchappell2120,34,34,lease_up_stabilization,yes,Estimated/user-supplied historical planning base case. | Calculated monthly planning series from scenario drivers; not actual project performance.
3,Stonepine Residences,Single-Family Residential Development / Subdivision,Historical Planning — Base Case (Superseded),custom,revenue,SCH-REV-34,monthly_effective_revenue,monthly effective revenue — month 34,3889463,usd,estimated,"pasted_content_20.txt, CE Development Portfolio Financial Baseline, user-supplied 2026-08-21",,jchappell2120,34,34,lease_up_stabilization,yes,Estimated/user-supplied historical planning base case. | Calculated monthly planning series from scenario drivers; not actual project performance.
3,Stonepine Residences,Single-Family Residential Development / Subdivision,Historical Planning — Base Case (Superseded),custom,operations,SCH-OPEX-34,monthly_operating_expense,monthly operating expense — month 34,0,usd,estimated,"pasted_content_20.txt, CE Development Portfolio Financial Baseline, user-supplied 2026-08-21",,jchappell2120,34,34,lease_up_stabilization,yes,Estimated/user-supplied historical planning base case. | Calculated monthly planning series from scenario drivers; not actual project performance.
3,Stonepine Residences,Single-Family Residential Development / Subdivision,Historical Planning — Base Case (Superseded),custom,financing,SCH-DRAW-34,monthly_debt_draw,monthly debt draw — month 34,0,usd,estimated,"pasted_content_20.txt, CE Development Portfolio Financial Baseline, user-supplied 2026-08-21",,jchappell2120,34,34,lease_up_stabilization,yes,Estimated/user-supplied historical planning base case. | Calculated monthly planning series from scenario drivers; not actual project performance.
3,Stonepine Residences,Single-Family Residential Development / Subdivision,Historical Planning — Base Case (Superseded),custom,financing,SCH-INT-34,monthly_interest,monthly interest — month 34,756600,usd,estimated,"pasted_content_20.txt, CE Development Portfolio Financial Baseline, user-supplied 2026-08-21",,jchappell2120,34,34,lease_up_stabilization,yes,Estimated/user-supplied historical planning base case. | Calculated monthly planning series from scenario drivers; not actual project performance.
3,Stonepine Residences,Single-Family Residential Development / Subdivision,Historical Planning — Base Case (Superseded),custom,cash_flow,SCH-CF-34,monthly_levered_cash_flow,monthly levered cash flow — month 34,3132863,usd,estimated,"pasted_content_20.txt, CE Development Portfolio Financial Baseline, user-supplied 2026-08-21",,jchappell2120,34,34,lease_up_stabilization,yes,Estimated/user-supplied historical planning base case. | Calculated monthly planning series from scenario drivers; not actual project performance.
3,Stonepine Residences,Single-Family Residential Development / Subdivision,Historical Planning — Base Case (Superseded),custom,capital_deployment,SCH-COST-35,monthly_development_spend,monthly development spend — month 35,0,usd,estimated,"pasted_content_20.txt, CE Development Portfolio Financial Baseline, user-supplied 2026-08-21",,jchappell2120,35,35,lease_up_stabilization,yes,Estimated/user-supplied historical planning base case. | Calculated monthly planning series from scenario drivers; not actual project performance.
3,Stonepine Residences,Single-Family Residential Development / Subdivision,Historical Planning — Base Case (Superseded),custom,schedule,SCH-CUM-35,cumulative_deployment_bps,cumulative deployment bps — month 35,10000,percentage_bps,estimated,"pasted_content_20.txt, CE Development Portfolio Financial Baseline, user-supplied 2026-08-21",,jchappell2120,35,35,lease_up_stabilization,yes,Estimated/user-supplied historical planning base case. | Calculated monthly planning series from scenario drivers; not actual project performance.
3,Stonepine Residences,Single-Family Residential Development / Subdivision,Historical Planning — Base Case (Superseded),custom,schedule,SCH-OCC-35,occupancy_bps,occupancy bps — month 35,9714,percentage_bps,estimated,"pasted_content_20.txt, CE Development Portfolio Financial Baseline, user-supplied 2026-08-21",,jchappell2120,35,35,lease_up_stabilization,yes,Estimated/user-supplied historical planning base case. | Calculated monthly planning series from scenario drivers; not actual project performance.
3,Stonepine Residences,Single-Family Residential Development / Subdivision,Historical Planning — Base Case (Superseded),custom,revenue,SCH-REV-35,monthly_effective_revenue,monthly effective revenue — month 35,4007025,usd,estimated,"pasted_content_20.txt, CE Development Portfolio Financial Baseline, user-supplied 2026-08-21",,jchappell2120,35,35,lease_up_stabilization,yes,Estimated/user-supplied historical planning base case. | Calculated monthly planning series from scenario drivers; not actual project performance.
3,Stonepine Residences,Single-Family Residential Development / Subdivision,Historical Planning — Base Case (Superseded),custom,operations,SCH-OPEX-35,monthly_operating_expense,monthly operating expense — month 35,0,usd,estimated,"pasted_content_20.txt, CE Development Portfolio Financial Baseline, user-supplied 2026-08-21",,jchappell2120,35,35,lease_up_stabilization,yes,Estimated/user-supplied historical planning base case. | Calculated monthly planning series from scenario drivers; not actual project performance.
3,Stonepine Residences,Single-Family Residential Development / Subdivision,Historical Planning — Base Case (Superseded),custom,financing,SCH-DRAW-35,monthly_debt_draw,monthly debt draw — month 35,0,usd,estimated,"pasted_content_20.txt, CE Development Portfolio Financial Baseline, user-supplied 2026-08-21",,jchappell2120,35,35,lease_up_stabilization,yes,Estimated/user-supplied historical planning base case. | Calculated monthly planning series from scenario drivers; not actual project performance.
3,Stonepine Residences,Single-Family Residential Development / Subdivision,Historical Planning — Base Case (Superseded),custom,financing,SCH-INT-35,monthly_interest,monthly interest — month 35,756600,usd,estimated,"pasted_content_20.txt, CE Development Portfolio Financial Baseline, user-supplied 2026-08-21",,jchappell2120,35,35,lease_up_stabilization,yes,Estimated/user-supplied historical planning base case. | Calculated monthly planning series from scenario drivers; not actual project performance.
3,Stonepine Residences,Single-Family Residential Development / Subdivision,Historical Planning — Base Case (Superseded),custom,cash_flow,SCH-CF-35,monthly_levered_cash_flow,monthly levered cash flow — month 35,3250425,usd,estimated,"pasted_content_20.txt, CE Development Portfolio Financial Baseline, user-supplied 2026-08-21",,jchappell2120,35,35,lease_up_stabilization,yes,Estimated/user-supplied historical planning base case. | Calculated monthly planning series from scenario drivers; not actual project performance.
3,Stonepine Residences,Single-Family Residential Development / Subdivision,Historical Planning — Base Case (Superseded),custom,capital_deployment,SCH-COST-36,monthly_development_spend,monthly development spend — month 36,0,usd,estimated,"pasted_content_20.txt, CE Development Portfolio Financial Baseline, user-supplied 2026-08-21",,jchappell2120,36,36,lease_up_stabilization,yes,Estimated/user-supplied historical planning base case. | Calculated monthly planning series from scenario drivers; not actual project performance.
3,Stonepine Residences,Single-Family Residential Development / Subdivision,Historical Planning — Base Case (Superseded),custom,schedule,SCH-CUM-36,cumulative_deployment_bps,cumulative deployment bps — month 36,10000,percentage_bps,estimated,"pasted_content_20.txt, CE Development Portfolio Financial Baseline, user-supplied 2026-08-21",,jchappell2120,36,36,lease_up_stabilization,yes,Estimated/user-supplied historical planning base case. | Calculated monthly planning series from scenario drivers; not actual project performance.
3,Stonepine Residences,Single-Family Residential Development / Subdivision,Historical Planning — Base Case (Superseded),custom,schedule,SCH-OCC-36,occupancy_bps,occupancy bps — month 36,10000,percentage_bps,estimated,"pasted_content_20.txt, CE Development Portfolio Financial Baseline, user-supplied 2026-08-21",,jchappell2120,36,36,lease_up_stabilization,yes,Estimated/user-supplied historical planning base case. | Calculated monthly planning series from scenario drivers; not actual project performance.
3,Stonepine Residences,Single-Family Residential Development / Subdivision,Historical Planning — Base Case (Superseded),custom,revenue,SCH-REV-36,monthly_effective_revenue,monthly effective revenue — month 36,4125000,usd,estimated,"pasted_content_20.txt, CE Development Portfolio Financial Baseline, user-supplied 2026-08-21",,jchappell2120,36,36,lease_up_stabilization,yes,Estimated/user-supplied historical planning base case. | Calculated monthly planning series from scenario drivers; not actual project performance.
3,Stonepine Residences,Single-Family Residential Development / Subdivision,Historical Planning — Base Case (Superseded),custom,operations,SCH-OPEX-36,monthly_operating_expense,monthly operating expense — month 36,0,usd,estimated,"pasted_content_20.txt, CE Development Portfolio Financial Baseline, user-supplied 2026-08-21",,jchappell2120,36,36,lease_up_stabilization,yes,Estimated/user-supplied historical planning base case. | Calculated monthly planning series from scenario drivers; not actual project performance.
3,Stonepine Residences,Single-Family Residential Development / Subdivision,Historical Planning — Base Case (Superseded),custom,financing,SCH-DRAW-36,monthly_debt_draw,monthly debt draw — month 36,0,usd,estimated,"pasted_content_20.txt, CE Development Portfolio Financial Baseline, user-supplied 2026-08-21",,jchappell2120,36,36,lease_up_stabilization,yes,Estimated/user-supplied historical planning base case. | Calculated monthly planning series from scenario drivers; not actual project performance.
3,Stonepine Residences,Single-Family Residential Development / Subdivision,Historical Planning — Base Case (Superseded),custom,financing,SCH-INT-36,monthly_interest,monthly interest — month 36,756600,usd,estimated,"pasted_content_20.txt, CE Development Portfolio Financial Baseline, user-supplied 2026-08-21",,jchappell2120,36,36,lease_up_stabilization,yes,Estimated/user-supplied historical planning base case. | Calculated monthly planning series from scenario drivers; not actual project performance.
3,Stonepine Residences,Single-Family Residential Development / Subdivision,Historical Planning — Base Case (Superseded),custom,cash_flow,SCH-CF-36,monthly_levered_cash_flow,monthly levered cash flow — month 36,3368400,usd,estimated,"pasted_content_20.txt, CE Development Portfolio Financial Baseline, user-supplied 2026-08-21",,jchappell2120,36,36,lease_up_stabilization,yes,Estimated/user-supplied historical planning base case. | Calculated monthly planning series from scenario drivers; not actual project performance.
3,Stonepine Residences,Single-Family Residential Development / Subdivision,Historical Planning — Optimized Case,custom,project_identity,IDENT-001,project_stage,project stage,development,other,estimated,"pasted_content_20.txt, CE Development Portfolio Financial Baseline, user-supplied 2026-08-21",,jchappell2120,,,,yes,Estimated/user-supplied historical optimized planning case.
3,Stonepine Residences,Single-Family Residential Development / Subdivision,Historical Planning — Optimized Case,custom,project_identity,IDENT-002,program_units,program units,300,units,estimated,"pasted_content_20.txt, CE Development Portfolio Financial Baseline, user-supplied 2026-08-21",,jchappell2120,,,,yes,Estimated/user-supplied historical optimized planning case.
3,Stonepine Residences,Single-Family Residential Development / Subdivision,Historical Planning — Optimized Case,custom,project_identity,IDENT-003,program_buildings,program buildings,300,units,estimated,"pasted_content_20.txt, CE Development Portfolio Financial Baseline, user-supplied 2026-08-21",,jchappell2120,,,,yes,Estimated/user-supplied historical optimized planning case.
3,Stonepine Residences,Single-Family Residential Development / Subdivision,Historical Planning — Optimized Case,custom,project_identity,IDENT-004,program_residential_sf,program residential sf,570000,sf,estimated,"pasted_content_20.txt, CE Development Portfolio Financial Baseline, user-supplied 2026-08-21",,jchappell2120,,,,yes,Estimated/user-supplied historical optimized planning case.
3,Stonepine Residences,Single-Family Residential Development / Subdivision,Historical Planning — Optimized Case,custom,project_identity,IDENT-005,program_gross_sf,program gross sf,630000,sf,estimated,"pasted_content_20.txt, CE Development Portfolio Financial Baseline, user-supplied 2026-08-21",,jchappell2120,,,,yes,Estimated/user-supplied historical optimized planning case.
3,Stonepine Residences,Single-Family Residential Development / Subdivision,Historical Planning — Optimized Case,custom,scenario_driver,DRV-001,development_cost,development cost,156000000,usd,estimated,"pasted_content_20.txt, CE Development Portfolio Financial Baseline, user-supplied 2026-08-21",,jchappell2120,,,,yes,Estimated/user-supplied historical optimized planning case.
3,Stonepine Residences,Single-Family Residential Development / Subdivision,Historical Planning — Optimized Case,custom,scenario_driver,DRV-002,development_cost_per_unit,development cost per unit,520000,usd_per_unit,estimated,"pasted_content_20.txt, CE Development Portfolio Financial Baseline, user-supplied 2026-08-21",,jchappell2120,,,,yes,Estimated/user-supplied historical optimized planning case.
3,Stonepine Residences,Single-Family Residential Development / Subdivision,Historical Planning — Optimized Case,custom,scenario_driver,DRV-003,development_cost_per_gross_sf,development cost per gross sf,248,usd_per_sf,estimated,"pasted_content_20.txt, CE Development Portfolio Financial Baseline, user-supplied 2026-08-21",,jchappell2120,,,,yes,Estimated/user-supplied historical optimized planning case.
3,Stonepine Residences,Single-Family Residential Development / Subdivision,Historical Planning — Optimized Case,custom,scenario_driver,DRV-004,stabilized_occupancy_bps,stabilized occupancy bps,10000,percentage_bps,estimated,"pasted_content_20.txt, CE Development Portfolio Financial Baseline, user-supplied 2026-08-21",,jchappell2120,,,,yes,Estimated/user-supplied historical optimized planning case.
3,Stonepine Residences,Single-Family Residential Development / Subdivision,Historical Planning — Optimized Case,custom,scenario_driver,DRV-005,operating_expense_ratio_bps,operating expense ratio bps,0,percentage_bps,estimated,"pasted_content_20.txt, CE Development Portfolio Financial Baseline, user-supplied 2026-08-21",,jchappell2120,,,,yes,Estimated/user-supplied historical optimized planning case.
3,Stonepine Residences,Single-Family Residential Development / Subdivision,Historical Planning — Optimized Case,custom,scenario_driver,DRV-006,construction_debt_commitment,construction debt commitment,101400000,usd,estimated,"pasted_content_20.txt, CE Development Portfolio Financial Baseline, user-supplied 2026-08-21",,jchappell2120,,,,yes,Estimated/user-supplied historical optimized planning case.
3,Stonepine Residences,Single-Family Residential Development / Subdivision,Historical Planning — Optimized Case,custom,scenario_driver,DRV-007,construction_interest_rate_bps,construction interest rate bps,750,percentage_bps,estimated,"pasted_content_20.txt, CE Development Portfolio Financial Baseline, user-supplied 2026-08-21",,jchappell2120,,,,yes,Estimated/user-supplied historical optimized planning case.
3,Stonepine Residences,Single-Family Residential Development / Subdivision,Historical Planning — Optimized Case,custom,scenario_driver,DRV-008,construction_interest_only_months,construction interest only months,30,months,estimated,"pasted_content_20.txt, CE Development Portfolio Financial Baseline, user-supplied 2026-08-21",,jchappell2120,,,,yes,Estimated/user-supplied historical optimized planning case.
3,Stonepine Residences,Single-Family Residential Development / Subdivision,Historical Planning — Optimized Case,custom,scenario_driver,DRV-009,amortization_months,amortization months,360,months,estimated,"pasted_content_20.txt, CE Development Portfolio Financial Baseline, user-supplied 2026-08-21",,jchappell2120,,,,yes,Estimated/user-supplied historical optimized planning case.
3,Stonepine Residences,Single-Family Residential Development / Subdivision,Historical Planning — Optimized Case,custom,scenario_driver,DRV-010,financing_fee_bps,financing fee bps,100,percentage_bps,estimated,"pasted_content_20.txt, CE Development Portfolio Financial Baseline, user-supplied 2026-08-21",,jchappell2120,,,,yes,Estimated/user-supplied historical optimized planning case.
3,Stonepine Residences,Single-Family Residential Development / Subdivision,Historical Planning — Optimized Case,custom,scenario_driver,DRV-011,exit_cap_rate_bps,exit cap rate bps,0,percentage_bps,estimated,"pasted_content_20.txt, CE Development Portfolio Financial Baseline, user-supplied 2026-08-21",,jchappell2120,,,,yes,Estimated/user-supplied historical optimized planning case.
3,Stonepine Residences,Single-Family Residential Development / Subdivision,Historical Planning — Optimized Case,custom,scenario_driver,DRV-012,sale_cost_bps,sale cost bps,0,percentage_bps,estimated,"pasted_content_20.txt, CE Development Portfolio Financial Baseline, user-supplied 2026-08-21",,jchappell2120,,,,yes,Estimated/user-supplied historical optimized planning case.
3,Stonepine Residences,Single-Family Residential Development / Subdivision,Historical Planning — Optimized Case,custom,sales_program,SALE-001,home_count,home count,300,units,estimated,"pasted_content_20.txt, CE Development Portfolio Financial Baseline, user-supplied 2026-08-21",,jchappell2120,,,,yes,Estimated/user-supplied historical optimized planning case.
3,Stonepine Residences,Single-Family Residential Development / Subdivision,Historical Planning — Optimized Case,custom,sales_program,SALE-002,average_selling_price,average selling price,545000,usd_per_unit,estimated,"pasted_content_20.txt, CE Development Portfolio Financial Baseline, user-supplied 2026-08-21",,jchappell2120,,,,yes,Estimated/user-supplied historical optimized planning case.
3,Stonepine Residences,Single-Family Residential Development / Subdivision,Historical Planning — Optimized Case,custom,sales_program,SALE-003,gross_sales_revenue,gross sales revenue,163500000,usd,estimated,"pasted_content_20.txt, CE Development Portfolio Financial Baseline, user-supplied 2026-08-21",,jchappell2120,,,,yes,Estimated/user-supplied historical optimized planning case.
3,Stonepine Residences,Single-Family Residential Development / Subdivision,Historical Planning — Optimized Case,custom,sales_program,SALE-004,project_result,project result,7500000,usd,estimated,"pasted_content_20.txt, CE Development Portfolio Financial Baseline, user-supplied 2026-08-21",,jchappell2120,,,,yes,Estimated/user-supplied historical optimized planning case.
3,Stonepine Residences,Single-Family Residential Development / Subdivision,Historical Planning — Optimized Case,custom,budget_summary,BUD-001,extended_cost,Infrastructure per home,34500000,usd,estimated,"pasted_content_20.txt, CE Development Portfolio Financial Baseline, user-supplied 2026-08-21",,jchappell2120,,,,yes,Estimated/user-supplied historical optimized planning case.
3,Stonepine Residences,Single-Family Residential Development / Subdivision,Historical Planning — Optimized Case,custom,budget_summary,BUD-002,extended_cost,Total optimized cost,156000000,usd,estimated,"pasted_content_20.txt, CE Development Portfolio Financial Baseline, user-supplied 2026-08-21",,jchappell2120,,,,yes,Estimated/user-supplied historical optimized planning case.
3,Stonepine Residences,Single-Family Residential Development / Subdivision,Historical Planning — Optimized Case,custom,wbs_budget,WBS-001,extended_cost,Residential subdivision / home delivery — Land acquisition consideration,13260000,usd,estimated,"pasted_content_20.txt, CE Development Portfolio Financial Baseline, user-supplied 2026-08-21",,jchappell2120,,,predevelopment,yes,Estimated/user-supplied historical optimized planning case. | Standardized WBS category: land_acquisition; applicability: Project-wide.
3,Stonepine Residences,Single-Family Residential Development / Subdivision,Historical Planning — Optimized Case,custom,wbs_budget,WBS-002,extended_cost,Residential subdivision / home delivery — Acquisition due diligence,585000,usd,estimated,"pasted_content_20.txt, CE Development Portfolio Financial Baseline, user-supplied 2026-08-21",,jchappell2120,,,predevelopment,yes,Estimated/user-supplied historical optimized planning case. | Standardized WBS category: land_acquisition; applicability: Project-wide.
3,Stonepine Residences,Single-Family Residential Development / Subdivision,Historical Planning — Optimized Case,custom,wbs_budget,WBS-003,extended_cost,Residential subdivision / home delivery — Title and escrow,195000,usd,estimated,"pasted_content_20.txt, CE Development Portfolio Financial Baseline, user-supplied 2026-08-21",,jchappell2120,,,predevelopment,yes,Estimated/user-supplied historical optimized planning case. | Standardized WBS category: land_acquisition; applicability: Project-wide.
3,Stonepine Residences,Single-Family Residential Development / Subdivision,Historical Planning — Optimized Case,custom,wbs_budget,WBS-004,extended_cost,Residential subdivision / home delivery — Acquisition legal,195000,usd,estimated,"pasted_content_20.txt, CE Development Portfolio Financial Baseline, user-supplied 2026-08-21",,jchappell2120,,,predevelopment,yes,Estimated/user-supplied historical optimized planning case. | Standardized WBS category: land_acquisition; applicability: Project-wide.
3,Stonepine Residences,Single-Family Residential Development / Subdivision,Historical Planning — Optimized Case,custom,wbs_budget,WBS-005,extended_cost,Residential subdivision / home delivery — Environmental review,195000,usd,estimated,"pasted_content_20.txt, CE Development Portfolio Financial Baseline, user-supplied 2026-08-21",,jchappell2120,,,predevelopment,yes,Estimated/user-supplied historical optimized planning case. | Standardized WBS category: land_acquisition; applicability: Project-wide.
3,Stonepine Residences,Single-Family Residential Development / Subdivision,Historical Planning — Optimized Case,custom,wbs_budget,WBS-006,extended_cost,Residential subdivision / home delivery — Boundary and topographic survey,195000,usd,estimated,"pasted_content_20.txt, CE Development Portfolio Financial Baseline, user-supplied 2026-08-21",,jchappell2120,,,predevelopment,yes,Estimated/user-supplied historical optimized planning case. | Standardized WBS category: land_acquisition; applicability: Project-wide.
3,Stonepine Residences,Single-Family Residential Development / Subdivision,Historical Planning — Optimized Case,custom,wbs_budget,WBS-007,extended_cost,Residential subdivision / home delivery — Geotechnical investigation,292500,usd,estimated,"pasted_content_20.txt, CE Development Portfolio Financial Baseline, user-supplied 2026-08-21",,jchappell2120,,,predevelopment,yes,Estimated/user-supplied historical optimized planning case. | Standardized WBS category: land_acquisition; applicability: Project-wide.
3,Stonepine Residences,Single-Family Residential Development / Subdivision,Historical Planning — Optimized Case,custom,wbs_budget,WBS-008,extended_cost,Residential subdivision / home delivery — Acquisition brokerage,195000,usd,estimated,"pasted_content_20.txt, CE Development Portfolio Financial Baseline, user-supplied 2026-08-21",,jchappell2120,,,predevelopment,yes,Estimated/user-supplied historical optimized planning case. | Standardized WBS category: land_acquisition; applicability: Project-wide.
3,Stonepine Residences,Single-Family Residential Development / Subdivision,Historical Planning — Optimized Case,custom,wbs_budget,WBS-009,extended_cost,Residential subdivision / home delivery — Demolition and clearing allowance,195000,usd,estimated,"pasted_content_20.txt, CE Development Portfolio Financial Baseline, user-supplied 2026-08-21",,jchappell2120,,,predevelopment,yes,Estimated/user-supplied historical optimized planning case. | Standardized WBS category: land_acquisition; applicability: Project-wide.
3,Stonepine Residences,Single-Family Residential Development / Subdivision,Historical Planning — Optimized Case,custom,wbs_budget,WBS-010,extended_cost,Residential subdivision / home delivery — Land closing reserve,292500,usd,estimated,"pasted_content_20.txt, CE Development Portfolio Financial Baseline, user-supplied 2026-08-21",,jchappell2120,,,predevelopment,yes,Estimated/user-supplied historical optimized planning case. | Standardized WBS category: land_acquisition; applicability: Project-wide.
3,Stonepine Residences,Single-Family Residential Development / Subdivision,Historical Planning — Optimized Case,custom,wbs_budget,WBS-011,extended_cost,Residential subdivision / home delivery — Mass grading,2730000,usd,estimated,"pasted_content_20.txt, CE Development Portfolio Financial Baseline, user-supplied 2026-08-21",,jchappell2120,,,construction,yes,Estimated/user-supplied historical optimized planning case. | Standardized WBS category: site_development; applicability: Project-wide.
3,Stonepine Residences,Single-Family Residential Development / Subdivision,Historical Planning — Optimized Case,custom,wbs_budget,WBS-012,extended_cost,Residential subdivision / home delivery — Utility extension,1950000,usd,estimated,"pasted_content_20.txt, CE Development Portfolio Financial Baseline, user-supplied 2026-08-21",,jchappell2120,,,construction,yes,Estimated/user-supplied historical optimized planning case. | Standardized WBS category: site_development; applicability: Project-wide.
3,Stonepine Residences,Single-Family Residential Development / Subdivision,Historical Planning — Optimized Case,custom,wbs_budget,WBS-013,extended_cost,Residential subdivision / home delivery — Water and sewer improvements,1950000,usd,estimated,"pasted_content_20.txt, CE Development Portfolio Financial Baseline, user-supplied 2026-08-21",,jchappell2120,,,construction,yes,Estimated/user-supplied historical optimized planning case. | Standardized WBS category: site_development; applicability: Project-wide.
3,Stonepine Residences,Single-Family Residential Development / Subdivision,Historical Planning — Optimized Case,custom,wbs_budget,WBS-014,extended_cost,Residential subdivision / home delivery — Stormwater infrastructure,1950000,usd,estimated,"pasted_content_20.txt, CE Development Portfolio Financial Baseline, user-supplied 2026-08-21",,jchappell2120,,,construction,yes,Estimated/user-supplied historical optimized planning case. | Standardized WBS category: site_development; applicability: Project-wide.
3,Stonepine Residences,Single-Family Residential Development / Subdivision,Historical Planning — Optimized Case,custom,wbs_budget,WBS-015,extended_cost,"Residential subdivision / home delivery — Paving, curbs, and sidewalks",1755000,usd,estimated,"pasted_content_20.txt, CE Development Portfolio Financial Baseline, user-supplied 2026-08-21",,jchappell2120,,,construction,yes,Estimated/user-supplied historical optimized planning case. | Standardized WBS category: site_development; applicability: Project-wide.
3,Stonepine Residences,Single-Family Residential Development / Subdivision,Historical Planning — Optimized Case,custom,wbs_budget,WBS-016,extended_cost,Residential subdivision / home delivery — Landscape and irrigation,975000,usd,estimated,"pasted_content_20.txt, CE Development Portfolio Financial Baseline, user-supplied 2026-08-21",,jchappell2120,,,construction,yes,Estimated/user-supplied historical optimized planning case. | Standardized WBS category: site_development; applicability: Project-wide.
3,Stonepine Residences,Single-Family Residential Development / Subdivision,Historical Planning — Optimized Case,custom,wbs_budget,WBS-017,extended_cost,Residential subdivision / home delivery — Detention and retention,1170000,usd,estimated,"pasted_content_20.txt, CE Development Portfolio Financial Baseline, user-supplied 2026-08-21",,jchappell2120,,,construction,yes,Estimated/user-supplied historical optimized planning case. | Standardized WBS category: site_development; applicability: Project-wide.
3,Stonepine Residences,Single-Family Residential Development / Subdivision,Historical Planning — Optimized Case,custom,wbs_budget,WBS-018,extended_cost,Residential subdivision / home delivery — Earthwork and import/export,1170000,usd,estimated,"pasted_content_20.txt, CE Development Portfolio Financial Baseline, user-supplied 2026-08-21",,jchappell2120,,,construction,yes,Estimated/user-supplied historical optimized planning case. | Standardized WBS category: site_development; applicability: Project-wide.
3,Stonepine Residences,Single-Family Residential Development / Subdivision,Historical Planning — Optimized Case,custom,wbs_budget,WBS-019,extended_cost,Residential subdivision / home delivery — Temporary utilities,780000,usd,estimated,"pasted_content_20.txt, CE Development Portfolio Financial Baseline, user-supplied 2026-08-21",,jchappell2120,,,construction,yes,Estimated/user-supplied historical optimized planning case. | Standardized WBS category: site_development; applicability: Project-wide.
3,Stonepine Residences,Single-Family Residential Development / Subdivision,Historical Planning — Optimized Case,custom,wbs_budget,WBS-020,extended_cost,Residential subdivision / home delivery — Site development reserve,1170000,usd,estimated,"pasted_content_20.txt, CE Development Portfolio Financial Baseline, user-supplied 2026-08-21",,jchappell2120,,,construction,yes,Estimated/user-supplied historical optimized planning case. | Standardized WBS category: site_development; applicability: Project-wide.
3,Stonepine Residences,Single-Family Residential Development / Subdivision,Historical Planning — Optimized Case,custom,wbs_budget,WBS-021,extended_cost,Residential subdivision / home delivery — LGS primary structure,4680000,usd,estimated,"pasted_content_20.txt, CE Development Portfolio Financial Baseline, user-supplied 2026-08-21",,jchappell2120,,,construction,yes,Estimated/user-supplied historical optimized planning case. | Standardized WBS category: building_modular; applicability: All five buildings.
3,Stonepine Residences,Single-Family Residential Development / Subdivision,Historical Planning — Optimized Case,custom,wbs_budget,WBS-022,extended_cost,Residential subdivision / home delivery — LGS secondary framing,3120000,usd,estimated,"pasted_content_20.txt, CE Development Portfolio Financial Baseline, user-supplied 2026-08-21",,jchappell2120,,,construction,yes,Estimated/user-supplied historical optimized planning case. | Standardized WBS category: building_modular; applicability: All five buildings.
3,Stonepine Residences,Single-Family Residential Development / Subdivision,Historical Planning — Optimized Case,custom,wbs_budget,WBS-023,extended_cost,Residential subdivision / home delivery — Structural connectors and fasteners,2730000,usd,estimated,"pasted_content_20.txt, CE Development Portfolio Financial Baseline, user-supplied 2026-08-21",,jchappell2120,,,construction,yes,Estimated/user-supplied historical optimized planning case. | Standardized WBS category: building_modular; applicability: All five buildings.
3,Stonepine Residences,Single-Family Residential Development / Subdivision,Historical Planning — Optimized Case,custom,wbs_budget,WBS-024,extended_cost,Residential subdivision / home delivery — Structural engineering coordination,1950000,usd,estimated,"pasted_content_20.txt, CE Development Portfolio Financial Baseline, user-supplied 2026-08-21",,jchappell2120,,,construction,yes,Estimated/user-supplied historical optimized planning case. | Standardized WBS category: building_modular; applicability: All five buildings.
3,Stonepine Residences,Single-Family Residential Development / Subdivision,Historical Planning — Optimized Case,custom,wbs_budget,WBS-025,extended_cost,Residential subdivision / home delivery — Structural fabrication reserve,1482000,usd,estimated,"pasted_content_20.txt, CE Development Portfolio Financial Baseline, user-supplied 2026-08-21",,jchappell2120,,,construction,yes,Estimated/user-supplied historical optimized planning case. | Standardized WBS category: building_modular; applicability: All five buildings.
3,Stonepine Residences,Single-Family Residential Development / Subdivision,Historical Planning — Optimized Case,custom,wbs_budget,WBS-026,extended_cost,Residential subdivision / home delivery — Exterior wall assemblies,2730000,usd,estimated,"pasted_content_20.txt, CE Development Portfolio Financial Baseline, user-supplied 2026-08-21",,jchappell2120,,,construction,yes,Estimated/user-supplied historical optimized planning case. | Standardized WBS category: building_modular; applicability: All five buildings.
3,Stonepine Residences,Single-Family Residential Development / Subdivision,Historical Planning — Optimized Case,custom,wbs_budget,WBS-027,extended_cost,Residential subdivision / home delivery — Exterior cladding,1950000,usd,estimated,"pasted_content_20.txt, CE Development Portfolio Financial Baseline, user-supplied 2026-08-21",,jchappell2120,,,construction,yes,Estimated/user-supplied historical optimized planning case. | Standardized WBS category: building_modular; applicability: All five buildings.
3,Stonepine Residences,Single-Family Residential Development / Subdivision,Historical Planning — Optimized Case,custom,wbs_budget,WBS-028,extended_cost,Residential subdivision / home delivery — Air and water barrier,1950000,usd,estimated,"pasted_content_20.txt, CE Development Portfolio Financial Baseline, user-supplied 2026-08-21",,jchappell2120,,,construction,yes,Estimated/user-supplied historical optimized planning case. | Standardized WBS category: building_modular; applicability: All five buildings.
3,Stonepine Residences,Single-Family Residential Development / Subdivision,Historical Planning — Optimized Case,custom,wbs_budget,WBS-029,extended_cost,Residential subdivision / home delivery — Insulation systems,1794000,usd,estimated,"pasted_content_20.txt, CE Development Portfolio Financial Baseline, user-supplied 2026-08-21",,jchappell2120,,,construction,yes,Estimated/user-supplied historical optimized planning case. | Standardized WBS category: building_modular; applicability: All five buildings.
3,Stonepine Residences,Single-Family Residential Development / Subdivision,Historical Planning — Optimized Case,custom,wbs_budget,WBS-030,extended_cost,Residential subdivision / home delivery — Exterior finish reserve,1560000,usd,estimated,"pasted_content_20.txt, CE Development Portfolio Financial Baseline, user-supplied 2026-08-21",,jchappell2120,,,construction,yes,Estimated/user-supplied historical optimized planning case. | Standardized WBS category: building_modular; applicability: All five buildings.
3,Stonepine Residences,Single-Family Residential Development / Subdivision,Historical Planning — Optimized Case,custom,wbs_budget,WBS-031,extended_cost,Residential subdivision / home delivery — Plumbing rough-in,3510000,usd,estimated,"pasted_content_20.txt, CE Development Portfolio Financial Baseline, user-supplied 2026-08-21",,jchappell2120,,,construction,yes,Estimated/user-supplied historical optimized planning case. | Standardized WBS category: building_modular; applicability: All five buildings.
3,Stonepine Residences,Single-Family Residential Development / Subdivision,Historical Planning — Optimized Case,custom,wbs_budget,WBS-032,extended_cost,Residential subdivision / home delivery — Electrical rough-in,3510000,usd,estimated,"pasted_content_20.txt, CE Development Portfolio Financial Baseline, user-supplied 2026-08-21",,jchappell2120,,,construction,yes,Estimated/user-supplied historical optimized planning case. | Standardized WBS category: building_modular; applicability: All five buildings.
3,Stonepine Residences,Single-Family Residential Development / Subdivision,Historical Planning — Optimized Case,custom,wbs_budget,WBS-033,extended_cost,Residential subdivision / home delivery — HVAC equipment and distribution,3510000,usd,estimated,"pasted_content_20.txt, CE Development Portfolio Financial Baseline, user-supplied 2026-08-21",,jchappell2120,,,construction,yes,Estimated/user-supplied historical optimized planning case. | Standardized WBS category: building_modular; applicability: All five buildings.
3,Stonepine Residences,Single-Family Residential Development / Subdivision,Historical Planning — Optimized Case,custom,wbs_budget,WBS-034,extended_cost,Residential subdivision / home delivery — Fire protection,2145000,usd,estimated,"pasted_content_20.txt, CE Development Portfolio Financial Baseline, user-supplied 2026-08-21",,jchappell2120,,,construction,yes,Estimated/user-supplied historical optimized planning case. | Standardized WBS category: building_modular; applicability: All five buildings.
3,Stonepine Residences,Single-Family Residential Development / Subdivision,Historical Planning — Optimized Case,custom,wbs_budget,WBS-035,extended_cost,Residential subdivision / home delivery — Low-voltage and controls,1365000,usd,estimated,"pasted_content_20.txt, CE Development Portfolio Financial Baseline, user-supplied 2026-08-21",,jchappell2120,,,construction,yes,Estimated/user-supplied historical optimized planning case. | Standardized WBS category: building_modular; applicability: All five buildings.
3,Stonepine Residences,Single-Family Residential Development / Subdivision,Historical Planning — Optimized Case,custom,wbs_budget,WBS-036,extended_cost,Residential subdivision / home delivery — Metering and service equipment,780000,usd,estimated,"pasted_content_20.txt, CE Development Portfolio Financial Baseline, user-supplied 2026-08-21",,jchappell2120,,,construction,yes,Estimated/user-supplied historical optimized planning case. | Standardized WBS category: building_modular; applicability: All five buildings.
3,Stonepine Residences,Single-Family Residential Development / Subdivision,Historical Planning — Optimized Case,custom,wbs_budget,WBS-037,extended_cost,Residential subdivision / home delivery — MEP design coordination,2535000,usd,estimated,"pasted_content_20.txt, CE Development Portfolio Financial Baseline, user-supplied 2026-08-21",,jchappell2120,,,construction,yes,Estimated/user-supplied historical optimized planning case. | Standardized WBS category: building_modular; applicability: All five buildings.
3,Stonepine Residences,Single-Family Residential Development / Subdivision,Historical Planning — Optimized Case,custom,wbs_budget,WBS-038,extended_cost,Residential subdivision / home delivery — MEP integration reserve,2613000,usd,estimated,"pasted_content_20.txt, CE Development Portfolio Financial Baseline, user-supplied 2026-08-21",,jchappell2120,,,construction,yes,Estimated/user-supplied historical optimized planning case. | Standardized WBS category: building_modular; applicability: All five buildings.
3,Stonepine Residences,Single-Family Residential Development / Subdivision,Historical Planning — Optimized Case,custom,wbs_budget,WBS-039,extended_cost,Residential subdivision / home delivery — Unit framing and partitions,2730000,usd,estimated,"pasted_content_20.txt, CE Development Portfolio Financial Baseline, user-supplied 2026-08-21",,jchappell2120,,,construction,yes,Estimated/user-supplied historical optimized planning case. | Standardized WBS category: building_modular; applicability: All five buildings.
3,Stonepine Residences,Single-Family Residential Development / Subdivision,Historical Planning — Optimized Case,custom,wbs_budget,WBS-040,extended_cost,Residential subdivision / home delivery — Drywall and finish prep,2730000,usd,estimated,"pasted_content_20.txt, CE Development Portfolio Financial Baseline, user-supplied 2026-08-21",,jchappell2120,,,construction,yes,Estimated/user-supplied historical optimized planning case. | Standardized WBS category: building_modular; applicability: All five buildings.
3,Stonepine Residences,Single-Family Residential Development / Subdivision,Historical Planning — Optimized Case,custom,wbs_budget,WBS-041,extended_cost,Residential subdivision / home delivery — Interior paint,1560000,usd,estimated,"pasted_content_20.txt, CE Development Portfolio Financial Baseline, user-supplied 2026-08-21",,jchappell2120,,,construction,yes,Estimated/user-supplied historical optimized planning case. | Standardized WBS category: building_modular; applicability: All five buildings.
3,Stonepine Residences,Single-Family Residential Development / Subdivision,Historical Planning — Optimized Case,custom,wbs_budget,WBS-042,extended_cost,Residential subdivision / home delivery — Flooring,3120000,usd,estimated,"pasted_content_20.txt, CE Development Portfolio Financial Baseline, user-supplied 2026-08-21",,jchappell2120,,,construction,yes,Estimated/user-supplied historical optimized planning case. | Standardized WBS category: building_modular; applicability: All five buildings.
3,Stonepine Residences,Single-Family Residential Development / Subdivision,Historical Planning — Optimized Case,custom,wbs_budget,WBS-043,extended_cost,Residential subdivision / home delivery — Cabinets and countertops,3510000,usd,estimated,"pasted_content_20.txt, CE Development Portfolio Financial Baseline, user-supplied 2026-08-21",,jchappell2120,,,construction,yes,Estimated/user-supplied historical optimized planning case. | Standardized WBS category: building_modular; applicability: All five buildings.
3,Stonepine Residences,Single-Family Residential Development / Subdivision,Historical Planning — Optimized Case,custom,wbs_budget,WBS-044,extended_cost,Residential subdivision / home delivery — Millwork,2340000,usd,estimated,"pasted_content_20.txt, CE Development Portfolio Financial Baseline, user-supplied 2026-08-21",,jchappell2120,,,construction,yes,Estimated/user-supplied historical optimized planning case. | Standardized WBS category: building_modular; applicability: All five buildings.
3,Stonepine Residences,Single-Family Residential Development / Subdivision,Historical Planning — Optimized Case,custom,wbs_budget,WBS-045,extended_cost,Residential subdivision / home delivery — Bathroom finishes,3120000,usd,estimated,"pasted_content_20.txt, CE Development Portfolio Financial Baseline, user-supplied 2026-08-21",,jchappell2120,,,construction,yes,Estimated/user-supplied historical optimized planning case. | Standardized WBS category: building_modular; applicability: All five buildings.
3,Stonepine Residences,Single-Family Residential Development / Subdivision,Historical Planning — Optimized Case,custom,wbs_budget,WBS-046,extended_cost,Residential subdivision / home delivery — Interior doors and hardware,1950000,usd,estimated,"pasted_content_20.txt, CE Development Portfolio Financial Baseline, user-supplied 2026-08-21",,jchappell2120,,,construction,yes,Estimated/user-supplied historical optimized planning case. | Standardized WBS category: building_modular; applicability: All five buildings.
3,Stonepine Residences,Single-Family Residential Development / Subdivision,Historical Planning — Optimized Case,custom,wbs_budget,WBS-047,extended_cost,Residential subdivision / home delivery — Roofing membrane,3120000,usd,estimated,"pasted_content_20.txt, CE Development Portfolio Financial Baseline, user-supplied 2026-08-21",,jchappell2120,,,construction,yes,Estimated/user-supplied historical optimized planning case. | Standardized WBS category: building_modular; applicability: All five buildings.
3,Stonepine Residences,Single-Family Residential Development / Subdivision,Historical Planning — Optimized Case,custom,wbs_budget,WBS-048,extended_cost,Residential subdivision / home delivery — Roof insulation and accessories,1872000,usd,estimated,"pasted_content_20.txt, CE Development Portfolio Financial Baseline, user-supplied 2026-08-21",,jchappell2120,,,construction,yes,Estimated/user-supplied historical optimized planning case. | Standardized WBS category: building_modular; applicability: All five buildings.
3,Stonepine Residences,Single-Family Residential Development / Subdivision,Historical Planning — Optimized Case,custom,wbs_budget,WBS-049,extended_cost,Residential subdivision / home delivery — Windows,4290000,usd,estimated,"pasted_content_20.txt, CE Development Portfolio Financial Baseline, user-supplied 2026-08-21",,jchappell2120,,,construction,yes,Estimated/user-supplied historical optimized planning case. | Standardized WBS category: building_modular; applicability: All five buildings.
3,Stonepine Residences,Single-Family Residential Development / Subdivision,Historical Planning — Optimized Case,custom,wbs_budget,WBS-050,extended_cost,Residential subdivision / home delivery — Exterior doors and glazing,1716000,usd,estimated,"pasted_content_20.txt, CE Development Portfolio Financial Baseline, user-supplied 2026-08-21",,jchappell2120,,,construction,yes,Estimated/user-supplied historical optimized planning case. | Standardized WBS category: building_modular; applicability: All five buildings.
3,Stonepine Residences,Single-Family Residential Development / Subdivision,Historical Planning — Optimized Case,custom,wbs_budget,WBS-051,extended_cost,Residential subdivision / home delivery — Appliances,1950000,usd,estimated,"pasted_content_20.txt, CE Development Portfolio Financial Baseline, user-supplied 2026-08-21",,jchappell2120,,,construction,yes,Estimated/user-supplied historical optimized planning case. | Standardized WBS category: building_modular; applicability: All five buildings.
3,Stonepine Residences,Single-Family Residential Development / Subdivision,Historical Planning — Optimized Case,custom,wbs_budget,WBS-052,extended_cost,Residential subdivision / home delivery — Plumbing fixtures,1560000,usd,estimated,"pasted_content_20.txt, CE Development Portfolio Financial Baseline, user-supplied 2026-08-21",,jchappell2120,,,construction,yes,Estimated/user-supplied historical optimized planning case. | Standardized WBS category: building_modular; applicability: All five buildings.
3,Stonepine Residences,Single-Family Residential Development / Subdivision,Historical Planning — Optimized Case,custom,wbs_budget,WBS-053,extended_cost,Residential subdivision / home delivery — Electrical fixtures,1482000,usd,estimated,"pasted_content_20.txt, CE Development Portfolio Financial Baseline, user-supplied 2026-08-21",,jchappell2120,,,construction,yes,Estimated/user-supplied historical optimized planning case. | Standardized WBS category: building_modular; applicability: All five buildings.
3,Stonepine Residences,Single-Family Residential Development / Subdivision,Historical Planning — Optimized Case,custom,wbs_budget,WBS-054,extended_cost,Residential subdivision / home delivery — Common-area finishes,2730000,usd,estimated,"pasted_content_20.txt, CE Development Portfolio Financial Baseline, user-supplied 2026-08-21",,jchappell2120,,,construction,yes,Estimated/user-supplied historical optimized planning case. | Standardized WBS category: building_modular; applicability: All five buildings.
3,Stonepine Residences,Single-Family Residential Development / Subdivision,Historical Planning — Optimized Case,custom,wbs_budget,WBS-055,extended_cost,Residential subdivision / home delivery — Amenity equipment,1950000,usd,estimated,"pasted_content_20.txt, CE Development Portfolio Financial Baseline, user-supplied 2026-08-21",,jchappell2120,,,construction,yes,Estimated/user-supplied historical optimized planning case. | Standardized WBS category: building_modular; applicability: Project-wide.
3,Stonepine Residences,Single-Family Residential Development / Subdivision,Historical Planning — Optimized Case,custom,wbs_budget,WBS-056,extended_cost,Residential subdivision / home delivery — Common-area furnishings allowance,1326000,usd,estimated,"pasted_content_20.txt, CE Development Portfolio Financial Baseline, user-supplied 2026-08-21",,jchappell2120,,,construction,yes,Estimated/user-supplied historical optimized planning case. | Standardized WBS category: building_modular; applicability: Project-wide.
3,Stonepine Residences,Single-Family Residential Development / Subdivision,Historical Planning — Optimized Case,custom,wbs_budget,WBS-057,extended_cost,Residential subdivision / home delivery — QA/QC inspection,2925000,usd,estimated,"pasted_content_20.txt, CE Development Portfolio Financial Baseline, user-supplied 2026-08-21",,jchappell2120,,,commissioning,yes,Estimated/user-supplied historical optimized planning case. | Standardized WBS category: building_modular; applicability: All five buildings.
3,Stonepine Residences,Single-Family Residential Development / Subdivision,Historical Planning — Optimized Case,custom,wbs_budget,WBS-058,extended_cost,Residential subdivision / home delivery — Building commissioning,1950000,usd,estimated,"pasted_content_20.txt, CE Development Portfolio Financial Baseline, user-supplied 2026-08-21",,jchappell2120,,,commissioning,yes,Estimated/user-supplied historical optimized planning case. | Standardized WBS category: building_modular; applicability: All five buildings.
3,Stonepine Residences,Single-Family Residential Development / Subdivision,Historical Planning — Optimized Case,custom,wbs_budget,WBS-059,extended_cost,Residential subdivision / home delivery — Punch and turnover,1950000,usd,estimated,"pasted_content_20.txt, CE Development Portfolio Financial Baseline, user-supplied 2026-08-21",,jchappell2120,,,building_completion,yes,Estimated/user-supplied historical optimized planning case. | Standardized WBS category: building_modular; applicability: All five buildings.
3,Stonepine Residences,Single-Family Residential Development / Subdivision,Historical Planning — Optimized Case,custom,wbs_budget,WBS-060,extended_cost,Residential subdivision / home delivery — Building completion reserve,6045000,usd,estimated,"pasted_content_20.txt, CE Development Portfolio Financial Baseline, user-supplied 2026-08-21",,jchappell2120,,,building_completion,yes,Estimated/user-supplied historical optimized planning case. | Standardized WBS category: building_modular; applicability: All five buildings.
3,Stonepine Residences,Single-Family Residential Development / Subdivision,Historical Planning — Optimized Case,custom,wbs_budget,WBS-061,extended_cost,Residential subdivision / home delivery — Factory production setup,780000,usd,estimated,"pasted_content_20.txt, CE Development Portfolio Financial Baseline, user-supplied 2026-08-21",,jchappell2120,,,factory_production,yes,Estimated/user-supplied historical optimized planning case. | Standardized WBS category: factory_logistics_installation; applicability: All five buildings.
3,Stonepine Residences,Single-Family Residential Development / Subdivision,Historical Planning — Optimized Case,custom,wbs_budget,WBS-062,extended_cost,Residential subdivision / home delivery — Panel and module assembly,702000,usd,estimated,"pasted_content_20.txt, CE Development Portfolio Financial Baseline, user-supplied 2026-08-21",,jchappell2120,,,factory_production,yes,Estimated/user-supplied historical optimized planning case. | Standardized WBS category: factory_logistics_installation; applicability: All five buildings.
3,Stonepine Residences,Single-Family Residential Development / Subdivision,Historical Planning — Optimized Case,custom,wbs_budget,WBS-063,extended_cost,Residential subdivision / home delivery — Factory labor coordination,702000,usd,estimated,"pasted_content_20.txt, CE Development Portfolio Financial Baseline, user-supplied 2026-08-21",,jchappell2120,,,factory_production,yes,Estimated/user-supplied historical optimized planning case. | Standardized WBS category: factory_logistics_installation; applicability: All five buildings.
3,Stonepine Residences,Single-Family Residential Development / Subdivision,Historical Planning — Optimized Case,custom,wbs_budget,WBS-064,extended_cost,Residential subdivision / home delivery — Factory QA hold points,390000,usd,estimated,"pasted_content_20.txt, CE Development Portfolio Financial Baseline, user-supplied 2026-08-21",,jchappell2120,,,factory_production,yes,Estimated/user-supplied historical optimized planning case. | Standardized WBS category: factory_logistics_installation; applicability: All five buildings.
3,Stonepine Residences,Single-Family Residential Development / Subdivision,Historical Planning — Optimized Case,custom,wbs_budget,WBS-065,extended_cost,Residential subdivision / home delivery — Packaging and protection,312000,usd,estimated,"pasted_content_20.txt, CE Development Portfolio Financial Baseline, user-supplied 2026-08-21",,jchappell2120,,,factory_production,yes,Estimated/user-supplied historical optimized planning case. | Standardized WBS category: factory_logistics_installation; applicability: All five buildings.
3,Stonepine Residences,Single-Family Residential Development / Subdivision,Historical Planning — Optimized Case,custom,wbs_budget,WBS-066,extended_cost,Residential subdivision / home delivery — Staging and handling,390000,usd,estimated,"pasted_content_20.txt, CE Development Portfolio Financial Baseline, user-supplied 2026-08-21",,jchappell2120,,,logistics,yes,Estimated/user-supplied historical optimized planning case. | Standardized WBS category: factory_logistics_installation; applicability: All five buildings.
3,Stonepine Residences,Single-Family Residential Development / Subdivision,Historical Planning — Optimized Case,custom,wbs_budget,WBS-067,extended_cost,Residential subdivision / home delivery — Transportation,975000,usd,estimated,"pasted_content_20.txt, CE Development Portfolio Financial Baseline, user-supplied 2026-08-21",,jchappell2120,,,transportation,yes,Estimated/user-supplied historical optimized planning case. | Standardized WBS category: factory_logistics_installation; applicability: All five buildings.
3,Stonepine Residences,Single-Family Residential Development / Subdivision,Historical Planning — Optimized Case,custom,wbs_budget,WBS-068,extended_cost,Residential subdivision / home delivery — Route and permit coordination,195000,usd,estimated,"pasted_content_20.txt, CE Development Portfolio Financial Baseline, user-supplied 2026-08-21",,jchappell2120,,,transportation,yes,Estimated/user-supplied historical optimized planning case. | Standardized WBS category: factory_logistics_installation; applicability: All five buildings.
3,Stonepine Residences,Single-Family Residential Development / Subdivision,Historical Planning — Optimized Case,custom,wbs_budget,WBS-069,extended_cost,Residential subdivision / home delivery — Transit insurance allowance,195000,usd,estimated,"pasted_content_20.txt, CE Development Portfolio Financial Baseline, user-supplied 2026-08-21",,jchappell2120,,,transportation,yes,Estimated/user-supplied historical optimized planning case. | Standardized WBS category: factory_logistics_installation; applicability: All five buildings.
3,Stonepine Residences,Single-Family Residential Development / Subdivision,Historical Planning — Optimized Case,custom,wbs_budget,WBS-070,extended_cost,Residential subdivision / home delivery — Site receiving,390000,usd,estimated,"pasted_content_20.txt, CE Development Portfolio Financial Baseline, user-supplied 2026-08-21",,jchappell2120,,,site_installation,yes,Estimated/user-supplied historical optimized planning case. | Standardized WBS category: factory_logistics_installation; applicability: All five buildings.
3,Stonepine Residences,Single-Family Residential Development / Subdivision,Historical Planning — Optimized Case,custom,wbs_budget,WBS-071,extended_cost,Residential subdivision / home delivery — Crane and lifting,780000,usd,estimated,"pasted_content_20.txt, CE Development Portfolio Financial Baseline, user-supplied 2026-08-21",,jchappell2120,,,site_installation,yes,Estimated/user-supplied historical optimized planning case. | Standardized WBS category: factory_logistics_installation; applicability: All five buildings.
3,Stonepine Residences,Single-Family Residential Development / Subdivision,Historical Planning — Optimized Case,custom,wbs_budget,WBS-072,extended_cost,Residential subdivision / home delivery — Set and alignment,585000,usd,estimated,"pasted_content_20.txt, CE Development Portfolio Financial Baseline, user-supplied 2026-08-21",,jchappell2120,,,site_installation,yes,Estimated/user-supplied historical optimized planning case. | Standardized WBS category: factory_logistics_installation; applicability: All five buildings.
3,Stonepine Residences,Single-Family Residential Development / Subdivision,Historical Planning — Optimized Case,custom,wbs_budget,WBS-073,extended_cost,Residential subdivision / home delivery — Installation coordination,390000,usd,estimated,"pasted_content_20.txt, CE Development Portfolio Financial Baseline, user-supplied 2026-08-21",,jchappell2120,,,site_installation,yes,Estimated/user-supplied historical optimized planning case. | Standardized WBS category: factory_logistics_installation; applicability: All five buildings.
3,Stonepine Residences,Single-Family Residential Development / Subdivision,Historical Planning — Optimized Case,custom,wbs_budget,WBS-074,extended_cost,Residential subdivision / home delivery — Temporary weather protection,312000,usd,estimated,"pasted_content_20.txt, CE Development Portfolio Financial Baseline, user-supplied 2026-08-21",,jchappell2120,,,site_installation,yes,Estimated/user-supplied historical optimized planning case. | Standardized WBS category: factory_logistics_installation; applicability: All five buildings.
3,Stonepine Residences,Single-Family Residential Development / Subdivision,Historical Planning — Optimized Case,custom,wbs_budget,WBS-075,extended_cost,Residential subdivision / home delivery — Logistics reserve,702000,usd,estimated,"pasted_content_20.txt, CE Development Portfolio Financial Baseline, user-supplied 2026-08-21",,jchappell2120,,,site_installation,yes,Estimated/user-supplied historical optimized planning case. | Standardized WBS category: factory_logistics_installation; applicability: All five buildings.
3,Stonepine Residences,Single-Family Residential Development / Subdivision,Historical Planning — Optimized Case,custom,wbs_budget,WBS-076,extended_cost,Residential subdivision / home delivery — Architecture,1170000,usd,estimated,"pasted_content_20.txt, CE Development Portfolio Financial Baseline, user-supplied 2026-08-21",,jchappell2120,,,design_entitlement,yes,Estimated/user-supplied historical optimized planning case. | Standardized WBS category: professional_soft_costs; applicability: Project-wide.
3,Stonepine Residences,Single-Family Residential Development / Subdivision,Historical Planning — Optimized Case,custom,wbs_budget,WBS-077,extended_cost,Residential subdivision / home delivery — Structural engineering,780000,usd,estimated,"pasted_content_20.txt, CE Development Portfolio Financial Baseline, user-supplied 2026-08-21",,jchappell2120,,,design_entitlement,yes,Estimated/user-supplied historical optimized planning case. | Standardized WBS category: professional_soft_costs; applicability: Project-wide.
3,Stonepine Residences,Single-Family Residential Development / Subdivision,Historical Planning — Optimized Case,custom,wbs_budget,WBS-078,extended_cost,Residential subdivision / home delivery — MEP engineering,780000,usd,estimated,"pasted_content_20.txt, CE Development Portfolio Financial Baseline, user-supplied 2026-08-21",,jchappell2120,,,design_entitlement,yes,Estimated/user-supplied historical optimized planning case. | Standardized WBS category: professional_soft_costs; applicability: Project-wide.
3,Stonepine Residences,Single-Family Residential Development / Subdivision,Historical Planning — Optimized Case,custom,wbs_budget,WBS-079,extended_cost,Residential subdivision / home delivery — Civil engineering,585000,usd,estimated,"pasted_content_20.txt, CE Development Portfolio Financial Baseline, user-supplied 2026-08-21",,jchappell2120,,,design_entitlement,yes,Estimated/user-supplied historical optimized planning case. | Standardized WBS category: professional_soft_costs; applicability: Project-wide.
3,Stonepine Residences,Single-Family Residential Development / Subdivision,Historical Planning — Optimized Case,custom,wbs_budget,WBS-080,extended_cost,Residential subdivision / home delivery — Permitting and entitlement,390000,usd,estimated,"pasted_content_20.txt, CE Development Portfolio Financial Baseline, user-supplied 2026-08-21",,jchappell2120,,,design_entitlement,yes,Estimated/user-supplied historical optimized planning case. | Standardized WBS category: professional_soft_costs; applicability: Project-wide.
3,Stonepine Residences,Single-Family Residential Development / Subdivision,Historical Planning — Optimized Case,custom,wbs_budget,WBS-081,extended_cost,Residential subdivision / home delivery — Project management,1170000,usd,estimated,"pasted_content_20.txt, CE Development Portfolio Financial Baseline, user-supplied 2026-08-21",,jchappell2120,,,construction,yes,Estimated/user-supplied historical optimized planning case. | Standardized WBS category: professional_soft_costs; applicability: Project-wide.
3,Stonepine Residences,Single-Family Residential Development / Subdivision,Historical Planning — Optimized Case,custom,wbs_budget,WBS-082,extended_cost,Residential subdivision / home delivery — Legal,585000,usd,estimated,"pasted_content_20.txt, CE Development Portfolio Financial Baseline, user-supplied 2026-08-21",,jchappell2120,,,predevelopment,yes,Estimated/user-supplied historical optimized planning case. | Standardized WBS category: professional_soft_costs; applicability: Project-wide.
3,Stonepine Residences,Single-Family Residential Development / Subdivision,Historical Planning — Optimized Case,custom,wbs_budget,WBS-083,extended_cost,Residential subdivision / home delivery — Accounting and tax,390000,usd,estimated,"pasted_content_20.txt, CE Development Portfolio Financial Baseline, user-supplied 2026-08-21",,jchappell2120,,,predevelopment,yes,Estimated/user-supplied historical optimized planning case. | Standardized WBS category: professional_soft_costs; applicability: Project-wide.
3,Stonepine Residences,Single-Family Residential Development / Subdivision,Historical Planning — Optimized Case,custom,wbs_budget,WBS-084,extended_cost,Residential subdivision / home delivery — Builder's risk insurance,585000,usd,estimated,"pasted_content_20.txt, CE Development Portfolio Financial Baseline, user-supplied 2026-08-21",,jchappell2120,,,construction,yes,Estimated/user-supplied historical optimized planning case. | Standardized WBS category: professional_soft_costs; applicability: Project-wide.
3,Stonepine Residences,Single-Family Residential Development / Subdivision,Historical Planning — Optimized Case,custom,wbs_budget,WBS-085,extended_cost,Residential subdivision / home delivery — Marketing,585000,usd,estimated,"pasted_content_20.txt, CE Development Portfolio Financial Baseline, user-supplied 2026-08-21",,jchappell2120,,,lease_up_stabilization,yes,Estimated/user-supplied historical optimized planning case. | Standardized WBS category: professional_soft_costs; applicability: Project-wide.
3,Stonepine Residences,Single-Family Residential Development / Subdivision,Historical Planning — Optimized Case,custom,wbs_budget,WBS-086,extended_cost,Residential subdivision / home delivery — Leasing,585000,usd,estimated,"pasted_content_20.txt, CE Development Portfolio Financial Baseline, user-supplied 2026-08-21",,jchappell2120,,,lease_up_stabilization,yes,Estimated/user-supplied historical optimized planning case. | Standardized WBS category: professional_soft_costs; applicability: Project-wide.
3,Stonepine Residences,Single-Family Residential Development / Subdivision,Historical Planning — Optimized Case,custom,wbs_budget,WBS-087,extended_cost,Residential subdivision / home delivery — Leasing commissions,780000,usd,estimated,"pasted_content_20.txt, CE Development Portfolio Financial Baseline, user-supplied 2026-08-21",,jchappell2120,,,lease_up_stabilization,yes,Estimated/user-supplied historical optimized planning case. | Standardized WBS category: professional_soft_costs; applicability: Project-wide.
3,Stonepine Residences,Single-Family Residential Development / Subdivision,Historical Planning — Optimized Case,custom,wbs_budget,WBS-088,extended_cost,Residential subdivision / home delivery — Owner administration reserve,975000,usd,estimated,"pasted_content_20.txt, CE Development Portfolio Financial Baseline, user-supplied 2026-08-21",,jchappell2120,,,predevelopment,yes,Estimated/user-supplied historical optimized planning case. | Standardized WBS category: professional_soft_costs; applicability: Project-wide.
3,Stonepine Residences,Single-Family Residential Development / Subdivision,Historical Planning — Optimized Case,custom,wbs_budget,WBS-089,extended_cost,Residential subdivision / home delivery — Loan origination,1365000,usd,estimated,"pasted_content_20.txt, CE Development Portfolio Financial Baseline, user-supplied 2026-08-21",,jchappell2120,,,predevelopment,yes,Estimated/user-supplied historical optimized planning case. | Standardized WBS category: financing_carry; applicability: Project-wide.
3,Stonepine Residences,Single-Family Residential Development / Subdivision,Historical Planning — Optimized Case,custom,wbs_budget,WBS-090,extended_cost,Residential subdivision / home delivery — Interest carry,1560000,usd,estimated,"pasted_content_20.txt, CE Development Portfolio Financial Baseline, user-supplied 2026-08-21",,jchappell2120,,,construction,yes,Estimated/user-supplied historical optimized planning case. | Standardized WBS category: financing_carry; applicability: Project-wide.
3,Stonepine Residences,Single-Family Residential Development / Subdivision,Historical Planning — Optimized Case,custom,wbs_budget,WBS-091,extended_cost,Residential subdivision / home delivery — Lender legal and diligence,390000,usd,estimated,"pasted_content_20.txt, CE Development Portfolio Financial Baseline, user-supplied 2026-08-21",,jchappell2120,,,predevelopment,yes,Estimated/user-supplied historical optimized planning case. | Standardized WBS category: financing_carry; applicability: Project-wide.
3,Stonepine Residences,Single-Family Residential Development / Subdivision,Historical Planning — Optimized Case,custom,wbs_budget,WBS-092,extended_cost,Residential subdivision / home delivery — Loan administration,390000,usd,estimated,"pasted_content_20.txt, CE Development Portfolio Financial Baseline, user-supplied 2026-08-21",,jchappell2120,,,construction,yes,Estimated/user-supplied historical optimized planning case. | Standardized WBS category: financing_carry; applicability: Project-wide.
3,Stonepine Residences,Single-Family Residential Development / Subdivision,Historical Planning — Optimized Case,custom,wbs_budget,WBS-093,extended_cost,Residential subdivision / home delivery — Interest reserve,585000,usd,estimated,"pasted_content_20.txt, CE Development Portfolio Financial Baseline, user-supplied 2026-08-21",,jchappell2120,,,construction,yes,Estimated/user-supplied historical optimized planning case. | Standardized WBS category: financing_carry; applicability: Project-wide.
3,Stonepine Residences,Single-Family Residential Development / Subdivision,Historical Planning — Optimized Case,custom,wbs_budget,WBS-094,extended_cost,Residential subdivision / home delivery — Extension reserve,390000,usd,estimated,"pasted_content_20.txt, CE Development Portfolio Financial Baseline, user-supplied 2026-08-21",,jchappell2120,,,construction,yes,Estimated/user-supplied historical optimized planning case. | Standardized WBS category: financing_carry; applicability: Project-wide.
3,Stonepine Residences,Single-Family Residential Development / Subdivision,Historical Planning — Optimized Case,custom,wbs_budget,WBS-095,extended_cost,Residential subdivision / home delivery — Construction contingency,1170000,usd,estimated,"pasted_content_20.txt, CE Development Portfolio Financial Baseline, user-supplied 2026-08-21",,jchappell2120,,,construction,yes,Estimated/user-supplied historical optimized planning case. | Standardized WBS category: contingency; applicability: All five buildings.
3,Stonepine Residences,Single-Family Residential Development / Subdivision,Historical Planning — Optimized Case,custom,wbs_budget,WBS-096,extended_cost,Residential subdivision / home delivery — Site contingency,390000,usd,estimated,"pasted_content_20.txt, CE Development Portfolio Financial Baseline, user-supplied 2026-08-21",,jchappell2120,,,construction,yes,Estimated/user-supplied historical optimized planning case. | Standardized WBS category: contingency; applicability: Project-wide.
3,Stonepine Residences,Single-Family Residential Development / Subdivision,Historical Planning — Optimized Case,custom,wbs_budget,WBS-097,extended_cost,Residential subdivision / home delivery — Materials contingency,390000,usd,estimated,"pasted_content_20.txt, CE Development Portfolio Financial Baseline, user-supplied 2026-08-21",,jchappell2120,,,construction,yes,Estimated/user-supplied historical optimized planning case. | Standardized WBS category: contingency; applicability: All five buildings.
3,Stonepine Residences,Single-Family Residential Development / Subdivision,Historical Planning — Optimized Case,custom,wbs_budget,WBS-098,extended_cost,Residential subdivision / home delivery — Factory contingency,390000,usd,estimated,"pasted_content_20.txt, CE Development Portfolio Financial Baseline, user-supplied 2026-08-21",,jchappell2120,,,factory_production,yes,Estimated/user-supplied historical optimized planning case. | Standardized WBS category: contingency; applicability: All five buildings.
3,Stonepine Residences,Single-Family Residential Development / Subdivision,Historical Planning — Optimized Case,custom,wbs_budget,WBS-099,extended_cost,Residential subdivision / home delivery — Schedule contingency,390000,usd,estimated,"pasted_content_20.txt, CE Development Portfolio Financial Baseline, user-supplied 2026-08-21",,jchappell2120,,,construction,yes,Estimated/user-supplied historical optimized planning case. | Standardized WBS category: contingency; applicability: Project-wide.
3,Stonepine Residences,Single-Family Residential Development / Subdivision,Historical Planning — Optimized Case,custom,wbs_budget,WBS-100,extended_cost,Residential subdivision / home delivery — Closeout contingency,390000,usd,estimated,"pasted_content_20.txt, CE Development Portfolio Financial Baseline, user-supplied 2026-08-21",,jchappell2120,,,building_completion,yes,Estimated/user-supplied historical optimized planning case. | Standardized WBS category: contingency; applicability: Project-wide.
3,Stonepine Residences,Single-Family Residential Development / Subdivision,Historical Planning — Optimized Case,custom,capital_deployment,SCH-COST-01,monthly_development_spend,monthly development spend — month 1,2074800,usd,estimated,"pasted_content_20.txt, CE Development Portfolio Financial Baseline, user-supplied 2026-08-21",,jchappell2120,1,1,predevelopment,yes,Estimated/user-supplied historical optimized planning case. | Calculated monthly planning series from scenario drivers; not actual project performance.
3,Stonepine Residences,Single-Family Residential Development / Subdivision,Historical Planning — Optimized Case,custom,schedule,SCH-CUM-01,cumulative_deployment_bps,cumulative deployment bps — month 1,133,percentage_bps,estimated,"pasted_content_20.txt, CE Development Portfolio Financial Baseline, user-supplied 2026-08-21",,jchappell2120,1,1,predevelopment,yes,Estimated/user-supplied historical optimized planning case. | Calculated monthly planning series from scenario drivers; not actual project performance.
3,Stonepine Residences,Single-Family Residential Development / Subdivision,Historical Planning — Optimized Case,custom,schedule,SCH-OCC-01,occupancy_bps,occupancy bps — month 1,0,percentage_bps,estimated,"pasted_content_20.txt, CE Development Portfolio Financial Baseline, user-supplied 2026-08-21",,jchappell2120,1,1,predevelopment,yes,Estimated/user-supplied historical optimized planning case. | Calculated monthly planning series from scenario drivers; not actual project performance.
3,Stonepine Residences,Single-Family Residential Development / Subdivision,Historical Planning — Optimized Case,custom,revenue,SCH-REV-01,monthly_effective_revenue,monthly effective revenue — month 1,0,usd,estimated,"pasted_content_20.txt, CE Development Portfolio Financial Baseline, user-supplied 2026-08-21",,jchappell2120,1,1,predevelopment,yes,Estimated/user-supplied historical optimized planning case. | Calculated monthly planning series from scenario drivers; not actual project performance.
3,Stonepine Residences,Single-Family Residential Development / Subdivision,Historical Planning — Optimized Case,custom,operations,SCH-OPEX-01,monthly_operating_expense,monthly operating expense — month 1,0,usd,estimated,"pasted_content_20.txt, CE Development Portfolio Financial Baseline, user-supplied 2026-08-21",,jchappell2120,1,1,predevelopment,yes,Estimated/user-supplied historical optimized planning case. | Calculated monthly planning series from scenario drivers; not actual project performance.
3,Stonepine Residences,Single-Family Residential Development / Subdivision,Historical Planning — Optimized Case,custom,financing,SCH-DRAW-01,monthly_debt_draw,monthly debt draw — month 1,1348620,usd,estimated,"pasted_content_20.txt, CE Development Portfolio Financial Baseline, user-supplied 2026-08-21",,jchappell2120,1,1,predevelopment,yes,Estimated/user-supplied historical optimized planning case. | Calculated monthly planning series from scenario drivers; not actual project performance.
3,Stonepine Residences,Single-Family Residential Development / Subdivision,Historical Planning — Optimized Case,custom,financing,SCH-INT-01,monthly_interest,monthly interest — month 1,8429,usd,estimated,"pasted_content_20.txt, CE Development Portfolio Financial Baseline, user-supplied 2026-08-21",,jchappell2120,1,1,predevelopment,yes,Estimated/user-supplied historical optimized planning case. | Calculated monthly planning series from scenario drivers; not actual project performance.
3,Stonepine Residences,Single-Family Residential Development / Subdivision,Historical Planning — Optimized Case,custom,cash_flow,SCH-CF-01,monthly_levered_cash_flow,monthly levered cash flow — month 1,-2083229,usd,estimated,"pasted_content_20.txt, CE Development Portfolio Financial Baseline, user-supplied 2026-08-21",,jchappell2120,1,1,predevelopment,yes,Estimated/user-supplied historical optimized planning case. | Calculated monthly planning series from scenario drivers; not actual project performance.
3,Stonepine Residences,Single-Family Residential Development / Subdivision,Historical Planning — Optimized Case,custom,capital_deployment,SCH-COST-02,monthly_development_spend,monthly development spend — month 2,2090400,usd,estimated,"pasted_content_20.txt, CE Development Portfolio Financial Baseline, user-supplied 2026-08-21",,jchappell2120,2,2,predevelopment,yes,Estimated/user-supplied historical optimized planning case. | Calculated monthly planning series from scenario drivers; not actual project performance.
3,Stonepine Residences,Single-Family Residential Development / Subdivision,Historical Planning — Optimized Case,custom,schedule,SCH-CUM-02,cumulative_deployment_bps,cumulative deployment bps — month 2,267,percentage_bps,estimated,"pasted_content_20.txt, CE Development Portfolio Financial Baseline, user-supplied 2026-08-21",,jchappell2120,2,2,predevelopment,yes,Estimated/user-supplied historical optimized planning case. | Calculated monthly planning series from scenario drivers; not actual project performance.
3,Stonepine Residences,Single-Family Residential Development / Subdivision,Historical Planning — Optimized Case,custom,schedule,SCH-OCC-02,occupancy_bps,occupancy bps — month 2,286,percentage_bps,estimated,"pasted_content_20.txt, CE Development Portfolio Financial Baseline, user-supplied 2026-08-21",,jchappell2120,2,2,predevelopment,yes,Estimated/user-supplied historical optimized planning case. | Calculated monthly planning series from scenario drivers; not actual project performance.
3,Stonepine Residences,Single-Family Residential Development / Subdivision,Historical Planning — Optimized Case,custom,revenue,SCH-REV-02,monthly_effective_revenue,monthly effective revenue — month 2,129892,usd,estimated,"pasted_content_20.txt, CE Development Portfolio Financial Baseline, user-supplied 2026-08-21",,jchappell2120,2,2,predevelopment,yes,Estimated/user-supplied historical optimized planning case. | Calculated monthly planning series from scenario drivers; not actual project performance.
3,Stonepine Residences,Single-Family Residential Development / Subdivision,Historical Planning — Optimized Case,custom,operations,SCH-OPEX-02,monthly_operating_expense,monthly operating expense — month 2,0,usd,estimated,"pasted_content_20.txt, CE Development Portfolio Financial Baseline, user-supplied 2026-08-21",,jchappell2120,2,2,predevelopment,yes,Estimated/user-supplied historical optimized planning case. | Calculated monthly planning series from scenario drivers; not actual project performance.
3,Stonepine Residences,Single-Family Residential Development / Subdivision,Historical Planning — Optimized Case,custom,financing,SCH-DRAW-02,monthly_debt_draw,monthly debt draw — month 2,1358760,usd,estimated,"pasted_content_20.txt, CE Development Portfolio Financial Baseline, user-supplied 2026-08-21",,jchappell2120,2,2,predevelopment,yes,Estimated/user-supplied historical optimized planning case. | Calculated monthly planning series from scenario drivers; not actual project performance.
3,Stonepine Residences,Single-Family Residential Development / Subdivision,Historical Planning — Optimized Case,custom,financing,SCH-INT-02,monthly_interest,monthly interest — month 2,16921,usd,estimated,"pasted_content_20.txt, CE Development Portfolio Financial Baseline, user-supplied 2026-08-21",,jchappell2120,2,2,predevelopment,yes,Estimated/user-supplied historical optimized planning case. | Calculated monthly planning series from scenario drivers; not actual project performance.
3,Stonepine Residences,Single-Family Residential Development / Subdivision,Historical Planning — Optimized Case,custom,cash_flow,SCH-CF-02,monthly_levered_cash_flow,monthly levered cash flow — month 2,-1977429,usd,estimated,"pasted_content_20.txt, CE Development Portfolio Financial Baseline, user-supplied 2026-08-21",,jchappell2120,2,2,predevelopment,yes,Estimated/user-supplied historical optimized planning case. | Calculated monthly planning series from scenario drivers; not actual project performance.
3,Stonepine Residences,Single-Family Residential Development / Subdivision,Historical Planning — Optimized Case,custom,capital_deployment,SCH-COST-03,monthly_development_spend,monthly development spend — month 3,2074800,usd,estimated,"pasted_content_20.txt, CE Development Portfolio Financial Baseline, user-supplied 2026-08-21",,jchappell2120,3,3,predevelopment,yes,Estimated/user-supplied historical optimized planning case. | Calculated monthly planning series from scenario drivers; not actual project performance.
3,Stonepine Residences,Single-Family Residential Development / Subdivision,Historical Planning — Optimized Case,custom,schedule,SCH-CUM-03,cumulative_deployment_bps,cumulative deployment bps — month 3,400,percentage_bps,estimated,"pasted_content_20.txt, CE Development Portfolio Financial Baseline, user-supplied 2026-08-21",,jchappell2120,3,3,predevelopment,yes,Estimated/user-supplied historical optimized planning case. | Calculated monthly planning series from scenario drivers; not actual project performance.
3,Stonepine Residences,Single-Family Residential Development / Subdivision,Historical Planning — Optimized Case,custom,schedule,SCH-OCC-03,occupancy_bps,occupancy bps — month 3,571,percentage_bps,estimated,"pasted_content_20.txt, CE Development Portfolio Financial Baseline, user-supplied 2026-08-21",,jchappell2120,3,3,predevelopment,yes,Estimated/user-supplied historical optimized planning case. | Calculated monthly planning series from scenario drivers; not actual project performance.
3,Stonepine Residences,Single-Family Residential Development / Subdivision,Historical Planning — Optimized Case,custom,revenue,SCH-REV-03,monthly_effective_revenue,monthly effective revenue — month 3,259329,usd,estimated,"pasted_content_20.txt, CE Development Portfolio Financial Baseline, user-supplied 2026-08-21",,jchappell2120,3,3,predevelopment,yes,Estimated/user-supplied historical optimized planning case. | Calculated monthly planning series from scenario drivers; not actual project performance.
3,Stonepine Residences,Single-Family Residential Development / Subdivision,Historical Planning — Optimized Case,custom,operations,SCH-OPEX-03,monthly_operating_expense,monthly operating expense — month 3,0,usd,estimated,"pasted_content_20.txt, CE Development Portfolio Financial Baseline, user-supplied 2026-08-21",,jchappell2120,3,3,predevelopment,yes,Estimated/user-supplied historical optimized planning case. | Calculated monthly planning series from scenario drivers; not actual project performance.
3,Stonepine Residences,Single-Family Residential Development / Subdivision,Historical Planning — Optimized Case,custom,financing,SCH-DRAW-03,monthly_debt_draw,monthly debt draw — month 3,1348620,usd,estimated,"pasted_content_20.txt, CE Development Portfolio Financial Baseline, user-supplied 2026-08-21",,jchappell2120,3,3,predevelopment,yes,Estimated/user-supplied historical optimized planning case. | Calculated monthly planning series from scenario drivers; not actual project performance.
3,Stonepine Residences,Single-Family Residential Development / Subdivision,Historical Planning — Optimized Case,custom,financing,SCH-INT-03,monthly_interest,monthly interest — month 3,25350,usd,estimated,"pasted_content_20.txt, CE Development Portfolio Financial Baseline, user-supplied 2026-08-21",,jchappell2120,3,3,predevelopment,yes,Estimated/user-supplied historical optimized planning case. | Calculated monthly planning series from scenario drivers; not actual project performance.
3,Stonepine Residences,Single-Family Residential Development / Subdivision,Historical Planning — Optimized Case,custom,cash_flow,SCH-CF-03,monthly_levered_cash_flow,monthly levered cash flow — month 3,-1840821,usd,estimated,"pasted_content_20.txt, CE Development Portfolio Financial Baseline, user-supplied 2026-08-21",,jchappell2120,3,3,predevelopment,yes,Estimated/user-supplied historical optimized planning case. | Calculated monthly planning series from scenario drivers; not actual project performance.
3,Stonepine Residences,Single-Family Residential Development / Subdivision,Historical Planning — Optimized Case,custom,capital_deployment,SCH-COST-04,monthly_development_spend,monthly development spend — month 4,2074800,usd,estimated,"pasted_content_20.txt, CE Development Portfolio Financial Baseline, user-supplied 2026-08-21",,jchappell2120,4,4,predevelopment,yes,Estimated/user-supplied historical optimized planning case. | Calculated monthly planning series from scenario drivers; not actual project performance.
3,Stonepine Residences,Single-Family Residential Development / Subdivision,Historical Planning — Optimized Case,custom,schedule,SCH-CUM-04,cumulative_deployment_bps,cumulative deployment bps — month 4,533,percentage_bps,estimated,"pasted_content_20.txt, CE Development Portfolio Financial Baseline, user-supplied 2026-08-21",,jchappell2120,4,4,predevelopment,yes,Estimated/user-supplied historical optimized planning case. | Calculated monthly planning series from scenario drivers; not actual project performance.
3,Stonepine Residences,Single-Family Residential Development / Subdivision,Historical Planning — Optimized Case,custom,schedule,SCH-OCC-04,occupancy_bps,occupancy bps — month 4,857,percentage_bps,estimated,"pasted_content_20.txt, CE Development Portfolio Financial Baseline, user-supplied 2026-08-21",,jchappell2120,4,4,predevelopment,yes,Estimated/user-supplied historical optimized planning case. | Calculated monthly planning series from scenario drivers; not actual project performance.
3,Stonepine Residences,Single-Family Residential Development / Subdivision,Historical Planning — Optimized Case,custom,revenue,SCH-REV-04,monthly_effective_revenue,monthly effective revenue — month 4,389221,usd,estimated,"pasted_content_20.txt, CE Development Portfolio Financial Baseline, user-supplied 2026-08-21",,jchappell2120,4,4,predevelopment,yes,Estimated/user-supplied historical optimized planning case. | Calculated monthly planning series from scenario drivers; not actual project performance.
3,Stonepine Residences,Single-Family Residential Development / Subdivision,Historical Planning — Optimized Case,custom,operations,SCH-OPEX-04,monthly_operating_expense,monthly operating expense — month 4,0,usd,estimated,"pasted_content_20.txt, CE Development Portfolio Financial Baseline, user-supplied 2026-08-21",,jchappell2120,4,4,predevelopment,yes,Estimated/user-supplied historical optimized planning case. | Calculated monthly planning series from scenario drivers; not actual project performance.
3,Stonepine Residences,Single-Family Residential Development / Subdivision,Historical Planning — Optimized Case,custom,financing,SCH-DRAW-04,monthly_debt_draw,monthly debt draw — month 4,1348620,usd,estimated,"pasted_content_20.txt, CE Development Portfolio Financial Baseline, user-supplied 2026-08-21",,jchappell2120,4,4,predevelopment,yes,Estimated/user-supplied historical optimized planning case. | Calculated monthly planning series from scenario drivers; not actual project performance.
3,Stonepine Residences,Single-Family Residential Development / Subdivision,Historical Planning — Optimized Case,custom,financing,SCH-INT-04,monthly_interest,monthly interest — month 4,33779,usd,estimated,"pasted_content_20.txt, CE Development Portfolio Financial Baseline, user-supplied 2026-08-21",,jchappell2120,4,4,predevelopment,yes,Estimated/user-supplied historical optimized planning case. | Calculated monthly planning series from scenario drivers; not actual project performance.
3,Stonepine Residences,Single-Family Residential Development / Subdivision,Historical Planning — Optimized Case,custom,cash_flow,SCH-CF-04,monthly_levered_cash_flow,monthly levered cash flow — month 4,-1719358,usd,estimated,"pasted_content_20.txt, CE Development Portfolio Financial Baseline, user-supplied 2026-08-21",,jchappell2120,4,4,predevelopment,yes,Estimated/user-supplied historical optimized planning case. | Calculated monthly planning series from scenario drivers; not actual project performance.
3,Stonepine Residences,Single-Family Residential Development / Subdivision,Historical Planning — Optimized Case,custom,capital_deployment,SCH-COST-05,monthly_development_spend,monthly development spend — month 5,2090400,usd,estimated,"pasted_content_20.txt, CE Development Portfolio Financial Baseline, user-supplied 2026-08-21",,jchappell2120,5,5,predevelopment,yes,Estimated/user-supplied historical optimized planning case. | Calculated monthly planning series from scenario drivers; not actual project performance.
3,Stonepine Residences,Single-Family Residential Development / Subdivision,Historical Planning — Optimized Case,custom,schedule,SCH-CUM-05,cumulative_deployment_bps,cumulative deployment bps — month 5,667,percentage_bps,estimated,"pasted_content_20.txt, CE Development Portfolio Financial Baseline, user-supplied 2026-08-21",,jchappell2120,5,5,predevelopment,yes,Estimated/user-supplied historical optimized planning case. | Calculated monthly planning series from scenario drivers; not actual project performance.
3,Stonepine Residences,Single-Family Residential Development / Subdivision,Historical Planning — Optimized Case,custom,schedule,SCH-OCC-05,occupancy_bps,occupancy bps — month 5,1143,percentage_bps,estimated,"pasted_content_20.txt, CE Development Portfolio Financial Baseline, user-supplied 2026-08-21",,jchappell2120,5,5,predevelopment,yes,Estimated/user-supplied historical optimized planning case. | Calculated monthly planning series from scenario drivers; not actual project performance.
3,Stonepine Residences,Single-Family Residential Development / Subdivision,Historical Planning — Optimized Case,custom,revenue,SCH-REV-05,monthly_effective_revenue,monthly effective revenue — month 5,519113,usd,estimated,"pasted_content_20.txt, CE Development Portfolio Financial Baseline, user-supplied 2026-08-21",,jchappell2120,5,5,predevelopment,yes,Estimated/user-supplied historical optimized planning case. | Calculated monthly planning series from scenario drivers; not actual project performance.
3,Stonepine Residences,Single-Family Residential Development / Subdivision,Historical Planning — Optimized Case,custom,operations,SCH-OPEX-05,monthly_operating_expense,monthly operating expense — month 5,0,usd,estimated,"pasted_content_20.txt, CE Development Portfolio Financial Baseline, user-supplied 2026-08-21",,jchappell2120,5,5,predevelopment,yes,Estimated/user-supplied historical optimized planning case. | Calculated monthly planning series from scenario drivers; not actual project performance.
3,Stonepine Residences,Single-Family Residential Development / Subdivision,Historical Planning — Optimized Case,custom,financing,SCH-DRAW-05,monthly_debt_draw,monthly debt draw — month 5,1358760,usd,estimated,"pasted_content_20.txt, CE Development Portfolio Financial Baseline, user-supplied 2026-08-21",,jchappell2120,5,5,predevelopment,yes,Estimated/user-supplied historical optimized planning case. | Calculated monthly planning series from scenario drivers; not actual project performance.
3,Stonepine Residences,Single-Family Residential Development / Subdivision,Historical Planning — Optimized Case,custom,financing,SCH-INT-05,monthly_interest,monthly interest — month 5,42271,usd,estimated,"pasted_content_20.txt, CE Development Portfolio Financial Baseline, user-supplied 2026-08-21",,jchappell2120,5,5,predevelopment,yes,Estimated/user-supplied historical optimized planning case. | Calculated monthly planning series from scenario drivers; not actual project performance.
3,Stonepine Residences,Single-Family Residential Development / Subdivision,Historical Planning — Optimized Case,custom,cash_flow,SCH-CF-05,monthly_levered_cash_flow,monthly levered cash flow — month 5,-1613558,usd,estimated,"pasted_content_20.txt, CE Development Portfolio Financial Baseline, user-supplied 2026-08-21",,jchappell2120,5,5,predevelopment,yes,Estimated/user-supplied historical optimized planning case. | Calculated monthly planning series from scenario drivers; not actual project performance.
3,Stonepine Residences,Single-Family Residential Development / Subdivision,Historical Planning — Optimized Case,custom,capital_deployment,SCH-COST-06,monthly_development_spend,monthly development spend — month 6,2074800,usd,estimated,"pasted_content_20.txt, CE Development Portfolio Financial Baseline, user-supplied 2026-08-21",,jchappell2120,6,6,predevelopment,yes,Estimated/user-supplied historical optimized planning case. | Calculated monthly planning series from scenario drivers; not actual project performance.
3,Stonepine Residences,Single-Family Residential Development / Subdivision,Historical Planning — Optimized Case,custom,schedule,SCH-CUM-06,cumulative_deployment_bps,cumulative deployment bps — month 6,800,percentage_bps,estimated,"pasted_content_20.txt, CE Development Portfolio Financial Baseline, user-supplied 2026-08-21",,jchappell2120,6,6,predevelopment,yes,Estimated/user-supplied historical optimized planning case. | Calculated monthly planning series from scenario drivers; not actual project performance.
3,Stonepine Residences,Single-Family Residential Development / Subdivision,Historical Planning — Optimized Case,custom,schedule,SCH-OCC-06,occupancy_bps,occupancy bps — month 6,1429,percentage_bps,estimated,"pasted_content_20.txt, CE Development Portfolio Financial Baseline, user-supplied 2026-08-21",,jchappell2120,6,6,predevelopment,yes,Estimated/user-supplied historical optimized planning case. | Calculated monthly planning series from scenario drivers; not actual project performance.
3,Stonepine Residences,Single-Family Residential Development / Subdivision,Historical Planning — Optimized Case,custom,revenue,SCH-REV-06,monthly_effective_revenue,monthly effective revenue — month 6,649004,usd,estimated,"pasted_content_20.txt, CE Development Portfolio Financial Baseline, user-supplied 2026-08-21",,jchappell2120,6,6,predevelopment,yes,Estimated/user-supplied historical optimized planning case. | Calculated monthly planning series from scenario drivers; not actual project performance.
3,Stonepine Residences,Single-Family Residential Development / Subdivision,Historical Planning — Optimized Case,custom,operations,SCH-OPEX-06,monthly_operating_expense,monthly operating expense — month 6,0,usd,estimated,"pasted_content_20.txt, CE Development Portfolio Financial Baseline, user-supplied 2026-08-21",,jchappell2120,6,6,predevelopment,yes,Estimated/user-supplied historical optimized planning case. | Calculated monthly planning series from scenario drivers; not actual project performance.
3,Stonepine Residences,Single-Family Residential Development / Subdivision,Historical Planning — Optimized Case,custom,financing,SCH-DRAW-06,monthly_debt_draw,monthly debt draw — month 6,1348620,usd,estimated,"pasted_content_20.txt, CE Development Portfolio Financial Baseline, user-supplied 2026-08-21",,jchappell2120,6,6,predevelopment,yes,Estimated/user-supplied historical optimized planning case. | Calculated monthly planning series from scenario drivers; not actual project performance.
3,Stonepine Residences,Single-Family Residential Development / Subdivision,Historical Planning — Optimized Case,custom,financing,SCH-INT-06,monthly_interest,monthly interest — month 6,50700,usd,estimated,"pasted_content_20.txt, CE Development Portfolio Financial Baseline, user-supplied 2026-08-21",,jchappell2120,6,6,predevelopment,yes,Estimated/user-supplied historical optimized planning case. | Calculated monthly planning series from scenario drivers; not actual project performance.
3,Stonepine Residences,Single-Family Residential Development / Subdivision,Historical Planning — Optimized Case,custom,cash_flow,SCH-CF-06,monthly_levered_cash_flow,monthly levered cash flow — month 6,-1476496,usd,estimated,"pasted_content_20.txt, CE Development Portfolio Financial Baseline, user-supplied 2026-08-21",,jchappell2120,6,6,predevelopment,yes,Estimated/user-supplied historical optimized planning case. | Calculated monthly planning series from scenario drivers; not actual project performance.
3,Stonepine Residences,Single-Family Residential Development / Subdivision,Historical Planning — Optimized Case,custom,capital_deployment,SCH-COST-07,monthly_development_spend,monthly development spend — month 7,5194800,usd,estimated,"pasted_content_20.txt, CE Development Portfolio Financial Baseline, user-supplied 2026-08-21",,jchappell2120,7,7,construction,yes,Estimated/user-supplied historical optimized planning case. | Calculated monthly planning series from scenario drivers; not actual project performance.
3,Stonepine Residences,Single-Family Residential Development / Subdivision,Historical Planning — Optimized Case,custom,schedule,SCH-CUM-07,cumulative_deployment_bps,cumulative deployment bps — month 7,1133,percentage_bps,estimated,"pasted_content_20.txt, CE Development Portfolio Financial Baseline, user-supplied 2026-08-21",,jchappell2120,7,7,construction,yes,Estimated/user-supplied historical optimized planning case. | Calculated monthly planning series from scenario drivers; not actual project performance.
3,Stonepine Residences,Single-Family Residential Development / Subdivision,Historical Planning — Optimized Case,custom,schedule,SCH-OCC-07,occupancy_bps,occupancy bps — month 7,1714,percentage_bps,estimated,"pasted_content_20.txt, CE Development Portfolio Financial Baseline, user-supplied 2026-08-21",,jchappell2120,7,7,construction,yes,Estimated/user-supplied historical optimized planning case. | Calculated monthly planning series from scenario drivers; not actual project performance.
3,Stonepine Residences,Single-Family Residential Development / Subdivision,Historical Planning — Optimized Case,custom,revenue,SCH-REV-07,monthly_effective_revenue,monthly effective revenue — month 7,778442,usd,estimated,"pasted_content_20.txt, CE Development Portfolio Financial Baseline, user-supplied 2026-08-21",,jchappell2120,7,7,construction,yes,Estimated/user-supplied historical optimized planning case. | Calculated monthly planning series from scenario drivers; not actual project performance.
3,Stonepine Residences,Single-Family Residential Development / Subdivision,Historical Planning — Optimized Case,custom,operations,SCH-OPEX-07,monthly_operating_expense,monthly operating expense — month 7,0,usd,estimated,"pasted_content_20.txt, CE Development Portfolio Financial Baseline, user-supplied 2026-08-21",,jchappell2120,7,7,construction,yes,Estimated/user-supplied historical optimized planning case. | Calculated monthly planning series from scenario drivers; not actual project performance.
3,Stonepine Residences,Single-Family Residential Development / Subdivision,Historical Planning — Optimized Case,custom,financing,SCH-DRAW-07,monthly_debt_draw,monthly debt draw — month 7,3376620,usd,estimated,"pasted_content_20.txt, CE Development Portfolio Financial Baseline, user-supplied 2026-08-21",,jchappell2120,7,7,construction,yes,Estimated/user-supplied historical optimized planning case. | Calculated monthly planning series from scenario drivers; not actual project performance.
3,Stonepine Residences,Single-Family Residential Development / Subdivision,Historical Planning — Optimized Case,custom,financing,SCH-INT-07,monthly_interest,monthly interest — month 7,71804,usd,estimated,"pasted_content_20.txt, CE Development Portfolio Financial Baseline, user-supplied 2026-08-21",,jchappell2120,7,7,construction,yes,Estimated/user-supplied historical optimized planning case. | Calculated monthly planning series from scenario drivers; not actual project performance.
3,Stonepine Residences,Single-Family Residential Development / Subdivision,Historical Planning — Optimized Case,custom,cash_flow,SCH-CF-07,monthly_levered_cash_flow,monthly levered cash flow — month 7,-4488162,usd,estimated,"pasted_content_20.txt, CE Development Portfolio Financial Baseline, user-supplied 2026-08-21",,jchappell2120,7,7,construction,yes,Estimated/user-supplied historical optimized planning case. | Calculated monthly planning series from scenario drivers; not actual project performance.
3,Stonepine Residences,Single-Family Residential Development / Subdivision,Historical Planning — Optimized Case,custom,capital_deployment,SCH-COST-08,monthly_development_spend,monthly development spend — month 8,5210400,usd,estimated,"pasted_content_20.txt, CE Development Portfolio Financial Baseline, user-supplied 2026-08-21",,jchappell2120,8,8,construction,yes,Estimated/user-supplied historical optimized planning case. | Calculated monthly planning series from scenario drivers; not actual project performance.
3,Stonepine Residences,Single-Family Residential Development / Subdivision,Historical Planning — Optimized Case,custom,schedule,SCH-CUM-08,cumulative_deployment_bps,cumulative deployment bps — month 8,1467,percentage_bps,estimated,"pasted_content_20.txt, CE Development Portfolio Financial Baseline, user-supplied 2026-08-21",,jchappell2120,8,8,construction,yes,Estimated/user-supplied historical optimized planning case. | Calculated monthly planning series from scenario drivers; not actual project performance.
3,Stonepine Residences,Single-Family Residential Development / Subdivision,Historical Planning — Optimized Case,custom,schedule,SCH-OCC-08,occupancy_bps,occupancy bps — month 8,2000,percentage_bps,estimated,"pasted_content_20.txt, CE Development Portfolio Financial Baseline, user-supplied 2026-08-21",,jchappell2120,8,8,construction,yes,Estimated/user-supplied historical optimized planning case. | Calculated monthly planning series from scenario drivers; not actual project performance.
3,Stonepine Residences,Single-Family Residential Development / Subdivision,Historical Planning — Optimized Case,custom,revenue,SCH-REV-08,monthly_effective_revenue,monthly effective revenue — month 8,908333,usd,estimated,"pasted_content_20.txt, CE Development Portfolio Financial Baseline, user-supplied 2026-08-21",,jchappell2120,8,8,construction,yes,Estimated/user-supplied historical optimized planning case. | Calculated monthly planning series from scenario drivers; not actual project performance.
3,Stonepine Residences,Single-Family Residential Development / Subdivision,Historical Planning — Optimized Case,custom,operations,SCH-OPEX-08,monthly_operating_expense,monthly operating expense — month 8,0,usd,estimated,"pasted_content_20.txt, CE Development Portfolio Financial Baseline, user-supplied 2026-08-21",,jchappell2120,8,8,construction,yes,Estimated/user-supplied historical optimized planning case. | Calculated monthly planning series from scenario drivers; not actual project performance.
3,Stonepine Residences,Single-Family Residential Development / Subdivision,Historical Planning — Optimized Case,custom,financing,SCH-DRAW-08,monthly_debt_draw,monthly debt draw — month 8,3386760,usd,estimated,"pasted_content_20.txt, CE Development Portfolio Financial Baseline, user-supplied 2026-08-21",,jchappell2120,8,8,construction,yes,Estimated/user-supplied historical optimized planning case. | Calculated monthly planning series from scenario drivers; not actual project performance.
3,Stonepine Residences,Single-Family Residential Development / Subdivision,Historical Planning — Optimized Case,custom,financing,SCH-INT-08,monthly_interest,monthly interest — month 8,92971,usd,estimated,"pasted_content_20.txt, CE Development Portfolio Financial Baseline, user-supplied 2026-08-21",,jchappell2120,8,8,construction,yes,Estimated/user-supplied historical optimized planning case. | Calculated monthly planning series from scenario drivers; not actual project performance.
3,Stonepine Residences,Single-Family Residential Development / Subdivision,Historical Planning — Optimized Case,custom,cash_flow,SCH-CF-08,monthly_levered_cash_flow,monthly levered cash flow — month 8,-4395038,usd,estimated,"pasted_content_20.txt, CE Development Portfolio Financial Baseline, user-supplied 2026-08-21",,jchappell2120,8,8,construction,yes,Estimated/user-supplied historical optimized planning case. | Calculated monthly planning series from scenario drivers; not actual project performance.
3,Stonepine Residences,Single-Family Residential Development / Subdivision,Historical Planning — Optimized Case,custom,capital_deployment,SCH-COST-09,monthly_development_spend,monthly development spend — month 9,5194800,usd,estimated,"pasted_content_20.txt, CE Development Portfolio Financial Baseline, user-supplied 2026-08-21",,jchappell2120,9,9,construction,yes,Estimated/user-supplied historical optimized planning case. | Calculated monthly planning series from scenario drivers; not actual project performance.
3,Stonepine Residences,Single-Family Residential Development / Subdivision,Historical Planning — Optimized Case,custom,schedule,SCH-CUM-09,cumulative_deployment_bps,cumulative deployment bps — month 9,1800,percentage_bps,estimated,"pasted_content_20.txt, CE Development Portfolio Financial Baseline, user-supplied 2026-08-21",,jchappell2120,9,9,construction,yes,Estimated/user-supplied historical optimized planning case. | Calculated monthly planning series from scenario drivers; not actual project performance.
3,Stonepine Residences,Single-Family Residential Development / Subdivision,Historical Planning — Optimized Case,custom,schedule,SCH-OCC-09,occupancy_bps,occupancy bps — month 9,2286,percentage_bps,estimated,"pasted_content_20.txt, CE Development Portfolio Financial Baseline, user-supplied 2026-08-21",,jchappell2120,9,9,construction,yes,Estimated/user-supplied historical optimized planning case. | Calculated monthly planning series from scenario drivers; not actual project performance.
3,Stonepine Residences,Single-Family Residential Development / Subdivision,Historical Planning — Optimized Case,custom,revenue,SCH-REV-09,monthly_effective_revenue,monthly effective revenue — month 9,1038225,usd,estimated,"pasted_content_20.txt, CE Development Portfolio Financial Baseline, user-supplied 2026-08-21",,jchappell2120,9,9,construction,yes,Estimated/user-supplied historical optimized planning case. | Calculated monthly planning series from scenario drivers; not actual project performance.
3,Stonepine Residences,Single-Family Residential Development / Subdivision,Historical Planning — Optimized Case,custom,operations,SCH-OPEX-09,monthly_operating_expense,monthly operating expense — month 9,0,usd,estimated,"pasted_content_20.txt, CE Development Portfolio Financial Baseline, user-supplied 2026-08-21",,jchappell2120,9,9,construction,yes,Estimated/user-supplied historical optimized planning case. | Calculated monthly planning series from scenario drivers; not actual project performance.
3,Stonepine Residences,Single-Family Residential Development / Subdivision,Historical Planning — Optimized Case,custom,financing,SCH-DRAW-09,monthly_debt_draw,monthly debt draw — month 9,3376620,usd,estimated,"pasted_content_20.txt, CE Development Portfolio Financial Baseline, user-supplied 2026-08-21",,jchappell2120,9,9,construction,yes,Estimated/user-supplied historical optimized planning case. | Calculated monthly planning series from scenario drivers; not actual project performance.
3,Stonepine Residences,Single-Family Residential Development / Subdivision,Historical Planning — Optimized Case,custom,financing,SCH-INT-09,monthly_interest,monthly interest — month 9,114075,usd,estimated,"pasted_content_20.txt, CE Development Portfolio Financial Baseline, user-supplied 2026-08-21",,jchappell2120,9,9,construction,yes,Estimated/user-supplied historical optimized planning case. | Calculated monthly planning series from scenario drivers; not actual project performance.
3,Stonepine Residences,Single-Family Residential Development / Subdivision,Historical Planning — Optimized Case,custom,cash_flow,SCH-CF-09,monthly_levered_cash_flow,monthly levered cash flow — month 9,-4270650,usd,estimated,"pasted_content_20.txt, CE Development Portfolio Financial Baseline, user-supplied 2026-08-21",,jchappell2120,9,9,construction,yes,Estimated/user-supplied historical optimized planning case. | Calculated monthly planning series from scenario drivers; not actual project performance.
3,Stonepine Residences,Single-Family Residential Development / Subdivision,Historical Planning — Optimized Case,custom,capital_deployment,SCH-COST-10,monthly_development_spend,monthly development spend — month 10,5194800,usd,estimated,"pasted_content_20.txt, CE Development Portfolio Financial Baseline, user-supplied 2026-08-21",,jchappell2120,10,10,construction,yes,Estimated/user-supplied historical optimized planning case. | Calculated monthly planning series from scenario drivers; not actual project performance.
3,Stonepine Residences,Single-Family Residential Development / Subdivision,Historical Planning — Optimized Case,custom,schedule,SCH-CUM-10,cumulative_deployment_bps,cumulative deployment bps — month 10,2133,percentage_bps,estimated,"pasted_content_20.txt, CE Development Portfolio Financial Baseline, user-supplied 2026-08-21",,jchappell2120,10,10,construction,yes,Estimated/user-supplied historical optimized planning case. | Calculated monthly planning series from scenario drivers; not actual project performance.
3,Stonepine Residences,Single-Family Residential Development / Subdivision,Historical Planning — Optimized Case,custom,schedule,SCH-OCC-10,occupancy_bps,occupancy bps — month 10,2571,percentage_bps,estimated,"pasted_content_20.txt, CE Development Portfolio Financial Baseline, user-supplied 2026-08-21",,jchappell2120,10,10,construction,yes,Estimated/user-supplied historical optimized planning case. | Calculated monthly planning series from scenario drivers; not actual project performance.
3,Stonepine Residences,Single-Family Residential Development / Subdivision,Historical Planning — Optimized Case,custom,revenue,SCH-REV-10,monthly_effective_revenue,monthly effective revenue — month 10,1167663,usd,estimated,"pasted_content_20.txt, CE Development Portfolio Financial Baseline, user-supplied 2026-08-21",,jchappell2120,10,10,construction,yes,Estimated/user-supplied historical optimized planning case. | Calculated monthly planning series from scenario drivers; not actual project performance.
3,Stonepine Residences,Single-Family Residential Development / Subdivision,Historical Planning — Optimized Case,custom,operations,SCH-OPEX-10,monthly_operating_expense,monthly operating expense — month 10,0,usd,estimated,"pasted_content_20.txt, CE Development Portfolio Financial Baseline, user-supplied 2026-08-21",,jchappell2120,10,10,construction,yes,Estimated/user-supplied historical optimized planning case. | Calculated monthly planning series from scenario drivers; not actual project performance.
3,Stonepine Residences,Single-Family Residential Development / Subdivision,Historical Planning — Optimized Case,custom,financing,SCH-DRAW-10,monthly_debt_draw,monthly debt draw — month 10,3376620,usd,estimated,"pasted_content_20.txt, CE Development Portfolio Financial Baseline, user-supplied 2026-08-21",,jchappell2120,10,10,construction,yes,Estimated/user-supplied historical optimized planning case. | Calculated monthly planning series from scenario drivers; not actual project performance.
3,Stonepine Residences,Single-Family Residential Development / Subdivision,Historical Planning — Optimized Case,custom,financing,SCH-INT-10,monthly_interest,monthly interest — month 10,135179,usd,estimated,"pasted_content_20.txt, CE Development Portfolio Financial Baseline, user-supplied 2026-08-21",,jchappell2120,10,10,construction,yes,Estimated/user-supplied historical optimized planning case. | Calculated monthly planning series from scenario drivers; not actual project performance.
3,Stonepine Residences,Single-Family Residential Development / Subdivision,Historical Planning — Optimized Case,custom,cash_flow,SCH-CF-10,monthly_levered_cash_flow,monthly levered cash flow — month 10,-4162316,usd,estimated,"pasted_content_20.txt, CE Development Portfolio Financial Baseline, user-supplied 2026-08-21",,jchappell2120,10,10,construction,yes,Estimated/user-supplied historical optimized planning case. | Calculated monthly planning series from scenario drivers; not actual project performance.
3,Stonepine Residences,Single-Family Residential Development / Subdivision,Historical Planning — Optimized Case,custom,capital_deployment,SCH-COST-11,monthly_development_spend,monthly development spend — month 11,5210400,usd,estimated,"pasted_content_20.txt, CE Development Portfolio Financial Baseline, user-supplied 2026-08-21",,jchappell2120,11,11,construction,yes,Estimated/user-supplied historical optimized planning case. | Calculated monthly planning series from scenario drivers; not actual project performance.
3,Stonepine Residences,Single-Family Residential Development / Subdivision,Historical Planning — Optimized Case,custom,schedule,SCH-CUM-11,cumulative_deployment_bps,cumulative deployment bps — month 11,2467,percentage_bps,estimated,"pasted_content_20.txt, CE Development Portfolio Financial Baseline, user-supplied 2026-08-21",,jchappell2120,11,11,construction,yes,Estimated/user-supplied historical optimized planning case. | Calculated monthly planning series from scenario drivers; not actual project performance.
3,Stonepine Residences,Single-Family Residential Development / Subdivision,Historical Planning — Optimized Case,custom,schedule,SCH-OCC-11,occupancy_bps,occupancy bps — month 11,2857,percentage_bps,estimated,"pasted_content_20.txt, CE Development Portfolio Financial Baseline, user-supplied 2026-08-21",,jchappell2120,11,11,construction,yes,Estimated/user-supplied historical optimized planning case. | Calculated monthly planning series from scenario drivers; not actual project performance.
3,Stonepine Residences,Single-Family Residential Development / Subdivision,Historical Planning — Optimized Case,custom,revenue,SCH-REV-11,monthly_effective_revenue,monthly effective revenue — month 11,1297554,usd,estimated,"pasted_content_20.txt, CE Development Portfolio Financial Baseline, user-supplied 2026-08-21",,jchappell2120,11,11,construction,yes,Estimated/user-supplied historical optimized planning case. | Calculated monthly planning series from scenario drivers; not actual project performance.
3,Stonepine Residences,Single-Family Residential Development / Subdivision,Historical Planning — Optimized Case,custom,operations,SCH-OPEX-11,monthly_operating_expense,monthly operating expense — month 11,0,usd,estimated,"pasted_content_20.txt, CE Development Portfolio Financial Baseline, user-supplied 2026-08-21",,jchappell2120,11,11,construction,yes,Estimated/user-supplied historical optimized planning case. | Calculated monthly planning series from scenario drivers; not actual project performance.
3,Stonepine Residences,Single-Family Residential Development / Subdivision,Historical Planning — Optimized Case,custom,financing,SCH-DRAW-11,monthly_debt_draw,monthly debt draw — month 11,3386760,usd,estimated,"pasted_content_20.txt, CE Development Portfolio Financial Baseline, user-supplied 2026-08-21",,jchappell2120,11,11,construction,yes,Estimated/user-supplied historical optimized planning case. | Calculated monthly planning series from scenario drivers; not actual project performance.
3,Stonepine Residences,Single-Family Residential Development / Subdivision,Historical Planning — Optimized Case,custom,financing,SCH-INT-11,monthly_interest,monthly interest — month 11,156346,usd,estimated,"pasted_content_20.txt, CE Development Portfolio Financial Baseline, user-supplied 2026-08-21",,jchappell2120,11,11,construction,yes,Estimated/user-supplied historical optimized planning case. | Calculated monthly planning series from scenario drivers; not actual project performance.
3,Stonepine Residences,Single-Family Residential Development / Subdivision,Historical Planning — Optimized Case,custom,cash_flow,SCH-CF-11,monthly_levered_cash_flow,monthly levered cash flow — month 11,-4069192,usd,estimated,"pasted_content_20.txt, CE Development Portfolio Financial Baseline, user-supplied 2026-08-21",,jchappell2120,11,11,construction,yes,Estimated/user-supplied historical optimized planning case. | Calculated monthly planning series from scenario drivers; not actual project performance.
3,Stonepine Residences,Single-Family Residential Development / Subdivision,Historical Planning — Optimized Case,custom,capital_deployment,SCH-COST-12,monthly_development_spend,monthly development spend — month 12,5194800,usd,estimated,"pasted_content_20.txt, CE Development Portfolio Financial Baseline, user-supplied 2026-08-21",,jchappell2120,12,12,construction,yes,Estimated/user-supplied historical optimized planning case. | Calculated monthly planning series from scenario drivers; not actual project performance.
3,Stonepine Residences,Single-Family Residential Development / Subdivision,Historical Planning — Optimized Case,custom,schedule,SCH-CUM-12,cumulative_deployment_bps,cumulative deployment bps — month 12,2800,percentage_bps,estimated,"pasted_content_20.txt, CE Development Portfolio Financial Baseline, user-supplied 2026-08-21",,jchappell2120,12,12,construction,yes,Estimated/user-supplied historical optimized planning case. | Calculated monthly planning series from scenario drivers; not actual project performance.
3,Stonepine Residences,Single-Family Residential Development / Subdivision,Historical Planning — Optimized Case,custom,schedule,SCH-OCC-12,occupancy_bps,occupancy bps — month 12,3143,percentage_bps,estimated,"pasted_content_20.txt, CE Development Portfolio Financial Baseline, user-supplied 2026-08-21",,jchappell2120,12,12,construction,yes,Estimated/user-supplied historical optimized planning case. | Calculated monthly planning series from scenario drivers; not actual project performance.
3,Stonepine Residences,Single-Family Residential Development / Subdivision,Historical Planning — Optimized Case,custom,revenue,SCH-REV-12,monthly_effective_revenue,monthly effective revenue — month 12,1427446,usd,estimated,"pasted_content_20.txt, CE Development Portfolio Financial Baseline, user-supplied 2026-08-21",,jchappell2120,12,12,construction,yes,Estimated/user-supplied historical optimized planning case. | Calculated monthly planning series from scenario drivers; not actual project performance.
3,Stonepine Residences,Single-Family Residential Development / Subdivision,Historical Planning — Optimized Case,custom,operations,SCH-OPEX-12,monthly_operating_expense,monthly operating expense — month 12,0,usd,estimated,"pasted_content_20.txt, CE Development Portfolio Financial Baseline, user-supplied 2026-08-21",,jchappell2120,12,12,construction,yes,Estimated/user-supplied historical optimized planning case. | Calculated monthly planning series from scenario drivers; not actual project performance.
3,Stonepine Residences,Single-Family Residential Development / Subdivision,Historical Planning — Optimized Case,custom,financing,SCH-DRAW-12,monthly_debt_draw,monthly debt draw — month 12,3376620,usd,estimated,"pasted_content_20.txt, CE Development Portfolio Financial Baseline, user-supplied 2026-08-21",,jchappell2120,12,12,construction,yes,Estimated/user-supplied historical optimized planning case. | Calculated monthly planning series from scenario drivers; not actual project performance.
3,Stonepine Residences,Single-Family Residential Development / Subdivision,Historical Planning — Optimized Case,custom,financing,SCH-INT-12,monthly_interest,monthly interest — month 12,177450,usd,estimated,"pasted_content_20.txt, CE Development Portfolio Financial Baseline, user-supplied 2026-08-21",,jchappell2120,12,12,construction,yes,Estimated/user-supplied historical optimized planning case. | Calculated monthly planning series from scenario drivers; not actual project performance.
3,Stonepine Residences,Single-Family Residential Development / Subdivision,Historical Planning — Optimized Case,custom,cash_flow,SCH-CF-12,monthly_levered_cash_flow,monthly levered cash flow — month 12,-3944804,usd,estimated,"pasted_content_20.txt, CE Development Portfolio Financial Baseline, user-supplied 2026-08-21",,jchappell2120,12,12,construction,yes,Estimated/user-supplied historical optimized planning case. | Calculated monthly planning series from scenario drivers; not actual project performance.
3,Stonepine Residences,Single-Family Residential Development / Subdivision,Historical Planning — Optimized Case,custom,capital_deployment,SCH-COST-13,monthly_development_spend,monthly development spend — month 13,6240000,usd,estimated,"pasted_content_20.txt, CE Development Portfolio Financial Baseline, user-supplied 2026-08-21",,jchappell2120,13,13,construction,yes,Estimated/user-supplied historical optimized planning case. | Calculated monthly planning series from scenario drivers; not actual project performance.
3,Stonepine Residences,Single-Family Residential Development / Subdivision,Historical Planning — Optimized Case,custom,schedule,SCH-CUM-13,cumulative_deployment_bps,cumulative deployment bps — month 13,3200,percentage_bps,estimated,"pasted_content_20.txt, CE Development Portfolio Financial Baseline, user-supplied 2026-08-21",,jchappell2120,13,13,construction,yes,Estimated/user-supplied historical optimized planning case. | Calculated monthly planning series from scenario drivers; not actual project performance.
3,Stonepine Residences,Single-Family Residential Development / Subdivision,Historical Planning — Optimized Case,custom,schedule,SCH-OCC-13,occupancy_bps,occupancy bps — month 13,3429,percentage_bps,estimated,"pasted_content_20.txt, CE Development Portfolio Financial Baseline, user-supplied 2026-08-21",,jchappell2120,13,13,construction,yes,Estimated/user-supplied historical optimized planning case. | Calculated monthly planning series from scenario drivers; not actual project performance.
3,Stonepine Residences,Single-Family Residential Development / Subdivision,Historical Planning — Optimized Case,custom,revenue,SCH-REV-13,monthly_effective_revenue,monthly effective revenue — month 13,1557338,usd,estimated,"pasted_content_20.txt, CE Development Portfolio Financial Baseline, user-supplied 2026-08-21",,jchappell2120,13,13,construction,yes,Estimated/user-supplied historical optimized planning case. | Calculated monthly planning series from scenario drivers; not actual project performance.
3,Stonepine Residences,Single-Family Residential Development / Subdivision,Historical Planning — Optimized Case,custom,operations,SCH-OPEX-13,monthly_operating_expense,monthly operating expense — month 13,0,usd,estimated,"pasted_content_20.txt, CE Development Portfolio Financial Baseline, user-supplied 2026-08-21",,jchappell2120,13,13,construction,yes,Estimated/user-supplied historical optimized planning case. | Calculated monthly planning series from scenario drivers; not actual project performance.
3,Stonepine Residences,Single-Family Residential Development / Subdivision,Historical Planning — Optimized Case,custom,financing,SCH-DRAW-13,monthly_debt_draw,monthly debt draw — month 13,4056000,usd,estimated,"pasted_content_20.txt, CE Development Portfolio Financial Baseline, user-supplied 2026-08-21",,jchappell2120,13,13,construction,yes,Estimated/user-supplied historical optimized planning case. | Calculated monthly planning series from scenario drivers; not actual project performance.
3,Stonepine Residences,Single-Family Residential Development / Subdivision,Historical Planning — Optimized Case,custom,financing,SCH-INT-13,monthly_interest,monthly interest — month 13,202800,usd,estimated,"pasted_content_20.txt, CE Development Portfolio Financial Baseline, user-supplied 2026-08-21",,jchappell2120,13,13,construction,yes,Estimated/user-supplied historical optimized planning case. | Calculated monthly planning series from scenario drivers; not actual project performance.
3,Stonepine Residences,Single-Family Residential Development / Subdivision,Historical Planning — Optimized Case,custom,cash_flow,SCH-CF-13,monthly_levered_cash_flow,monthly levered cash flow — month 13,-4885462,usd,estimated,"pasted_content_20.txt, CE Development Portfolio Financial Baseline, user-supplied 2026-08-21",,jchappell2120,13,13,construction,yes,Estimated/user-supplied historical optimized planning case. | Calculated monthly planning series from scenario drivers; not actual project performance.
3,Stonepine Residences,Single-Family Residential Development / Subdivision,Historical Planning — Optimized Case,custom,capital_deployment,SCH-COST-14,monthly_development_spend,monthly development spend — month 14,6240000,usd,estimated,"pasted_content_20.txt, CE Development Portfolio Financial Baseline, user-supplied 2026-08-21",,jchappell2120,14,14,construction,yes,Estimated/user-supplied historical optimized planning case. | Calculated monthly planning series from scenario drivers; not actual project performance.
3,Stonepine Residences,Single-Family Residential Development / Subdivision,Historical Planning — Optimized Case,custom,schedule,SCH-CUM-14,cumulative_deployment_bps,cumulative deployment bps — month 14,3600,percentage_bps,estimated,"pasted_content_20.txt, CE Development Portfolio Financial Baseline, user-supplied 2026-08-21",,jchappell2120,14,14,construction,yes,Estimated/user-supplied historical optimized planning case. | Calculated monthly planning series from scenario drivers; not actual project performance.
3,Stonepine Residences,Single-Family Residential Development / Subdivision,Historical Planning — Optimized Case,custom,schedule,SCH-OCC-14,occupancy_bps,occupancy bps — month 14,3714,percentage_bps,estimated,"pasted_content_20.txt, CE Development Portfolio Financial Baseline, user-supplied 2026-08-21",,jchappell2120,14,14,construction,yes,Estimated/user-supplied historical optimized planning case. | Calculated monthly planning series from scenario drivers; not actual project performance.
3,Stonepine Residences,Single-Family Residential Development / Subdivision,Historical Planning — Optimized Case,custom,revenue,SCH-REV-14,monthly_effective_revenue,monthly effective revenue — month 14,1686775,usd,estimated,"pasted_content_20.txt, CE Development Portfolio Financial Baseline, user-supplied 2026-08-21",,jchappell2120,14,14,construction,yes,Estimated/user-supplied historical optimized planning case. | Calculated monthly planning series from scenario drivers; not actual project performance.
3,Stonepine Residences,Single-Family Residential Development / Subdivision,Historical Planning — Optimized Case,custom,operations,SCH-OPEX-14,monthly_operating_expense,monthly operating expense — month 14,0,usd,estimated,"pasted_content_20.txt, CE Development Portfolio Financial Baseline, user-supplied 2026-08-21",,jchappell2120,14,14,construction,yes,Estimated/user-supplied historical optimized planning case. | Calculated monthly planning series from scenario drivers; not actual project performance.
3,Stonepine Residences,Single-Family Residential Development / Subdivision,Historical Planning — Optimized Case,custom,financing,SCH-DRAW-14,monthly_debt_draw,monthly debt draw — month 14,4056000,usd,estimated,"pasted_content_20.txt, CE Development Portfolio Financial Baseline, user-supplied 2026-08-21",,jchappell2120,14,14,construction,yes,Estimated/user-supplied historical optimized planning case. | Calculated monthly planning series from scenario drivers; not actual project performance.
3,Stonepine Residences,Single-Family Residential Development / Subdivision,Historical Planning — Optimized Case,custom,financing,SCH-INT-14,monthly_interest,monthly interest — month 14,228150,usd,estimated,"pasted_content_20.txt, CE Development Portfolio Financial Baseline, user-supplied 2026-08-21",,jchappell2120,14,14,construction,yes,Estimated/user-supplied historical optimized planning case. | Calculated monthly planning series from scenario drivers; not actual project performance.
3,Stonepine Residences,Single-Family Residential Development / Subdivision,Historical Planning — Optimized Case,custom,cash_flow,SCH-CF-14,monthly_levered_cash_flow,monthly levered cash flow — month 14,-4781375,usd,estimated,"pasted_content_20.txt, CE Development Portfolio Financial Baseline, user-supplied 2026-08-21",,jchappell2120,14,14,construction,yes,Estimated/user-supplied historical optimized planning case. | Calculated monthly planning series from scenario drivers; not actual project performance.
3,Stonepine Residences,Single-Family Residential Development / Subdivision,Historical Planning — Optimized Case,custom,capital_deployment,SCH-COST-15,monthly_development_spend,monthly development spend — month 15,6240000,usd,estimated,"pasted_content_20.txt, CE Development Portfolio Financial Baseline, user-supplied 2026-08-21",,jchappell2120,15,15,construction,yes,Estimated/user-supplied historical optimized planning case. | Calculated monthly planning series from scenario drivers; not actual project performance.
3,Stonepine Residences,Single-Family Residential Development / Subdivision,Historical Planning — Optimized Case,custom,schedule,SCH-CUM-15,cumulative_deployment_bps,cumulative deployment bps — month 15,4000,percentage_bps,estimated,"pasted_content_20.txt, CE Development Portfolio Financial Baseline, user-supplied 2026-08-21",,jchappell2120,15,15,construction,yes,Estimated/user-supplied historical optimized planning case. | Calculated monthly planning series from scenario drivers; not actual project performance.
3,Stonepine Residences,Single-Family Residential Development / Subdivision,Historical Planning — Optimized Case,custom,schedule,SCH-OCC-15,occupancy_bps,occupancy bps — month 15,4000,percentage_bps,estimated,"pasted_content_20.txt, CE Development Portfolio Financial Baseline, user-supplied 2026-08-21",,jchappell2120,15,15,construction,yes,Estimated/user-supplied historical optimized planning case. | Calculated monthly planning series from scenario drivers; not actual project performance.
3,Stonepine Residences,Single-Family Residential Development / Subdivision,Historical Planning — Optimized Case,custom,revenue,SCH-REV-15,monthly_effective_revenue,monthly effective revenue — month 15,1816667,usd,estimated,"pasted_content_20.txt, CE Development Portfolio Financial Baseline, user-supplied 2026-08-21",,jchappell2120,15,15,construction,yes,Estimated/user-supplied historical optimized planning case. | Calculated monthly planning series from scenario drivers; not actual project performance.
3,Stonepine Residences,Single-Family Residential Development / Subdivision,Historical Planning — Optimized Case,custom,operations,SCH-OPEX-15,monthly_operating_expense,monthly operating expense — month 15,0,usd,estimated,"pasted_content_20.txt, CE Development Portfolio Financial Baseline, user-supplied 2026-08-21",,jchappell2120,15,15,construction,yes,Estimated/user-supplied historical optimized planning case. | Calculated monthly planning series from scenario drivers; not actual project performance.
3,Stonepine Residences,Single-Family Residential Development / Subdivision,Historical Planning — Optimized Case,custom,financing,SCH-DRAW-15,monthly_debt_draw,monthly debt draw — month 15,4056000,usd,estimated,"pasted_content_20.txt, CE Development Portfolio Financial Baseline, user-supplied 2026-08-21",,jchappell2120,15,15,construction,yes,Estimated/user-supplied historical optimized planning case. | Calculated monthly planning series from scenario drivers; not actual project performance.
3,Stonepine Residences,Single-Family Residential Development / Subdivision,Historical Planning — Optimized Case,custom,financing,SCH-INT-15,monthly_interest,monthly interest — month 15,253500,usd,estimated,"pasted_content_20.txt, CE Development Portfolio Financial Baseline, user-supplied 2026-08-21",,jchappell2120,15,15,construction,yes,Estimated/user-supplied historical optimized planning case. | Calculated monthly planning series from scenario drivers; not actual project performance.
3,Stonepine Residences,Single-Family Residential Development / Subdivision,Historical Planning — Optimized Case,custom,cash_flow,SCH-CF-15,monthly_levered_cash_flow,monthly levered cash flow — month 15,-4676833,usd,estimated,"pasted_content_20.txt, CE Development Portfolio Financial Baseline, user-supplied 2026-08-21",,jchappell2120,15,15,construction,yes,Estimated/user-supplied historical optimized planning case. | Calculated monthly planning series from scenario drivers; not actual project performance.
3,Stonepine Residences,Single-Family Residential Development / Subdivision,Historical Planning — Optimized Case,custom,capital_deployment,SCH-COST-16,monthly_development_spend,monthly development spend — month 16,6240000,usd,estimated,"pasted_content_20.txt, CE Development Portfolio Financial Baseline, user-supplied 2026-08-21",,jchappell2120,16,16,construction,yes,Estimated/user-supplied historical optimized planning case. | Calculated monthly planning series from scenario drivers; not actual project performance.
3,Stonepine Residences,Single-Family Residential Development / Subdivision,Historical Planning — Optimized Case,custom,schedule,SCH-CUM-16,cumulative_deployment_bps,cumulative deployment bps — month 16,4400,percentage_bps,estimated,"pasted_content_20.txt, CE Development Portfolio Financial Baseline, user-supplied 2026-08-21",,jchappell2120,16,16,construction,yes,Estimated/user-supplied historical optimized planning case. | Calculated monthly planning series from scenario drivers; not actual project performance.
3,Stonepine Residences,Single-Family Residential Development / Subdivision,Historical Planning — Optimized Case,custom,schedule,SCH-OCC-16,occupancy_bps,occupancy bps — month 16,4286,percentage_bps,estimated,"pasted_content_20.txt, CE Development Portfolio Financial Baseline, user-supplied 2026-08-21",,jchappell2120,16,16,construction,yes,Estimated/user-supplied historical optimized planning case. | Calculated monthly planning series from scenario drivers; not actual project performance.
3,Stonepine Residences,Single-Family Residential Development / Subdivision,Historical Planning — Optimized Case,custom,revenue,SCH-REV-16,monthly_effective_revenue,monthly effective revenue — month 16,1946558,usd,estimated,"pasted_content_20.txt, CE Development Portfolio Financial Baseline, user-supplied 2026-08-21",,jchappell2120,16,16,construction,yes,Estimated/user-supplied historical optimized planning case. | Calculated monthly planning series from scenario drivers; not actual project performance.
3,Stonepine Residences,Single-Family Residential Development / Subdivision,Historical Planning — Optimized Case,custom,operations,SCH-OPEX-16,monthly_operating_expense,monthly operating expense — month 16,0,usd,estimated,"pasted_content_20.txt, CE Development Portfolio Financial Baseline, user-supplied 2026-08-21",,jchappell2120,16,16,construction,yes,Estimated/user-supplied historical optimized planning case. | Calculated monthly planning series from scenario drivers; not actual project performance.
3,Stonepine Residences,Single-Family Residential Development / Subdivision,Historical Planning — Optimized Case,custom,financing,SCH-DRAW-16,monthly_debt_draw,monthly debt draw — month 16,4056000,usd,estimated,"pasted_content_20.txt, CE Development Portfolio Financial Baseline, user-supplied 2026-08-21",,jchappell2120,16,16,construction,yes,Estimated/user-supplied historical optimized planning case. | Calculated monthly planning series from scenario drivers; not actual project performance.
3,Stonepine Residences,Single-Family Residential Development / Subdivision,Historical Planning — Optimized Case,custom,financing,SCH-INT-16,monthly_interest,monthly interest — month 16,278850,usd,estimated,"pasted_content_20.txt, CE Development Portfolio Financial Baseline, user-supplied 2026-08-21",,jchappell2120,16,16,construction,yes,Estimated/user-supplied historical optimized planning case. | Calculated monthly planning series from scenario drivers; not actual project performance.
3,Stonepine Residences,Single-Family Residential Development / Subdivision,Historical Planning — Optimized Case,custom,cash_flow,SCH-CF-16,monthly_levered_cash_flow,monthly levered cash flow — month 16,-4572292,usd,estimated,"pasted_content_20.txt, CE Development Portfolio Financial Baseline, user-supplied 2026-08-21",,jchappell2120,16,16,construction,yes,Estimated/user-supplied historical optimized planning case. | Calculated monthly planning series from scenario drivers; not actual project performance.
3,Stonepine Residences,Single-Family Residential Development / Subdivision,Historical Planning — Optimized Case,custom,capital_deployment,SCH-COST-17,monthly_development_spend,monthly development spend — month 17,6240000,usd,estimated,"pasted_content_20.txt, CE Development Portfolio Financial Baseline, user-supplied 2026-08-21",,jchappell2120,17,17,construction,yes,Estimated/user-supplied historical optimized planning case. | Calculated monthly planning series from scenario drivers; not actual project performance.
3,Stonepine Residences,Single-Family Residential Development / Subdivision,Historical Planning — Optimized Case,custom,schedule,SCH-CUM-17,cumulative_deployment_bps,cumulative deployment bps — month 17,4800,percentage_bps,estimated,"pasted_content_20.txt, CE Development Portfolio Financial Baseline, user-supplied 2026-08-21",,jchappell2120,17,17,construction,yes,Estimated/user-supplied historical optimized planning case. | Calculated monthly planning series from scenario drivers; not actual project performance.
3,Stonepine Residences,Single-Family Residential Development / Subdivision,Historical Planning — Optimized Case,custom,schedule,SCH-OCC-17,occupancy_bps,occupancy bps — month 17,4571,percentage_bps,estimated,"pasted_content_20.txt, CE Development Portfolio Financial Baseline, user-supplied 2026-08-21",,jchappell2120,17,17,construction,yes,Estimated/user-supplied historical optimized planning case. | Calculated monthly planning series from scenario drivers; not actual project performance.
3,Stonepine Residences,Single-Family Residential Development / Subdivision,Historical Planning — Optimized Case,custom,revenue,SCH-REV-17,monthly_effective_revenue,monthly effective revenue — month 17,2075996,usd,estimated,"pasted_content_20.txt, CE Development Portfolio Financial Baseline, user-supplied 2026-08-21",,jchappell2120,17,17,construction,yes,Estimated/user-supplied historical optimized planning case. | Calculated monthly planning series from scenario drivers; not actual project performance.
3,Stonepine Residences,Single-Family Residential Development / Subdivision,Historical Planning — Optimized Case,custom,operations,SCH-OPEX-17,monthly_operating_expense,monthly operating expense — month 17,0,usd,estimated,"pasted_content_20.txt, CE Development Portfolio Financial Baseline, user-supplied 2026-08-21",,jchappell2120,17,17,construction,yes,Estimated/user-supplied historical optimized planning case. | Calculated monthly planning series from scenario drivers; not actual project performance.
3,Stonepine Residences,Single-Family Residential Development / Subdivision,Historical Planning — Optimized Case,custom,financing,SCH-DRAW-17,monthly_debt_draw,monthly debt draw — month 17,4056000,usd,estimated,"pasted_content_20.txt, CE Development Portfolio Financial Baseline, user-supplied 2026-08-21",,jchappell2120,17,17,construction,yes,Estimated/user-supplied historical optimized planning case. | Calculated monthly planning series from scenario drivers; not actual project performance.
3,Stonepine Residences,Single-Family Residential Development / Subdivision,Historical Planning — Optimized Case,custom,financing,SCH-INT-17,monthly_interest,monthly interest — month 17,304200,usd,estimated,"pasted_content_20.txt, CE Development Portfolio Financial Baseline, user-supplied 2026-08-21",,jchappell2120,17,17,construction,yes,Estimated/user-supplied historical optimized planning case. | Calculated monthly planning series from scenario drivers; not actual project performance.
3,Stonepine Residences,Single-Family Residential Development / Subdivision,Historical Planning — Optimized Case,custom,cash_flow,SCH-CF-17,monthly_levered_cash_flow,monthly levered cash flow — month 17,-4468204,usd,estimated,"pasted_content_20.txt, CE Development Portfolio Financial Baseline, user-supplied 2026-08-21",,jchappell2120,17,17,construction,yes,Estimated/user-supplied historical optimized planning case. | Calculated monthly planning series from scenario drivers; not actual project performance.
3,Stonepine Residences,Single-Family Residential Development / Subdivision,Historical Planning — Optimized Case,custom,capital_deployment,SCH-COST-18,monthly_development_spend,monthly development spend — month 18,6240000,usd,estimated,"pasted_content_20.txt, CE Development Portfolio Financial Baseline, user-supplied 2026-08-21",,jchappell2120,18,18,construction,yes,Estimated/user-supplied historical optimized planning case. | Calculated monthly planning series from scenario drivers; not actual project performance.
3,Stonepine Residences,Single-Family Residential Development / Subdivision,Historical Planning — Optimized Case,custom,schedule,SCH-CUM-18,cumulative_deployment_bps,cumulative deployment bps — month 18,5200,percentage_bps,estimated,"pasted_content_20.txt, CE Development Portfolio Financial Baseline, user-supplied 2026-08-21",,jchappell2120,18,18,construction,yes,Estimated/user-supplied historical optimized planning case. | Calculated monthly planning series from scenario drivers; not actual project performance.
3,Stonepine Residences,Single-Family Residential Development / Subdivision,Historical Planning — Optimized Case,custom,schedule,SCH-OCC-18,occupancy_bps,occupancy bps — month 18,4857,percentage_bps,estimated,"pasted_content_20.txt, CE Development Portfolio Financial Baseline, user-supplied 2026-08-21",,jchappell2120,18,18,construction,yes,Estimated/user-supplied historical optimized planning case. | Calculated monthly planning series from scenario drivers; not actual project performance.
3,Stonepine Residences,Single-Family Residential Development / Subdivision,Historical Planning — Optimized Case,custom,revenue,SCH-REV-18,monthly_effective_revenue,monthly effective revenue — month 18,2205888,usd,estimated,"pasted_content_20.txt, CE Development Portfolio Financial Baseline, user-supplied 2026-08-21",,jchappell2120,18,18,construction,yes,Estimated/user-supplied historical optimized planning case. | Calculated monthly planning series from scenario drivers; not actual project performance.
3,Stonepine Residences,Single-Family Residential Development / Subdivision,Historical Planning — Optimized Case,custom,operations,SCH-OPEX-18,monthly_operating_expense,monthly operating expense — month 18,0,usd,estimated,"pasted_content_20.txt, CE Development Portfolio Financial Baseline, user-supplied 2026-08-21",,jchappell2120,18,18,construction,yes,Estimated/user-supplied historical optimized planning case. | Calculated monthly planning series from scenario drivers; not actual project performance.
3,Stonepine Residences,Single-Family Residential Development / Subdivision,Historical Planning — Optimized Case,custom,financing,SCH-DRAW-18,monthly_debt_draw,monthly debt draw — month 18,4056000,usd,estimated,"pasted_content_20.txt, CE Development Portfolio Financial Baseline, user-supplied 2026-08-21",,jchappell2120,18,18,construction,yes,Estimated/user-supplied historical optimized planning case. | Calculated monthly planning series from scenario drivers; not actual project performance.
3,Stonepine Residences,Single-Family Residential Development / Subdivision,Historical Planning — Optimized Case,custom,financing,SCH-INT-18,monthly_interest,monthly interest — month 18,329550,usd,estimated,"pasted_content_20.txt, CE Development Portfolio Financial Baseline, user-supplied 2026-08-21",,jchappell2120,18,18,construction,yes,Estimated/user-supplied historical optimized planning case. | Calculated monthly planning series from scenario drivers; not actual project performance.
3,Stonepine Residences,Single-Family Residential Development / Subdivision,Historical Planning — Optimized Case,custom,cash_flow,SCH-CF-18,monthly_levered_cash_flow,monthly levered cash flow — month 18,-4363662,usd,estimated,"pasted_content_20.txt, CE Development Portfolio Financial Baseline, user-supplied 2026-08-21",,jchappell2120,18,18,construction,yes,Estimated/user-supplied historical optimized planning case. | Calculated monthly planning series from scenario drivers; not actual project performance.
3,Stonepine Residences,Single-Family Residential Development / Subdivision,Historical Planning — Optimized Case,custom,capital_deployment,SCH-COST-19,monthly_development_spend,monthly development spend — month 19,6240000,usd,estimated,"pasted_content_20.txt, CE Development Portfolio Financial Baseline, user-supplied 2026-08-21",,jchappell2120,19,19,construction,yes,Estimated/user-supplied historical optimized planning case. | Calculated monthly planning series from scenario drivers; not actual project performance.
3,Stonepine Residences,Single-Family Residential Development / Subdivision,Historical Planning — Optimized Case,custom,schedule,SCH-CUM-19,cumulative_deployment_bps,cumulative deployment bps — month 19,5600,percentage_bps,estimated,"pasted_content_20.txt, CE Development Portfolio Financial Baseline, user-supplied 2026-08-21",,jchappell2120,19,19,construction,yes,Estimated/user-supplied historical optimized planning case. | Calculated monthly planning series from scenario drivers; not actual project performance.
3,Stonepine Residences,Single-Family Residential Development / Subdivision,Historical Planning — Optimized Case,custom,schedule,SCH-OCC-19,occupancy_bps,occupancy bps — month 19,5143,percentage_bps,estimated,"pasted_content_20.txt, CE Development Portfolio Financial Baseline, user-supplied 2026-08-21",,jchappell2120,19,19,construction,yes,Estimated/user-supplied historical optimized planning case. | Calculated monthly planning series from scenario drivers; not actual project performance.
3,Stonepine Residences,Single-Family Residential Development / Subdivision,Historical Planning — Optimized Case,custom,revenue,SCH-REV-19,monthly_effective_revenue,monthly effective revenue — month 19,2335779,usd,estimated,"pasted_content_20.txt, CE Development Portfolio Financial Baseline, user-supplied 2026-08-21",,jchappell2120,19,19,construction,yes,Estimated/user-supplied historical optimized planning case. | Calculated monthly planning series from scenario drivers; not actual project performance.
3,Stonepine Residences,Single-Family Residential Development / Subdivision,Historical Planning — Optimized Case,custom,operations,SCH-OPEX-19,monthly_operating_expense,monthly operating expense — month 19,0,usd,estimated,"pasted_content_20.txt, CE Development Portfolio Financial Baseline, user-supplied 2026-08-21",,jchappell2120,19,19,construction,yes,Estimated/user-supplied historical optimized planning case. | Calculated monthly planning series from scenario drivers; not actual project performance.
3,Stonepine Residences,Single-Family Residential Development / Subdivision,Historical Planning — Optimized Case,custom,financing,SCH-DRAW-19,monthly_debt_draw,monthly debt draw — month 19,4056000,usd,estimated,"pasted_content_20.txt, CE Development Portfolio Financial Baseline, user-supplied 2026-08-21",,jchappell2120,19,19,construction,yes,Estimated/user-supplied historical optimized planning case. | Calculated monthly planning series from scenario drivers; not actual project performance.
3,Stonepine Residences,Single-Family Residential Development / Subdivision,Historical Planning — Optimized Case,custom,financing,SCH-INT-19,monthly_interest,monthly interest — month 19,354900,usd,estimated,"pasted_content_20.txt, CE Development Portfolio Financial Baseline, user-supplied 2026-08-21",,jchappell2120,19,19,construction,yes,Estimated/user-supplied historical optimized planning case. | Calculated monthly planning series from scenario drivers; not actual project performance.
3,Stonepine Residences,Single-Family Residential Development / Subdivision,Historical Planning — Optimized Case,custom,cash_flow,SCH-CF-19,monthly_levered_cash_flow,monthly levered cash flow — month 19,-4259121,usd,estimated,"pasted_content_20.txt, CE Development Portfolio Financial Baseline, user-supplied 2026-08-21",,jchappell2120,19,19,construction,yes,Estimated/user-supplied historical optimized planning case. | Calculated monthly planning series from scenario drivers; not actual project performance.
3,Stonepine Residences,Single-Family Residential Development / Subdivision,Historical Planning — Optimized Case,custom,capital_deployment,SCH-COST-20,monthly_development_spend,monthly development spend — month 20,6240000,usd,estimated,"pasted_content_20.txt, CE Development Portfolio Financial Baseline, user-supplied 2026-08-21",,jchappell2120,20,20,construction,yes,Estimated/user-supplied historical optimized planning case. | Calculated monthly planning series from scenario drivers; not actual project performance.
3,Stonepine Residences,Single-Family Residential Development / Subdivision,Historical Planning — Optimized Case,custom,schedule,SCH-CUM-20,cumulative_deployment_bps,cumulative deployment bps — month 20,6000,percentage_bps,estimated,"pasted_content_20.txt, CE Development Portfolio Financial Baseline, user-supplied 2026-08-21",,jchappell2120,20,20,construction,yes,Estimated/user-supplied historical optimized planning case. | Calculated monthly planning series from scenario drivers; not actual project performance.
3,Stonepine Residences,Single-Family Residential Development / Subdivision,Historical Planning — Optimized Case,custom,schedule,SCH-OCC-20,occupancy_bps,occupancy bps — month 20,5429,percentage_bps,estimated,"pasted_content_20.txt, CE Development Portfolio Financial Baseline, user-supplied 2026-08-21",,jchappell2120,20,20,construction,yes,Estimated/user-supplied historical optimized planning case. | Calculated monthly planning series from scenario drivers; not actual project performance.
3,Stonepine Residences,Single-Family Residential Development / Subdivision,Historical Planning — Optimized Case,custom,revenue,SCH-REV-20,monthly_effective_revenue,monthly effective revenue — month 20,2465671,usd,estimated,"pasted_content_20.txt, CE Development Portfolio Financial Baseline, user-supplied 2026-08-21",,jchappell2120,20,20,construction,yes,Estimated/user-supplied historical optimized planning case. | Calculated monthly planning series from scenario drivers; not actual project performance.
3,Stonepine Residences,Single-Family Residential Development / Subdivision,Historical Planning — Optimized Case,custom,operations,SCH-OPEX-20,monthly_operating_expense,monthly operating expense — month 20,0,usd,estimated,"pasted_content_20.txt, CE Development Portfolio Financial Baseline, user-supplied 2026-08-21",,jchappell2120,20,20,construction,yes,Estimated/user-supplied historical optimized planning case. | Calculated monthly planning series from scenario drivers; not actual project performance.
3,Stonepine Residences,Single-Family Residential Development / Subdivision,Historical Planning — Optimized Case,custom,financing,SCH-DRAW-20,monthly_debt_draw,monthly debt draw — month 20,4056000,usd,estimated,"pasted_content_20.txt, CE Development Portfolio Financial Baseline, user-supplied 2026-08-21",,jchappell2120,20,20,construction,yes,Estimated/user-supplied historical optimized planning case. | Calculated monthly planning series from scenario drivers; not actual project performance.
3,Stonepine Residences,Single-Family Residential Development / Subdivision,Historical Planning — Optimized Case,custom,financing,SCH-INT-20,monthly_interest,monthly interest — month 20,380250,usd,estimated,"pasted_content_20.txt, CE Development Portfolio Financial Baseline, user-supplied 2026-08-21",,jchappell2120,20,20,construction,yes,Estimated/user-supplied historical optimized planning case. | Calculated monthly planning series from scenario drivers; not actual project performance.
3,Stonepine Residences,Single-Family Residential Development / Subdivision,Historical Planning — Optimized Case,custom,cash_flow,SCH-CF-20,monthly_levered_cash_flow,monthly levered cash flow — month 20,-4154579,usd,estimated,"pasted_content_20.txt, CE Development Portfolio Financial Baseline, user-supplied 2026-08-21",,jchappell2120,20,20,construction,yes,Estimated/user-supplied historical optimized planning case. | Calculated monthly planning series from scenario drivers; not actual project performance.
3,Stonepine Residences,Single-Family Residential Development / Subdivision,Historical Planning — Optimized Case,custom,capital_deployment,SCH-COST-21,monthly_development_spend,monthly development spend — month 21,6240000,usd,estimated,"pasted_content_20.txt, CE Development Portfolio Financial Baseline, user-supplied 2026-08-21",,jchappell2120,21,21,construction,yes,Estimated/user-supplied historical optimized planning case. | Calculated monthly planning series from scenario drivers; not actual project performance.
3,Stonepine Residences,Single-Family Residential Development / Subdivision,Historical Planning — Optimized Case,custom,schedule,SCH-CUM-21,cumulative_deployment_bps,cumulative deployment bps — month 21,6400,percentage_bps,estimated,"pasted_content_20.txt, CE Development Portfolio Financial Baseline, user-supplied 2026-08-21",,jchappell2120,21,21,construction,yes,Estimated/user-supplied historical optimized planning case. | Calculated monthly planning series from scenario drivers; not actual project performance.
3,Stonepine Residences,Single-Family Residential Development / Subdivision,Historical Planning — Optimized Case,custom,schedule,SCH-OCC-21,occupancy_bps,occupancy bps — month 21,5714,percentage_bps,estimated,"pasted_content_20.txt, CE Development Portfolio Financial Baseline, user-supplied 2026-08-21",,jchappell2120,21,21,construction,yes,Estimated/user-supplied historical optimized planning case. | Calculated monthly planning series from scenario drivers; not actual project performance.
3,Stonepine Residences,Single-Family Residential Development / Subdivision,Historical Planning — Optimized Case,custom,revenue,SCH-REV-21,monthly_effective_revenue,monthly effective revenue — month 21,2595108,usd,estimated,"pasted_content_20.txt, CE Development Portfolio Financial Baseline, user-supplied 2026-08-21",,jchappell2120,21,21,construction,yes,Estimated/user-supplied historical optimized planning case. | Calculated monthly planning series from scenario drivers; not actual project performance.
3,Stonepine Residences,Single-Family Residential Development / Subdivision,Historical Planning — Optimized Case,custom,operations,SCH-OPEX-21,monthly_operating_expense,monthly operating expense — month 21,0,usd,estimated,"pasted_content_20.txt, CE Development Portfolio Financial Baseline, user-supplied 2026-08-21",,jchappell2120,21,21,construction,yes,Estimated/user-supplied historical optimized planning case. | Calculated monthly planning series from scenario drivers; not actual project performance.
3,Stonepine Residences,Single-Family Residential Development / Subdivision,Historical Planning — Optimized Case,custom,financing,SCH-DRAW-21,monthly_debt_draw,monthly debt draw — month 21,4056000,usd,estimated,"pasted_content_20.txt, CE Development Portfolio Financial Baseline, user-supplied 2026-08-21",,jchappell2120,21,21,construction,yes,Estimated/user-supplied historical optimized planning case. | Calculated monthly planning series from scenario drivers; not actual project performance.
3,Stonepine Residences,Single-Family Residential Development / Subdivision,Historical Planning — Optimized Case,custom,financing,SCH-INT-21,monthly_interest,monthly interest — month 21,405600,usd,estimated,"pasted_content_20.txt, CE Development Portfolio Financial Baseline, user-supplied 2026-08-21",,jchappell2120,21,21,construction,yes,Estimated/user-supplied historical optimized planning case. | Calculated monthly planning series from scenario drivers; not actual project performance.
3,Stonepine Residences,Single-Family Residential Development / Subdivision,Historical Planning — Optimized Case,custom,cash_flow,SCH-CF-21,monthly_levered_cash_flow,monthly levered cash flow — month 21,-4050492,usd,estimated,"pasted_content_20.txt, CE Development Portfolio Financial Baseline, user-supplied 2026-08-21",,jchappell2120,21,21,construction,yes,Estimated/user-supplied historical optimized planning case. | Calculated monthly planning series from scenario drivers; not actual project performance.
3,Stonepine Residences,Single-Family Residential Development / Subdivision,Historical Planning — Optimized Case,custom,capital_deployment,SCH-COST-22,monthly_development_spend,monthly development spend — month 22,6240000,usd,estimated,"pasted_content_20.txt, CE Development Portfolio Financial Baseline, user-supplied 2026-08-21",,jchappell2120,22,22,construction,yes,Estimated/user-supplied historical optimized planning case. | Calculated monthly planning series from scenario drivers; not actual project performance.
3,Stonepine Residences,Single-Family Residential Development / Subdivision,Historical Planning — Optimized Case,custom,schedule,SCH-CUM-22,cumulative_deployment_bps,cumulative deployment bps — month 22,6800,percentage_bps,estimated,"pasted_content_20.txt, CE Development Portfolio Financial Baseline, user-supplied 2026-08-21",,jchappell2120,22,22,construction,yes,Estimated/user-supplied historical optimized planning case. | Calculated monthly planning series from scenario drivers; not actual project performance.
3,Stonepine Residences,Single-Family Residential Development / Subdivision,Historical Planning — Optimized Case,custom,schedule,SCH-OCC-22,occupancy_bps,occupancy bps — month 22,6000,percentage_bps,estimated,"pasted_content_20.txt, CE Development Portfolio Financial Baseline, user-supplied 2026-08-21",,jchappell2120,22,22,construction,yes,Estimated/user-supplied historical optimized planning case. | Calculated monthly planning series from scenario drivers; not actual project performance.
3,Stonepine Residences,Single-Family Residential Development / Subdivision,Historical Planning — Optimized Case,custom,revenue,SCH-REV-22,monthly_effective_revenue,monthly effective revenue — month 22,2725000,usd,estimated,"pasted_content_20.txt, CE Development Portfolio Financial Baseline, user-supplied 2026-08-21",,jchappell2120,22,22,construction,yes,Estimated/user-supplied historical optimized planning case. | Calculated monthly planning series from scenario drivers; not actual project performance.
3,Stonepine Residences,Single-Family Residential Development / Subdivision,Historical Planning — Optimized Case,custom,operations,SCH-OPEX-22,monthly_operating_expense,monthly operating expense — month 22,0,usd,estimated,"pasted_content_20.txt, CE Development Portfolio Financial Baseline, user-supplied 2026-08-21",,jchappell2120,22,22,construction,yes,Estimated/user-supplied historical optimized planning case. | Calculated monthly planning series from scenario drivers; not actual project performance.
3,Stonepine Residences,Single-Family Residential Development / Subdivision,Historical Planning — Optimized Case,custom,financing,SCH-DRAW-22,monthly_debt_draw,monthly debt draw — month 22,4056000,usd,estimated,"pasted_content_20.txt, CE Development Portfolio Financial Baseline, user-supplied 2026-08-21",,jchappell2120,22,22,construction,yes,Estimated/user-supplied historical optimized planning case. | Calculated monthly planning series from scenario drivers; not actual project performance.
3,Stonepine Residences,Single-Family Residential Development / Subdivision,Historical Planning — Optimized Case,custom,financing,SCH-INT-22,monthly_interest,monthly interest — month 22,430950,usd,estimated,"pasted_content_20.txt, CE Development Portfolio Financial Baseline, user-supplied 2026-08-21",,jchappell2120,22,22,construction,yes,Estimated/user-supplied historical optimized planning case. | Calculated monthly planning series from scenario drivers; not actual project performance.
3,Stonepine Residences,Single-Family Residential Development / Subdivision,Historical Planning — Optimized Case,custom,cash_flow,SCH-CF-22,monthly_levered_cash_flow,monthly levered cash flow — month 22,-3945950,usd,estimated,"pasted_content_20.txt, CE Development Portfolio Financial Baseline, user-supplied 2026-08-21",,jchappell2120,22,22,construction,yes,Estimated/user-supplied historical optimized planning case. | Calculated monthly planning series from scenario drivers; not actual project performance.
3,Stonepine Residences,Single-Family Residential Development / Subdivision,Historical Planning — Optimized Case,custom,capital_deployment,SCH-COST-23,monthly_development_spend,monthly development spend — month 23,6240000,usd,estimated,"pasted_content_20.txt, CE Development Portfolio Financial Baseline, user-supplied 2026-08-21",,jchappell2120,23,23,construction,yes,Estimated/user-supplied historical optimized planning case. | Calculated monthly planning series from scenario drivers; not actual project performance.
3,Stonepine Residences,Single-Family Residential Development / Subdivision,Historical Planning — Optimized Case,custom,schedule,SCH-CUM-23,cumulative_deployment_bps,cumulative deployment bps — month 23,7200,percentage_bps,estimated,"pasted_content_20.txt, CE Development Portfolio Financial Baseline, user-supplied 2026-08-21",,jchappell2120,23,23,construction,yes,Estimated/user-supplied historical optimized planning case. | Calculated monthly planning series from scenario drivers; not actual project performance.
3,Stonepine Residences,Single-Family Residential Development / Subdivision,Historical Planning — Optimized Case,custom,schedule,SCH-OCC-23,occupancy_bps,occupancy bps — month 23,6286,percentage_bps,estimated,"pasted_content_20.txt, CE Development Portfolio Financial Baseline, user-supplied 2026-08-21",,jchappell2120,23,23,construction,yes,Estimated/user-supplied historical optimized planning case. | Calculated monthly planning series from scenario drivers; not actual project performance.
3,Stonepine Residences,Single-Family Residential Development / Subdivision,Historical Planning — Optimized Case,custom,revenue,SCH-REV-23,monthly_effective_revenue,monthly effective revenue — month 23,2854892,usd,estimated,"pasted_content_20.txt, CE Development Portfolio Financial Baseline, user-supplied 2026-08-21",,jchappell2120,23,23,construction,yes,Estimated/user-supplied historical optimized planning case. | Calculated monthly planning series from scenario drivers; not actual project performance.
3,Stonepine Residences,Single-Family Residential Development / Subdivision,Historical Planning — Optimized Case,custom,operations,SCH-OPEX-23,monthly_operating_expense,monthly operating expense — month 23,0,usd,estimated,"pasted_content_20.txt, CE Development Portfolio Financial Baseline, user-supplied 2026-08-21",,jchappell2120,23,23,construction,yes,Estimated/user-supplied historical optimized planning case. | Calculated monthly planning series from scenario drivers; not actual project performance.
3,Stonepine Residences,Single-Family Residential Development / Subdivision,Historical Planning — Optimized Case,custom,financing,SCH-DRAW-23,monthly_debt_draw,monthly debt draw — month 23,4056000,usd,estimated,"pasted_content_20.txt, CE Development Portfolio Financial Baseline, user-supplied 2026-08-21",,jchappell2120,23,23,construction,yes,Estimated/user-supplied historical optimized planning case. | Calculated monthly planning series from scenario drivers; not actual project performance.
3,Stonepine Residences,Single-Family Residential Development / Subdivision,Historical Planning — Optimized Case,custom,financing,SCH-INT-23,monthly_interest,monthly interest — month 23,456300,usd,estimated,"pasted_content_20.txt, CE Development Portfolio Financial Baseline, user-supplied 2026-08-21",,jchappell2120,23,23,construction,yes,Estimated/user-supplied historical optimized planning case. | Calculated monthly planning series from scenario drivers; not actual project performance.
3,Stonepine Residences,Single-Family Residential Development / Subdivision,Historical Planning — Optimized Case,custom,cash_flow,SCH-CF-23,monthly_levered_cash_flow,monthly levered cash flow — month 23,-3841408,usd,estimated,"pasted_content_20.txt, CE Development Portfolio Financial Baseline, user-supplied 2026-08-21",,jchappell2120,23,23,construction,yes,Estimated/user-supplied historical optimized planning case. | Calculated monthly planning series from scenario drivers; not actual project performance.
3,Stonepine Residences,Single-Family Residential Development / Subdivision,Historical Planning — Optimized Case,custom,capital_deployment,SCH-COST-24,monthly_development_spend,monthly development spend — month 24,6240000,usd,estimated,"pasted_content_20.txt, CE Development Portfolio Financial Baseline, user-supplied 2026-08-21",,jchappell2120,24,24,construction,yes,Estimated/user-supplied historical optimized planning case. | Calculated monthly planning series from scenario drivers; not actual project performance.
3,Stonepine Residences,Single-Family Residential Development / Subdivision,Historical Planning — Optimized Case,custom,schedule,SCH-CUM-24,cumulative_deployment_bps,cumulative deployment bps — month 24,7600,percentage_bps,estimated,"pasted_content_20.txt, CE Development Portfolio Financial Baseline, user-supplied 2026-08-21",,jchappell2120,24,24,construction,yes,Estimated/user-supplied historical optimized planning case. | Calculated monthly planning series from scenario drivers; not actual project performance.
3,Stonepine Residences,Single-Family Residential Development / Subdivision,Historical Planning — Optimized Case,custom,schedule,SCH-OCC-24,occupancy_bps,occupancy bps — month 24,6571,percentage_bps,estimated,"pasted_content_20.txt, CE Development Portfolio Financial Baseline, user-supplied 2026-08-21",,jchappell2120,24,24,construction,yes,Estimated/user-supplied historical optimized planning case. | Calculated monthly planning series from scenario drivers; not actual project performance.
3,Stonepine Residences,Single-Family Residential Development / Subdivision,Historical Planning — Optimized Case,custom,revenue,SCH-REV-24,monthly_effective_revenue,monthly effective revenue — month 24,2984329,usd,estimated,"pasted_content_20.txt, CE Development Portfolio Financial Baseline, user-supplied 2026-08-21",,jchappell2120,24,24,construction,yes,Estimated/user-supplied historical optimized planning case. | Calculated monthly planning series from scenario drivers; not actual project performance.
3,Stonepine Residences,Single-Family Residential Development / Subdivision,Historical Planning — Optimized Case,custom,operations,SCH-OPEX-24,monthly_operating_expense,monthly operating expense — month 24,0,usd,estimated,"pasted_content_20.txt, CE Development Portfolio Financial Baseline, user-supplied 2026-08-21",,jchappell2120,24,24,construction,yes,Estimated/user-supplied historical optimized planning case. | Calculated monthly planning series from scenario drivers; not actual project performance.
3,Stonepine Residences,Single-Family Residential Development / Subdivision,Historical Planning — Optimized Case,custom,financing,SCH-DRAW-24,monthly_debt_draw,monthly debt draw — month 24,4056000,usd,estimated,"pasted_content_20.txt, CE Development Portfolio Financial Baseline, user-supplied 2026-08-21",,jchappell2120,24,24,construction,yes,Estimated/user-supplied historical optimized planning case. | Calculated monthly planning series from scenario drivers; not actual project performance.
3,Stonepine Residences,Single-Family Residential Development / Subdivision,Historical Planning — Optimized Case,custom,financing,SCH-INT-24,monthly_interest,monthly interest — month 24,481650,usd,estimated,"pasted_content_20.txt, CE Development Portfolio Financial Baseline, user-supplied 2026-08-21",,jchappell2120,24,24,construction,yes,Estimated/user-supplied historical optimized planning case. | Calculated monthly planning series from scenario drivers; not actual project performance.
3,Stonepine Residences,Single-Family Residential Development / Subdivision,Historical Planning — Optimized Case,custom,cash_flow,SCH-CF-24,monthly_levered_cash_flow,monthly levered cash flow — month 24,-3737321,usd,estimated,"pasted_content_20.txt, CE Development Portfolio Financial Baseline, user-supplied 2026-08-21",,jchappell2120,24,24,construction,yes,Estimated/user-supplied historical optimized planning case. | Calculated monthly planning series from scenario drivers; not actual project performance.
3,Stonepine Residences,Single-Family Residential Development / Subdivision,Historical Planning — Optimized Case,custom,capital_deployment,SCH-COST-25,monthly_development_spend,monthly development spend — month 25,6240000,usd,estimated,"pasted_content_20.txt, CE Development Portfolio Financial Baseline, user-supplied 2026-08-21",,jchappell2120,25,25,construction,yes,Estimated/user-supplied historical optimized planning case. | Calculated monthly planning series from scenario drivers; not actual project performance.
3,Stonepine Residences,Single-Family Residential Development / Subdivision,Historical Planning — Optimized Case,custom,schedule,SCH-CUM-25,cumulative_deployment_bps,cumulative deployment bps — month 25,8000,percentage_bps,estimated,"pasted_content_20.txt, CE Development Portfolio Financial Baseline, user-supplied 2026-08-21",,jchappell2120,25,25,construction,yes,Estimated/user-supplied historical optimized planning case. | Calculated monthly planning series from scenario drivers; not actual project performance.
3,Stonepine Residences,Single-Family Residential Development / Subdivision,Historical Planning — Optimized Case,custom,schedule,SCH-OCC-25,occupancy_bps,occupancy bps — month 25,6857,percentage_bps,estimated,"pasted_content_20.txt, CE Development Portfolio Financial Baseline, user-supplied 2026-08-21",,jchappell2120,25,25,construction,yes,Estimated/user-supplied historical optimized planning case. | Calculated monthly planning series from scenario drivers; not actual project performance.
3,Stonepine Residences,Single-Family Residential Development / Subdivision,Historical Planning — Optimized Case,custom,revenue,SCH-REV-25,monthly_effective_revenue,monthly effective revenue — month 25,3114221,usd,estimated,"pasted_content_20.txt, CE Development Portfolio Financial Baseline, user-supplied 2026-08-21",,jchappell2120,25,25,construction,yes,Estimated/user-supplied historical optimized planning case. | Calculated monthly planning series from scenario drivers; not actual project performance.
3,Stonepine Residences,Single-Family Residential Development / Subdivision,Historical Planning — Optimized Case,custom,operations,SCH-OPEX-25,monthly_operating_expense,monthly operating expense — month 25,0,usd,estimated,"pasted_content_20.txt, CE Development Portfolio Financial Baseline, user-supplied 2026-08-21",,jchappell2120,25,25,construction,yes,Estimated/user-supplied historical optimized planning case. | Calculated monthly planning series from scenario drivers; not actual project performance.
3,Stonepine Residences,Single-Family Residential Development / Subdivision,Historical Planning — Optimized Case,custom,financing,SCH-DRAW-25,monthly_debt_draw,monthly debt draw — month 25,4056000,usd,estimated,"pasted_content_20.txt, CE Development Portfolio Financial Baseline, user-supplied 2026-08-21",,jchappell2120,25,25,construction,yes,Estimated/user-supplied historical optimized planning case. | Calculated monthly planning series from scenario drivers; not actual project performance.
3,Stonepine Residences,Single-Family Residential Development / Subdivision,Historical Planning — Optimized Case,custom,financing,SCH-INT-25,monthly_interest,monthly interest — month 25,507000,usd,estimated,"pasted_content_20.txt, CE Development Portfolio Financial Baseline, user-supplied 2026-08-21",,jchappell2120,25,25,construction,yes,Estimated/user-supplied historical optimized planning case. | Calculated monthly planning series from scenario drivers; not actual project performance.
3,Stonepine Residences,Single-Family Residential Development / Subdivision,Historical Planning — Optimized Case,custom,cash_flow,SCH-CF-25,monthly_levered_cash_flow,monthly levered cash flow — month 25,-3632779,usd,estimated,"pasted_content_20.txt, CE Development Portfolio Financial Baseline, user-supplied 2026-08-21",,jchappell2120,25,25,construction,yes,Estimated/user-supplied historical optimized planning case. | Calculated monthly planning series from scenario drivers; not actual project performance.
3,Stonepine Residences,Single-Family Residential Development / Subdivision,Historical Planning — Optimized Case,custom,capital_deployment,SCH-COST-26,monthly_development_spend,monthly development spend — month 26,6240000,usd,estimated,"pasted_content_20.txt, CE Development Portfolio Financial Baseline, user-supplied 2026-08-21",,jchappell2120,26,26,construction,yes,Estimated/user-supplied historical optimized planning case. | Calculated monthly planning series from scenario drivers; not actual project performance.
3,Stonepine Residences,Single-Family Residential Development / Subdivision,Historical Planning — Optimized Case,custom,schedule,SCH-CUM-26,cumulative_deployment_bps,cumulative deployment bps — month 26,8400,percentage_bps,estimated,"pasted_content_20.txt, CE Development Portfolio Financial Baseline, user-supplied 2026-08-21",,jchappell2120,26,26,construction,yes,Estimated/user-supplied historical optimized planning case. | Calculated monthly planning series from scenario drivers; not actual project performance.
3,Stonepine Residences,Single-Family Residential Development / Subdivision,Historical Planning — Optimized Case,custom,schedule,SCH-OCC-26,occupancy_bps,occupancy bps — month 26,7143,percentage_bps,estimated,"pasted_content_20.txt, CE Development Portfolio Financial Baseline, user-supplied 2026-08-21",,jchappell2120,26,26,construction,yes,Estimated/user-supplied historical optimized planning case. | Calculated monthly planning series from scenario drivers; not actual project performance.
3,Stonepine Residences,Single-Family Residential Development / Subdivision,Historical Planning — Optimized Case,custom,revenue,SCH-REV-26,monthly_effective_revenue,monthly effective revenue — month 26,3244113,usd,estimated,"pasted_content_20.txt, CE Development Portfolio Financial Baseline, user-supplied 2026-08-21",,jchappell2120,26,26,construction,yes,Estimated/user-supplied historical optimized planning case. | Calculated monthly planning series from scenario drivers; not actual project performance.
3,Stonepine Residences,Single-Family Residential Development / Subdivision,Historical Planning — Optimized Case,custom,operations,SCH-OPEX-26,monthly_operating_expense,monthly operating expense — month 26,0,usd,estimated,"pasted_content_20.txt, CE Development Portfolio Financial Baseline, user-supplied 2026-08-21",,jchappell2120,26,26,construction,yes,Estimated/user-supplied historical optimized planning case. | Calculated monthly planning series from scenario drivers; not actual project performance.
3,Stonepine Residences,Single-Family Residential Development / Subdivision,Historical Planning — Optimized Case,custom,financing,SCH-DRAW-26,monthly_debt_draw,monthly debt draw — month 26,4056000,usd,estimated,"pasted_content_20.txt, CE Development Portfolio Financial Baseline, user-supplied 2026-08-21",,jchappell2120,26,26,construction,yes,Estimated/user-supplied historical optimized planning case. | Calculated monthly planning series from scenario drivers; not actual project performance.
3,Stonepine Residences,Single-Family Residential Development / Subdivision,Historical Planning — Optimized Case,custom,financing,SCH-INT-26,monthly_interest,monthly interest — month 26,532350,usd,estimated,"pasted_content_20.txt, CE Development Portfolio Financial Baseline, user-supplied 2026-08-21",,jchappell2120,26,26,construction,yes,Estimated/user-supplied historical optimized planning case. | Calculated monthly planning series from scenario drivers; not actual project performance.
3,Stonepine Residences,Single-Family Residential Development / Subdivision,Historical Planning — Optimized Case,custom,cash_flow,SCH-CF-26,monthly_levered_cash_flow,monthly levered cash flow — month 26,-3528237,usd,estimated,"pasted_content_20.txt, CE Development Portfolio Financial Baseline, user-supplied 2026-08-21",,jchappell2120,26,26,construction,yes,Estimated/user-supplied historical optimized planning case. | Calculated monthly planning series from scenario drivers; not actual project performance.
3,Stonepine Residences,Single-Family Residential Development / Subdivision,Historical Planning — Optimized Case,custom,capital_deployment,SCH-COST-27,monthly_development_spend,monthly development spend — month 27,6240000,usd,estimated,"pasted_content_20.txt, CE Development Portfolio Financial Baseline, user-supplied 2026-08-21",,jchappell2120,27,27,construction,yes,Estimated/user-supplied historical optimized planning case. | Calculated monthly planning series from scenario drivers; not actual project performance.
3,Stonepine Residences,Single-Family Residential Development / Subdivision,Historical Planning — Optimized Case,custom,schedule,SCH-CUM-27,cumulative_deployment_bps,cumulative deployment bps — month 27,8800,percentage_bps,estimated,"pasted_content_20.txt, CE Development Portfolio Financial Baseline, user-supplied 2026-08-21",,jchappell2120,27,27,construction,yes,Estimated/user-supplied historical optimized planning case. | Calculated monthly planning series from scenario drivers; not actual project performance.
3,Stonepine Residences,Single-Family Residential Development / Subdivision,Historical Planning — Optimized Case,custom,schedule,SCH-OCC-27,occupancy_bps,occupancy bps — month 27,7429,percentage_bps,estimated,"pasted_content_20.txt, CE Development Portfolio Financial Baseline, user-supplied 2026-08-21",,jchappell2120,27,27,construction,yes,Estimated/user-supplied historical optimized planning case. | Calculated monthly planning series from scenario drivers; not actual project performance.
3,Stonepine Residences,Single-Family Residential Development / Subdivision,Historical Planning — Optimized Case,custom,revenue,SCH-REV-27,monthly_effective_revenue,monthly effective revenue — month 27,3374004,usd,estimated,"pasted_content_20.txt, CE Development Portfolio Financial Baseline, user-supplied 2026-08-21",,jchappell2120,27,27,construction,yes,Estimated/user-supplied historical optimized planning case. | Calculated monthly planning series from scenario drivers; not actual project performance.
3,Stonepine Residences,Single-Family Residential Development / Subdivision,Historical Planning — Optimized Case,custom,operations,SCH-OPEX-27,monthly_operating_expense,monthly operating expense — month 27,0,usd,estimated,"pasted_content_20.txt, CE Development Portfolio Financial Baseline, user-supplied 2026-08-21",,jchappell2120,27,27,construction,yes,Estimated/user-supplied historical optimized planning case. | Calculated monthly planning series from scenario drivers; not actual project performance.
3,Stonepine Residences,Single-Family Residential Development / Subdivision,Historical Planning — Optimized Case,custom,financing,SCH-DRAW-27,monthly_debt_draw,monthly debt draw — month 27,4056000,usd,estimated,"pasted_content_20.txt, CE Development Portfolio Financial Baseline, user-supplied 2026-08-21",,jchappell2120,27,27,construction,yes,Estimated/user-supplied historical optimized planning case. | Calculated monthly planning series from scenario drivers; not actual project performance.
3,Stonepine Residences,Single-Family Residential Development / Subdivision,Historical Planning — Optimized Case,custom,financing,SCH-INT-27,monthly_interest,monthly interest — month 27,557700,usd,estimated,"pasted_content_20.txt, CE Development Portfolio Financial Baseline, user-supplied 2026-08-21",,jchappell2120,27,27,construction,yes,Estimated/user-supplied historical optimized planning case. | Calculated monthly planning series from scenario drivers; not actual project performance.
3,Stonepine Residences,Single-Family Residential Development / Subdivision,Historical Planning — Optimized Case,custom,cash_flow,SCH-CF-27,monthly_levered_cash_flow,monthly levered cash flow — month 27,-3423696,usd,estimated,"pasted_content_20.txt, CE Development Portfolio Financial Baseline, user-supplied 2026-08-21",,jchappell2120,27,27,construction,yes,Estimated/user-supplied historical optimized planning case. | Calculated monthly planning series from scenario drivers; not actual project performance.
3,Stonepine Residences,Single-Family Residential Development / Subdivision,Historical Planning — Optimized Case,custom,capital_deployment,SCH-COST-28,monthly_development_spend,monthly development spend — month 28,6240000,usd,estimated,"pasted_content_20.txt, CE Development Portfolio Financial Baseline, user-supplied 2026-08-21",,jchappell2120,28,28,construction,yes,Estimated/user-supplied historical optimized planning case. | Calculated monthly planning series from scenario drivers; not actual project performance.
3,Stonepine Residences,Single-Family Residential Development / Subdivision,Historical Planning — Optimized Case,custom,schedule,SCH-CUM-28,cumulative_deployment_bps,cumulative deployment bps — month 28,9200,percentage_bps,estimated,"pasted_content_20.txt, CE Development Portfolio Financial Baseline, user-supplied 2026-08-21",,jchappell2120,28,28,construction,yes,Estimated/user-supplied historical optimized planning case. | Calculated monthly planning series from scenario drivers; not actual project performance.
3,Stonepine Residences,Single-Family Residential Development / Subdivision,Historical Planning — Optimized Case,custom,schedule,SCH-OCC-28,occupancy_bps,occupancy bps — month 28,7714,percentage_bps,estimated,"pasted_content_20.txt, CE Development Portfolio Financial Baseline, user-supplied 2026-08-21",,jchappell2120,28,28,construction,yes,Estimated/user-supplied historical optimized planning case. | Calculated monthly planning series from scenario drivers; not actual project performance.
3,Stonepine Residences,Single-Family Residential Development / Subdivision,Historical Planning — Optimized Case,custom,revenue,SCH-REV-28,monthly_effective_revenue,monthly effective revenue — month 28,3503442,usd,estimated,"pasted_content_20.txt, CE Development Portfolio Financial Baseline, user-supplied 2026-08-21",,jchappell2120,28,28,construction,yes,Estimated/user-supplied historical optimized planning case. | Calculated monthly planning series from scenario drivers; not actual project performance.
3,Stonepine Residences,Single-Family Residential Development / Subdivision,Historical Planning — Optimized Case,custom,operations,SCH-OPEX-28,monthly_operating_expense,monthly operating expense — month 28,0,usd,estimated,"pasted_content_20.txt, CE Development Portfolio Financial Baseline, user-supplied 2026-08-21",,jchappell2120,28,28,construction,yes,Estimated/user-supplied historical optimized planning case. | Calculated monthly planning series from scenario drivers; not actual project performance.
3,Stonepine Residences,Single-Family Residential Development / Subdivision,Historical Planning — Optimized Case,custom,financing,SCH-DRAW-28,monthly_debt_draw,monthly debt draw — month 28,4056000,usd,estimated,"pasted_content_20.txt, CE Development Portfolio Financial Baseline, user-supplied 2026-08-21",,jchappell2120,28,28,construction,yes,Estimated/user-supplied historical optimized planning case. | Calculated monthly planning series from scenario drivers; not actual project performance.
3,Stonepine Residences,Single-Family Residential Development / Subdivision,Historical Planning — Optimized Case,custom,financing,SCH-INT-28,monthly_interest,monthly interest — month 28,583050,usd,estimated,"pasted_content_20.txt, CE Development Portfolio Financial Baseline, user-supplied 2026-08-21",,jchappell2120,28,28,construction,yes,Estimated/user-supplied historical optimized planning case. | Calculated monthly planning series from scenario drivers; not actual project performance.
3,Stonepine Residences,Single-Family Residential Development / Subdivision,Historical Planning — Optimized Case,custom,cash_flow,SCH-CF-28,monthly_levered_cash_flow,monthly levered cash flow — month 28,-3319608,usd,estimated,"pasted_content_20.txt, CE Development Portfolio Financial Baseline, user-supplied 2026-08-21",,jchappell2120,28,28,construction,yes,Estimated/user-supplied historical optimized planning case. | Calculated monthly planning series from scenario drivers; not actual project performance.
3,Stonepine Residences,Single-Family Residential Development / Subdivision,Historical Planning — Optimized Case,custom,capital_deployment,SCH-COST-29,monthly_development_spend,monthly development spend — month 29,6240000,usd,estimated,"pasted_content_20.txt, CE Development Portfolio Financial Baseline, user-supplied 2026-08-21",,jchappell2120,29,29,construction,yes,Estimated/user-supplied historical optimized planning case. | Calculated monthly planning series from scenario drivers; not actual project performance.
3,Stonepine Residences,Single-Family Residential Development / Subdivision,Historical Planning — Optimized Case,custom,schedule,SCH-CUM-29,cumulative_deployment_bps,cumulative deployment bps — month 29,9600,percentage_bps,estimated,"pasted_content_20.txt, CE Development Portfolio Financial Baseline, user-supplied 2026-08-21",,jchappell2120,29,29,construction,yes,Estimated/user-supplied historical optimized planning case. | Calculated monthly planning series from scenario drivers; not actual project performance.
3,Stonepine Residences,Single-Family Residential Development / Subdivision,Historical Planning — Optimized Case,custom,schedule,SCH-OCC-29,occupancy_bps,occupancy bps — month 29,8000,percentage_bps,estimated,"pasted_content_20.txt, CE Development Portfolio Financial Baseline, user-supplied 2026-08-21",,jchappell2120,29,29,construction,yes,Estimated/user-supplied historical optimized planning case. | Calculated monthly planning series from scenario drivers; not actual project performance.
3,Stonepine Residences,Single-Family Residential Development / Subdivision,Historical Planning — Optimized Case,custom,revenue,SCH-REV-29,monthly_effective_revenue,monthly effective revenue — month 29,3633333,usd,estimated,"pasted_content_20.txt, CE Development Portfolio Financial Baseline, user-supplied 2026-08-21",,jchappell2120,29,29,construction,yes,Estimated/user-supplied historical optimized planning case. | Calculated monthly planning series from scenario drivers; not actual project performance.
3,Stonepine Residences,Single-Family Residential Development / Subdivision,Historical Planning — Optimized Case,custom,operations,SCH-OPEX-29,monthly_operating_expense,monthly operating expense — month 29,0,usd,estimated,"pasted_content_20.txt, CE Development Portfolio Financial Baseline, user-supplied 2026-08-21",,jchappell2120,29,29,construction,yes,Estimated/user-supplied historical optimized planning case. | Calculated monthly planning series from scenario drivers; not actual project performance.
3,Stonepine Residences,Single-Family Residential Development / Subdivision,Historical Planning — Optimized Case,custom,financing,SCH-DRAW-29,monthly_debt_draw,monthly debt draw — month 29,4056000,usd,estimated,"pasted_content_20.txt, CE Development Portfolio Financial Baseline, user-supplied 2026-08-21",,jchappell2120,29,29,construction,yes,Estimated/user-supplied historical optimized planning case. | Calculated monthly planning series from scenario drivers; not actual project performance.
3,Stonepine Residences,Single-Family Residential Development / Subdivision,Historical Planning — Optimized Case,custom,financing,SCH-INT-29,monthly_interest,monthly interest — month 29,608400,usd,estimated,"pasted_content_20.txt, CE Development Portfolio Financial Baseline, user-supplied 2026-08-21",,jchappell2120,29,29,construction,yes,Estimated/user-supplied historical optimized planning case. | Calculated monthly planning series from scenario drivers; not actual project performance.
3,Stonepine Residences,Single-Family Residential Development / Subdivision,Historical Planning — Optimized Case,custom,cash_flow,SCH-CF-29,monthly_levered_cash_flow,monthly levered cash flow — month 29,-3215067,usd,estimated,"pasted_content_20.txt, CE Development Portfolio Financial Baseline, user-supplied 2026-08-21",,jchappell2120,29,29,construction,yes,Estimated/user-supplied historical optimized planning case. | Calculated monthly planning series from scenario drivers; not actual project performance.
3,Stonepine Residences,Single-Family Residential Development / Subdivision,Historical Planning — Optimized Case,custom,capital_deployment,SCH-COST-30,monthly_development_spend,monthly development spend — month 30,6240000,usd,estimated,"pasted_content_20.txt, CE Development Portfolio Financial Baseline, user-supplied 2026-08-21",,jchappell2120,30,30,construction,yes,Estimated/user-supplied historical optimized planning case. | Calculated monthly planning series from scenario drivers; not actual project performance.
3,Stonepine Residences,Single-Family Residential Development / Subdivision,Historical Planning — Optimized Case,custom,schedule,SCH-CUM-30,cumulative_deployment_bps,cumulative deployment bps — month 30,10000,percentage_bps,estimated,"pasted_content_20.txt, CE Development Portfolio Financial Baseline, user-supplied 2026-08-21",,jchappell2120,30,30,construction,yes,Estimated/user-supplied historical optimized planning case. | Calculated monthly planning series from scenario drivers; not actual project performance.
3,Stonepine Residences,Single-Family Residential Development / Subdivision,Historical Planning — Optimized Case,custom,schedule,SCH-OCC-30,occupancy_bps,occupancy bps — month 30,8286,percentage_bps,estimated,"pasted_content_20.txt, CE Development Portfolio Financial Baseline, user-supplied 2026-08-21",,jchappell2120,30,30,construction,yes,Estimated/user-supplied historical optimized planning case. | Calculated monthly planning series from scenario drivers; not actual project performance.
3,Stonepine Residences,Single-Family Residential Development / Subdivision,Historical Planning — Optimized Case,custom,revenue,SCH-REV-30,monthly_effective_revenue,monthly effective revenue — month 30,3763225,usd,estimated,"pasted_content_20.txt, CE Development Portfolio Financial Baseline, user-supplied 2026-08-21",,jchappell2120,30,30,construction,yes,Estimated/user-supplied historical optimized planning case. | Calculated monthly planning series from scenario drivers; not actual project performance.
3,Stonepine Residences,Single-Family Residential Development / Subdivision,Historical Planning — Optimized Case,custom,operations,SCH-OPEX-30,monthly_operating_expense,monthly operating expense — month 30,0,usd,estimated,"pasted_content_20.txt, CE Development Portfolio Financial Baseline, user-supplied 2026-08-21",,jchappell2120,30,30,construction,yes,Estimated/user-supplied historical optimized planning case. | Calculated monthly planning series from scenario drivers; not actual project performance.
3,Stonepine Residences,Single-Family Residential Development / Subdivision,Historical Planning — Optimized Case,custom,financing,SCH-DRAW-30,monthly_debt_draw,monthly debt draw — month 30,4056000,usd,estimated,"pasted_content_20.txt, CE Development Portfolio Financial Baseline, user-supplied 2026-08-21",,jchappell2120,30,30,construction,yes,Estimated/user-supplied historical optimized planning case. | Calculated monthly planning series from scenario drivers; not actual project performance.
3,Stonepine Residences,Single-Family Residential Development / Subdivision,Historical Planning — Optimized Case,custom,financing,SCH-INT-30,monthly_interest,monthly interest — month 30,633750,usd,estimated,"pasted_content_20.txt, CE Development Portfolio Financial Baseline, user-supplied 2026-08-21",,jchappell2120,30,30,construction,yes,Estimated/user-supplied historical optimized planning case. | Calculated monthly planning series from scenario drivers; not actual project performance.
3,Stonepine Residences,Single-Family Residential Development / Subdivision,Historical Planning — Optimized Case,custom,cash_flow,SCH-CF-30,monthly_levered_cash_flow,monthly levered cash flow — month 30,-3110525,usd,estimated,"pasted_content_20.txt, CE Development Portfolio Financial Baseline, user-supplied 2026-08-21",,jchappell2120,30,30,construction,yes,Estimated/user-supplied historical optimized planning case. | Calculated monthly planning series from scenario drivers; not actual project performance.
3,Stonepine Residences,Single-Family Residential Development / Subdivision,Historical Planning — Optimized Case,custom,capital_deployment,SCH-COST-31,monthly_development_spend,monthly development spend — month 31,0,usd,estimated,"pasted_content_20.txt, CE Development Portfolio Financial Baseline, user-supplied 2026-08-21",,jchappell2120,31,31,lease_up_stabilization,yes,Estimated/user-supplied historical optimized planning case. | Calculated monthly planning series from scenario drivers; not actual project performance.
3,Stonepine Residences,Single-Family Residential Development / Subdivision,Historical Planning — Optimized Case,custom,schedule,SCH-CUM-31,cumulative_deployment_bps,cumulative deployment bps — month 31,10000,percentage_bps,estimated,"pasted_content_20.txt, CE Development Portfolio Financial Baseline, user-supplied 2026-08-21",,jchappell2120,31,31,lease_up_stabilization,yes,Estimated/user-supplied historical optimized planning case. | Calculated monthly planning series from scenario drivers; not actual project performance.
3,Stonepine Residences,Single-Family Residential Development / Subdivision,Historical Planning — Optimized Case,custom,schedule,SCH-OCC-31,occupancy_bps,occupancy bps — month 31,8571,percentage_bps,estimated,"pasted_content_20.txt, CE Development Portfolio Financial Baseline, user-supplied 2026-08-21",,jchappell2120,31,31,lease_up_stabilization,yes,Estimated/user-supplied historical optimized planning case. | Calculated monthly planning series from scenario drivers; not actual project performance.
3,Stonepine Residences,Single-Family Residential Development / Subdivision,Historical Planning — Optimized Case,custom,revenue,SCH-REV-31,monthly_effective_revenue,monthly effective revenue — month 31,3892663,usd,estimated,"pasted_content_20.txt, CE Development Portfolio Financial Baseline, user-supplied 2026-08-21",,jchappell2120,31,31,lease_up_stabilization,yes,Estimated/user-supplied historical optimized planning case. | Calculated monthly planning series from scenario drivers; not actual project performance.
3,Stonepine Residences,Single-Family Residential Development / Subdivision,Historical Planning — Optimized Case,custom,operations,SCH-OPEX-31,monthly_operating_expense,monthly operating expense — month 31,0,usd,estimated,"pasted_content_20.txt, CE Development Portfolio Financial Baseline, user-supplied 2026-08-21",,jchappell2120,31,31,lease_up_stabilization,yes,Estimated/user-supplied historical optimized planning case. | Calculated monthly planning series from scenario drivers; not actual project performance.
3,Stonepine Residences,Single-Family Residential Development / Subdivision,Historical Planning — Optimized Case,custom,financing,SCH-DRAW-31,monthly_debt_draw,monthly debt draw — month 31,0,usd,estimated,"pasted_content_20.txt, CE Development Portfolio Financial Baseline, user-supplied 2026-08-21",,jchappell2120,31,31,lease_up_stabilization,yes,Estimated/user-supplied historical optimized planning case. | Calculated monthly planning series from scenario drivers; not actual project performance.
3,Stonepine Residences,Single-Family Residential Development / Subdivision,Historical Planning — Optimized Case,custom,financing,SCH-INT-31,monthly_interest,monthly interest — month 31,633750,usd,estimated,"pasted_content_20.txt, CE Development Portfolio Financial Baseline, user-supplied 2026-08-21",,jchappell2120,31,31,lease_up_stabilization,yes,Estimated/user-supplied historical optimized planning case. | Calculated monthly planning series from scenario drivers; not actual project performance.
3,Stonepine Residences,Single-Family Residential Development / Subdivision,Historical Planning — Optimized Case,custom,cash_flow,SCH-CF-31,monthly_levered_cash_flow,monthly levered cash flow — month 31,3258913,usd,estimated,"pasted_content_20.txt, CE Development Portfolio Financial Baseline, user-supplied 2026-08-21",,jchappell2120,31,31,lease_up_stabilization,yes,Estimated/user-supplied historical optimized planning case. | Calculated monthly planning series from scenario drivers; not actual project performance.
3,Stonepine Residences,Single-Family Residential Development / Subdivision,Historical Planning — Optimized Case,custom,capital_deployment,SCH-COST-32,monthly_development_spend,monthly development spend — month 32,0,usd,estimated,"pasted_content_20.txt, CE Development Portfolio Financial Baseline, user-supplied 2026-08-21",,jchappell2120,32,32,lease_up_stabilization,yes,Estimated/user-supplied historical optimized planning case. | Calculated monthly planning series from scenario drivers; not actual project performance.
3,Stonepine Residences,Single-Family Residential Development / Subdivision,Historical Planning — Optimized Case,custom,schedule,SCH-CUM-32,cumulative_deployment_bps,cumulative deployment bps — month 32,10000,percentage_bps,estimated,"pasted_content_20.txt, CE Development Portfolio Financial Baseline, user-supplied 2026-08-21",,jchappell2120,32,32,lease_up_stabilization,yes,Estimated/user-supplied historical optimized planning case. | Calculated monthly planning series from scenario drivers; not actual project performance.
3,Stonepine Residences,Single-Family Residential Development / Subdivision,Historical Planning — Optimized Case,custom,schedule,SCH-OCC-32,occupancy_bps,occupancy bps — month 32,8857,percentage_bps,estimated,"pasted_content_20.txt, CE Development Portfolio Financial Baseline, user-supplied 2026-08-21",,jchappell2120,32,32,lease_up_stabilization,yes,Estimated/user-supplied historical optimized planning case. | Calculated monthly planning series from scenario drivers; not actual project performance.
3,Stonepine Residences,Single-Family Residential Development / Subdivision,Historical Planning — Optimized Case,custom,revenue,SCH-REV-32,monthly_effective_revenue,monthly effective revenue — month 32,4022554,usd,estimated,"pasted_content_20.txt, CE Development Portfolio Financial Baseline, user-supplied 2026-08-21",,jchappell2120,32,32,lease_up_stabilization,yes,Estimated/user-supplied historical optimized planning case. | Calculated monthly planning series from scenario drivers; not actual project performance.
3,Stonepine Residences,Single-Family Residential Development / Subdivision,Historical Planning — Optimized Case,custom,operations,SCH-OPEX-32,monthly_operating_expense,monthly operating expense — month 32,0,usd,estimated,"pasted_content_20.txt, CE Development Portfolio Financial Baseline, user-supplied 2026-08-21",,jchappell2120,32,32,lease_up_stabilization,yes,Estimated/user-supplied historical optimized planning case. | Calculated monthly planning series from scenario drivers; not actual project performance.
3,Stonepine Residences,Single-Family Residential Development / Subdivision,Historical Planning — Optimized Case,custom,financing,SCH-DRAW-32,monthly_debt_draw,monthly debt draw — month 32,0,usd,estimated,"pasted_content_20.txt, CE Development Portfolio Financial Baseline, user-supplied 2026-08-21",,jchappell2120,32,32,lease_up_stabilization,yes,Estimated/user-supplied historical optimized planning case. | Calculated monthly planning series from scenario drivers; not actual project performance.
3,Stonepine Residences,Single-Family Residential Development / Subdivision,Historical Planning — Optimized Case,custom,financing,SCH-INT-32,monthly_interest,monthly interest — month 32,633750,usd,estimated,"pasted_content_20.txt, CE Development Portfolio Financial Baseline, user-supplied 2026-08-21",,jchappell2120,32,32,lease_up_stabilization,yes,Estimated/user-supplied historical optimized planning case. | Calculated monthly planning series from scenario drivers; not actual project performance.
3,Stonepine Residences,Single-Family Residential Development / Subdivision,Historical Planning — Optimized Case,custom,cash_flow,SCH-CF-32,monthly_levered_cash_flow,monthly levered cash flow — month 32,3388804,usd,estimated,"pasted_content_20.txt, CE Development Portfolio Financial Baseline, user-supplied 2026-08-21",,jchappell2120,32,32,lease_up_stabilization,yes,Estimated/user-supplied historical optimized planning case. | Calculated monthly planning series from scenario drivers; not actual project performance.
3,Stonepine Residences,Single-Family Residential Development / Subdivision,Historical Planning — Optimized Case,custom,capital_deployment,SCH-COST-33,monthly_development_spend,monthly development spend — month 33,0,usd,estimated,"pasted_content_20.txt, CE Development Portfolio Financial Baseline, user-supplied 2026-08-21",,jchappell2120,33,33,lease_up_stabilization,yes,Estimated/user-supplied historical optimized planning case. | Calculated monthly planning series from scenario drivers; not actual project performance.
3,Stonepine Residences,Single-Family Residential Development / Subdivision,Historical Planning — Optimized Case,custom,schedule,SCH-CUM-33,cumulative_deployment_bps,cumulative deployment bps — month 33,10000,percentage_bps,estimated,"pasted_content_20.txt, CE Development Portfolio Financial Baseline, user-supplied 2026-08-21",,jchappell2120,33,33,lease_up_stabilization,yes,Estimated/user-supplied historical optimized planning case. | Calculated monthly planning series from scenario drivers; not actual project performance.
3,Stonepine Residences,Single-Family Residential Development / Subdivision,Historical Planning — Optimized Case,custom,schedule,SCH-OCC-33,occupancy_bps,occupancy bps — month 33,9143,percentage_bps,estimated,"pasted_content_20.txt, CE Development Portfolio Financial Baseline, user-supplied 2026-08-21",,jchappell2120,33,33,lease_up_stabilization,yes,Estimated/user-supplied historical optimized planning case. | Calculated monthly planning series from scenario drivers; not actual project performance.
3,Stonepine Residences,Single-Family Residential Development / Subdivision,Historical Planning — Optimized Case,custom,revenue,SCH-REV-33,monthly_effective_revenue,monthly effective revenue — month 33,4152446,usd,estimated,"pasted_content_20.txt, CE Development Portfolio Financial Baseline, user-supplied 2026-08-21",,jchappell2120,33,33,lease_up_stabilization,yes,Estimated/user-supplied historical optimized planning case. | Calculated monthly planning series from scenario drivers; not actual project performance.
3,Stonepine Residences,Single-Family Residential Development / Subdivision,Historical Planning — Optimized Case,custom,operations,SCH-OPEX-33,monthly_operating_expense,monthly operating expense — month 33,0,usd,estimated,"pasted_content_20.txt, CE Development Portfolio Financial Baseline, user-supplied 2026-08-21",,jchappell2120,33,33,lease_up_stabilization,yes,Estimated/user-supplied historical optimized planning case. | Calculated monthly planning series from scenario drivers; not actual project performance.
3,Stonepine Residences,Single-Family Residential Development / Subdivision,Historical Planning — Optimized Case,custom,financing,SCH-DRAW-33,monthly_debt_draw,monthly debt draw — month 33,0,usd,estimated,"pasted_content_20.txt, CE Development Portfolio Financial Baseline, user-supplied 2026-08-21",,jchappell2120,33,33,lease_up_stabilization,yes,Estimated/user-supplied historical optimized planning case. | Calculated monthly planning series from scenario drivers; not actual project performance.
3,Stonepine Residences,Single-Family Residential Development / Subdivision,Historical Planning — Optimized Case,custom,financing,SCH-INT-33,monthly_interest,monthly interest — month 33,633750,usd,estimated,"pasted_content_20.txt, CE Development Portfolio Financial Baseline, user-supplied 2026-08-21",,jchappell2120,33,33,lease_up_stabilization,yes,Estimated/user-supplied historical optimized planning case. | Calculated monthly planning series from scenario drivers; not actual project performance.
3,Stonepine Residences,Single-Family Residential Development / Subdivision,Historical Planning — Optimized Case,custom,cash_flow,SCH-CF-33,monthly_levered_cash_flow,monthly levered cash flow — month 33,3518696,usd,estimated,"pasted_content_20.txt, CE Development Portfolio Financial Baseline, user-supplied 2026-08-21",,jchappell2120,33,33,lease_up_stabilization,yes,Estimated/user-supplied historical optimized planning case. | Calculated monthly planning series from scenario drivers; not actual project performance.
3,Stonepine Residences,Single-Family Residential Development / Subdivision,Historical Planning — Optimized Case,custom,capital_deployment,SCH-COST-34,monthly_development_spend,monthly development spend — month 34,0,usd,estimated,"pasted_content_20.txt, CE Development Portfolio Financial Baseline, user-supplied 2026-08-21",,jchappell2120,34,34,lease_up_stabilization,yes,Estimated/user-supplied historical optimized planning case. | Calculated monthly planning series from scenario drivers; not actual project performance.
3,Stonepine Residences,Single-Family Residential Development / Subdivision,Historical Planning — Optimized Case,custom,schedule,SCH-CUM-34,cumulative_deployment_bps,cumulative deployment bps — month 34,10000,percentage_bps,estimated,"pasted_content_20.txt, CE Development Portfolio Financial Baseline, user-supplied 2026-08-21",,jchappell2120,34,34,lease_up_stabilization,yes,Estimated/user-supplied historical optimized planning case. | Calculated monthly planning series from scenario drivers; not actual project performance.
3,Stonepine Residences,Single-Family Residential Development / Subdivision,Historical Planning — Optimized Case,custom,schedule,SCH-OCC-34,occupancy_bps,occupancy bps — month 34,9429,percentage_bps,estimated,"pasted_content_20.txt, CE Development Portfolio Financial Baseline, user-supplied 2026-08-21",,jchappell2120,34,34,lease_up_stabilization,yes,Estimated/user-supplied historical optimized planning case. | Calculated monthly planning series from scenario drivers; not actual project performance.
3,Stonepine Residences,Single-Family Residential Development / Subdivision,Historical Planning — Optimized Case,custom,revenue,SCH-REV-34,monthly_effective_revenue,monthly effective revenue — month 34,4282338,usd,estimated,"pasted_content_20.txt, CE Development Portfolio Financial Baseline, user-supplied 2026-08-21",,jchappell2120,34,34,lease_up_stabilization,yes,Estimated/user-supplied historical optimized planning case. | Calculated monthly planning series from scenario drivers; not actual project performance.
3,Stonepine Residences,Single-Family Residential Development / Subdivision,Historical Planning — Optimized Case,custom,operations,SCH-OPEX-34,monthly_operating_expense,monthly operating expense — month 34,0,usd,estimated,"pasted_content_20.txt, CE Development Portfolio Financial Baseline, user-supplied 2026-08-21",,jchappell2120,34,34,lease_up_stabilization,yes,Estimated/user-supplied historical optimized planning case. | Calculated monthly planning series from scenario drivers; not actual project performance.
3,Stonepine Residences,Single-Family Residential Development / Subdivision,Historical Planning — Optimized Case,custom,financing,SCH-DRAW-34,monthly_debt_draw,monthly debt draw — month 34,0,usd,estimated,"pasted_content_20.txt, CE Development Portfolio Financial Baseline, user-supplied 2026-08-21",,jchappell2120,34,34,lease_up_stabilization,yes,Estimated/user-supplied historical optimized planning case. | Calculated monthly planning series from scenario drivers; not actual project performance.
3,Stonepine Residences,Single-Family Residential Development / Subdivision,Historical Planning — Optimized Case,custom,financing,SCH-INT-34,monthly_interest,monthly interest — month 34,633750,usd,estimated,"pasted_content_20.txt, CE Development Portfolio Financial Baseline, user-supplied 2026-08-21",,jchappell2120,34,34,lease_up_stabilization,yes,Estimated/user-supplied historical optimized planning case. | Calculated monthly planning series from scenario drivers; not actual project performance.
3,Stonepine Residences,Single-Family Residential Development / Subdivision,Historical Planning — Optimized Case,custom,cash_flow,SCH-CF-34,monthly_levered_cash_flow,monthly levered cash flow — month 34,3648588,usd,estimated,"pasted_content_20.txt, CE Development Portfolio Financial Baseline, user-supplied 2026-08-21",,jchappell2120,34,34,lease_up_stabilization,yes,Estimated/user-supplied historical optimized planning case. | Calculated monthly planning series from scenario drivers; not actual project performance.
3,Stonepine Residences,Single-Family Residential Development / Subdivision,Historical Planning — Optimized Case,custom,capital_deployment,SCH-COST-35,monthly_development_spend,monthly development spend — month 35,0,usd,estimated,"pasted_content_20.txt, CE Development Portfolio Financial Baseline, user-supplied 2026-08-21",,jchappell2120,35,35,lease_up_stabilization,yes,Estimated/user-supplied historical optimized planning case. | Calculated monthly planning series from scenario drivers; not actual project performance.
3,Stonepine Residences,Single-Family Residential Development / Subdivision,Historical Planning — Optimized Case,custom,schedule,SCH-CUM-35,cumulative_deployment_bps,cumulative deployment bps — month 35,10000,percentage_bps,estimated,"pasted_content_20.txt, CE Development Portfolio Financial Baseline, user-supplied 2026-08-21",,jchappell2120,35,35,lease_up_stabilization,yes,Estimated/user-supplied historical optimized planning case. | Calculated monthly planning series from scenario drivers; not actual project performance.
3,Stonepine Residences,Single-Family Residential Development / Subdivision,Historical Planning — Optimized Case,custom,schedule,SCH-OCC-35,occupancy_bps,occupancy bps — month 35,9714,percentage_bps,estimated,"pasted_content_20.txt, CE Development Portfolio Financial Baseline, user-supplied 2026-08-21",,jchappell2120,35,35,lease_up_stabilization,yes,Estimated/user-supplied historical optimized planning case. | Calculated monthly planning series from scenario drivers; not actual project performance.
3,Stonepine Residences,Single-Family Residential Development / Subdivision,Historical Planning — Optimized Case,custom,revenue,SCH-REV-35,monthly_effective_revenue,monthly effective revenue — month 35,4411775,usd,estimated,"pasted_content_20.txt, CE Development Portfolio Financial Baseline, user-supplied 2026-08-21",,jchappell2120,35,35,lease_up_stabilization,yes,Estimated/user-supplied historical optimized planning case. | Calculated monthly planning series from scenario drivers; not actual project performance.
3,Stonepine Residences,Single-Family Residential Development / Subdivision,Historical Planning — Optimized Case,custom,operations,SCH-OPEX-35,monthly_operating_expense,monthly operating expense — month 35,0,usd,estimated,"pasted_content_20.txt, CE Development Portfolio Financial Baseline, user-supplied 2026-08-21",,jchappell2120,35,35,lease_up_stabilization,yes,Estimated/user-supplied historical optimized planning case. | Calculated monthly planning series from scenario drivers; not actual project performance.
3,Stonepine Residences,Single-Family Residential Development / Subdivision,Historical Planning — Optimized Case,custom,financing,SCH-DRAW-35,monthly_debt_draw,monthly debt draw — month 35,0,usd,estimated,"pasted_content_20.txt, CE Development Portfolio Financial Baseline, user-supplied 2026-08-21",,jchappell2120,35,35,lease_up_stabilization,yes,Estimated/user-supplied historical optimized planning case. | Calculated monthly planning series from scenario drivers; not actual project performance.
3,Stonepine Residences,Single-Family Residential Development / Subdivision,Historical Planning — Optimized Case,custom,financing,SCH-INT-35,monthly_interest,monthly interest — month 35,633750,usd,estimated,"pasted_content_20.txt, CE Development Portfolio Financial Baseline, user-supplied 2026-08-21",,jchappell2120,35,35,lease_up_stabilization,yes,Estimated/user-supplied historical optimized planning case. | Calculated monthly planning series from scenario drivers; not actual project performance.
3,Stonepine Residences,Single-Family Residential Development / Subdivision,Historical Planning — Optimized Case,custom,cash_flow,SCH-CF-35,monthly_levered_cash_flow,monthly levered cash flow — month 35,3778025,usd,estimated,"pasted_content_20.txt, CE Development Portfolio Financial Baseline, user-supplied 2026-08-21",,jchappell2120,35,35,lease_up_stabilization,yes,Estimated/user-supplied historical optimized planning case. | Calculated monthly planning series from scenario drivers; not actual project performance.
3,Stonepine Residences,Single-Family Residential Development / Subdivision,Historical Planning — Optimized Case,custom,capital_deployment,SCH-COST-36,monthly_development_spend,monthly development spend — month 36,0,usd,estimated,"pasted_content_20.txt, CE Development Portfolio Financial Baseline, user-supplied 2026-08-21",,jchappell2120,36,36,lease_up_stabilization,yes,Estimated/user-supplied historical optimized planning case. | Calculated monthly planning series from scenario drivers; not actual project performance.
3,Stonepine Residences,Single-Family Residential Development / Subdivision,Historical Planning — Optimized Case,custom,schedule,SCH-CUM-36,cumulative_deployment_bps,cumulative deployment bps — month 36,10000,percentage_bps,estimated,"pasted_content_20.txt, CE Development Portfolio Financial Baseline, user-supplied 2026-08-21",,jchappell2120,36,36,lease_up_stabilization,yes,Estimated/user-supplied historical optimized planning case. | Calculated monthly planning series from scenario drivers; not actual project performance.
3,Stonepine Residences,Single-Family Residential Development / Subdivision,Historical Planning — Optimized Case,custom,schedule,SCH-OCC-36,occupancy_bps,occupancy bps — month 36,10000,percentage_bps,estimated,"pasted_content_20.txt, CE Development Portfolio Financial Baseline, user-supplied 2026-08-21",,jchappell2120,36,36,lease_up_stabilization,yes,Estimated/user-supplied historical optimized planning case. | Calculated monthly planning series from scenario drivers; not actual project performance.
3,Stonepine Residences,Single-Family Residential Development / Subdivision,Historical Planning — Optimized Case,custom,revenue,SCH-REV-36,monthly_effective_revenue,monthly effective revenue — month 36,4541667,usd,estimated,"pasted_content_20.txt, CE Development Portfolio Financial Baseline, user-supplied 2026-08-21",,jchappell2120,36,36,lease_up_stabilization,yes,Estimated/user-supplied historical optimized planning case. | Calculated monthly planning series from scenario drivers; not actual project performance.
3,Stonepine Residences,Single-Family Residential Development / Subdivision,Historical Planning — Optimized Case,custom,operations,SCH-OPEX-36,monthly_operating_expense,monthly operating expense — month 36,0,usd,estimated,"pasted_content_20.txt, CE Development Portfolio Financial Baseline, user-supplied 2026-08-21",,jchappell2120,36,36,lease_up_stabilization,yes,Estimated/user-supplied historical optimized planning case. | Calculated monthly planning series from scenario drivers; not actual project performance.
3,Stonepine Residences,Single-Family Residential Development / Subdivision,Historical Planning — Optimized Case,custom,financing,SCH-DRAW-36,monthly_debt_draw,monthly debt draw — month 36,0,usd,estimated,"pasted_content_20.txt, CE Development Portfolio Financial Baseline, user-supplied 2026-08-21",,jchappell2120,36,36,lease_up_stabilization,yes,Estimated/user-supplied historical optimized planning case. | Calculated monthly planning series from scenario drivers; not actual project performance.
3,Stonepine Residences,Single-Family Residential Development / Subdivision,Historical Planning — Optimized Case,custom,financing,SCH-INT-36,monthly_interest,monthly interest — month 36,633750,usd,estimated,"pasted_content_20.txt, CE Development Portfolio Financial Baseline, user-supplied 2026-08-21",,jchappell2120,36,36,lease_up_stabilization,yes,Estimated/user-supplied historical optimized planning case. | Calculated monthly planning series from scenario drivers; not actual project performance.
3,Stonepine Residences,Single-Family Residential Development / Subdivision,Historical Planning — Optimized Case,custom,cash_flow,SCH-CF-36,monthly_levered_cash_flow,monthly levered cash flow — month 36,3907917,usd,estimated,"pasted_content_20.txt, CE Development Portfolio Financial Baseline, user-supplied 2026-08-21",,jchappell2120,36,36,lease_up_stabilization,yes,Estimated/user-supplied historical optimized planning case. | Calculated monthly planning series from scenario drivers; not actual project performance.
