project_id,project_name,project_type,scenario_name,scenario_type,record_group,sku_id,metric,description,value,unit,data_state,source_reference,effective_date,owner_name,month_start,month_end,phase,include_in_model,notes
4,Skyline Towers,High-Rise Mixed-Use Development,Preliminary Planning — Low,downside,project_identity,IDENT-001,project_stage,project stage,concept,other,estimated,"pasted_content_25.txt, Skyline Towers 10-Point Financial OS Design Package, user-supplied 2026-08-21",,jchappell2120,,,,yes,Inferred preliminary planning scenario. Replace line-by-line with source-backed evidence when available.
4,Skyline Towers,High-Rise Mixed-Use Development,Preliminary Planning — Low,downside,project_identity,IDENT-002,program_units,program units,450,units,estimated,"pasted_content_25.txt, Skyline Towers 10-Point Financial OS Design Package, user-supplied 2026-08-21",,jchappell2120,,,,yes,Inferred preliminary planning scenario. Replace line-by-line with source-backed evidence when available.
4,Skyline Towers,High-Rise Mixed-Use Development,Preliminary Planning — Low,downside,project_identity,IDENT-003,program_buildings,program buildings,1,units,estimated,"pasted_content_25.txt, Skyline Towers 10-Point Financial OS Design Package, user-supplied 2026-08-21",,jchappell2120,,,,yes,Inferred preliminary planning scenario. Replace line-by-line with source-backed evidence when available.
4,Skyline Towers,High-Rise Mixed-Use Development,Preliminary Planning — Low,downside,project_identity,IDENT-004,program_residential_sf,program residential sf,405000,sf,estimated,"pasted_content_25.txt, Skyline Towers 10-Point Financial OS Design Package, user-supplied 2026-08-21",,jchappell2120,,,,yes,Inferred preliminary planning scenario. Replace line-by-line with source-backed evidence when available.
4,Skyline Towers,High-Rise Mixed-Use Development,Preliminary Planning — Low,downside,project_identity,IDENT-005,program_gross_sf,program gross sf,600000,sf,estimated,"pasted_content_25.txt, Skyline Towers 10-Point Financial OS Design Package, user-supplied 2026-08-21",,jchappell2120,,,,yes,Inferred preliminary planning scenario. Replace line-by-line with source-backed evidence when available.
4,Skyline Towers,High-Rise Mixed-Use Development,Preliminary Planning — Low,downside,scenario_driver,DRV-001,development_cost,development cost,200000000,usd,estimated,"pasted_content_25.txt, Skyline Towers 10-Point Financial OS Design Package, user-supplied 2026-08-21",,jchappell2120,,,,yes,Inferred preliminary planning scenario. Replace line-by-line with source-backed evidence when available.
4,Skyline Towers,High-Rise Mixed-Use Development,Preliminary Planning — Low,downside,scenario_driver,DRV-002,development_cost_per_unit,development cost per unit,444444,usd_per_unit,estimated,"pasted_content_25.txt, Skyline Towers 10-Point Financial OS Design Package, user-supplied 2026-08-21",,jchappell2120,,,,yes,Inferred preliminary planning scenario. Replace line-by-line with source-backed evidence when available.
4,Skyline Towers,High-Rise Mixed-Use Development,Preliminary Planning — Low,downside,scenario_driver,DRV-003,development_cost_per_gross_sf,development cost per gross sf,333,usd_per_sf,estimated,"pasted_content_25.txt, Skyline Towers 10-Point Financial OS Design Package, user-supplied 2026-08-21",,jchappell2120,,,,yes,Inferred preliminary planning scenario. Replace line-by-line with source-backed evidence when available.
4,Skyline Towers,High-Rise Mixed-Use Development,Preliminary Planning — Low,downside,scenario_driver,DRV-004,stabilized_occupancy_bps,stabilized occupancy bps,9000,percentage_bps,estimated,"pasted_content_25.txt, Skyline Towers 10-Point Financial OS Design Package, user-supplied 2026-08-21",,jchappell2120,,,,yes,Inferred preliminary planning scenario. Replace line-by-line with source-backed evidence when available.
4,Skyline Towers,High-Rise Mixed-Use Development,Preliminary Planning — Low,downside,scenario_driver,DRV-005,operating_expense_ratio_bps,operating expense ratio bps,3500,percentage_bps,estimated,"pasted_content_25.txt, Skyline Towers 10-Point Financial OS Design Package, user-supplied 2026-08-21",,jchappell2120,,,,yes,Inferred preliminary planning scenario. Replace line-by-line with source-backed evidence when available.
4,Skyline Towers,High-Rise Mixed-Use Development,Preliminary Planning — Low,downside,scenario_driver,DRV-006,construction_debt_commitment,construction debt commitment,130000000,usd,estimated,"pasted_content_25.txt, Skyline Towers 10-Point Financial OS Design Package, user-supplied 2026-08-21",,jchappell2120,,,,yes,Inferred preliminary planning scenario. Replace line-by-line with source-backed evidence when available.
4,Skyline Towers,High-Rise Mixed-Use Development,Preliminary Planning — Low,downside,scenario_driver,DRV-007,construction_interest_rate_bps,construction interest rate bps,825,percentage_bps,estimated,"pasted_content_25.txt, Skyline Towers 10-Point Financial OS Design Package, user-supplied 2026-08-21",,jchappell2120,,,,yes,Inferred preliminary planning scenario. Replace line-by-line with source-backed evidence when available.
4,Skyline Towers,High-Rise Mixed-Use Development,Preliminary Planning — Low,downside,scenario_driver,DRV-008,construction_interest_only_months,construction interest only months,30,months,estimated,"pasted_content_25.txt, Skyline Towers 10-Point Financial OS Design Package, user-supplied 2026-08-21",,jchappell2120,,,,yes,Inferred preliminary planning scenario. Replace line-by-line with source-backed evidence when available.
4,Skyline Towers,High-Rise Mixed-Use Development,Preliminary Planning — Low,downside,scenario_driver,DRV-009,amortization_months,amortization months,360,months,estimated,"pasted_content_25.txt, Skyline Towers 10-Point Financial OS Design Package, user-supplied 2026-08-21",,jchappell2120,,,,yes,Inferred preliminary planning scenario. Replace line-by-line with source-backed evidence when available.
4,Skyline Towers,High-Rise Mixed-Use Development,Preliminary Planning — Low,downside,scenario_driver,DRV-010,financing_fee_bps,financing fee bps,100,percentage_bps,estimated,"pasted_content_25.txt, Skyline Towers 10-Point Financial OS Design Package, user-supplied 2026-08-21",,jchappell2120,,,,yes,Inferred preliminary planning scenario. Replace line-by-line with source-backed evidence when available.
4,Skyline Towers,High-Rise Mixed-Use Development,Preliminary Planning — Low,downside,scenario_driver,DRV-011,exit_cap_rate_bps,exit cap rate bps,600,percentage_bps,estimated,"pasted_content_25.txt, Skyline Towers 10-Point Financial OS Design Package, user-supplied 2026-08-21",,jchappell2120,,,,yes,Inferred preliminary planning scenario. Replace line-by-line with source-backed evidence when available.
4,Skyline Towers,High-Rise Mixed-Use Development,Preliminary Planning — Low,downside,scenario_driver,DRV-012,sale_cost_bps,sale cost bps,300,percentage_bps,estimated,"pasted_content_25.txt, Skyline Towers 10-Point Financial OS Design Package, user-supplied 2026-08-21",,jchappell2120,,,,yes,Inferred preliminary planning scenario. Replace line-by-line with source-backed evidence when available.
4,Skyline Towers,High-Rise Mixed-Use Development,Preliminary Planning — Low,downside,unit_mix,UNIT-01-01,unit_count,Studio — unit count,45,units,estimated,"pasted_content_25.txt, Skyline Towers 10-Point Financial OS Design Package, user-supplied 2026-08-21",,jchappell2120,,,,yes,Inferred preliminary planning scenario. Replace line-by-line with source-backed evidence when available.
4,Skyline Towers,High-Rise Mixed-Use Development,Preliminary Planning — Low,downside,unit_mix,UNIT-01-02,average_unit_sf,Studio — average unit sf,600,sf,estimated,"pasted_content_25.txt, Skyline Towers 10-Point Financial OS Design Package, user-supplied 2026-08-21",,jchappell2120,,,,yes,Inferred preliminary planning scenario. Replace line-by-line with source-backed evidence when available.
4,Skyline Towers,High-Rise Mixed-Use Development,Preliminary Planning — Low,downside,unit_mix,UNIT-01-03,monthly_rent,Studio — monthly rent,1600,usd_per_month,estimated,"pasted_content_25.txt, Skyline Towers 10-Point Financial OS Design Package, user-supplied 2026-08-21",,jchappell2120,,,,yes,Inferred preliminary planning scenario. Replace line-by-line with source-backed evidence when available.
4,Skyline Towers,High-Rise Mixed-Use Development,Preliminary Planning — Low,downside,unit_mix,UNIT-01-04,annual_scheduled_rent,Studio — annual scheduled rent,864000,usd,estimated,"pasted_content_25.txt, Skyline Towers 10-Point Financial OS Design Package, user-supplied 2026-08-21",,jchappell2120,,,,yes,Inferred preliminary planning scenario. Replace line-by-line with source-backed evidence when available.
4,Skyline Towers,High-Rise Mixed-Use Development,Preliminary Planning — Low,downside,unit_mix,UNIT-02-01,unit_count,1 Bedroom — unit count,180,units,estimated,"pasted_content_25.txt, Skyline Towers 10-Point Financial OS Design Package, user-supplied 2026-08-21",,jchappell2120,,,,yes,Inferred preliminary planning scenario. Replace line-by-line with source-backed evidence when available.
4,Skyline Towers,High-Rise Mixed-Use Development,Preliminary Planning — Low,downside,unit_mix,UNIT-02-02,average_unit_sf,1 Bedroom — average unit sf,775,sf,estimated,"pasted_content_25.txt, Skyline Towers 10-Point Financial OS Design Package, user-supplied 2026-08-21",,jchappell2120,,,,yes,Inferred preliminary planning scenario. Replace line-by-line with source-backed evidence when available.
4,Skyline Towers,High-Rise Mixed-Use Development,Preliminary Planning — Low,downside,unit_mix,UNIT-02-03,monthly_rent,1 Bedroom — monthly rent,2050,usd_per_month,estimated,"pasted_content_25.txt, Skyline Towers 10-Point Financial OS Design Package, user-supplied 2026-08-21",,jchappell2120,,,,yes,Inferred preliminary planning scenario. Replace line-by-line with source-backed evidence when available.
4,Skyline Towers,High-Rise Mixed-Use Development,Preliminary Planning — Low,downside,unit_mix,UNIT-02-04,annual_scheduled_rent,1 Bedroom — annual scheduled rent,4428000,usd,estimated,"pasted_content_25.txt, Skyline Towers 10-Point Financial OS Design Package, user-supplied 2026-08-21",,jchappell2120,,,,yes,Inferred preliminary planning scenario. Replace line-by-line with source-backed evidence when available.
4,Skyline Towers,High-Rise Mixed-Use Development,Preliminary Planning — Low,downside,unit_mix,UNIT-03-01,unit_count,2 Bedroom — unit count,165,units,estimated,"pasted_content_25.txt, Skyline Towers 10-Point Financial OS Design Package, user-supplied 2026-08-21",,jchappell2120,,,,yes,Inferred preliminary planning scenario. Replace line-by-line with source-backed evidence when available.
4,Skyline Towers,High-Rise Mixed-Use Development,Preliminary Planning — Low,downside,unit_mix,UNIT-03-02,average_unit_sf,2 Bedroom — average unit sf,1050,sf,estimated,"pasted_content_25.txt, Skyline Towers 10-Point Financial OS Design Package, user-supplied 2026-08-21",,jchappell2120,,,,yes,Inferred preliminary planning scenario. Replace line-by-line with source-backed evidence when available.
4,Skyline Towers,High-Rise Mixed-Use Development,Preliminary Planning — Low,downside,unit_mix,UNIT-03-03,monthly_rent,2 Bedroom — monthly rent,2750,usd_per_month,estimated,"pasted_content_25.txt, Skyline Towers 10-Point Financial OS Design Package, user-supplied 2026-08-21",,jchappell2120,,,,yes,Inferred preliminary planning scenario. Replace line-by-line with source-backed evidence when available.
4,Skyline Towers,High-Rise Mixed-Use Development,Preliminary Planning — Low,downside,unit_mix,UNIT-03-04,annual_scheduled_rent,2 Bedroom — annual scheduled rent,5445000,usd,estimated,"pasted_content_25.txt, Skyline Towers 10-Point Financial OS Design Package, user-supplied 2026-08-21",,jchappell2120,,,,yes,Inferred preliminary planning scenario. Replace line-by-line with source-backed evidence when available.
4,Skyline Towers,High-Rise Mixed-Use Development,Preliminary Planning — Low,downside,unit_mix,UNIT-04-01,unit_count,3 Bedroom — unit count,60,units,estimated,"pasted_content_25.txt, Skyline Towers 10-Point Financial OS Design Package, user-supplied 2026-08-21",,jchappell2120,,,,yes,Inferred preliminary planning scenario. Replace line-by-line with source-backed evidence when available.
4,Skyline Towers,High-Rise Mixed-Use Development,Preliminary Planning — Low,downside,unit_mix,UNIT-04-02,average_unit_sf,3 Bedroom — average unit sf,1300,sf,estimated,"pasted_content_25.txt, Skyline Towers 10-Point Financial OS Design Package, user-supplied 2026-08-21",,jchappell2120,,,,yes,Inferred preliminary planning scenario. Replace line-by-line with source-backed evidence when available.
4,Skyline Towers,High-Rise Mixed-Use Development,Preliminary Planning — Low,downside,unit_mix,UNIT-04-03,monthly_rent,3 Bedroom — monthly rent,3700,usd_per_month,estimated,"pasted_content_25.txt, Skyline Towers 10-Point Financial OS Design Package, user-supplied 2026-08-21",,jchappell2120,,,,yes,Inferred preliminary planning scenario. Replace line-by-line with source-backed evidence when available.
4,Skyline Towers,High-Rise Mixed-Use Development,Preliminary Planning — Low,downside,unit_mix,UNIT-04-04,annual_scheduled_rent,3 Bedroom — annual scheduled rent,2664000,usd,estimated,"pasted_content_25.txt, Skyline Towers 10-Point Financial OS Design Package, user-supplied 2026-08-21",,jchappell2120,,,,yes,Inferred preliminary planning scenario. Replace line-by-line with source-backed evidence when available.
4,Skyline Towers,High-Rise Mixed-Use Development,Preliminary Planning — Low,downside,calculated_output,REV-001,annual_residential_revenue,annual residential revenue,13401000,usd,estimated,"pasted_content_25.txt, Skyline Towers 10-Point Financial OS Design Package, user-supplied 2026-08-21",,jchappell2120,,,,yes,"Inferred preliminary planning scenario. Replace line-by-line with source-backed evidence when available. | Calculated from the scenario unit mix, occupancy, other-income, and expense drivers."
4,Skyline Towers,High-Rise Mixed-Use Development,Preliminary Planning — Low,downside,calculated_output,REV-002,annual_other_income,annual other income,2100000,usd,estimated,"pasted_content_25.txt, Skyline Towers 10-Point Financial OS Design Package, user-supplied 2026-08-21",,jchappell2120,,,,yes,"Inferred preliminary planning scenario. Replace line-by-line with source-backed evidence when available. | Calculated from the scenario unit mix, occupancy, other-income, and expense drivers."
4,Skyline Towers,High-Rise Mixed-Use Development,Preliminary Planning — Low,downside,calculated_output,REV-003,annual_potential_gross_revenue,annual potential gross revenue,15501000,usd,estimated,"pasted_content_25.txt, Skyline Towers 10-Point Financial OS Design Package, user-supplied 2026-08-21",,jchappell2120,,,,yes,"Inferred preliminary planning scenario. Replace line-by-line with source-backed evidence when available. | Calculated from the scenario unit mix, occupancy, other-income, and expense drivers."
4,Skyline Towers,High-Rise Mixed-Use Development,Preliminary Planning — Low,downside,calculated_output,REV-004,annual_effective_gross_income,annual effective gross income,13950900,usd,estimated,"pasted_content_25.txt, Skyline Towers 10-Point Financial OS Design Package, user-supplied 2026-08-21",,jchappell2120,,,,yes,"Inferred preliminary planning scenario. Replace line-by-line with source-backed evidence when available. | Calculated from the scenario unit mix, occupancy, other-income, and expense drivers."
4,Skyline Towers,High-Rise Mixed-Use Development,Preliminary Planning — Low,downside,calculated_output,REV-005,annual_operating_expenses,annual operating expenses,4953600,usd,estimated,"pasted_content_25.txt, Skyline Towers 10-Point Financial OS Design Package, user-supplied 2026-08-21",,jchappell2120,,,,yes,"Inferred preliminary planning scenario. Replace line-by-line with source-backed evidence when available. | Calculated from the scenario unit mix, occupancy, other-income, and expense drivers."
4,Skyline Towers,High-Rise Mixed-Use Development,Preliminary Planning — Low,downside,calculated_output,REV-006,annual_net_operating_income,annual net operating income,8997300,usd,estimated,"pasted_content_25.txt, Skyline Towers 10-Point Financial OS Design Package, user-supplied 2026-08-21",,jchappell2120,,,,yes,"Inferred preliminary planning scenario. Replace line-by-line with source-backed evidence when available. | Calculated from the scenario unit mix, occupancy, other-income, and expense drivers."
4,Skyline Towers,High-Rise Mixed-Use Development,Preliminary Planning — Low,downside,calculated_output,REV-007,yield_on_cost_bps,yield on cost bps,450,percentage_bps,estimated,"pasted_content_25.txt, Skyline Towers 10-Point Financial OS Design Package, user-supplied 2026-08-21",,jchappell2120,,,,yes,"Inferred preliminary planning scenario. Replace line-by-line with source-backed evidence when available. | Calculated from the scenario unit mix, occupancy, other-income, and expense drivers."
4,Skyline Towers,High-Rise Mixed-Use Development,Preliminary Planning — Low,downside,operations,OPEX-01,annual_operating_expense,Property taxes,1548000,usd,estimated,"pasted_content_25.txt, Skyline Towers 10-Point Financial OS Design Package, user-supplied 2026-08-21",,jchappell2120,,,,yes,Inferred preliminary planning scenario. Replace line-by-line with source-backed evidence when available.
4,Skyline Towers,High-Rise Mixed-Use Development,Preliminary Planning — Low,downside,operations,OPEX-02,annual_operating_expense,Insurance,464400,usd,estimated,"pasted_content_25.txt, Skyline Towers 10-Point Financial OS Design Package, user-supplied 2026-08-21",,jchappell2120,,,,yes,Inferred preliminary planning scenario. Replace line-by-line with source-backed evidence when available.
4,Skyline Towers,High-Rise Mixed-Use Development,Preliminary Planning — Low,downside,operations,OPEX-03,annual_operating_expense,Property management,464400,usd,estimated,"pasted_content_25.txt, Skyline Towers 10-Point Financial OS Design Package, user-supplied 2026-08-21",,jchappell2120,,,,yes,Inferred preliminary planning scenario. Replace line-by-line with source-backed evidence when available.
4,Skyline Towers,High-Rise Mixed-Use Development,Preliminary Planning — Low,downside,operations,OPEX-04,annual_operating_expense,Utilities,557280,usd,estimated,"pasted_content_25.txt, Skyline Towers 10-Point Financial OS Design Package, user-supplied 2026-08-21",,jchappell2120,,,,yes,Inferred preliminary planning scenario. Replace line-by-line with source-backed evidence when available.
4,Skyline Towers,High-Rise Mixed-Use Development,Preliminary Planning — Low,downside,operations,OPEX-05,annual_operating_expense,Repairs and maintenance,665640,usd,estimated,"pasted_content_25.txt, Skyline Towers 10-Point Financial OS Design Package, user-supplied 2026-08-21",,jchappell2120,,,,yes,Inferred preliminary planning scenario. Replace line-by-line with source-backed evidence when available.
4,Skyline Towers,High-Rise Mixed-Use Development,Preliminary Planning — Low,downside,operations,OPEX-06,annual_operating_expense,Payroll / onsite operations,526320,usd,estimated,"pasted_content_25.txt, Skyline Towers 10-Point Financial OS Design Package, user-supplied 2026-08-21",,jchappell2120,,,,yes,Inferred preliminary planning scenario. Replace line-by-line with source-backed evidence when available.
4,Skyline Towers,High-Rise Mixed-Use Development,Preliminary Planning — Low,downside,operations,OPEX-07,annual_operating_expense,Landscaping / grounds,216720,usd,estimated,"pasted_content_25.txt, Skyline Towers 10-Point Financial OS Design Package, user-supplied 2026-08-21",,jchappell2120,,,,yes,Inferred preliminary planning scenario. Replace line-by-line with source-backed evidence when available.
4,Skyline Towers,High-Rise Mixed-Use Development,Preliminary Planning — Low,downside,operations,OPEX-08,annual_operating_expense,Marketing / leasing,154800,usd,estimated,"pasted_content_25.txt, Skyline Towers 10-Point Financial OS Design Package, user-supplied 2026-08-21",,jchappell2120,,,,yes,Inferred preliminary planning scenario. Replace line-by-line with source-backed evidence when available.
4,Skyline Towers,High-Rise Mixed-Use Development,Preliminary Planning — Low,downside,operations,OPEX-09,annual_operating_expense,Administrative,139320,usd,estimated,"pasted_content_25.txt, Skyline Towers 10-Point Financial OS Design Package, user-supplied 2026-08-21",,jchappell2120,,,,yes,Inferred preliminary planning scenario. Replace line-by-line with source-backed evidence when available.
4,Skyline Towers,High-Rise Mixed-Use Development,Preliminary Planning — Low,downside,operations,OPEX-10,annual_operating_expense,Replacement / operating reserves,216720,usd,estimated,"pasted_content_25.txt, Skyline Towers 10-Point Financial OS Design Package, user-supplied 2026-08-21",,jchappell2120,,,,yes,Inferred preliminary planning scenario. Replace line-by-line with source-backed evidence when available.
4,Skyline Towers,High-Rise Mixed-Use Development,Preliminary Planning — Low,downside,wbs_budget,WBS-001,extended_cost,High-rise mixed-use — Land acquisition consideration,17000000,usd,estimated,"pasted_content_25.txt, Skyline Towers 10-Point Financial OS Design Package, user-supplied 2026-08-21",,jchappell2120,,,predevelopment,yes,Inferred preliminary planning scenario. Replace line-by-line with source-backed evidence when available. | Standardized WBS category: land_acquisition; applicability: Project-wide.
4,Skyline Towers,High-Rise Mixed-Use Development,Preliminary Planning — Low,downside,wbs_budget,WBS-002,extended_cost,High-rise mixed-use — Acquisition due diligence,750000,usd,estimated,"pasted_content_25.txt, Skyline Towers 10-Point Financial OS Design Package, user-supplied 2026-08-21",,jchappell2120,,,predevelopment,yes,Inferred preliminary planning scenario. Replace line-by-line with source-backed evidence when available. | Standardized WBS category: land_acquisition; applicability: Project-wide.
4,Skyline Towers,High-Rise Mixed-Use Development,Preliminary Planning — Low,downside,wbs_budget,WBS-003,extended_cost,High-rise mixed-use — Title and escrow,250000,usd,estimated,"pasted_content_25.txt, Skyline Towers 10-Point Financial OS Design Package, user-supplied 2026-08-21",,jchappell2120,,,predevelopment,yes,Inferred preliminary planning scenario. Replace line-by-line with source-backed evidence when available. | Standardized WBS category: land_acquisition; applicability: Project-wide.
4,Skyline Towers,High-Rise Mixed-Use Development,Preliminary Planning — Low,downside,wbs_budget,WBS-004,extended_cost,High-rise mixed-use — Acquisition legal,250000,usd,estimated,"pasted_content_25.txt, Skyline Towers 10-Point Financial OS Design Package, user-supplied 2026-08-21",,jchappell2120,,,predevelopment,yes,Inferred preliminary planning scenario. Replace line-by-line with source-backed evidence when available. | Standardized WBS category: land_acquisition; applicability: Project-wide.
4,Skyline Towers,High-Rise Mixed-Use Development,Preliminary Planning — Low,downside,wbs_budget,WBS-005,extended_cost,High-rise mixed-use — Environmental review,250000,usd,estimated,"pasted_content_25.txt, Skyline Towers 10-Point Financial OS Design Package, user-supplied 2026-08-21",,jchappell2120,,,predevelopment,yes,Inferred preliminary planning scenario. Replace line-by-line with source-backed evidence when available. | Standardized WBS category: land_acquisition; applicability: Project-wide.
4,Skyline Towers,High-Rise Mixed-Use Development,Preliminary Planning — Low,downside,wbs_budget,WBS-006,extended_cost,High-rise mixed-use — Boundary and topographic survey,250000,usd,estimated,"pasted_content_25.txt, Skyline Towers 10-Point Financial OS Design Package, user-supplied 2026-08-21",,jchappell2120,,,predevelopment,yes,Inferred preliminary planning scenario. Replace line-by-line with source-backed evidence when available. | Standardized WBS category: land_acquisition; applicability: Project-wide.
4,Skyline Towers,High-Rise Mixed-Use Development,Preliminary Planning — Low,downside,wbs_budget,WBS-007,extended_cost,High-rise mixed-use — Geotechnical investigation,375000,usd,estimated,"pasted_content_25.txt, Skyline Towers 10-Point Financial OS Design Package, user-supplied 2026-08-21",,jchappell2120,,,predevelopment,yes,Inferred preliminary planning scenario. Replace line-by-line with source-backed evidence when available. | Standardized WBS category: land_acquisition; applicability: Project-wide.
4,Skyline Towers,High-Rise Mixed-Use Development,Preliminary Planning — Low,downside,wbs_budget,WBS-008,extended_cost,High-rise mixed-use — Acquisition brokerage,250000,usd,estimated,"pasted_content_25.txt, Skyline Towers 10-Point Financial OS Design Package, user-supplied 2026-08-21",,jchappell2120,,,predevelopment,yes,Inferred preliminary planning scenario. Replace line-by-line with source-backed evidence when available. | Standardized WBS category: land_acquisition; applicability: Project-wide.
4,Skyline Towers,High-Rise Mixed-Use Development,Preliminary Planning — Low,downside,wbs_budget,WBS-009,extended_cost,High-rise mixed-use — Demolition and clearing allowance,250000,usd,estimated,"pasted_content_25.txt, Skyline Towers 10-Point Financial OS Design Package, user-supplied 2026-08-21",,jchappell2120,,,predevelopment,yes,Inferred preliminary planning scenario. Replace line-by-line with source-backed evidence when available. | Standardized WBS category: land_acquisition; applicability: Project-wide.
4,Skyline Towers,High-Rise Mixed-Use Development,Preliminary Planning — Low,downside,wbs_budget,WBS-010,extended_cost,High-rise mixed-use — Land closing reserve,375000,usd,estimated,"pasted_content_25.txt, Skyline Towers 10-Point Financial OS Design Package, user-supplied 2026-08-21",,jchappell2120,,,predevelopment,yes,Inferred preliminary planning scenario. Replace line-by-line with source-backed evidence when available. | Standardized WBS category: land_acquisition; applicability: Project-wide.
4,Skyline Towers,High-Rise Mixed-Use Development,Preliminary Planning — Low,downside,wbs_budget,WBS-011,extended_cost,High-rise mixed-use — Mass grading,3500000,usd,estimated,"pasted_content_25.txt, Skyline Towers 10-Point Financial OS Design Package, user-supplied 2026-08-21",,jchappell2120,,,construction,yes,Inferred preliminary planning scenario. Replace line-by-line with source-backed evidence when available. | Standardized WBS category: site_development; applicability: Project-wide.
4,Skyline Towers,High-Rise Mixed-Use Development,Preliminary Planning — Low,downside,wbs_budget,WBS-012,extended_cost,High-rise mixed-use — Utility extension,2500000,usd,estimated,"pasted_content_25.txt, Skyline Towers 10-Point Financial OS Design Package, user-supplied 2026-08-21",,jchappell2120,,,construction,yes,Inferred preliminary planning scenario. Replace line-by-line with source-backed evidence when available. | Standardized WBS category: site_development; applicability: Project-wide.
4,Skyline Towers,High-Rise Mixed-Use Development,Preliminary Planning — Low,downside,wbs_budget,WBS-013,extended_cost,High-rise mixed-use — Water and sewer improvements,2500000,usd,estimated,"pasted_content_25.txt, Skyline Towers 10-Point Financial OS Design Package, user-supplied 2026-08-21",,jchappell2120,,,construction,yes,Inferred preliminary planning scenario. Replace line-by-line with source-backed evidence when available. | Standardized WBS category: site_development; applicability: Project-wide.
4,Skyline Towers,High-Rise Mixed-Use Development,Preliminary Planning — Low,downside,wbs_budget,WBS-014,extended_cost,High-rise mixed-use — Stormwater infrastructure,2500000,usd,estimated,"pasted_content_25.txt, Skyline Towers 10-Point Financial OS Design Package, user-supplied 2026-08-21",,jchappell2120,,,construction,yes,Inferred preliminary planning scenario. Replace line-by-line with source-backed evidence when available. | Standardized WBS category: site_development; applicability: Project-wide.
4,Skyline Towers,High-Rise Mixed-Use Development,Preliminary Planning — Low,downside,wbs_budget,WBS-015,extended_cost,"High-rise mixed-use — Paving, curbs, and sidewalks",2250000,usd,estimated,"pasted_content_25.txt, Skyline Towers 10-Point Financial OS Design Package, user-supplied 2026-08-21",,jchappell2120,,,construction,yes,Inferred preliminary planning scenario. Replace line-by-line with source-backed evidence when available. | Standardized WBS category: site_development; applicability: Project-wide.
4,Skyline Towers,High-Rise Mixed-Use Development,Preliminary Planning — Low,downside,wbs_budget,WBS-016,extended_cost,High-rise mixed-use — Landscape and irrigation,1250000,usd,estimated,"pasted_content_25.txt, Skyline Towers 10-Point Financial OS Design Package, user-supplied 2026-08-21",,jchappell2120,,,construction,yes,Inferred preliminary planning scenario. Replace line-by-line with source-backed evidence when available. | Standardized WBS category: site_development; applicability: Project-wide.
4,Skyline Towers,High-Rise Mixed-Use Development,Preliminary Planning — Low,downside,wbs_budget,WBS-017,extended_cost,High-rise mixed-use — Detention and retention,1500000,usd,estimated,"pasted_content_25.txt, Skyline Towers 10-Point Financial OS Design Package, user-supplied 2026-08-21",,jchappell2120,,,construction,yes,Inferred preliminary planning scenario. Replace line-by-line with source-backed evidence when available. | Standardized WBS category: site_development; applicability: Project-wide.
4,Skyline Towers,High-Rise Mixed-Use Development,Preliminary Planning — Low,downside,wbs_budget,WBS-018,extended_cost,High-rise mixed-use — Earthwork and import/export,1500000,usd,estimated,"pasted_content_25.txt, Skyline Towers 10-Point Financial OS Design Package, user-supplied 2026-08-21",,jchappell2120,,,construction,yes,Inferred preliminary planning scenario. Replace line-by-line with source-backed evidence when available. | Standardized WBS category: site_development; applicability: Project-wide.
4,Skyline Towers,High-Rise Mixed-Use Development,Preliminary Planning — Low,downside,wbs_budget,WBS-019,extended_cost,High-rise mixed-use — Temporary utilities,1000000,usd,estimated,"pasted_content_25.txt, Skyline Towers 10-Point Financial OS Design Package, user-supplied 2026-08-21",,jchappell2120,,,construction,yes,Inferred preliminary planning scenario. Replace line-by-line with source-backed evidence when available. | Standardized WBS category: site_development; applicability: Project-wide.
4,Skyline Towers,High-Rise Mixed-Use Development,Preliminary Planning — Low,downside,wbs_budget,WBS-020,extended_cost,High-rise mixed-use — Site development reserve,1500000,usd,estimated,"pasted_content_25.txt, Skyline Towers 10-Point Financial OS Design Package, user-supplied 2026-08-21",,jchappell2120,,,construction,yes,Inferred preliminary planning scenario. Replace line-by-line with source-backed evidence when available. | Standardized WBS category: site_development; applicability: Project-wide.
4,Skyline Towers,High-Rise Mixed-Use Development,Preliminary Planning — Low,downside,wbs_budget,WBS-021,extended_cost,High-rise mixed-use — LGS primary structure,6000000,usd,estimated,"pasted_content_25.txt, Skyline Towers 10-Point Financial OS Design Package, user-supplied 2026-08-21",,jchappell2120,,,construction,yes,Inferred preliminary planning scenario. Replace line-by-line with source-backed evidence when available. | Standardized WBS category: building_modular; applicability: All five buildings.
4,Skyline Towers,High-Rise Mixed-Use Development,Preliminary Planning — Low,downside,wbs_budget,WBS-022,extended_cost,High-rise mixed-use — LGS secondary framing,4000000,usd,estimated,"pasted_content_25.txt, Skyline Towers 10-Point Financial OS Design Package, user-supplied 2026-08-21",,jchappell2120,,,construction,yes,Inferred preliminary planning scenario. Replace line-by-line with source-backed evidence when available. | Standardized WBS category: building_modular; applicability: All five buildings.
4,Skyline Towers,High-Rise Mixed-Use Development,Preliminary Planning — Low,downside,wbs_budget,WBS-023,extended_cost,High-rise mixed-use — Structural connectors and fasteners,3500000,usd,estimated,"pasted_content_25.txt, Skyline Towers 10-Point Financial OS Design Package, user-supplied 2026-08-21",,jchappell2120,,,construction,yes,Inferred preliminary planning scenario. Replace line-by-line with source-backed evidence when available. | Standardized WBS category: building_modular; applicability: All five buildings.
4,Skyline Towers,High-Rise Mixed-Use Development,Preliminary Planning — Low,downside,wbs_budget,WBS-024,extended_cost,High-rise mixed-use — Structural engineering coordination,2500000,usd,estimated,"pasted_content_25.txt, Skyline Towers 10-Point Financial OS Design Package, user-supplied 2026-08-21",,jchappell2120,,,construction,yes,Inferred preliminary planning scenario. Replace line-by-line with source-backed evidence when available. | Standardized WBS category: building_modular; applicability: All five buildings.
4,Skyline Towers,High-Rise Mixed-Use Development,Preliminary Planning — Low,downside,wbs_budget,WBS-025,extended_cost,High-rise mixed-use — Structural fabrication reserve,1900000,usd,estimated,"pasted_content_25.txt, Skyline Towers 10-Point Financial OS Design Package, user-supplied 2026-08-21",,jchappell2120,,,construction,yes,Inferred preliminary planning scenario. Replace line-by-line with source-backed evidence when available. | Standardized WBS category: building_modular; applicability: All five buildings.
4,Skyline Towers,High-Rise Mixed-Use Development,Preliminary Planning — Low,downside,wbs_budget,WBS-026,extended_cost,High-rise mixed-use — Exterior wall assemblies,3500000,usd,estimated,"pasted_content_25.txt, Skyline Towers 10-Point Financial OS Design Package, user-supplied 2026-08-21",,jchappell2120,,,construction,yes,Inferred preliminary planning scenario. Replace line-by-line with source-backed evidence when available. | Standardized WBS category: building_modular; applicability: All five buildings.
4,Skyline Towers,High-Rise Mixed-Use Development,Preliminary Planning — Low,downside,wbs_budget,WBS-027,extended_cost,High-rise mixed-use — Exterior cladding,2500000,usd,estimated,"pasted_content_25.txt, Skyline Towers 10-Point Financial OS Design Package, user-supplied 2026-08-21",,jchappell2120,,,construction,yes,Inferred preliminary planning scenario. Replace line-by-line with source-backed evidence when available. | Standardized WBS category: building_modular; applicability: All five buildings.
4,Skyline Towers,High-Rise Mixed-Use Development,Preliminary Planning — Low,downside,wbs_budget,WBS-028,extended_cost,High-rise mixed-use — Air and water barrier,2500000,usd,estimated,"pasted_content_25.txt, Skyline Towers 10-Point Financial OS Design Package, user-supplied 2026-08-21",,jchappell2120,,,construction,yes,Inferred preliminary planning scenario. Replace line-by-line with source-backed evidence when available. | Standardized WBS category: building_modular; applicability: All five buildings.
4,Skyline Towers,High-Rise Mixed-Use Development,Preliminary Planning — Low,downside,wbs_budget,WBS-029,extended_cost,High-rise mixed-use — Insulation systems,2300000,usd,estimated,"pasted_content_25.txt, Skyline Towers 10-Point Financial OS Design Package, user-supplied 2026-08-21",,jchappell2120,,,construction,yes,Inferred preliminary planning scenario. Replace line-by-line with source-backed evidence when available. | Standardized WBS category: building_modular; applicability: All five buildings.
4,Skyline Towers,High-Rise Mixed-Use Development,Preliminary Planning — Low,downside,wbs_budget,WBS-030,extended_cost,High-rise mixed-use — Exterior finish reserve,2000000,usd,estimated,"pasted_content_25.txt, Skyline Towers 10-Point Financial OS Design Package, user-supplied 2026-08-21",,jchappell2120,,,construction,yes,Inferred preliminary planning scenario. Replace line-by-line with source-backed evidence when available. | Standardized WBS category: building_modular; applicability: All five buildings.
4,Skyline Towers,High-Rise Mixed-Use Development,Preliminary Planning — Low,downside,wbs_budget,WBS-031,extended_cost,High-rise mixed-use — Plumbing rough-in,4500000,usd,estimated,"pasted_content_25.txt, Skyline Towers 10-Point Financial OS Design Package, user-supplied 2026-08-21",,jchappell2120,,,construction,yes,Inferred preliminary planning scenario. Replace line-by-line with source-backed evidence when available. | Standardized WBS category: building_modular; applicability: All five buildings.
4,Skyline Towers,High-Rise Mixed-Use Development,Preliminary Planning — Low,downside,wbs_budget,WBS-032,extended_cost,High-rise mixed-use — Electrical rough-in,4500000,usd,estimated,"pasted_content_25.txt, Skyline Towers 10-Point Financial OS Design Package, user-supplied 2026-08-21",,jchappell2120,,,construction,yes,Inferred preliminary planning scenario. Replace line-by-line with source-backed evidence when available. | Standardized WBS category: building_modular; applicability: All five buildings.
4,Skyline Towers,High-Rise Mixed-Use Development,Preliminary Planning — Low,downside,wbs_budget,WBS-033,extended_cost,High-rise mixed-use — HVAC equipment and distribution,4500000,usd,estimated,"pasted_content_25.txt, Skyline Towers 10-Point Financial OS Design Package, user-supplied 2026-08-21",,jchappell2120,,,construction,yes,Inferred preliminary planning scenario. Replace line-by-line with source-backed evidence when available. | Standardized WBS category: building_modular; applicability: All five buildings.
4,Skyline Towers,High-Rise Mixed-Use Development,Preliminary Planning — Low,downside,wbs_budget,WBS-034,extended_cost,High-rise mixed-use — Fire protection,2750000,usd,estimated,"pasted_content_25.txt, Skyline Towers 10-Point Financial OS Design Package, user-supplied 2026-08-21",,jchappell2120,,,construction,yes,Inferred preliminary planning scenario. Replace line-by-line with source-backed evidence when available. | Standardized WBS category: building_modular; applicability: All five buildings.
4,Skyline Towers,High-Rise Mixed-Use Development,Preliminary Planning — Low,downside,wbs_budget,WBS-035,extended_cost,High-rise mixed-use — Low-voltage and controls,1750000,usd,estimated,"pasted_content_25.txt, Skyline Towers 10-Point Financial OS Design Package, user-supplied 2026-08-21",,jchappell2120,,,construction,yes,Inferred preliminary planning scenario. Replace line-by-line with source-backed evidence when available. | Standardized WBS category: building_modular; applicability: All five buildings.
4,Skyline Towers,High-Rise Mixed-Use Development,Preliminary Planning — Low,downside,wbs_budget,WBS-036,extended_cost,High-rise mixed-use — Metering and service equipment,1000000,usd,estimated,"pasted_content_25.txt, Skyline Towers 10-Point Financial OS Design Package, user-supplied 2026-08-21",,jchappell2120,,,construction,yes,Inferred preliminary planning scenario. Replace line-by-line with source-backed evidence when available. | Standardized WBS category: building_modular; applicability: All five buildings.
4,Skyline Towers,High-Rise Mixed-Use Development,Preliminary Planning — Low,downside,wbs_budget,WBS-037,extended_cost,High-rise mixed-use — MEP design coordination,3250000,usd,estimated,"pasted_content_25.txt, Skyline Towers 10-Point Financial OS Design Package, user-supplied 2026-08-21",,jchappell2120,,,construction,yes,Inferred preliminary planning scenario. Replace line-by-line with source-backed evidence when available. | Standardized WBS category: building_modular; applicability: All five buildings.
4,Skyline Towers,High-Rise Mixed-Use Development,Preliminary Planning — Low,downside,wbs_budget,WBS-038,extended_cost,High-rise mixed-use — MEP integration reserve,3350000,usd,estimated,"pasted_content_25.txt, Skyline Towers 10-Point Financial OS Design Package, user-supplied 2026-08-21",,jchappell2120,,,construction,yes,Inferred preliminary planning scenario. Replace line-by-line with source-backed evidence when available. | Standardized WBS category: building_modular; applicability: All five buildings.
4,Skyline Towers,High-Rise Mixed-Use Development,Preliminary Planning — Low,downside,wbs_budget,WBS-039,extended_cost,High-rise mixed-use — Unit framing and partitions,3500000,usd,estimated,"pasted_content_25.txt, Skyline Towers 10-Point Financial OS Design Package, user-supplied 2026-08-21",,jchappell2120,,,construction,yes,Inferred preliminary planning scenario. Replace line-by-line with source-backed evidence when available. | Standardized WBS category: building_modular; applicability: All five buildings.
4,Skyline Towers,High-Rise Mixed-Use Development,Preliminary Planning — Low,downside,wbs_budget,WBS-040,extended_cost,High-rise mixed-use — Drywall and finish prep,3500000,usd,estimated,"pasted_content_25.txt, Skyline Towers 10-Point Financial OS Design Package, user-supplied 2026-08-21",,jchappell2120,,,construction,yes,Inferred preliminary planning scenario. Replace line-by-line with source-backed evidence when available. | Standardized WBS category: building_modular; applicability: All five buildings.
4,Skyline Towers,High-Rise Mixed-Use Development,Preliminary Planning — Low,downside,wbs_budget,WBS-041,extended_cost,High-rise mixed-use — Interior paint,2000000,usd,estimated,"pasted_content_25.txt, Skyline Towers 10-Point Financial OS Design Package, user-supplied 2026-08-21",,jchappell2120,,,construction,yes,Inferred preliminary planning scenario. Replace line-by-line with source-backed evidence when available. | Standardized WBS category: building_modular; applicability: All five buildings.
4,Skyline Towers,High-Rise Mixed-Use Development,Preliminary Planning — Low,downside,wbs_budget,WBS-042,extended_cost,High-rise mixed-use — Flooring,4000000,usd,estimated,"pasted_content_25.txt, Skyline Towers 10-Point Financial OS Design Package, user-supplied 2026-08-21",,jchappell2120,,,construction,yes,Inferred preliminary planning scenario. Replace line-by-line with source-backed evidence when available. | Standardized WBS category: building_modular; applicability: All five buildings.
4,Skyline Towers,High-Rise Mixed-Use Development,Preliminary Planning — Low,downside,wbs_budget,WBS-043,extended_cost,High-rise mixed-use — Cabinets and countertops,4500000,usd,estimated,"pasted_content_25.txt, Skyline Towers 10-Point Financial OS Design Package, user-supplied 2026-08-21",,jchappell2120,,,construction,yes,Inferred preliminary planning scenario. Replace line-by-line with source-backed evidence when available. | Standardized WBS category: building_modular; applicability: All five buildings.
4,Skyline Towers,High-Rise Mixed-Use Development,Preliminary Planning — Low,downside,wbs_budget,WBS-044,extended_cost,High-rise mixed-use — Millwork,3000000,usd,estimated,"pasted_content_25.txt, Skyline Towers 10-Point Financial OS Design Package, user-supplied 2026-08-21",,jchappell2120,,,construction,yes,Inferred preliminary planning scenario. Replace line-by-line with source-backed evidence when available. | Standardized WBS category: building_modular; applicability: All five buildings.
4,Skyline Towers,High-Rise Mixed-Use Development,Preliminary Planning — Low,downside,wbs_budget,WBS-045,extended_cost,High-rise mixed-use — Bathroom finishes,4000000,usd,estimated,"pasted_content_25.txt, Skyline Towers 10-Point Financial OS Design Package, user-supplied 2026-08-21",,jchappell2120,,,construction,yes,Inferred preliminary planning scenario. Replace line-by-line with source-backed evidence when available. | Standardized WBS category: building_modular; applicability: All five buildings.
4,Skyline Towers,High-Rise Mixed-Use Development,Preliminary Planning — Low,downside,wbs_budget,WBS-046,extended_cost,High-rise mixed-use — Interior doors and hardware,2500000,usd,estimated,"pasted_content_25.txt, Skyline Towers 10-Point Financial OS Design Package, user-supplied 2026-08-21",,jchappell2120,,,construction,yes,Inferred preliminary planning scenario. Replace line-by-line with source-backed evidence when available. | Standardized WBS category: building_modular; applicability: All five buildings.
4,Skyline Towers,High-Rise Mixed-Use Development,Preliminary Planning — Low,downside,wbs_budget,WBS-047,extended_cost,High-rise mixed-use — Roofing membrane,4000000,usd,estimated,"pasted_content_25.txt, Skyline Towers 10-Point Financial OS Design Package, user-supplied 2026-08-21",,jchappell2120,,,construction,yes,Inferred preliminary planning scenario. Replace line-by-line with source-backed evidence when available. | Standardized WBS category: building_modular; applicability: All five buildings.
4,Skyline Towers,High-Rise Mixed-Use Development,Preliminary Planning — Low,downside,wbs_budget,WBS-048,extended_cost,High-rise mixed-use — Roof insulation and accessories,2400000,usd,estimated,"pasted_content_25.txt, Skyline Towers 10-Point Financial OS Design Package, user-supplied 2026-08-21",,jchappell2120,,,construction,yes,Inferred preliminary planning scenario. Replace line-by-line with source-backed evidence when available. | Standardized WBS category: building_modular; applicability: All five buildings.
4,Skyline Towers,High-Rise Mixed-Use Development,Preliminary Planning — Low,downside,wbs_budget,WBS-049,extended_cost,High-rise mixed-use — Windows,5500000,usd,estimated,"pasted_content_25.txt, Skyline Towers 10-Point Financial OS Design Package, user-supplied 2026-08-21",,jchappell2120,,,construction,yes,Inferred preliminary planning scenario. Replace line-by-line with source-backed evidence when available. | Standardized WBS category: building_modular; applicability: All five buildings.
4,Skyline Towers,High-Rise Mixed-Use Development,Preliminary Planning — Low,downside,wbs_budget,WBS-050,extended_cost,High-rise mixed-use — Exterior doors and glazing,2200000,usd,estimated,"pasted_content_25.txt, Skyline Towers 10-Point Financial OS Design Package, user-supplied 2026-08-21",,jchappell2120,,,construction,yes,Inferred preliminary planning scenario. Replace line-by-line with source-backed evidence when available. | Standardized WBS category: building_modular; applicability: All five buildings.
4,Skyline Towers,High-Rise Mixed-Use Development,Preliminary Planning — Low,downside,wbs_budget,WBS-051,extended_cost,High-rise mixed-use — Appliances,2500000,usd,estimated,"pasted_content_25.txt, Skyline Towers 10-Point Financial OS Design Package, user-supplied 2026-08-21",,jchappell2120,,,construction,yes,Inferred preliminary planning scenario. Replace line-by-line with source-backed evidence when available. | Standardized WBS category: building_modular; applicability: All five buildings.
4,Skyline Towers,High-Rise Mixed-Use Development,Preliminary Planning — Low,downside,wbs_budget,WBS-052,extended_cost,High-rise mixed-use — Plumbing fixtures,2000000,usd,estimated,"pasted_content_25.txt, Skyline Towers 10-Point Financial OS Design Package, user-supplied 2026-08-21",,jchappell2120,,,construction,yes,Inferred preliminary planning scenario. Replace line-by-line with source-backed evidence when available. | Standardized WBS category: building_modular; applicability: All five buildings.
4,Skyline Towers,High-Rise Mixed-Use Development,Preliminary Planning — Low,downside,wbs_budget,WBS-053,extended_cost,High-rise mixed-use — Electrical fixtures,1900000,usd,estimated,"pasted_content_25.txt, Skyline Towers 10-Point Financial OS Design Package, user-supplied 2026-08-21",,jchappell2120,,,construction,yes,Inferred preliminary planning scenario. Replace line-by-line with source-backed evidence when available. | Standardized WBS category: building_modular; applicability: All five buildings.
4,Skyline Towers,High-Rise Mixed-Use Development,Preliminary Planning — Low,downside,wbs_budget,WBS-054,extended_cost,High-rise mixed-use — Common-area finishes,3500000,usd,estimated,"pasted_content_25.txt, Skyline Towers 10-Point Financial OS Design Package, user-supplied 2026-08-21",,jchappell2120,,,construction,yes,Inferred preliminary planning scenario. Replace line-by-line with source-backed evidence when available. | Standardized WBS category: building_modular; applicability: All five buildings.
4,Skyline Towers,High-Rise Mixed-Use Development,Preliminary Planning — Low,downside,wbs_budget,WBS-055,extended_cost,High-rise mixed-use — Amenity equipment,2500000,usd,estimated,"pasted_content_25.txt, Skyline Towers 10-Point Financial OS Design Package, user-supplied 2026-08-21",,jchappell2120,,,construction,yes,Inferred preliminary planning scenario. Replace line-by-line with source-backed evidence when available. | Standardized WBS category: building_modular; applicability: Project-wide.
4,Skyline Towers,High-Rise Mixed-Use Development,Preliminary Planning — Low,downside,wbs_budget,WBS-056,extended_cost,High-rise mixed-use — Common-area furnishings allowance,1700000,usd,estimated,"pasted_content_25.txt, Skyline Towers 10-Point Financial OS Design Package, user-supplied 2026-08-21",,jchappell2120,,,construction,yes,Inferred preliminary planning scenario. Replace line-by-line with source-backed evidence when available. | Standardized WBS category: building_modular; applicability: Project-wide.
4,Skyline Towers,High-Rise Mixed-Use Development,Preliminary Planning — Low,downside,wbs_budget,WBS-057,extended_cost,High-rise mixed-use — QA/QC inspection,3750000,usd,estimated,"pasted_content_25.txt, Skyline Towers 10-Point Financial OS Design Package, user-supplied 2026-08-21",,jchappell2120,,,commissioning,yes,Inferred preliminary planning scenario. Replace line-by-line with source-backed evidence when available. | Standardized WBS category: building_modular; applicability: All five buildings.
4,Skyline Towers,High-Rise Mixed-Use Development,Preliminary Planning — Low,downside,wbs_budget,WBS-058,extended_cost,High-rise mixed-use — Building commissioning,2500000,usd,estimated,"pasted_content_25.txt, Skyline Towers 10-Point Financial OS Design Package, user-supplied 2026-08-21",,jchappell2120,,,commissioning,yes,Inferred preliminary planning scenario. Replace line-by-line with source-backed evidence when available. | Standardized WBS category: building_modular; applicability: All five buildings.
4,Skyline Towers,High-Rise Mixed-Use Development,Preliminary Planning — Low,downside,wbs_budget,WBS-059,extended_cost,High-rise mixed-use — Punch and turnover,2500000,usd,estimated,"pasted_content_25.txt, Skyline Towers 10-Point Financial OS Design Package, user-supplied 2026-08-21",,jchappell2120,,,building_completion,yes,Inferred preliminary planning scenario. Replace line-by-line with source-backed evidence when available. | Standardized WBS category: building_modular; applicability: All five buildings.
4,Skyline Towers,High-Rise Mixed-Use Development,Preliminary Planning — Low,downside,wbs_budget,WBS-060,extended_cost,High-rise mixed-use — Building completion reserve,7750000,usd,estimated,"pasted_content_25.txt, Skyline Towers 10-Point Financial OS Design Package, user-supplied 2026-08-21",,jchappell2120,,,building_completion,yes,Inferred preliminary planning scenario. Replace line-by-line with source-backed evidence when available. | Standardized WBS category: building_modular; applicability: All five buildings.
4,Skyline Towers,High-Rise Mixed-Use Development,Preliminary Planning — Low,downside,wbs_budget,WBS-061,extended_cost,High-rise mixed-use — Factory production setup,1000000,usd,estimated,"pasted_content_25.txt, Skyline Towers 10-Point Financial OS Design Package, user-supplied 2026-08-21",,jchappell2120,,,factory_production,yes,Inferred preliminary planning scenario. Replace line-by-line with source-backed evidence when available. | Standardized WBS category: factory_logistics_installation; applicability: All five buildings.
4,Skyline Towers,High-Rise Mixed-Use Development,Preliminary Planning — Low,downside,wbs_budget,WBS-062,extended_cost,High-rise mixed-use — Panel and module assembly,900000,usd,estimated,"pasted_content_25.txt, Skyline Towers 10-Point Financial OS Design Package, user-supplied 2026-08-21",,jchappell2120,,,factory_production,yes,Inferred preliminary planning scenario. Replace line-by-line with source-backed evidence when available. | Standardized WBS category: factory_logistics_installation; applicability: All five buildings.
4,Skyline Towers,High-Rise Mixed-Use Development,Preliminary Planning — Low,downside,wbs_budget,WBS-063,extended_cost,High-rise mixed-use — Factory labor coordination,900000,usd,estimated,"pasted_content_25.txt, Skyline Towers 10-Point Financial OS Design Package, user-supplied 2026-08-21",,jchappell2120,,,factory_production,yes,Inferred preliminary planning scenario. Replace line-by-line with source-backed evidence when available. | Standardized WBS category: factory_logistics_installation; applicability: All five buildings.
4,Skyline Towers,High-Rise Mixed-Use Development,Preliminary Planning — Low,downside,wbs_budget,WBS-064,extended_cost,High-rise mixed-use — Factory QA hold points,500000,usd,estimated,"pasted_content_25.txt, Skyline Towers 10-Point Financial OS Design Package, user-supplied 2026-08-21",,jchappell2120,,,factory_production,yes,Inferred preliminary planning scenario. Replace line-by-line with source-backed evidence when available. | Standardized WBS category: factory_logistics_installation; applicability: All five buildings.
4,Skyline Towers,High-Rise Mixed-Use Development,Preliminary Planning — Low,downside,wbs_budget,WBS-065,extended_cost,High-rise mixed-use — Packaging and protection,400000,usd,estimated,"pasted_content_25.txt, Skyline Towers 10-Point Financial OS Design Package, user-supplied 2026-08-21",,jchappell2120,,,factory_production,yes,Inferred preliminary planning scenario. Replace line-by-line with source-backed evidence when available. | Standardized WBS category: factory_logistics_installation; applicability: All five buildings.
4,Skyline Towers,High-Rise Mixed-Use Development,Preliminary Planning — Low,downside,wbs_budget,WBS-066,extended_cost,High-rise mixed-use — Staging and handling,500000,usd,estimated,"pasted_content_25.txt, Skyline Towers 10-Point Financial OS Design Package, user-supplied 2026-08-21",,jchappell2120,,,logistics,yes,Inferred preliminary planning scenario. Replace line-by-line with source-backed evidence when available. | Standardized WBS category: factory_logistics_installation; applicability: All five buildings.
4,Skyline Towers,High-Rise Mixed-Use Development,Preliminary Planning — Low,downside,wbs_budget,WBS-067,extended_cost,High-rise mixed-use — Transportation,1250000,usd,estimated,"pasted_content_25.txt, Skyline Towers 10-Point Financial OS Design Package, user-supplied 2026-08-21",,jchappell2120,,,transportation,yes,Inferred preliminary planning scenario. Replace line-by-line with source-backed evidence when available. | Standardized WBS category: factory_logistics_installation; applicability: All five buildings.
4,Skyline Towers,High-Rise Mixed-Use Development,Preliminary Planning — Low,downside,wbs_budget,WBS-068,extended_cost,High-rise mixed-use — Route and permit coordination,250000,usd,estimated,"pasted_content_25.txt, Skyline Towers 10-Point Financial OS Design Package, user-supplied 2026-08-21",,jchappell2120,,,transportation,yes,Inferred preliminary planning scenario. Replace line-by-line with source-backed evidence when available. | Standardized WBS category: factory_logistics_installation; applicability: All five buildings.
4,Skyline Towers,High-Rise Mixed-Use Development,Preliminary Planning — Low,downside,wbs_budget,WBS-069,extended_cost,High-rise mixed-use — Transit insurance allowance,250000,usd,estimated,"pasted_content_25.txt, Skyline Towers 10-Point Financial OS Design Package, user-supplied 2026-08-21",,jchappell2120,,,transportation,yes,Inferred preliminary planning scenario. Replace line-by-line with source-backed evidence when available. | Standardized WBS category: factory_logistics_installation; applicability: All five buildings.
4,Skyline Towers,High-Rise Mixed-Use Development,Preliminary Planning — Low,downside,wbs_budget,WBS-070,extended_cost,High-rise mixed-use — Site receiving,500000,usd,estimated,"pasted_content_25.txt, Skyline Towers 10-Point Financial OS Design Package, user-supplied 2026-08-21",,jchappell2120,,,site_installation,yes,Inferred preliminary planning scenario. Replace line-by-line with source-backed evidence when available. | Standardized WBS category: factory_logistics_installation; applicability: All five buildings.
4,Skyline Towers,High-Rise Mixed-Use Development,Preliminary Planning — Low,downside,wbs_budget,WBS-071,extended_cost,High-rise mixed-use — Crane and lifting,1000000,usd,estimated,"pasted_content_25.txt, Skyline Towers 10-Point Financial OS Design Package, user-supplied 2026-08-21",,jchappell2120,,,site_installation,yes,Inferred preliminary planning scenario. Replace line-by-line with source-backed evidence when available. | Standardized WBS category: factory_logistics_installation; applicability: All five buildings.
4,Skyline Towers,High-Rise Mixed-Use Development,Preliminary Planning — Low,downside,wbs_budget,WBS-072,extended_cost,High-rise mixed-use — Set and alignment,750000,usd,estimated,"pasted_content_25.txt, Skyline Towers 10-Point Financial OS Design Package, user-supplied 2026-08-21",,jchappell2120,,,site_installation,yes,Inferred preliminary planning scenario. Replace line-by-line with source-backed evidence when available. | Standardized WBS category: factory_logistics_installation; applicability: All five buildings.
4,Skyline Towers,High-Rise Mixed-Use Development,Preliminary Planning — Low,downside,wbs_budget,WBS-073,extended_cost,High-rise mixed-use — Installation coordination,500000,usd,estimated,"pasted_content_25.txt, Skyline Towers 10-Point Financial OS Design Package, user-supplied 2026-08-21",,jchappell2120,,,site_installation,yes,Inferred preliminary planning scenario. Replace line-by-line with source-backed evidence when available. | Standardized WBS category: factory_logistics_installation; applicability: All five buildings.
4,Skyline Towers,High-Rise Mixed-Use Development,Preliminary Planning — Low,downside,wbs_budget,WBS-074,extended_cost,High-rise mixed-use — Temporary weather protection,400000,usd,estimated,"pasted_content_25.txt, Skyline Towers 10-Point Financial OS Design Package, user-supplied 2026-08-21",,jchappell2120,,,site_installation,yes,Inferred preliminary planning scenario. Replace line-by-line with source-backed evidence when available. | Standardized WBS category: factory_logistics_installation; applicability: All five buildings.
4,Skyline Towers,High-Rise Mixed-Use Development,Preliminary Planning — Low,downside,wbs_budget,WBS-075,extended_cost,High-rise mixed-use — Logistics reserve,900000,usd,estimated,"pasted_content_25.txt, Skyline Towers 10-Point Financial OS Design Package, user-supplied 2026-08-21",,jchappell2120,,,site_installation,yes,Inferred preliminary planning scenario. Replace line-by-line with source-backed evidence when available. | Standardized WBS category: factory_logistics_installation; applicability: All five buildings.
4,Skyline Towers,High-Rise Mixed-Use Development,Preliminary Planning — Low,downside,wbs_budget,WBS-076,extended_cost,High-rise mixed-use — Architecture,1500000,usd,estimated,"pasted_content_25.txt, Skyline Towers 10-Point Financial OS Design Package, user-supplied 2026-08-21",,jchappell2120,,,design_entitlement,yes,Inferred preliminary planning scenario. Replace line-by-line with source-backed evidence when available. | Standardized WBS category: professional_soft_costs; applicability: Project-wide.
4,Skyline Towers,High-Rise Mixed-Use Development,Preliminary Planning — Low,downside,wbs_budget,WBS-077,extended_cost,High-rise mixed-use — Structural engineering,1000000,usd,estimated,"pasted_content_25.txt, Skyline Towers 10-Point Financial OS Design Package, user-supplied 2026-08-21",,jchappell2120,,,design_entitlement,yes,Inferred preliminary planning scenario. Replace line-by-line with source-backed evidence when available. | Standardized WBS category: professional_soft_costs; applicability: Project-wide.
4,Skyline Towers,High-Rise Mixed-Use Development,Preliminary Planning — Low,downside,wbs_budget,WBS-078,extended_cost,High-rise mixed-use — MEP engineering,1000000,usd,estimated,"pasted_content_25.txt, Skyline Towers 10-Point Financial OS Design Package, user-supplied 2026-08-21",,jchappell2120,,,design_entitlement,yes,Inferred preliminary planning scenario. Replace line-by-line with source-backed evidence when available. | Standardized WBS category: professional_soft_costs; applicability: Project-wide.
4,Skyline Towers,High-Rise Mixed-Use Development,Preliminary Planning — Low,downside,wbs_budget,WBS-079,extended_cost,High-rise mixed-use — Civil engineering,750000,usd,estimated,"pasted_content_25.txt, Skyline Towers 10-Point Financial OS Design Package, user-supplied 2026-08-21",,jchappell2120,,,design_entitlement,yes,Inferred preliminary planning scenario. Replace line-by-line with source-backed evidence when available. | Standardized WBS category: professional_soft_costs; applicability: Project-wide.
4,Skyline Towers,High-Rise Mixed-Use Development,Preliminary Planning — Low,downside,wbs_budget,WBS-080,extended_cost,High-rise mixed-use — Permitting and entitlement,500000,usd,estimated,"pasted_content_25.txt, Skyline Towers 10-Point Financial OS Design Package, user-supplied 2026-08-21",,jchappell2120,,,design_entitlement,yes,Inferred preliminary planning scenario. Replace line-by-line with source-backed evidence when available. | Standardized WBS category: professional_soft_costs; applicability: Project-wide.
4,Skyline Towers,High-Rise Mixed-Use Development,Preliminary Planning — Low,downside,wbs_budget,WBS-081,extended_cost,High-rise mixed-use — Project management,1500000,usd,estimated,"pasted_content_25.txt, Skyline Towers 10-Point Financial OS Design Package, user-supplied 2026-08-21",,jchappell2120,,,construction,yes,Inferred preliminary planning scenario. Replace line-by-line with source-backed evidence when available. | Standardized WBS category: professional_soft_costs; applicability: Project-wide.
4,Skyline Towers,High-Rise Mixed-Use Development,Preliminary Planning — Low,downside,wbs_budget,WBS-082,extended_cost,High-rise mixed-use — Legal,750000,usd,estimated,"pasted_content_25.txt, Skyline Towers 10-Point Financial OS Design Package, user-supplied 2026-08-21",,jchappell2120,,,predevelopment,yes,Inferred preliminary planning scenario. Replace line-by-line with source-backed evidence when available. | Standardized WBS category: professional_soft_costs; applicability: Project-wide.
4,Skyline Towers,High-Rise Mixed-Use Development,Preliminary Planning — Low,downside,wbs_budget,WBS-083,extended_cost,High-rise mixed-use — Accounting and tax,500000,usd,estimated,"pasted_content_25.txt, Skyline Towers 10-Point Financial OS Design Package, user-supplied 2026-08-21",,jchappell2120,,,predevelopment,yes,Inferred preliminary planning scenario. Replace line-by-line with source-backed evidence when available. | Standardized WBS category: professional_soft_costs; applicability: Project-wide.
4,Skyline Towers,High-Rise Mixed-Use Development,Preliminary Planning — Low,downside,wbs_budget,WBS-084,extended_cost,High-rise mixed-use — Builder's risk insurance,750000,usd,estimated,"pasted_content_25.txt, Skyline Towers 10-Point Financial OS Design Package, user-supplied 2026-08-21",,jchappell2120,,,construction,yes,Inferred preliminary planning scenario. Replace line-by-line with source-backed evidence when available. | Standardized WBS category: professional_soft_costs; applicability: Project-wide.
4,Skyline Towers,High-Rise Mixed-Use Development,Preliminary Planning — Low,downside,wbs_budget,WBS-085,extended_cost,High-rise mixed-use — Marketing,750000,usd,estimated,"pasted_content_25.txt, Skyline Towers 10-Point Financial OS Design Package, user-supplied 2026-08-21",,jchappell2120,,,lease_up_stabilization,yes,Inferred preliminary planning scenario. Replace line-by-line with source-backed evidence when available. | Standardized WBS category: professional_soft_costs; applicability: Project-wide.
4,Skyline Towers,High-Rise Mixed-Use Development,Preliminary Planning — Low,downside,wbs_budget,WBS-086,extended_cost,High-rise mixed-use — Leasing,750000,usd,estimated,"pasted_content_25.txt, Skyline Towers 10-Point Financial OS Design Package, user-supplied 2026-08-21",,jchappell2120,,,lease_up_stabilization,yes,Inferred preliminary planning scenario. Replace line-by-line with source-backed evidence when available. | Standardized WBS category: professional_soft_costs; applicability: Project-wide.
4,Skyline Towers,High-Rise Mixed-Use Development,Preliminary Planning — Low,downside,wbs_budget,WBS-087,extended_cost,High-rise mixed-use — Leasing commissions,1000000,usd,estimated,"pasted_content_25.txt, Skyline Towers 10-Point Financial OS Design Package, user-supplied 2026-08-21",,jchappell2120,,,lease_up_stabilization,yes,Inferred preliminary planning scenario. Replace line-by-line with source-backed evidence when available. | Standardized WBS category: professional_soft_costs; applicability: Project-wide.
4,Skyline Towers,High-Rise Mixed-Use Development,Preliminary Planning — Low,downside,wbs_budget,WBS-088,extended_cost,High-rise mixed-use — Owner administration reserve,1250000,usd,estimated,"pasted_content_25.txt, Skyline Towers 10-Point Financial OS Design Package, user-supplied 2026-08-21",,jchappell2120,,,predevelopment,yes,Inferred preliminary planning scenario. Replace line-by-line with source-backed evidence when available. | Standardized WBS category: professional_soft_costs; applicability: Project-wide.
4,Skyline Towers,High-Rise Mixed-Use Development,Preliminary Planning — Low,downside,wbs_budget,WBS-089,extended_cost,High-rise mixed-use — Loan origination,1750000,usd,estimated,"pasted_content_25.txt, Skyline Towers 10-Point Financial OS Design Package, user-supplied 2026-08-21",,jchappell2120,,,predevelopment,yes,Inferred preliminary planning scenario. Replace line-by-line with source-backed evidence when available. | Standardized WBS category: financing_carry; applicability: Project-wide.
4,Skyline Towers,High-Rise Mixed-Use Development,Preliminary Planning — Low,downside,wbs_budget,WBS-090,extended_cost,High-rise mixed-use — Interest carry,2000000,usd,estimated,"pasted_content_25.txt, Skyline Towers 10-Point Financial OS Design Package, user-supplied 2026-08-21",,jchappell2120,,,construction,yes,Inferred preliminary planning scenario. Replace line-by-line with source-backed evidence when available. | Standardized WBS category: financing_carry; applicability: Project-wide.
4,Skyline Towers,High-Rise Mixed-Use Development,Preliminary Planning — Low,downside,wbs_budget,WBS-091,extended_cost,High-rise mixed-use — Lender legal and diligence,500000,usd,estimated,"pasted_content_25.txt, Skyline Towers 10-Point Financial OS Design Package, user-supplied 2026-08-21",,jchappell2120,,,predevelopment,yes,Inferred preliminary planning scenario. Replace line-by-line with source-backed evidence when available. | Standardized WBS category: financing_carry; applicability: Project-wide.
4,Skyline Towers,High-Rise Mixed-Use Development,Preliminary Planning — Low,downside,wbs_budget,WBS-092,extended_cost,High-rise mixed-use — Loan administration,500000,usd,estimated,"pasted_content_25.txt, Skyline Towers 10-Point Financial OS Design Package, user-supplied 2026-08-21",,jchappell2120,,,construction,yes,Inferred preliminary planning scenario. Replace line-by-line with source-backed evidence when available. | Standardized WBS category: financing_carry; applicability: Project-wide.
4,Skyline Towers,High-Rise Mixed-Use Development,Preliminary Planning — Low,downside,wbs_budget,WBS-093,extended_cost,High-rise mixed-use — Interest reserve,750000,usd,estimated,"pasted_content_25.txt, Skyline Towers 10-Point Financial OS Design Package, user-supplied 2026-08-21",,jchappell2120,,,construction,yes,Inferred preliminary planning scenario. Replace line-by-line with source-backed evidence when available. | Standardized WBS category: financing_carry; applicability: Project-wide.
4,Skyline Towers,High-Rise Mixed-Use Development,Preliminary Planning — Low,downside,wbs_budget,WBS-094,extended_cost,High-rise mixed-use — Extension reserve,500000,usd,estimated,"pasted_content_25.txt, Skyline Towers 10-Point Financial OS Design Package, user-supplied 2026-08-21",,jchappell2120,,,construction,yes,Inferred preliminary planning scenario. Replace line-by-line with source-backed evidence when available. | Standardized WBS category: financing_carry; applicability: Project-wide.
4,Skyline Towers,High-Rise Mixed-Use Development,Preliminary Planning — Low,downside,wbs_budget,WBS-095,extended_cost,High-rise mixed-use — Construction contingency,1500000,usd,estimated,"pasted_content_25.txt, Skyline Towers 10-Point Financial OS Design Package, user-supplied 2026-08-21",,jchappell2120,,,construction,yes,Inferred preliminary planning scenario. Replace line-by-line with source-backed evidence when available. | Standardized WBS category: contingency; applicability: All five buildings.
4,Skyline Towers,High-Rise Mixed-Use Development,Preliminary Planning — Low,downside,wbs_budget,WBS-096,extended_cost,High-rise mixed-use — Site contingency,500000,usd,estimated,"pasted_content_25.txt, Skyline Towers 10-Point Financial OS Design Package, user-supplied 2026-08-21",,jchappell2120,,,construction,yes,Inferred preliminary planning scenario. Replace line-by-line with source-backed evidence when available. | Standardized WBS category: contingency; applicability: Project-wide.
4,Skyline Towers,High-Rise Mixed-Use Development,Preliminary Planning — Low,downside,wbs_budget,WBS-097,extended_cost,High-rise mixed-use — Materials contingency,500000,usd,estimated,"pasted_content_25.txt, Skyline Towers 10-Point Financial OS Design Package, user-supplied 2026-08-21",,jchappell2120,,,construction,yes,Inferred preliminary planning scenario. Replace line-by-line with source-backed evidence when available. | Standardized WBS category: contingency; applicability: All five buildings.
4,Skyline Towers,High-Rise Mixed-Use Development,Preliminary Planning — Low,downside,wbs_budget,WBS-098,extended_cost,High-rise mixed-use — Factory contingency,500000,usd,estimated,"pasted_content_25.txt, Skyline Towers 10-Point Financial OS Design Package, user-supplied 2026-08-21",,jchappell2120,,,factory_production,yes,Inferred preliminary planning scenario. Replace line-by-line with source-backed evidence when available. | Standardized WBS category: contingency; applicability: All five buildings.
4,Skyline Towers,High-Rise Mixed-Use Development,Preliminary Planning — Low,downside,wbs_budget,WBS-099,extended_cost,High-rise mixed-use — Schedule contingency,500000,usd,estimated,"pasted_content_25.txt, Skyline Towers 10-Point Financial OS Design Package, user-supplied 2026-08-21",,jchappell2120,,,construction,yes,Inferred preliminary planning scenario. Replace line-by-line with source-backed evidence when available. | Standardized WBS category: contingency; applicability: Project-wide.
4,Skyline Towers,High-Rise Mixed-Use Development,Preliminary Planning — Low,downside,wbs_budget,WBS-100,extended_cost,High-rise mixed-use — Closeout contingency,500000,usd,estimated,"pasted_content_25.txt, Skyline Towers 10-Point Financial OS Design Package, user-supplied 2026-08-21",,jchappell2120,,,building_completion,yes,Inferred preliminary planning scenario. Replace line-by-line with source-backed evidence when available. | Standardized WBS category: contingency; applicability: Project-wide.
4,Skyline Towers,High-Rise Mixed-Use Development,Preliminary Planning — Low,downside,capital_deployment,SCH-COST-01,monthly_development_spend,monthly development spend — month 1,2500000,usd,estimated,"pasted_content_25.txt, Skyline Towers 10-Point Financial OS Design Package, user-supplied 2026-08-21",,jchappell2120,1,1,predevelopment,yes,Inferred preliminary planning scenario. Replace line-by-line with source-backed evidence when available. | Calculated monthly planning series from scenario drivers; not actual project performance.
4,Skyline Towers,High-Rise Mixed-Use Development,Preliminary Planning — Low,downside,schedule,SCH-CUM-01,cumulative_deployment_bps,cumulative deployment bps — month 1,125,percentage_bps,estimated,"pasted_content_25.txt, Skyline Towers 10-Point Financial OS Design Package, user-supplied 2026-08-21",,jchappell2120,1,1,predevelopment,yes,Inferred preliminary planning scenario. Replace line-by-line with source-backed evidence when available. | Calculated monthly planning series from scenario drivers; not actual project performance.
4,Skyline Towers,High-Rise Mixed-Use Development,Preliminary Planning — Low,downside,schedule,SCH-OCC-01,occupancy_bps,occupancy bps — month 1,0,percentage_bps,estimated,"pasted_content_25.txt, Skyline Towers 10-Point Financial OS Design Package, user-supplied 2026-08-21",,jchappell2120,1,1,predevelopment,yes,Inferred preliminary planning scenario. Replace line-by-line with source-backed evidence when available. | Calculated monthly planning series from scenario drivers; not actual project performance.
4,Skyline Towers,High-Rise Mixed-Use Development,Preliminary Planning — Low,downside,revenue,SCH-REV-01,monthly_effective_revenue,monthly effective revenue — month 1,0,usd,estimated,"pasted_content_25.txt, Skyline Towers 10-Point Financial OS Design Package, user-supplied 2026-08-21",,jchappell2120,1,1,predevelopment,yes,Inferred preliminary planning scenario. Replace line-by-line with source-backed evidence when available. | Calculated monthly planning series from scenario drivers; not actual project performance.
4,Skyline Towers,High-Rise Mixed-Use Development,Preliminary Planning — Low,downside,operations,SCH-OPEX-01,monthly_operating_expense,monthly operating expense — month 1,0,usd,estimated,"pasted_content_25.txt, Skyline Towers 10-Point Financial OS Design Package, user-supplied 2026-08-21",,jchappell2120,1,1,predevelopment,yes,Inferred preliminary planning scenario. Replace line-by-line with source-backed evidence when available. | Calculated monthly planning series from scenario drivers; not actual project performance.
4,Skyline Towers,High-Rise Mixed-Use Development,Preliminary Planning — Low,downside,financing,SCH-DRAW-01,monthly_debt_draw,monthly debt draw — month 1,1625000,usd,estimated,"pasted_content_25.txt, Skyline Towers 10-Point Financial OS Design Package, user-supplied 2026-08-21",,jchappell2120,1,1,predevelopment,yes,Inferred preliminary planning scenario. Replace line-by-line with source-backed evidence when available. | Calculated monthly planning series from scenario drivers; not actual project performance.
4,Skyline Towers,High-Rise Mixed-Use Development,Preliminary Planning — Low,downside,financing,SCH-INT-01,monthly_interest,monthly interest — month 1,11172,usd,estimated,"pasted_content_25.txt, Skyline Towers 10-Point Financial OS Design Package, user-supplied 2026-08-21",,jchappell2120,1,1,predevelopment,yes,Inferred preliminary planning scenario. Replace line-by-line with source-backed evidence when available. | Calculated monthly planning series from scenario drivers; not actual project performance.
4,Skyline Towers,High-Rise Mixed-Use Development,Preliminary Planning — Low,downside,cash_flow,SCH-CF-01,monthly_levered_cash_flow,monthly levered cash flow — month 1,-2511172,usd,estimated,"pasted_content_25.txt, Skyline Towers 10-Point Financial OS Design Package, user-supplied 2026-08-21",,jchappell2120,1,1,predevelopment,yes,Inferred preliminary planning scenario. Replace line-by-line with source-backed evidence when available. | Calculated monthly planning series from scenario drivers; not actual project performance.
4,Skyline Towers,High-Rise Mixed-Use Development,Preliminary Planning — Low,downside,capital_deployment,SCH-COST-02,monthly_development_spend,monthly development spend — month 2,2500000,usd,estimated,"pasted_content_25.txt, Skyline Towers 10-Point Financial OS Design Package, user-supplied 2026-08-21",,jchappell2120,2,2,predevelopment,yes,Inferred preliminary planning scenario. Replace line-by-line with source-backed evidence when available. | Calculated monthly planning series from scenario drivers; not actual project performance.
4,Skyline Towers,High-Rise Mixed-Use Development,Preliminary Planning — Low,downside,schedule,SCH-CUM-02,cumulative_deployment_bps,cumulative deployment bps — month 2,250,percentage_bps,estimated,"pasted_content_25.txt, Skyline Towers 10-Point Financial OS Design Package, user-supplied 2026-08-21",,jchappell2120,2,2,predevelopment,yes,Inferred preliminary planning scenario. Replace line-by-line with source-backed evidence when available. | Calculated monthly planning series from scenario drivers; not actual project performance.
4,Skyline Towers,High-Rise Mixed-Use Development,Preliminary Planning — Low,downside,schedule,SCH-OCC-02,occupancy_bps,occupancy bps — month 2,0,percentage_bps,estimated,"pasted_content_25.txt, Skyline Towers 10-Point Financial OS Design Package, user-supplied 2026-08-21",,jchappell2120,2,2,predevelopment,yes,Inferred preliminary planning scenario. Replace line-by-line with source-backed evidence when available. | Calculated monthly planning series from scenario drivers; not actual project performance.
4,Skyline Towers,High-Rise Mixed-Use Development,Preliminary Planning — Low,downside,revenue,SCH-REV-02,monthly_effective_revenue,monthly effective revenue — month 2,0,usd,estimated,"pasted_content_25.txt, Skyline Towers 10-Point Financial OS Design Package, user-supplied 2026-08-21",,jchappell2120,2,2,predevelopment,yes,Inferred preliminary planning scenario. Replace line-by-line with source-backed evidence when available. | Calculated monthly planning series from scenario drivers; not actual project performance.
4,Skyline Towers,High-Rise Mixed-Use Development,Preliminary Planning — Low,downside,operations,SCH-OPEX-02,monthly_operating_expense,monthly operating expense — month 2,0,usd,estimated,"pasted_content_25.txt, Skyline Towers 10-Point Financial OS Design Package, user-supplied 2026-08-21",,jchappell2120,2,2,predevelopment,yes,Inferred preliminary planning scenario. Replace line-by-line with source-backed evidence when available. | Calculated monthly planning series from scenario drivers; not actual project performance.
4,Skyline Towers,High-Rise Mixed-Use Development,Preliminary Planning — Low,downside,financing,SCH-DRAW-02,monthly_debt_draw,monthly debt draw — month 2,1625000,usd,estimated,"pasted_content_25.txt, Skyline Towers 10-Point Financial OS Design Package, user-supplied 2026-08-21",,jchappell2120,2,2,predevelopment,yes,Inferred preliminary planning scenario. Replace line-by-line with source-backed evidence when available. | Calculated monthly planning series from scenario drivers; not actual project performance.
4,Skyline Towers,High-Rise Mixed-Use Development,Preliminary Planning — Low,downside,financing,SCH-INT-02,monthly_interest,monthly interest — month 2,22344,usd,estimated,"pasted_content_25.txt, Skyline Towers 10-Point Financial OS Design Package, user-supplied 2026-08-21",,jchappell2120,2,2,predevelopment,yes,Inferred preliminary planning scenario. Replace line-by-line with source-backed evidence when available. | Calculated monthly planning series from scenario drivers; not actual project performance.
4,Skyline Towers,High-Rise Mixed-Use Development,Preliminary Planning — Low,downside,cash_flow,SCH-CF-02,monthly_levered_cash_flow,monthly levered cash flow — month 2,-2522344,usd,estimated,"pasted_content_25.txt, Skyline Towers 10-Point Financial OS Design Package, user-supplied 2026-08-21",,jchappell2120,2,2,predevelopment,yes,Inferred preliminary planning scenario. Replace line-by-line with source-backed evidence when available. | Calculated monthly planning series from scenario drivers; not actual project performance.
4,Skyline Towers,High-Rise Mixed-Use Development,Preliminary Planning — Low,downside,capital_deployment,SCH-COST-03,monthly_development_spend,monthly development spend — month 3,2500000,usd,estimated,"pasted_content_25.txt, Skyline Towers 10-Point Financial OS Design Package, user-supplied 2026-08-21",,jchappell2120,3,3,predevelopment,yes,Inferred preliminary planning scenario. Replace line-by-line with source-backed evidence when available. | Calculated monthly planning series from scenario drivers; not actual project performance.
4,Skyline Towers,High-Rise Mixed-Use Development,Preliminary Planning — Low,downside,schedule,SCH-CUM-03,cumulative_deployment_bps,cumulative deployment bps — month 3,375,percentage_bps,estimated,"pasted_content_25.txt, Skyline Towers 10-Point Financial OS Design Package, user-supplied 2026-08-21",,jchappell2120,3,3,predevelopment,yes,Inferred preliminary planning scenario. Replace line-by-line with source-backed evidence when available. | Calculated monthly planning series from scenario drivers; not actual project performance.
4,Skyline Towers,High-Rise Mixed-Use Development,Preliminary Planning — Low,downside,schedule,SCH-OCC-03,occupancy_bps,occupancy bps — month 3,0,percentage_bps,estimated,"pasted_content_25.txt, Skyline Towers 10-Point Financial OS Design Package, user-supplied 2026-08-21",,jchappell2120,3,3,predevelopment,yes,Inferred preliminary planning scenario. Replace line-by-line with source-backed evidence when available. | Calculated monthly planning series from scenario drivers; not actual project performance.
4,Skyline Towers,High-Rise Mixed-Use Development,Preliminary Planning — Low,downside,revenue,SCH-REV-03,monthly_effective_revenue,monthly effective revenue — month 3,0,usd,estimated,"pasted_content_25.txt, Skyline Towers 10-Point Financial OS Design Package, user-supplied 2026-08-21",,jchappell2120,3,3,predevelopment,yes,Inferred preliminary planning scenario. Replace line-by-line with source-backed evidence when available. | Calculated monthly planning series from scenario drivers; not actual project performance.
4,Skyline Towers,High-Rise Mixed-Use Development,Preliminary Planning — Low,downside,operations,SCH-OPEX-03,monthly_operating_expense,monthly operating expense — month 3,0,usd,estimated,"pasted_content_25.txt, Skyline Towers 10-Point Financial OS Design Package, user-supplied 2026-08-21",,jchappell2120,3,3,predevelopment,yes,Inferred preliminary planning scenario. Replace line-by-line with source-backed evidence when available. | Calculated monthly planning series from scenario drivers; not actual project performance.
4,Skyline Towers,High-Rise Mixed-Use Development,Preliminary Planning — Low,downside,financing,SCH-DRAW-03,monthly_debt_draw,monthly debt draw — month 3,1625000,usd,estimated,"pasted_content_25.txt, Skyline Towers 10-Point Financial OS Design Package, user-supplied 2026-08-21",,jchappell2120,3,3,predevelopment,yes,Inferred preliminary planning scenario. Replace line-by-line with source-backed evidence when available. | Calculated monthly planning series from scenario drivers; not actual project performance.
4,Skyline Towers,High-Rise Mixed-Use Development,Preliminary Planning — Low,downside,financing,SCH-INT-03,monthly_interest,monthly interest — month 3,33516,usd,estimated,"pasted_content_25.txt, Skyline Towers 10-Point Financial OS Design Package, user-supplied 2026-08-21",,jchappell2120,3,3,predevelopment,yes,Inferred preliminary planning scenario. Replace line-by-line with source-backed evidence when available. | Calculated monthly planning series from scenario drivers; not actual project performance.
4,Skyline Towers,High-Rise Mixed-Use Development,Preliminary Planning — Low,downside,cash_flow,SCH-CF-03,monthly_levered_cash_flow,monthly levered cash flow — month 3,-2533516,usd,estimated,"pasted_content_25.txt, Skyline Towers 10-Point Financial OS Design Package, user-supplied 2026-08-21",,jchappell2120,3,3,predevelopment,yes,Inferred preliminary planning scenario. Replace line-by-line with source-backed evidence when available. | Calculated monthly planning series from scenario drivers; not actual project performance.
4,Skyline Towers,High-Rise Mixed-Use Development,Preliminary Planning — Low,downside,capital_deployment,SCH-COST-04,monthly_development_spend,monthly development spend — month 4,2500000,usd,estimated,"pasted_content_25.txt, Skyline Towers 10-Point Financial OS Design Package, user-supplied 2026-08-21",,jchappell2120,4,4,predevelopment,yes,Inferred preliminary planning scenario. Replace line-by-line with source-backed evidence when available. | Calculated monthly planning series from scenario drivers; not actual project performance.
4,Skyline Towers,High-Rise Mixed-Use Development,Preliminary Planning — Low,downside,schedule,SCH-CUM-04,cumulative_deployment_bps,cumulative deployment bps — month 4,500,percentage_bps,estimated,"pasted_content_25.txt, Skyline Towers 10-Point Financial OS Design Package, user-supplied 2026-08-21",,jchappell2120,4,4,predevelopment,yes,Inferred preliminary planning scenario. Replace line-by-line with source-backed evidence when available. | Calculated monthly planning series from scenario drivers; not actual project performance.
4,Skyline Towers,High-Rise Mixed-Use Development,Preliminary Planning — Low,downside,schedule,SCH-OCC-04,occupancy_bps,occupancy bps — month 4,0,percentage_bps,estimated,"pasted_content_25.txt, Skyline Towers 10-Point Financial OS Design Package, user-supplied 2026-08-21",,jchappell2120,4,4,predevelopment,yes,Inferred preliminary planning scenario. Replace line-by-line with source-backed evidence when available. | Calculated monthly planning series from scenario drivers; not actual project performance.
4,Skyline Towers,High-Rise Mixed-Use Development,Preliminary Planning — Low,downside,revenue,SCH-REV-04,monthly_effective_revenue,monthly effective revenue — month 4,0,usd,estimated,"pasted_content_25.txt, Skyline Towers 10-Point Financial OS Design Package, user-supplied 2026-08-21",,jchappell2120,4,4,predevelopment,yes,Inferred preliminary planning scenario. Replace line-by-line with source-backed evidence when available. | Calculated monthly planning series from scenario drivers; not actual project performance.
4,Skyline Towers,High-Rise Mixed-Use Development,Preliminary Planning — Low,downside,operations,SCH-OPEX-04,monthly_operating_expense,monthly operating expense — month 4,0,usd,estimated,"pasted_content_25.txt, Skyline Towers 10-Point Financial OS Design Package, user-supplied 2026-08-21",,jchappell2120,4,4,predevelopment,yes,Inferred preliminary planning scenario. Replace line-by-line with source-backed evidence when available. | Calculated monthly planning series from scenario drivers; not actual project performance.
4,Skyline Towers,High-Rise Mixed-Use Development,Preliminary Planning — Low,downside,financing,SCH-DRAW-04,monthly_debt_draw,monthly debt draw — month 4,1625000,usd,estimated,"pasted_content_25.txt, Skyline Towers 10-Point Financial OS Design Package, user-supplied 2026-08-21",,jchappell2120,4,4,predevelopment,yes,Inferred preliminary planning scenario. Replace line-by-line with source-backed evidence when available. | Calculated monthly planning series from scenario drivers; not actual project performance.
4,Skyline Towers,High-Rise Mixed-Use Development,Preliminary Planning — Low,downside,financing,SCH-INT-04,monthly_interest,monthly interest — month 4,44688,usd,estimated,"pasted_content_25.txt, Skyline Towers 10-Point Financial OS Design Package, user-supplied 2026-08-21",,jchappell2120,4,4,predevelopment,yes,Inferred preliminary planning scenario. Replace line-by-line with source-backed evidence when available. | Calculated monthly planning series from scenario drivers; not actual project performance.
4,Skyline Towers,High-Rise Mixed-Use Development,Preliminary Planning — Low,downside,cash_flow,SCH-CF-04,monthly_levered_cash_flow,monthly levered cash flow — month 4,-2544688,usd,estimated,"pasted_content_25.txt, Skyline Towers 10-Point Financial OS Design Package, user-supplied 2026-08-21",,jchappell2120,4,4,predevelopment,yes,Inferred preliminary planning scenario. Replace line-by-line with source-backed evidence when available. | Calculated monthly planning series from scenario drivers; not actual project performance.
4,Skyline Towers,High-Rise Mixed-Use Development,Preliminary Planning — Low,downside,capital_deployment,SCH-COST-05,monthly_development_spend,monthly development spend — month 5,5000000,usd,estimated,"pasted_content_25.txt, Skyline Towers 10-Point Financial OS Design Package, user-supplied 2026-08-21",,jchappell2120,5,5,construction,yes,Inferred preliminary planning scenario. Replace line-by-line with source-backed evidence when available. | Calculated monthly planning series from scenario drivers; not actual project performance.
4,Skyline Towers,High-Rise Mixed-Use Development,Preliminary Planning — Low,downside,schedule,SCH-CUM-05,cumulative_deployment_bps,cumulative deployment bps — month 5,750,percentage_bps,estimated,"pasted_content_25.txt, Skyline Towers 10-Point Financial OS Design Package, user-supplied 2026-08-21",,jchappell2120,5,5,construction,yes,Inferred preliminary planning scenario. Replace line-by-line with source-backed evidence when available. | Calculated monthly planning series from scenario drivers; not actual project performance.
4,Skyline Towers,High-Rise Mixed-Use Development,Preliminary Planning — Low,downside,schedule,SCH-OCC-05,occupancy_bps,occupancy bps — month 5,0,percentage_bps,estimated,"pasted_content_25.txt, Skyline Towers 10-Point Financial OS Design Package, user-supplied 2026-08-21",,jchappell2120,5,5,construction,yes,Inferred preliminary planning scenario. Replace line-by-line with source-backed evidence when available. | Calculated monthly planning series from scenario drivers; not actual project performance.
4,Skyline Towers,High-Rise Mixed-Use Development,Preliminary Planning — Low,downside,revenue,SCH-REV-05,monthly_effective_revenue,monthly effective revenue — month 5,0,usd,estimated,"pasted_content_25.txt, Skyline Towers 10-Point Financial OS Design Package, user-supplied 2026-08-21",,jchappell2120,5,5,construction,yes,Inferred preliminary planning scenario. Replace line-by-line with source-backed evidence when available. | Calculated monthly planning series from scenario drivers; not actual project performance.
4,Skyline Towers,High-Rise Mixed-Use Development,Preliminary Planning — Low,downside,operations,SCH-OPEX-05,monthly_operating_expense,monthly operating expense — month 5,0,usd,estimated,"pasted_content_25.txt, Skyline Towers 10-Point Financial OS Design Package, user-supplied 2026-08-21",,jchappell2120,5,5,construction,yes,Inferred preliminary planning scenario. Replace line-by-line with source-backed evidence when available. | Calculated monthly planning series from scenario drivers; not actual project performance.
4,Skyline Towers,High-Rise Mixed-Use Development,Preliminary Planning — Low,downside,financing,SCH-DRAW-05,monthly_debt_draw,monthly debt draw — month 5,3250000,usd,estimated,"pasted_content_25.txt, Skyline Towers 10-Point Financial OS Design Package, user-supplied 2026-08-21",,jchappell2120,5,5,construction,yes,Inferred preliminary planning scenario. Replace line-by-line with source-backed evidence when available. | Calculated monthly planning series from scenario drivers; not actual project performance.
4,Skyline Towers,High-Rise Mixed-Use Development,Preliminary Planning — Low,downside,financing,SCH-INT-05,monthly_interest,monthly interest — month 5,67031,usd,estimated,"pasted_content_25.txt, Skyline Towers 10-Point Financial OS Design Package, user-supplied 2026-08-21",,jchappell2120,5,5,construction,yes,Inferred preliminary planning scenario. Replace line-by-line with source-backed evidence when available. | Calculated monthly planning series from scenario drivers; not actual project performance.
4,Skyline Towers,High-Rise Mixed-Use Development,Preliminary Planning — Low,downside,cash_flow,SCH-CF-05,monthly_levered_cash_flow,monthly levered cash flow — month 5,-5067031,usd,estimated,"pasted_content_25.txt, Skyline Towers 10-Point Financial OS Design Package, user-supplied 2026-08-21",,jchappell2120,5,5,construction,yes,Inferred preliminary planning scenario. Replace line-by-line with source-backed evidence when available. | Calculated monthly planning series from scenario drivers; not actual project performance.
4,Skyline Towers,High-Rise Mixed-Use Development,Preliminary Planning — Low,downside,capital_deployment,SCH-COST-06,monthly_development_spend,monthly development spend — month 6,5000000,usd,estimated,"pasted_content_25.txt, Skyline Towers 10-Point Financial OS Design Package, user-supplied 2026-08-21",,jchappell2120,6,6,construction,yes,Inferred preliminary planning scenario. Replace line-by-line with source-backed evidence when available. | Calculated monthly planning series from scenario drivers; not actual project performance.
4,Skyline Towers,High-Rise Mixed-Use Development,Preliminary Planning — Low,downside,schedule,SCH-CUM-06,cumulative_deployment_bps,cumulative deployment bps — month 6,1000,percentage_bps,estimated,"pasted_content_25.txt, Skyline Towers 10-Point Financial OS Design Package, user-supplied 2026-08-21",,jchappell2120,6,6,construction,yes,Inferred preliminary planning scenario. Replace line-by-line with source-backed evidence when available. | Calculated monthly planning series from scenario drivers; not actual project performance.
4,Skyline Towers,High-Rise Mixed-Use Development,Preliminary Planning — Low,downside,schedule,SCH-OCC-06,occupancy_bps,occupancy bps — month 6,0,percentage_bps,estimated,"pasted_content_25.txt, Skyline Towers 10-Point Financial OS Design Package, user-supplied 2026-08-21",,jchappell2120,6,6,construction,yes,Inferred preliminary planning scenario. Replace line-by-line with source-backed evidence when available. | Calculated monthly planning series from scenario drivers; not actual project performance.
4,Skyline Towers,High-Rise Mixed-Use Development,Preliminary Planning — Low,downside,revenue,SCH-REV-06,monthly_effective_revenue,monthly effective revenue — month 6,0,usd,estimated,"pasted_content_25.txt, Skyline Towers 10-Point Financial OS Design Package, user-supplied 2026-08-21",,jchappell2120,6,6,construction,yes,Inferred preliminary planning scenario. Replace line-by-line with source-backed evidence when available. | Calculated monthly planning series from scenario drivers; not actual project performance.
4,Skyline Towers,High-Rise Mixed-Use Development,Preliminary Planning — Low,downside,operations,SCH-OPEX-06,monthly_operating_expense,monthly operating expense — month 6,0,usd,estimated,"pasted_content_25.txt, Skyline Towers 10-Point Financial OS Design Package, user-supplied 2026-08-21",,jchappell2120,6,6,construction,yes,Inferred preliminary planning scenario. Replace line-by-line with source-backed evidence when available. | Calculated monthly planning series from scenario drivers; not actual project performance.
4,Skyline Towers,High-Rise Mixed-Use Development,Preliminary Planning — Low,downside,financing,SCH-DRAW-06,monthly_debt_draw,monthly debt draw — month 6,3250000,usd,estimated,"pasted_content_25.txt, Skyline Towers 10-Point Financial OS Design Package, user-supplied 2026-08-21",,jchappell2120,6,6,construction,yes,Inferred preliminary planning scenario. Replace line-by-line with source-backed evidence when available. | Calculated monthly planning series from scenario drivers; not actual project performance.
4,Skyline Towers,High-Rise Mixed-Use Development,Preliminary Planning — Low,downside,financing,SCH-INT-06,monthly_interest,monthly interest — month 6,89375,usd,estimated,"pasted_content_25.txt, Skyline Towers 10-Point Financial OS Design Package, user-supplied 2026-08-21",,jchappell2120,6,6,construction,yes,Inferred preliminary planning scenario. Replace line-by-line with source-backed evidence when available. | Calculated monthly planning series from scenario drivers; not actual project performance.
4,Skyline Towers,High-Rise Mixed-Use Development,Preliminary Planning — Low,downside,cash_flow,SCH-CF-06,monthly_levered_cash_flow,monthly levered cash flow — month 6,-5089375,usd,estimated,"pasted_content_25.txt, Skyline Towers 10-Point Financial OS Design Package, user-supplied 2026-08-21",,jchappell2120,6,6,construction,yes,Inferred preliminary planning scenario. Replace line-by-line with source-backed evidence when available. | Calculated monthly planning series from scenario drivers; not actual project performance.
4,Skyline Towers,High-Rise Mixed-Use Development,Preliminary Planning — Low,downside,capital_deployment,SCH-COST-07,monthly_development_spend,monthly development spend — month 7,5000000,usd,estimated,"pasted_content_25.txt, Skyline Towers 10-Point Financial OS Design Package, user-supplied 2026-08-21",,jchappell2120,7,7,construction,yes,Inferred preliminary planning scenario. Replace line-by-line with source-backed evidence when available. | Calculated monthly planning series from scenario drivers; not actual project performance.
4,Skyline Towers,High-Rise Mixed-Use Development,Preliminary Planning — Low,downside,schedule,SCH-CUM-07,cumulative_deployment_bps,cumulative deployment bps — month 7,1250,percentage_bps,estimated,"pasted_content_25.txt, Skyline Towers 10-Point Financial OS Design Package, user-supplied 2026-08-21",,jchappell2120,7,7,construction,yes,Inferred preliminary planning scenario. Replace line-by-line with source-backed evidence when available. | Calculated monthly planning series from scenario drivers; not actual project performance.
4,Skyline Towers,High-Rise Mixed-Use Development,Preliminary Planning — Low,downside,schedule,SCH-OCC-07,occupancy_bps,occupancy bps — month 7,0,percentage_bps,estimated,"pasted_content_25.txt, Skyline Towers 10-Point Financial OS Design Package, user-supplied 2026-08-21",,jchappell2120,7,7,construction,yes,Inferred preliminary planning scenario. Replace line-by-line with source-backed evidence when available. | Calculated monthly planning series from scenario drivers; not actual project performance.
4,Skyline Towers,High-Rise Mixed-Use Development,Preliminary Planning — Low,downside,revenue,SCH-REV-07,monthly_effective_revenue,monthly effective revenue — month 7,0,usd,estimated,"pasted_content_25.txt, Skyline Towers 10-Point Financial OS Design Package, user-supplied 2026-08-21",,jchappell2120,7,7,construction,yes,Inferred preliminary planning scenario. Replace line-by-line with source-backed evidence when available. | Calculated monthly planning series from scenario drivers; not actual project performance.
4,Skyline Towers,High-Rise Mixed-Use Development,Preliminary Planning — Low,downside,operations,SCH-OPEX-07,monthly_operating_expense,monthly operating expense — month 7,0,usd,estimated,"pasted_content_25.txt, Skyline Towers 10-Point Financial OS Design Package, user-supplied 2026-08-21",,jchappell2120,7,7,construction,yes,Inferred preliminary planning scenario. Replace line-by-line with source-backed evidence when available. | Calculated monthly planning series from scenario drivers; not actual project performance.
4,Skyline Towers,High-Rise Mixed-Use Development,Preliminary Planning — Low,downside,financing,SCH-DRAW-07,monthly_debt_draw,monthly debt draw — month 7,3250000,usd,estimated,"pasted_content_25.txt, Skyline Towers 10-Point Financial OS Design Package, user-supplied 2026-08-21",,jchappell2120,7,7,construction,yes,Inferred preliminary planning scenario. Replace line-by-line with source-backed evidence when available. | Calculated monthly planning series from scenario drivers; not actual project performance.
4,Skyline Towers,High-Rise Mixed-Use Development,Preliminary Planning — Low,downside,financing,SCH-INT-07,monthly_interest,monthly interest — month 7,111719,usd,estimated,"pasted_content_25.txt, Skyline Towers 10-Point Financial OS Design Package, user-supplied 2026-08-21",,jchappell2120,7,7,construction,yes,Inferred preliminary planning scenario. Replace line-by-line with source-backed evidence when available. | Calculated monthly planning series from scenario drivers; not actual project performance.
4,Skyline Towers,High-Rise Mixed-Use Development,Preliminary Planning — Low,downside,cash_flow,SCH-CF-07,monthly_levered_cash_flow,monthly levered cash flow — month 7,-5111719,usd,estimated,"pasted_content_25.txt, Skyline Towers 10-Point Financial OS Design Package, user-supplied 2026-08-21",,jchappell2120,7,7,construction,yes,Inferred preliminary planning scenario. Replace line-by-line with source-backed evidence when available. | Calculated monthly planning series from scenario drivers; not actual project performance.
4,Skyline Towers,High-Rise Mixed-Use Development,Preliminary Planning — Low,downside,capital_deployment,SCH-COST-08,monthly_development_spend,monthly development spend — month 8,5000000,usd,estimated,"pasted_content_25.txt, Skyline Towers 10-Point Financial OS Design Package, user-supplied 2026-08-21",,jchappell2120,8,8,construction,yes,Inferred preliminary planning scenario. Replace line-by-line with source-backed evidence when available. | Calculated monthly planning series from scenario drivers; not actual project performance.
4,Skyline Towers,High-Rise Mixed-Use Development,Preliminary Planning — Low,downside,schedule,SCH-CUM-08,cumulative_deployment_bps,cumulative deployment bps — month 8,1500,percentage_bps,estimated,"pasted_content_25.txt, Skyline Towers 10-Point Financial OS Design Package, user-supplied 2026-08-21",,jchappell2120,8,8,construction,yes,Inferred preliminary planning scenario. Replace line-by-line with source-backed evidence when available. | Calculated monthly planning series from scenario drivers; not actual project performance.
4,Skyline Towers,High-Rise Mixed-Use Development,Preliminary Planning — Low,downside,schedule,SCH-OCC-08,occupancy_bps,occupancy bps — month 8,0,percentage_bps,estimated,"pasted_content_25.txt, Skyline Towers 10-Point Financial OS Design Package, user-supplied 2026-08-21",,jchappell2120,8,8,construction,yes,Inferred preliminary planning scenario. Replace line-by-line with source-backed evidence when available. | Calculated monthly planning series from scenario drivers; not actual project performance.
4,Skyline Towers,High-Rise Mixed-Use Development,Preliminary Planning — Low,downside,revenue,SCH-REV-08,monthly_effective_revenue,monthly effective revenue — month 8,0,usd,estimated,"pasted_content_25.txt, Skyline Towers 10-Point Financial OS Design Package, user-supplied 2026-08-21",,jchappell2120,8,8,construction,yes,Inferred preliminary planning scenario. Replace line-by-line with source-backed evidence when available. | Calculated monthly planning series from scenario drivers; not actual project performance.
4,Skyline Towers,High-Rise Mixed-Use Development,Preliminary Planning — Low,downside,operations,SCH-OPEX-08,monthly_operating_expense,monthly operating expense — month 8,0,usd,estimated,"pasted_content_25.txt, Skyline Towers 10-Point Financial OS Design Package, user-supplied 2026-08-21",,jchappell2120,8,8,construction,yes,Inferred preliminary planning scenario. Replace line-by-line with source-backed evidence when available. | Calculated monthly planning series from scenario drivers; not actual project performance.
4,Skyline Towers,High-Rise Mixed-Use Development,Preliminary Planning — Low,downside,financing,SCH-DRAW-08,monthly_debt_draw,monthly debt draw — month 8,3250000,usd,estimated,"pasted_content_25.txt, Skyline Towers 10-Point Financial OS Design Package, user-supplied 2026-08-21",,jchappell2120,8,8,construction,yes,Inferred preliminary planning scenario. Replace line-by-line with source-backed evidence when available. | Calculated monthly planning series from scenario drivers; not actual project performance.
4,Skyline Towers,High-Rise Mixed-Use Development,Preliminary Planning — Low,downside,financing,SCH-INT-08,monthly_interest,monthly interest — month 8,134063,usd,estimated,"pasted_content_25.txt, Skyline Towers 10-Point Financial OS Design Package, user-supplied 2026-08-21",,jchappell2120,8,8,construction,yes,Inferred preliminary planning scenario. Replace line-by-line with source-backed evidence when available. | Calculated monthly planning series from scenario drivers; not actual project performance.
4,Skyline Towers,High-Rise Mixed-Use Development,Preliminary Planning — Low,downside,cash_flow,SCH-CF-08,monthly_levered_cash_flow,monthly levered cash flow — month 8,-5134063,usd,estimated,"pasted_content_25.txt, Skyline Towers 10-Point Financial OS Design Package, user-supplied 2026-08-21",,jchappell2120,8,8,construction,yes,Inferred preliminary planning scenario. Replace line-by-line with source-backed evidence when available. | Calculated monthly planning series from scenario drivers; not actual project performance.
4,Skyline Towers,High-Rise Mixed-Use Development,Preliminary Planning — Low,downside,capital_deployment,SCH-COST-09,monthly_development_spend,monthly development spend — month 9,8500000,usd,estimated,"pasted_content_25.txt, Skyline Towers 10-Point Financial OS Design Package, user-supplied 2026-08-21",,jchappell2120,9,9,construction,yes,Inferred preliminary planning scenario. Replace line-by-line with source-backed evidence when available. | Calculated monthly planning series from scenario drivers; not actual project performance.
4,Skyline Towers,High-Rise Mixed-Use Development,Preliminary Planning — Low,downside,schedule,SCH-CUM-09,cumulative_deployment_bps,cumulative deployment bps — month 9,1925,percentage_bps,estimated,"pasted_content_25.txt, Skyline Towers 10-Point Financial OS Design Package, user-supplied 2026-08-21",,jchappell2120,9,9,construction,yes,Inferred preliminary planning scenario. Replace line-by-line with source-backed evidence when available. | Calculated monthly planning series from scenario drivers; not actual project performance.
4,Skyline Towers,High-Rise Mixed-Use Development,Preliminary Planning — Low,downside,schedule,SCH-OCC-09,occupancy_bps,occupancy bps — month 9,0,percentage_bps,estimated,"pasted_content_25.txt, Skyline Towers 10-Point Financial OS Design Package, user-supplied 2026-08-21",,jchappell2120,9,9,construction,yes,Inferred preliminary planning scenario. Replace line-by-line with source-backed evidence when available. | Calculated monthly planning series from scenario drivers; not actual project performance.
4,Skyline Towers,High-Rise Mixed-Use Development,Preliminary Planning — Low,downside,revenue,SCH-REV-09,monthly_effective_revenue,monthly effective revenue — month 9,0,usd,estimated,"pasted_content_25.txt, Skyline Towers 10-Point Financial OS Design Package, user-supplied 2026-08-21",,jchappell2120,9,9,construction,yes,Inferred preliminary planning scenario. Replace line-by-line with source-backed evidence when available. | Calculated monthly planning series from scenario drivers; not actual project performance.
4,Skyline Towers,High-Rise Mixed-Use Development,Preliminary Planning — Low,downside,operations,SCH-OPEX-09,monthly_operating_expense,monthly operating expense — month 9,0,usd,estimated,"pasted_content_25.txt, Skyline Towers 10-Point Financial OS Design Package, user-supplied 2026-08-21",,jchappell2120,9,9,construction,yes,Inferred preliminary planning scenario. Replace line-by-line with source-backed evidence when available. | Calculated monthly planning series from scenario drivers; not actual project performance.
4,Skyline Towers,High-Rise Mixed-Use Development,Preliminary Planning — Low,downside,financing,SCH-DRAW-09,monthly_debt_draw,monthly debt draw — month 9,5525000,usd,estimated,"pasted_content_25.txt, Skyline Towers 10-Point Financial OS Design Package, user-supplied 2026-08-21",,jchappell2120,9,9,construction,yes,Inferred preliminary planning scenario. Replace line-by-line with source-backed evidence when available. | Calculated monthly planning series from scenario drivers; not actual project performance.
4,Skyline Towers,High-Rise Mixed-Use Development,Preliminary Planning — Low,downside,financing,SCH-INT-09,monthly_interest,monthly interest — month 9,172047,usd,estimated,"pasted_content_25.txt, Skyline Towers 10-Point Financial OS Design Package, user-supplied 2026-08-21",,jchappell2120,9,9,construction,yes,Inferred preliminary planning scenario. Replace line-by-line with source-backed evidence when available. | Calculated monthly planning series from scenario drivers; not actual project performance.
4,Skyline Towers,High-Rise Mixed-Use Development,Preliminary Planning — Low,downside,cash_flow,SCH-CF-09,monthly_levered_cash_flow,monthly levered cash flow — month 9,-8672047,usd,estimated,"pasted_content_25.txt, Skyline Towers 10-Point Financial OS Design Package, user-supplied 2026-08-21",,jchappell2120,9,9,construction,yes,Inferred preliminary planning scenario. Replace line-by-line with source-backed evidence when available. | Calculated monthly planning series from scenario drivers; not actual project performance.
4,Skyline Towers,High-Rise Mixed-Use Development,Preliminary Planning — Low,downside,capital_deployment,SCH-COST-10,monthly_development_spend,monthly development spend — month 10,8500000,usd,estimated,"pasted_content_25.txt, Skyline Towers 10-Point Financial OS Design Package, user-supplied 2026-08-21",,jchappell2120,10,10,construction,yes,Inferred preliminary planning scenario. Replace line-by-line with source-backed evidence when available. | Calculated monthly planning series from scenario drivers; not actual project performance.
4,Skyline Towers,High-Rise Mixed-Use Development,Preliminary Planning — Low,downside,schedule,SCH-CUM-10,cumulative_deployment_bps,cumulative deployment bps — month 10,2350,percentage_bps,estimated,"pasted_content_25.txt, Skyline Towers 10-Point Financial OS Design Package, user-supplied 2026-08-21",,jchappell2120,10,10,construction,yes,Inferred preliminary planning scenario. Replace line-by-line with source-backed evidence when available. | Calculated monthly planning series from scenario drivers; not actual project performance.
4,Skyline Towers,High-Rise Mixed-Use Development,Preliminary Planning — Low,downside,schedule,SCH-OCC-10,occupancy_bps,occupancy bps — month 10,0,percentage_bps,estimated,"pasted_content_25.txt, Skyline Towers 10-Point Financial OS Design Package, user-supplied 2026-08-21",,jchappell2120,10,10,construction,yes,Inferred preliminary planning scenario. Replace line-by-line with source-backed evidence when available. | Calculated monthly planning series from scenario drivers; not actual project performance.
4,Skyline Towers,High-Rise Mixed-Use Development,Preliminary Planning — Low,downside,revenue,SCH-REV-10,monthly_effective_revenue,monthly effective revenue — month 10,0,usd,estimated,"pasted_content_25.txt, Skyline Towers 10-Point Financial OS Design Package, user-supplied 2026-08-21",,jchappell2120,10,10,construction,yes,Inferred preliminary planning scenario. Replace line-by-line with source-backed evidence when available. | Calculated monthly planning series from scenario drivers; not actual project performance.
4,Skyline Towers,High-Rise Mixed-Use Development,Preliminary Planning — Low,downside,operations,SCH-OPEX-10,monthly_operating_expense,monthly operating expense — month 10,0,usd,estimated,"pasted_content_25.txt, Skyline Towers 10-Point Financial OS Design Package, user-supplied 2026-08-21",,jchappell2120,10,10,construction,yes,Inferred preliminary planning scenario. Replace line-by-line with source-backed evidence when available. | Calculated monthly planning series from scenario drivers; not actual project performance.
4,Skyline Towers,High-Rise Mixed-Use Development,Preliminary Planning — Low,downside,financing,SCH-DRAW-10,monthly_debt_draw,monthly debt draw — month 10,5525000,usd,estimated,"pasted_content_25.txt, Skyline Towers 10-Point Financial OS Design Package, user-supplied 2026-08-21",,jchappell2120,10,10,construction,yes,Inferred preliminary planning scenario. Replace line-by-line with source-backed evidence when available. | Calculated monthly planning series from scenario drivers; not actual project performance.
4,Skyline Towers,High-Rise Mixed-Use Development,Preliminary Planning — Low,downside,financing,SCH-INT-10,monthly_interest,monthly interest — month 10,210031,usd,estimated,"pasted_content_25.txt, Skyline Towers 10-Point Financial OS Design Package, user-supplied 2026-08-21",,jchappell2120,10,10,construction,yes,Inferred preliminary planning scenario. Replace line-by-line with source-backed evidence when available. | Calculated monthly planning series from scenario drivers; not actual project performance.
4,Skyline Towers,High-Rise Mixed-Use Development,Preliminary Planning — Low,downside,cash_flow,SCH-CF-10,monthly_levered_cash_flow,monthly levered cash flow — month 10,-8710031,usd,estimated,"pasted_content_25.txt, Skyline Towers 10-Point Financial OS Design Package, user-supplied 2026-08-21",,jchappell2120,10,10,construction,yes,Inferred preliminary planning scenario. Replace line-by-line with source-backed evidence when available. | Calculated monthly planning series from scenario drivers; not actual project performance.
4,Skyline Towers,High-Rise Mixed-Use Development,Preliminary Planning — Low,downside,capital_deployment,SCH-COST-11,monthly_development_spend,monthly development spend — month 11,8500000,usd,estimated,"pasted_content_25.txt, Skyline Towers 10-Point Financial OS Design Package, user-supplied 2026-08-21",,jchappell2120,11,11,construction,yes,Inferred preliminary planning scenario. Replace line-by-line with source-backed evidence when available. | Calculated monthly planning series from scenario drivers; not actual project performance.
4,Skyline Towers,High-Rise Mixed-Use Development,Preliminary Planning — Low,downside,schedule,SCH-CUM-11,cumulative_deployment_bps,cumulative deployment bps — month 11,2775,percentage_bps,estimated,"pasted_content_25.txt, Skyline Towers 10-Point Financial OS Design Package, user-supplied 2026-08-21",,jchappell2120,11,11,construction,yes,Inferred preliminary planning scenario. Replace line-by-line with source-backed evidence when available. | Calculated monthly planning series from scenario drivers; not actual project performance.
4,Skyline Towers,High-Rise Mixed-Use Development,Preliminary Planning — Low,downside,schedule,SCH-OCC-11,occupancy_bps,occupancy bps — month 11,0,percentage_bps,estimated,"pasted_content_25.txt, Skyline Towers 10-Point Financial OS Design Package, user-supplied 2026-08-21",,jchappell2120,11,11,construction,yes,Inferred preliminary planning scenario. Replace line-by-line with source-backed evidence when available. | Calculated monthly planning series from scenario drivers; not actual project performance.
4,Skyline Towers,High-Rise Mixed-Use Development,Preliminary Planning — Low,downside,revenue,SCH-REV-11,monthly_effective_revenue,monthly effective revenue — month 11,0,usd,estimated,"pasted_content_25.txt, Skyline Towers 10-Point Financial OS Design Package, user-supplied 2026-08-21",,jchappell2120,11,11,construction,yes,Inferred preliminary planning scenario. Replace line-by-line with source-backed evidence when available. | Calculated monthly planning series from scenario drivers; not actual project performance.
4,Skyline Towers,High-Rise Mixed-Use Development,Preliminary Planning — Low,downside,operations,SCH-OPEX-11,monthly_operating_expense,monthly operating expense — month 11,0,usd,estimated,"pasted_content_25.txt, Skyline Towers 10-Point Financial OS Design Package, user-supplied 2026-08-21",,jchappell2120,11,11,construction,yes,Inferred preliminary planning scenario. Replace line-by-line with source-backed evidence when available. | Calculated monthly planning series from scenario drivers; not actual project performance.
4,Skyline Towers,High-Rise Mixed-Use Development,Preliminary Planning — Low,downside,financing,SCH-DRAW-11,monthly_debt_draw,monthly debt draw — month 11,5525000,usd,estimated,"pasted_content_25.txt, Skyline Towers 10-Point Financial OS Design Package, user-supplied 2026-08-21",,jchappell2120,11,11,construction,yes,Inferred preliminary planning scenario. Replace line-by-line with source-backed evidence when available. | Calculated monthly planning series from scenario drivers; not actual project performance.
4,Skyline Towers,High-Rise Mixed-Use Development,Preliminary Planning — Low,downside,financing,SCH-INT-11,monthly_interest,monthly interest — month 11,248016,usd,estimated,"pasted_content_25.txt, Skyline Towers 10-Point Financial OS Design Package, user-supplied 2026-08-21",,jchappell2120,11,11,construction,yes,Inferred preliminary planning scenario. Replace line-by-line with source-backed evidence when available. | Calculated monthly planning series from scenario drivers; not actual project performance.
4,Skyline Towers,High-Rise Mixed-Use Development,Preliminary Planning — Low,downside,cash_flow,SCH-CF-11,monthly_levered_cash_flow,monthly levered cash flow — month 11,-8748016,usd,estimated,"pasted_content_25.txt, Skyline Towers 10-Point Financial OS Design Package, user-supplied 2026-08-21",,jchappell2120,11,11,construction,yes,Inferred preliminary planning scenario. Replace line-by-line with source-backed evidence when available. | Calculated monthly planning series from scenario drivers; not actual project performance.
4,Skyline Towers,High-Rise Mixed-Use Development,Preliminary Planning — Low,downside,capital_deployment,SCH-COST-12,monthly_development_spend,monthly development spend — month 12,8500000,usd,estimated,"pasted_content_25.txt, Skyline Towers 10-Point Financial OS Design Package, user-supplied 2026-08-21",,jchappell2120,12,12,construction,yes,Inferred preliminary planning scenario. Replace line-by-line with source-backed evidence when available. | Calculated monthly planning series from scenario drivers; not actual project performance.
4,Skyline Towers,High-Rise Mixed-Use Development,Preliminary Planning — Low,downside,schedule,SCH-CUM-12,cumulative_deployment_bps,cumulative deployment bps — month 12,3200,percentage_bps,estimated,"pasted_content_25.txt, Skyline Towers 10-Point Financial OS Design Package, user-supplied 2026-08-21",,jchappell2120,12,12,construction,yes,Inferred preliminary planning scenario. Replace line-by-line with source-backed evidence when available. | Calculated monthly planning series from scenario drivers; not actual project performance.
4,Skyline Towers,High-Rise Mixed-Use Development,Preliminary Planning — Low,downside,schedule,SCH-OCC-12,occupancy_bps,occupancy bps — month 12,0,percentage_bps,estimated,"pasted_content_25.txt, Skyline Towers 10-Point Financial OS Design Package, user-supplied 2026-08-21",,jchappell2120,12,12,construction,yes,Inferred preliminary planning scenario. Replace line-by-line with source-backed evidence when available. | Calculated monthly planning series from scenario drivers; not actual project performance.
4,Skyline Towers,High-Rise Mixed-Use Development,Preliminary Planning — Low,downside,revenue,SCH-REV-12,monthly_effective_revenue,monthly effective revenue — month 12,0,usd,estimated,"pasted_content_25.txt, Skyline Towers 10-Point Financial OS Design Package, user-supplied 2026-08-21",,jchappell2120,12,12,construction,yes,Inferred preliminary planning scenario. Replace line-by-line with source-backed evidence when available. | Calculated monthly planning series from scenario drivers; not actual project performance.
4,Skyline Towers,High-Rise Mixed-Use Development,Preliminary Planning — Low,downside,operations,SCH-OPEX-12,monthly_operating_expense,monthly operating expense — month 12,0,usd,estimated,"pasted_content_25.txt, Skyline Towers 10-Point Financial OS Design Package, user-supplied 2026-08-21",,jchappell2120,12,12,construction,yes,Inferred preliminary planning scenario. Replace line-by-line with source-backed evidence when available. | Calculated monthly planning series from scenario drivers; not actual project performance.
4,Skyline Towers,High-Rise Mixed-Use Development,Preliminary Planning — Low,downside,financing,SCH-DRAW-12,monthly_debt_draw,monthly debt draw — month 12,5525000,usd,estimated,"pasted_content_25.txt, Skyline Towers 10-Point Financial OS Design Package, user-supplied 2026-08-21",,jchappell2120,12,12,construction,yes,Inferred preliminary planning scenario. Replace line-by-line with source-backed evidence when available. | Calculated monthly planning series from scenario drivers; not actual project performance.
4,Skyline Towers,High-Rise Mixed-Use Development,Preliminary Planning — Low,downside,financing,SCH-INT-12,monthly_interest,monthly interest — month 12,286000,usd,estimated,"pasted_content_25.txt, Skyline Towers 10-Point Financial OS Design Package, user-supplied 2026-08-21",,jchappell2120,12,12,construction,yes,Inferred preliminary planning scenario. Replace line-by-line with source-backed evidence when available. | Calculated monthly planning series from scenario drivers; not actual project performance.
4,Skyline Towers,High-Rise Mixed-Use Development,Preliminary Planning — Low,downside,cash_flow,SCH-CF-12,monthly_levered_cash_flow,monthly levered cash flow — month 12,-8786000,usd,estimated,"pasted_content_25.txt, Skyline Towers 10-Point Financial OS Design Package, user-supplied 2026-08-21",,jchappell2120,12,12,construction,yes,Inferred preliminary planning scenario. Replace line-by-line with source-backed evidence when available. | Calculated monthly planning series from scenario drivers; not actual project performance.
4,Skyline Towers,High-Rise Mixed-Use Development,Preliminary Planning — Low,downside,capital_deployment,SCH-COST-13,monthly_development_spend,monthly development spend — month 13,9000000,usd,estimated,"pasted_content_25.txt, Skyline Towers 10-Point Financial OS Design Package, user-supplied 2026-08-21",,jchappell2120,13,13,construction,yes,Inferred preliminary planning scenario. Replace line-by-line with source-backed evidence when available. | Calculated monthly planning series from scenario drivers; not actual project performance.
4,Skyline Towers,High-Rise Mixed-Use Development,Preliminary Planning — Low,downside,schedule,SCH-CUM-13,cumulative_deployment_bps,cumulative deployment bps — month 13,3650,percentage_bps,estimated,"pasted_content_25.txt, Skyline Towers 10-Point Financial OS Design Package, user-supplied 2026-08-21",,jchappell2120,13,13,construction,yes,Inferred preliminary planning scenario. Replace line-by-line with source-backed evidence when available. | Calculated monthly planning series from scenario drivers; not actual project performance.
4,Skyline Towers,High-Rise Mixed-Use Development,Preliminary Planning — Low,downside,schedule,SCH-OCC-13,occupancy_bps,occupancy bps — month 13,0,percentage_bps,estimated,"pasted_content_25.txt, Skyline Towers 10-Point Financial OS Design Package, user-supplied 2026-08-21",,jchappell2120,13,13,construction,yes,Inferred preliminary planning scenario. Replace line-by-line with source-backed evidence when available. | Calculated monthly planning series from scenario drivers; not actual project performance.
4,Skyline Towers,High-Rise Mixed-Use Development,Preliminary Planning — Low,downside,revenue,SCH-REV-13,monthly_effective_revenue,monthly effective revenue — month 13,0,usd,estimated,"pasted_content_25.txt, Skyline Towers 10-Point Financial OS Design Package, user-supplied 2026-08-21",,jchappell2120,13,13,construction,yes,Inferred preliminary planning scenario. Replace line-by-line with source-backed evidence when available. | Calculated monthly planning series from scenario drivers; not actual project performance.
4,Skyline Towers,High-Rise Mixed-Use Development,Preliminary Planning — Low,downside,operations,SCH-OPEX-13,monthly_operating_expense,monthly operating expense — month 13,0,usd,estimated,"pasted_content_25.txt, Skyline Towers 10-Point Financial OS Design Package, user-supplied 2026-08-21",,jchappell2120,13,13,construction,yes,Inferred preliminary planning scenario. Replace line-by-line with source-backed evidence when available. | Calculated monthly planning series from scenario drivers; not actual project performance.
4,Skyline Towers,High-Rise Mixed-Use Development,Preliminary Planning — Low,downside,financing,SCH-DRAW-13,monthly_debt_draw,monthly debt draw — month 13,5850000,usd,estimated,"pasted_content_25.txt, Skyline Towers 10-Point Financial OS Design Package, user-supplied 2026-08-21",,jchappell2120,13,13,construction,yes,Inferred preliminary planning scenario. Replace line-by-line with source-backed evidence when available. | Calculated monthly planning series from scenario drivers; not actual project performance.
4,Skyline Towers,High-Rise Mixed-Use Development,Preliminary Planning — Low,downside,financing,SCH-INT-13,monthly_interest,monthly interest — month 13,326219,usd,estimated,"pasted_content_25.txt, Skyline Towers 10-Point Financial OS Design Package, user-supplied 2026-08-21",,jchappell2120,13,13,construction,yes,Inferred preliminary planning scenario. Replace line-by-line with source-backed evidence when available. | Calculated monthly planning series from scenario drivers; not actual project performance.
4,Skyline Towers,High-Rise Mixed-Use Development,Preliminary Planning — Low,downside,cash_flow,SCH-CF-13,monthly_levered_cash_flow,monthly levered cash flow — month 13,-9326219,usd,estimated,"pasted_content_25.txt, Skyline Towers 10-Point Financial OS Design Package, user-supplied 2026-08-21",,jchappell2120,13,13,construction,yes,Inferred preliminary planning scenario. Replace line-by-line with source-backed evidence when available. | Calculated monthly planning series from scenario drivers; not actual project performance.
4,Skyline Towers,High-Rise Mixed-Use Development,Preliminary Planning — Low,downside,capital_deployment,SCH-COST-14,monthly_development_spend,monthly development spend — month 14,9000000,usd,estimated,"pasted_content_25.txt, Skyline Towers 10-Point Financial OS Design Package, user-supplied 2026-08-21",,jchappell2120,14,14,construction,yes,Inferred preliminary planning scenario. Replace line-by-line with source-backed evidence when available. | Calculated monthly planning series from scenario drivers; not actual project performance.
4,Skyline Towers,High-Rise Mixed-Use Development,Preliminary Planning — Low,downside,schedule,SCH-CUM-14,cumulative_deployment_bps,cumulative deployment bps — month 14,4100,percentage_bps,estimated,"pasted_content_25.txt, Skyline Towers 10-Point Financial OS Design Package, user-supplied 2026-08-21",,jchappell2120,14,14,construction,yes,Inferred preliminary planning scenario. Replace line-by-line with source-backed evidence when available. | Calculated monthly planning series from scenario drivers; not actual project performance.
4,Skyline Towers,High-Rise Mixed-Use Development,Preliminary Planning — Low,downside,schedule,SCH-OCC-14,occupancy_bps,occupancy bps — month 14,0,percentage_bps,estimated,"pasted_content_25.txt, Skyline Towers 10-Point Financial OS Design Package, user-supplied 2026-08-21",,jchappell2120,14,14,construction,yes,Inferred preliminary planning scenario. Replace line-by-line with source-backed evidence when available. | Calculated monthly planning series from scenario drivers; not actual project performance.
4,Skyline Towers,High-Rise Mixed-Use Development,Preliminary Planning — Low,downside,revenue,SCH-REV-14,monthly_effective_revenue,monthly effective revenue — month 14,0,usd,estimated,"pasted_content_25.txt, Skyline Towers 10-Point Financial OS Design Package, user-supplied 2026-08-21",,jchappell2120,14,14,construction,yes,Inferred preliminary planning scenario. Replace line-by-line with source-backed evidence when available. | Calculated monthly planning series from scenario drivers; not actual project performance.
4,Skyline Towers,High-Rise Mixed-Use Development,Preliminary Planning — Low,downside,operations,SCH-OPEX-14,monthly_operating_expense,monthly operating expense — month 14,0,usd,estimated,"pasted_content_25.txt, Skyline Towers 10-Point Financial OS Design Package, user-supplied 2026-08-21",,jchappell2120,14,14,construction,yes,Inferred preliminary planning scenario. Replace line-by-line with source-backed evidence when available. | Calculated monthly planning series from scenario drivers; not actual project performance.
4,Skyline Towers,High-Rise Mixed-Use Development,Preliminary Planning — Low,downside,financing,SCH-DRAW-14,monthly_debt_draw,monthly debt draw — month 14,5850000,usd,estimated,"pasted_content_25.txt, Skyline Towers 10-Point Financial OS Design Package, user-supplied 2026-08-21",,jchappell2120,14,14,construction,yes,Inferred preliminary planning scenario. Replace line-by-line with source-backed evidence when available. | Calculated monthly planning series from scenario drivers; not actual project performance.
4,Skyline Towers,High-Rise Mixed-Use Development,Preliminary Planning — Low,downside,financing,SCH-INT-14,monthly_interest,monthly interest — month 14,366438,usd,estimated,"pasted_content_25.txt, Skyline Towers 10-Point Financial OS Design Package, user-supplied 2026-08-21",,jchappell2120,14,14,construction,yes,Inferred preliminary planning scenario. Replace line-by-line with source-backed evidence when available. | Calculated monthly planning series from scenario drivers; not actual project performance.
4,Skyline Towers,High-Rise Mixed-Use Development,Preliminary Planning — Low,downside,cash_flow,SCH-CF-14,monthly_levered_cash_flow,monthly levered cash flow — month 14,-9366438,usd,estimated,"pasted_content_25.txt, Skyline Towers 10-Point Financial OS Design Package, user-supplied 2026-08-21",,jchappell2120,14,14,construction,yes,Inferred preliminary planning scenario. Replace line-by-line with source-backed evidence when available. | Calculated monthly planning series from scenario drivers; not actual project performance.
4,Skyline Towers,High-Rise Mixed-Use Development,Preliminary Planning — Low,downside,capital_deployment,SCH-COST-15,monthly_development_spend,monthly development spend — month 15,9000000,usd,estimated,"pasted_content_25.txt, Skyline Towers 10-Point Financial OS Design Package, user-supplied 2026-08-21",,jchappell2120,15,15,construction,yes,Inferred preliminary planning scenario. Replace line-by-line with source-backed evidence when available. | Calculated monthly planning series from scenario drivers; not actual project performance.
4,Skyline Towers,High-Rise Mixed-Use Development,Preliminary Planning — Low,downside,schedule,SCH-CUM-15,cumulative_deployment_bps,cumulative deployment bps — month 15,4550,percentage_bps,estimated,"pasted_content_25.txt, Skyline Towers 10-Point Financial OS Design Package, user-supplied 2026-08-21",,jchappell2120,15,15,construction,yes,Inferred preliminary planning scenario. Replace line-by-line with source-backed evidence when available. | Calculated monthly planning series from scenario drivers; not actual project performance.
4,Skyline Towers,High-Rise Mixed-Use Development,Preliminary Planning — Low,downside,schedule,SCH-OCC-15,occupancy_bps,occupancy bps — month 15,0,percentage_bps,estimated,"pasted_content_25.txt, Skyline Towers 10-Point Financial OS Design Package, user-supplied 2026-08-21",,jchappell2120,15,15,construction,yes,Inferred preliminary planning scenario. Replace line-by-line with source-backed evidence when available. | Calculated monthly planning series from scenario drivers; not actual project performance.
4,Skyline Towers,High-Rise Mixed-Use Development,Preliminary Planning — Low,downside,revenue,SCH-REV-15,monthly_effective_revenue,monthly effective revenue — month 15,0,usd,estimated,"pasted_content_25.txt, Skyline Towers 10-Point Financial OS Design Package, user-supplied 2026-08-21",,jchappell2120,15,15,construction,yes,Inferred preliminary planning scenario. Replace line-by-line with source-backed evidence when available. | Calculated monthly planning series from scenario drivers; not actual project performance.
4,Skyline Towers,High-Rise Mixed-Use Development,Preliminary Planning — Low,downside,operations,SCH-OPEX-15,monthly_operating_expense,monthly operating expense — month 15,0,usd,estimated,"pasted_content_25.txt, Skyline Towers 10-Point Financial OS Design Package, user-supplied 2026-08-21",,jchappell2120,15,15,construction,yes,Inferred preliminary planning scenario. Replace line-by-line with source-backed evidence when available. | Calculated monthly planning series from scenario drivers; not actual project performance.
4,Skyline Towers,High-Rise Mixed-Use Development,Preliminary Planning — Low,downside,financing,SCH-DRAW-15,monthly_debt_draw,monthly debt draw — month 15,5850000,usd,estimated,"pasted_content_25.txt, Skyline Towers 10-Point Financial OS Design Package, user-supplied 2026-08-21",,jchappell2120,15,15,construction,yes,Inferred preliminary planning scenario. Replace line-by-line with source-backed evidence when available. | Calculated monthly planning series from scenario drivers; not actual project performance.
4,Skyline Towers,High-Rise Mixed-Use Development,Preliminary Planning — Low,downside,financing,SCH-INT-15,monthly_interest,monthly interest — month 15,406656,usd,estimated,"pasted_content_25.txt, Skyline Towers 10-Point Financial OS Design Package, user-supplied 2026-08-21",,jchappell2120,15,15,construction,yes,Inferred preliminary planning scenario. Replace line-by-line with source-backed evidence when available. | Calculated monthly planning series from scenario drivers; not actual project performance.
4,Skyline Towers,High-Rise Mixed-Use Development,Preliminary Planning — Low,downside,cash_flow,SCH-CF-15,monthly_levered_cash_flow,monthly levered cash flow — month 15,-9406656,usd,estimated,"pasted_content_25.txt, Skyline Towers 10-Point Financial OS Design Package, user-supplied 2026-08-21",,jchappell2120,15,15,construction,yes,Inferred preliminary planning scenario. Replace line-by-line with source-backed evidence when available. | Calculated monthly planning series from scenario drivers; not actual project performance.
4,Skyline Towers,High-Rise Mixed-Use Development,Preliminary Planning — Low,downside,capital_deployment,SCH-COST-16,monthly_development_spend,monthly development spend — month 16,9000000,usd,estimated,"pasted_content_25.txt, Skyline Towers 10-Point Financial OS Design Package, user-supplied 2026-08-21",,jchappell2120,16,16,construction,yes,Inferred preliminary planning scenario. Replace line-by-line with source-backed evidence when available. | Calculated monthly planning series from scenario drivers; not actual project performance.
4,Skyline Towers,High-Rise Mixed-Use Development,Preliminary Planning — Low,downside,schedule,SCH-CUM-16,cumulative_deployment_bps,cumulative deployment bps — month 16,5000,percentage_bps,estimated,"pasted_content_25.txt, Skyline Towers 10-Point Financial OS Design Package, user-supplied 2026-08-21",,jchappell2120,16,16,construction,yes,Inferred preliminary planning scenario. Replace line-by-line with source-backed evidence when available. | Calculated monthly planning series from scenario drivers; not actual project performance.
4,Skyline Towers,High-Rise Mixed-Use Development,Preliminary Planning — Low,downside,schedule,SCH-OCC-16,occupancy_bps,occupancy bps — month 16,0,percentage_bps,estimated,"pasted_content_25.txt, Skyline Towers 10-Point Financial OS Design Package, user-supplied 2026-08-21",,jchappell2120,16,16,construction,yes,Inferred preliminary planning scenario. Replace line-by-line with source-backed evidence when available. | Calculated monthly planning series from scenario drivers; not actual project performance.
4,Skyline Towers,High-Rise Mixed-Use Development,Preliminary Planning — Low,downside,revenue,SCH-REV-16,monthly_effective_revenue,monthly effective revenue — month 16,0,usd,estimated,"pasted_content_25.txt, Skyline Towers 10-Point Financial OS Design Package, user-supplied 2026-08-21",,jchappell2120,16,16,construction,yes,Inferred preliminary planning scenario. Replace line-by-line with source-backed evidence when available. | Calculated monthly planning series from scenario drivers; not actual project performance.
4,Skyline Towers,High-Rise Mixed-Use Development,Preliminary Planning — Low,downside,operations,SCH-OPEX-16,monthly_operating_expense,monthly operating expense — month 16,0,usd,estimated,"pasted_content_25.txt, Skyline Towers 10-Point Financial OS Design Package, user-supplied 2026-08-21",,jchappell2120,16,16,construction,yes,Inferred preliminary planning scenario. Replace line-by-line with source-backed evidence when available. | Calculated monthly planning series from scenario drivers; not actual project performance.
4,Skyline Towers,High-Rise Mixed-Use Development,Preliminary Planning — Low,downside,financing,SCH-DRAW-16,monthly_debt_draw,monthly debt draw — month 16,5850000,usd,estimated,"pasted_content_25.txt, Skyline Towers 10-Point Financial OS Design Package, user-supplied 2026-08-21",,jchappell2120,16,16,construction,yes,Inferred preliminary planning scenario. Replace line-by-line with source-backed evidence when available. | Calculated monthly planning series from scenario drivers; not actual project performance.
4,Skyline Towers,High-Rise Mixed-Use Development,Preliminary Planning — Low,downside,financing,SCH-INT-16,monthly_interest,monthly interest — month 16,446875,usd,estimated,"pasted_content_25.txt, Skyline Towers 10-Point Financial OS Design Package, user-supplied 2026-08-21",,jchappell2120,16,16,construction,yes,Inferred preliminary planning scenario. Replace line-by-line with source-backed evidence when available. | Calculated monthly planning series from scenario drivers; not actual project performance.
4,Skyline Towers,High-Rise Mixed-Use Development,Preliminary Planning — Low,downside,cash_flow,SCH-CF-16,monthly_levered_cash_flow,monthly levered cash flow — month 16,-9446875,usd,estimated,"pasted_content_25.txt, Skyline Towers 10-Point Financial OS Design Package, user-supplied 2026-08-21",,jchappell2120,16,16,construction,yes,Inferred preliminary planning scenario. Replace line-by-line with source-backed evidence when available. | Calculated monthly planning series from scenario drivers; not actual project performance.
4,Skyline Towers,High-Rise Mixed-Use Development,Preliminary Planning — Low,downside,capital_deployment,SCH-COST-17,monthly_development_spend,monthly development spend — month 17,9000000,usd,estimated,"pasted_content_25.txt, Skyline Towers 10-Point Financial OS Design Package, user-supplied 2026-08-21",,jchappell2120,17,17,construction,yes,Inferred preliminary planning scenario. Replace line-by-line with source-backed evidence when available. | Calculated monthly planning series from scenario drivers; not actual project performance.
4,Skyline Towers,High-Rise Mixed-Use Development,Preliminary Planning — Low,downside,schedule,SCH-CUM-17,cumulative_deployment_bps,cumulative deployment bps — month 17,5450,percentage_bps,estimated,"pasted_content_25.txt, Skyline Towers 10-Point Financial OS Design Package, user-supplied 2026-08-21",,jchappell2120,17,17,construction,yes,Inferred preliminary planning scenario. Replace line-by-line with source-backed evidence when available. | Calculated monthly planning series from scenario drivers; not actual project performance.
4,Skyline Towers,High-Rise Mixed-Use Development,Preliminary Planning — Low,downside,schedule,SCH-OCC-17,occupancy_bps,occupancy bps — month 17,0,percentage_bps,estimated,"pasted_content_25.txt, Skyline Towers 10-Point Financial OS Design Package, user-supplied 2026-08-21",,jchappell2120,17,17,construction,yes,Inferred preliminary planning scenario. Replace line-by-line with source-backed evidence when available. | Calculated monthly planning series from scenario drivers; not actual project performance.
4,Skyline Towers,High-Rise Mixed-Use Development,Preliminary Planning — Low,downside,revenue,SCH-REV-17,monthly_effective_revenue,monthly effective revenue — month 17,0,usd,estimated,"pasted_content_25.txt, Skyline Towers 10-Point Financial OS Design Package, user-supplied 2026-08-21",,jchappell2120,17,17,construction,yes,Inferred preliminary planning scenario. Replace line-by-line with source-backed evidence when available. | Calculated monthly planning series from scenario drivers; not actual project performance.
4,Skyline Towers,High-Rise Mixed-Use Development,Preliminary Planning — Low,downside,operations,SCH-OPEX-17,monthly_operating_expense,monthly operating expense — month 17,0,usd,estimated,"pasted_content_25.txt, Skyline Towers 10-Point Financial OS Design Package, user-supplied 2026-08-21",,jchappell2120,17,17,construction,yes,Inferred preliminary planning scenario. Replace line-by-line with source-backed evidence when available. | Calculated monthly planning series from scenario drivers; not actual project performance.
4,Skyline Towers,High-Rise Mixed-Use Development,Preliminary Planning — Low,downside,financing,SCH-DRAW-17,monthly_debt_draw,monthly debt draw — month 17,5850000,usd,estimated,"pasted_content_25.txt, Skyline Towers 10-Point Financial OS Design Package, user-supplied 2026-08-21",,jchappell2120,17,17,construction,yes,Inferred preliminary planning scenario. Replace line-by-line with source-backed evidence when available. | Calculated monthly planning series from scenario drivers; not actual project performance.
4,Skyline Towers,High-Rise Mixed-Use Development,Preliminary Planning — Low,downside,financing,SCH-INT-17,monthly_interest,monthly interest — month 17,487094,usd,estimated,"pasted_content_25.txt, Skyline Towers 10-Point Financial OS Design Package, user-supplied 2026-08-21",,jchappell2120,17,17,construction,yes,Inferred preliminary planning scenario. Replace line-by-line with source-backed evidence when available. | Calculated monthly planning series from scenario drivers; not actual project performance.
4,Skyline Towers,High-Rise Mixed-Use Development,Preliminary Planning — Low,downside,cash_flow,SCH-CF-17,monthly_levered_cash_flow,monthly levered cash flow — month 17,-9487094,usd,estimated,"pasted_content_25.txt, Skyline Towers 10-Point Financial OS Design Package, user-supplied 2026-08-21",,jchappell2120,17,17,construction,yes,Inferred preliminary planning scenario. Replace line-by-line with source-backed evidence when available. | Calculated monthly planning series from scenario drivers; not actual project performance.
4,Skyline Towers,High-Rise Mixed-Use Development,Preliminary Planning — Low,downside,capital_deployment,SCH-COST-18,monthly_development_spend,monthly development spend — month 18,9000000,usd,estimated,"pasted_content_25.txt, Skyline Towers 10-Point Financial OS Design Package, user-supplied 2026-08-21",,jchappell2120,18,18,construction,yes,Inferred preliminary planning scenario. Replace line-by-line with source-backed evidence when available. | Calculated monthly planning series from scenario drivers; not actual project performance.
4,Skyline Towers,High-Rise Mixed-Use Development,Preliminary Planning — Low,downside,schedule,SCH-CUM-18,cumulative_deployment_bps,cumulative deployment bps — month 18,5900,percentage_bps,estimated,"pasted_content_25.txt, Skyline Towers 10-Point Financial OS Design Package, user-supplied 2026-08-21",,jchappell2120,18,18,construction,yes,Inferred preliminary planning scenario. Replace line-by-line with source-backed evidence when available. | Calculated monthly planning series from scenario drivers; not actual project performance.
4,Skyline Towers,High-Rise Mixed-Use Development,Preliminary Planning — Low,downside,schedule,SCH-OCC-18,occupancy_bps,occupancy bps — month 18,0,percentage_bps,estimated,"pasted_content_25.txt, Skyline Towers 10-Point Financial OS Design Package, user-supplied 2026-08-21",,jchappell2120,18,18,construction,yes,Inferred preliminary planning scenario. Replace line-by-line with source-backed evidence when available. | Calculated monthly planning series from scenario drivers; not actual project performance.
4,Skyline Towers,High-Rise Mixed-Use Development,Preliminary Planning — Low,downside,revenue,SCH-REV-18,monthly_effective_revenue,monthly effective revenue — month 18,0,usd,estimated,"pasted_content_25.txt, Skyline Towers 10-Point Financial OS Design Package, user-supplied 2026-08-21",,jchappell2120,18,18,construction,yes,Inferred preliminary planning scenario. Replace line-by-line with source-backed evidence when available. | Calculated monthly planning series from scenario drivers; not actual project performance.
4,Skyline Towers,High-Rise Mixed-Use Development,Preliminary Planning — Low,downside,operations,SCH-OPEX-18,monthly_operating_expense,monthly operating expense — month 18,0,usd,estimated,"pasted_content_25.txt, Skyline Towers 10-Point Financial OS Design Package, user-supplied 2026-08-21",,jchappell2120,18,18,construction,yes,Inferred preliminary planning scenario. Replace line-by-line with source-backed evidence when available. | Calculated monthly planning series from scenario drivers; not actual project performance.
4,Skyline Towers,High-Rise Mixed-Use Development,Preliminary Planning — Low,downside,financing,SCH-DRAW-18,monthly_debt_draw,monthly debt draw — month 18,5850000,usd,estimated,"pasted_content_25.txt, Skyline Towers 10-Point Financial OS Design Package, user-supplied 2026-08-21",,jchappell2120,18,18,construction,yes,Inferred preliminary planning scenario. Replace line-by-line with source-backed evidence when available. | Calculated monthly planning series from scenario drivers; not actual project performance.
4,Skyline Towers,High-Rise Mixed-Use Development,Preliminary Planning — Low,downside,financing,SCH-INT-18,monthly_interest,monthly interest — month 18,527313,usd,estimated,"pasted_content_25.txt, Skyline Towers 10-Point Financial OS Design Package, user-supplied 2026-08-21",,jchappell2120,18,18,construction,yes,Inferred preliminary planning scenario. Replace line-by-line with source-backed evidence when available. | Calculated monthly planning series from scenario drivers; not actual project performance.
4,Skyline Towers,High-Rise Mixed-Use Development,Preliminary Planning — Low,downside,cash_flow,SCH-CF-18,monthly_levered_cash_flow,monthly levered cash flow — month 18,-9527313,usd,estimated,"pasted_content_25.txt, Skyline Towers 10-Point Financial OS Design Package, user-supplied 2026-08-21",,jchappell2120,18,18,construction,yes,Inferred preliminary planning scenario. Replace line-by-line with source-backed evidence when available. | Calculated monthly planning series from scenario drivers; not actual project performance.
4,Skyline Towers,High-Rise Mixed-Use Development,Preliminary Planning — Low,downside,capital_deployment,SCH-COST-19,monthly_development_spend,monthly development spend — month 19,9000000,usd,estimated,"pasted_content_25.txt, Skyline Towers 10-Point Financial OS Design Package, user-supplied 2026-08-21",,jchappell2120,19,19,construction,yes,Inferred preliminary planning scenario. Replace line-by-line with source-backed evidence when available. | Calculated monthly planning series from scenario drivers; not actual project performance.
4,Skyline Towers,High-Rise Mixed-Use Development,Preliminary Planning — Low,downside,schedule,SCH-CUM-19,cumulative_deployment_bps,cumulative deployment bps — month 19,6350,percentage_bps,estimated,"pasted_content_25.txt, Skyline Towers 10-Point Financial OS Design Package, user-supplied 2026-08-21",,jchappell2120,19,19,construction,yes,Inferred preliminary planning scenario. Replace line-by-line with source-backed evidence when available. | Calculated monthly planning series from scenario drivers; not actual project performance.
4,Skyline Towers,High-Rise Mixed-Use Development,Preliminary Planning — Low,downside,schedule,SCH-OCC-19,occupancy_bps,occupancy bps — month 19,0,percentage_bps,estimated,"pasted_content_25.txt, Skyline Towers 10-Point Financial OS Design Package, user-supplied 2026-08-21",,jchappell2120,19,19,construction,yes,Inferred preliminary planning scenario. Replace line-by-line with source-backed evidence when available. | Calculated monthly planning series from scenario drivers; not actual project performance.
4,Skyline Towers,High-Rise Mixed-Use Development,Preliminary Planning — Low,downside,revenue,SCH-REV-19,monthly_effective_revenue,monthly effective revenue — month 19,0,usd,estimated,"pasted_content_25.txt, Skyline Towers 10-Point Financial OS Design Package, user-supplied 2026-08-21",,jchappell2120,19,19,construction,yes,Inferred preliminary planning scenario. Replace line-by-line with source-backed evidence when available. | Calculated monthly planning series from scenario drivers; not actual project performance.
4,Skyline Towers,High-Rise Mixed-Use Development,Preliminary Planning — Low,downside,operations,SCH-OPEX-19,monthly_operating_expense,monthly operating expense — month 19,0,usd,estimated,"pasted_content_25.txt, Skyline Towers 10-Point Financial OS Design Package, user-supplied 2026-08-21",,jchappell2120,19,19,construction,yes,Inferred preliminary planning scenario. Replace line-by-line with source-backed evidence when available. | Calculated monthly planning series from scenario drivers; not actual project performance.
4,Skyline Towers,High-Rise Mixed-Use Development,Preliminary Planning — Low,downside,financing,SCH-DRAW-19,monthly_debt_draw,monthly debt draw — month 19,5850000,usd,estimated,"pasted_content_25.txt, Skyline Towers 10-Point Financial OS Design Package, user-supplied 2026-08-21",,jchappell2120,19,19,construction,yes,Inferred preliminary planning scenario. Replace line-by-line with source-backed evidence when available. | Calculated monthly planning series from scenario drivers; not actual project performance.
4,Skyline Towers,High-Rise Mixed-Use Development,Preliminary Planning — Low,downside,financing,SCH-INT-19,monthly_interest,monthly interest — month 19,567531,usd,estimated,"pasted_content_25.txt, Skyline Towers 10-Point Financial OS Design Package, user-supplied 2026-08-21",,jchappell2120,19,19,construction,yes,Inferred preliminary planning scenario. Replace line-by-line with source-backed evidence when available. | Calculated monthly planning series from scenario drivers; not actual project performance.
4,Skyline Towers,High-Rise Mixed-Use Development,Preliminary Planning — Low,downside,cash_flow,SCH-CF-19,monthly_levered_cash_flow,monthly levered cash flow — month 19,-9567531,usd,estimated,"pasted_content_25.txt, Skyline Towers 10-Point Financial OS Design Package, user-supplied 2026-08-21",,jchappell2120,19,19,construction,yes,Inferred preliminary planning scenario. Replace line-by-line with source-backed evidence when available. | Calculated monthly planning series from scenario drivers; not actual project performance.
4,Skyline Towers,High-Rise Mixed-Use Development,Preliminary Planning — Low,downside,capital_deployment,SCH-COST-20,monthly_development_spend,monthly development spend — month 20,9000000,usd,estimated,"pasted_content_25.txt, Skyline Towers 10-Point Financial OS Design Package, user-supplied 2026-08-21",,jchappell2120,20,20,construction,yes,Inferred preliminary planning scenario. Replace line-by-line with source-backed evidence when available. | Calculated monthly planning series from scenario drivers; not actual project performance.
4,Skyline Towers,High-Rise Mixed-Use Development,Preliminary Planning — Low,downside,schedule,SCH-CUM-20,cumulative_deployment_bps,cumulative deployment bps — month 20,6800,percentage_bps,estimated,"pasted_content_25.txt, Skyline Towers 10-Point Financial OS Design Package, user-supplied 2026-08-21",,jchappell2120,20,20,construction,yes,Inferred preliminary planning scenario. Replace line-by-line with source-backed evidence when available. | Calculated monthly planning series from scenario drivers; not actual project performance.
4,Skyline Towers,High-Rise Mixed-Use Development,Preliminary Planning — Low,downside,schedule,SCH-OCC-20,occupancy_bps,occupancy bps — month 20,0,percentage_bps,estimated,"pasted_content_25.txt, Skyline Towers 10-Point Financial OS Design Package, user-supplied 2026-08-21",,jchappell2120,20,20,construction,yes,Inferred preliminary planning scenario. Replace line-by-line with source-backed evidence when available. | Calculated monthly planning series from scenario drivers; not actual project performance.
4,Skyline Towers,High-Rise Mixed-Use Development,Preliminary Planning — Low,downside,revenue,SCH-REV-20,monthly_effective_revenue,monthly effective revenue — month 20,0,usd,estimated,"pasted_content_25.txt, Skyline Towers 10-Point Financial OS Design Package, user-supplied 2026-08-21",,jchappell2120,20,20,construction,yes,Inferred preliminary planning scenario. Replace line-by-line with source-backed evidence when available. | Calculated monthly planning series from scenario drivers; not actual project performance.
4,Skyline Towers,High-Rise Mixed-Use Development,Preliminary Planning — Low,downside,operations,SCH-OPEX-20,monthly_operating_expense,monthly operating expense — month 20,0,usd,estimated,"pasted_content_25.txt, Skyline Towers 10-Point Financial OS Design Package, user-supplied 2026-08-21",,jchappell2120,20,20,construction,yes,Inferred preliminary planning scenario. Replace line-by-line with source-backed evidence when available. | Calculated monthly planning series from scenario drivers; not actual project performance.
4,Skyline Towers,High-Rise Mixed-Use Development,Preliminary Planning — Low,downside,financing,SCH-DRAW-20,monthly_debt_draw,monthly debt draw — month 20,5850000,usd,estimated,"pasted_content_25.txt, Skyline Towers 10-Point Financial OS Design Package, user-supplied 2026-08-21",,jchappell2120,20,20,construction,yes,Inferred preliminary planning scenario. Replace line-by-line with source-backed evidence when available. | Calculated monthly planning series from scenario drivers; not actual project performance.
4,Skyline Towers,High-Rise Mixed-Use Development,Preliminary Planning — Low,downside,financing,SCH-INT-20,monthly_interest,monthly interest — month 20,607750,usd,estimated,"pasted_content_25.txt, Skyline Towers 10-Point Financial OS Design Package, user-supplied 2026-08-21",,jchappell2120,20,20,construction,yes,Inferred preliminary planning scenario. Replace line-by-line with source-backed evidence when available. | Calculated monthly planning series from scenario drivers; not actual project performance.
4,Skyline Towers,High-Rise Mixed-Use Development,Preliminary Planning — Low,downside,cash_flow,SCH-CF-20,monthly_levered_cash_flow,monthly levered cash flow — month 20,-9607750,usd,estimated,"pasted_content_25.txt, Skyline Towers 10-Point Financial OS Design Package, user-supplied 2026-08-21",,jchappell2120,20,20,construction,yes,Inferred preliminary planning scenario. Replace line-by-line with source-backed evidence when available. | Calculated monthly planning series from scenario drivers; not actual project performance.
4,Skyline Towers,High-Rise Mixed-Use Development,Preliminary Planning — Low,downside,capital_deployment,SCH-COST-21,monthly_development_spend,monthly development spend — month 21,7500000,usd,estimated,"pasted_content_25.txt, Skyline Towers 10-Point Financial OS Design Package, user-supplied 2026-08-21",,jchappell2120,21,21,construction,yes,Inferred preliminary planning scenario. Replace line-by-line with source-backed evidence when available. | Calculated monthly planning series from scenario drivers; not actual project performance.
4,Skyline Towers,High-Rise Mixed-Use Development,Preliminary Planning — Low,downside,schedule,SCH-CUM-21,cumulative_deployment_bps,cumulative deployment bps — month 21,7175,percentage_bps,estimated,"pasted_content_25.txt, Skyline Towers 10-Point Financial OS Design Package, user-supplied 2026-08-21",,jchappell2120,21,21,construction,yes,Inferred preliminary planning scenario. Replace line-by-line with source-backed evidence when available. | Calculated monthly planning series from scenario drivers; not actual project performance.
4,Skyline Towers,High-Rise Mixed-Use Development,Preliminary Planning — Low,downside,schedule,SCH-OCC-21,occupancy_bps,occupancy bps — month 21,0,percentage_bps,estimated,"pasted_content_25.txt, Skyline Towers 10-Point Financial OS Design Package, user-supplied 2026-08-21",,jchappell2120,21,21,construction,yes,Inferred preliminary planning scenario. Replace line-by-line with source-backed evidence when available. | Calculated monthly planning series from scenario drivers; not actual project performance.
4,Skyline Towers,High-Rise Mixed-Use Development,Preliminary Planning — Low,downside,revenue,SCH-REV-21,monthly_effective_revenue,monthly effective revenue — month 21,0,usd,estimated,"pasted_content_25.txt, Skyline Towers 10-Point Financial OS Design Package, user-supplied 2026-08-21",,jchappell2120,21,21,construction,yes,Inferred preliminary planning scenario. Replace line-by-line with source-backed evidence when available. | Calculated monthly planning series from scenario drivers; not actual project performance.
4,Skyline Towers,High-Rise Mixed-Use Development,Preliminary Planning — Low,downside,operations,SCH-OPEX-21,monthly_operating_expense,monthly operating expense — month 21,0,usd,estimated,"pasted_content_25.txt, Skyline Towers 10-Point Financial OS Design Package, user-supplied 2026-08-21",,jchappell2120,21,21,construction,yes,Inferred preliminary planning scenario. Replace line-by-line with source-backed evidence when available. | Calculated monthly planning series from scenario drivers; not actual project performance.
4,Skyline Towers,High-Rise Mixed-Use Development,Preliminary Planning — Low,downside,financing,SCH-DRAW-21,monthly_debt_draw,monthly debt draw — month 21,4875000,usd,estimated,"pasted_content_25.txt, Skyline Towers 10-Point Financial OS Design Package, user-supplied 2026-08-21",,jchappell2120,21,21,construction,yes,Inferred preliminary planning scenario. Replace line-by-line with source-backed evidence when available. | Calculated monthly planning series from scenario drivers; not actual project performance.
4,Skyline Towers,High-Rise Mixed-Use Development,Preliminary Planning — Low,downside,financing,SCH-INT-21,monthly_interest,monthly interest — month 21,641266,usd,estimated,"pasted_content_25.txt, Skyline Towers 10-Point Financial OS Design Package, user-supplied 2026-08-21",,jchappell2120,21,21,construction,yes,Inferred preliminary planning scenario. Replace line-by-line with source-backed evidence when available. | Calculated monthly planning series from scenario drivers; not actual project performance.
4,Skyline Towers,High-Rise Mixed-Use Development,Preliminary Planning — Low,downside,cash_flow,SCH-CF-21,monthly_levered_cash_flow,monthly levered cash flow — month 21,-8141266,usd,estimated,"pasted_content_25.txt, Skyline Towers 10-Point Financial OS Design Package, user-supplied 2026-08-21",,jchappell2120,21,21,construction,yes,Inferred preliminary planning scenario. Replace line-by-line with source-backed evidence when available. | Calculated monthly planning series from scenario drivers; not actual project performance.
4,Skyline Towers,High-Rise Mixed-Use Development,Preliminary Planning — Low,downside,capital_deployment,SCH-COST-22,monthly_development_spend,monthly development spend — month 22,7500000,usd,estimated,"pasted_content_25.txt, Skyline Towers 10-Point Financial OS Design Package, user-supplied 2026-08-21",,jchappell2120,22,22,construction,yes,Inferred preliminary planning scenario. Replace line-by-line with source-backed evidence when available. | Calculated monthly planning series from scenario drivers; not actual project performance.
4,Skyline Towers,High-Rise Mixed-Use Development,Preliminary Planning — Low,downside,schedule,SCH-CUM-22,cumulative_deployment_bps,cumulative deployment bps — month 22,7550,percentage_bps,estimated,"pasted_content_25.txt, Skyline Towers 10-Point Financial OS Design Package, user-supplied 2026-08-21",,jchappell2120,22,22,construction,yes,Inferred preliminary planning scenario. Replace line-by-line with source-backed evidence when available. | Calculated monthly planning series from scenario drivers; not actual project performance.
4,Skyline Towers,High-Rise Mixed-Use Development,Preliminary Planning — Low,downside,schedule,SCH-OCC-22,occupancy_bps,occupancy bps — month 22,0,percentage_bps,estimated,"pasted_content_25.txt, Skyline Towers 10-Point Financial OS Design Package, user-supplied 2026-08-21",,jchappell2120,22,22,construction,yes,Inferred preliminary planning scenario. Replace line-by-line with source-backed evidence when available. | Calculated monthly planning series from scenario drivers; not actual project performance.
4,Skyline Towers,High-Rise Mixed-Use Development,Preliminary Planning — Low,downside,revenue,SCH-REV-22,monthly_effective_revenue,monthly effective revenue — month 22,0,usd,estimated,"pasted_content_25.txt, Skyline Towers 10-Point Financial OS Design Package, user-supplied 2026-08-21",,jchappell2120,22,22,construction,yes,Inferred preliminary planning scenario. Replace line-by-line with source-backed evidence when available. | Calculated monthly planning series from scenario drivers; not actual project performance.
4,Skyline Towers,High-Rise Mixed-Use Development,Preliminary Planning — Low,downside,operations,SCH-OPEX-22,monthly_operating_expense,monthly operating expense — month 22,0,usd,estimated,"pasted_content_25.txt, Skyline Towers 10-Point Financial OS Design Package, user-supplied 2026-08-21",,jchappell2120,22,22,construction,yes,Inferred preliminary planning scenario. Replace line-by-line with source-backed evidence when available. | Calculated monthly planning series from scenario drivers; not actual project performance.
4,Skyline Towers,High-Rise Mixed-Use Development,Preliminary Planning — Low,downside,financing,SCH-DRAW-22,monthly_debt_draw,monthly debt draw — month 22,4875000,usd,estimated,"pasted_content_25.txt, Skyline Towers 10-Point Financial OS Design Package, user-supplied 2026-08-21",,jchappell2120,22,22,construction,yes,Inferred preliminary planning scenario. Replace line-by-line with source-backed evidence when available. | Calculated monthly planning series from scenario drivers; not actual project performance.
4,Skyline Towers,High-Rise Mixed-Use Development,Preliminary Planning — Low,downside,financing,SCH-INT-22,monthly_interest,monthly interest — month 22,674781,usd,estimated,"pasted_content_25.txt, Skyline Towers 10-Point Financial OS Design Package, user-supplied 2026-08-21",,jchappell2120,22,22,construction,yes,Inferred preliminary planning scenario. Replace line-by-line with source-backed evidence when available. | Calculated monthly planning series from scenario drivers; not actual project performance.
4,Skyline Towers,High-Rise Mixed-Use Development,Preliminary Planning — Low,downside,cash_flow,SCH-CF-22,monthly_levered_cash_flow,monthly levered cash flow — month 22,-8174781,usd,estimated,"pasted_content_25.txt, Skyline Towers 10-Point Financial OS Design Package, user-supplied 2026-08-21",,jchappell2120,22,22,construction,yes,Inferred preliminary planning scenario. Replace line-by-line with source-backed evidence when available. | Calculated monthly planning series from scenario drivers; not actual project performance.
4,Skyline Towers,High-Rise Mixed-Use Development,Preliminary Planning — Low,downside,capital_deployment,SCH-COST-23,monthly_development_spend,monthly development spend — month 23,7500000,usd,estimated,"pasted_content_25.txt, Skyline Towers 10-Point Financial OS Design Package, user-supplied 2026-08-21",,jchappell2120,23,23,construction,yes,Inferred preliminary planning scenario. Replace line-by-line with source-backed evidence when available. | Calculated monthly planning series from scenario drivers; not actual project performance.
4,Skyline Towers,High-Rise Mixed-Use Development,Preliminary Planning — Low,downside,schedule,SCH-CUM-23,cumulative_deployment_bps,cumulative deployment bps — month 23,7925,percentage_bps,estimated,"pasted_content_25.txt, Skyline Towers 10-Point Financial OS Design Package, user-supplied 2026-08-21",,jchappell2120,23,23,construction,yes,Inferred preliminary planning scenario. Replace line-by-line with source-backed evidence when available. | Calculated monthly planning series from scenario drivers; not actual project performance.
4,Skyline Towers,High-Rise Mixed-Use Development,Preliminary Planning — Low,downside,schedule,SCH-OCC-23,occupancy_bps,occupancy bps — month 23,0,percentage_bps,estimated,"pasted_content_25.txt, Skyline Towers 10-Point Financial OS Design Package, user-supplied 2026-08-21",,jchappell2120,23,23,construction,yes,Inferred preliminary planning scenario. Replace line-by-line with source-backed evidence when available. | Calculated monthly planning series from scenario drivers; not actual project performance.
4,Skyline Towers,High-Rise Mixed-Use Development,Preliminary Planning — Low,downside,revenue,SCH-REV-23,monthly_effective_revenue,monthly effective revenue — month 23,0,usd,estimated,"pasted_content_25.txt, Skyline Towers 10-Point Financial OS Design Package, user-supplied 2026-08-21",,jchappell2120,23,23,construction,yes,Inferred preliminary planning scenario. Replace line-by-line with source-backed evidence when available. | Calculated monthly planning series from scenario drivers; not actual project performance.
4,Skyline Towers,High-Rise Mixed-Use Development,Preliminary Planning — Low,downside,operations,SCH-OPEX-23,monthly_operating_expense,monthly operating expense — month 23,0,usd,estimated,"pasted_content_25.txt, Skyline Towers 10-Point Financial OS Design Package, user-supplied 2026-08-21",,jchappell2120,23,23,construction,yes,Inferred preliminary planning scenario. Replace line-by-line with source-backed evidence when available. | Calculated monthly planning series from scenario drivers; not actual project performance.
4,Skyline Towers,High-Rise Mixed-Use Development,Preliminary Planning — Low,downside,financing,SCH-DRAW-23,monthly_debt_draw,monthly debt draw — month 23,4875000,usd,estimated,"pasted_content_25.txt, Skyline Towers 10-Point Financial OS Design Package, user-supplied 2026-08-21",,jchappell2120,23,23,construction,yes,Inferred preliminary planning scenario. Replace line-by-line with source-backed evidence when available. | Calculated monthly planning series from scenario drivers; not actual project performance.
4,Skyline Towers,High-Rise Mixed-Use Development,Preliminary Planning — Low,downside,financing,SCH-INT-23,monthly_interest,monthly interest — month 23,708297,usd,estimated,"pasted_content_25.txt, Skyline Towers 10-Point Financial OS Design Package, user-supplied 2026-08-21",,jchappell2120,23,23,construction,yes,Inferred preliminary planning scenario. Replace line-by-line with source-backed evidence when available. | Calculated monthly planning series from scenario drivers; not actual project performance.
4,Skyline Towers,High-Rise Mixed-Use Development,Preliminary Planning — Low,downside,cash_flow,SCH-CF-23,monthly_levered_cash_flow,monthly levered cash flow — month 23,-8208297,usd,estimated,"pasted_content_25.txt, Skyline Towers 10-Point Financial OS Design Package, user-supplied 2026-08-21",,jchappell2120,23,23,construction,yes,Inferred preliminary planning scenario. Replace line-by-line with source-backed evidence when available. | Calculated monthly planning series from scenario drivers; not actual project performance.
4,Skyline Towers,High-Rise Mixed-Use Development,Preliminary Planning — Low,downside,capital_deployment,SCH-COST-24,monthly_development_spend,monthly development spend — month 24,7500000,usd,estimated,"pasted_content_25.txt, Skyline Towers 10-Point Financial OS Design Package, user-supplied 2026-08-21",,jchappell2120,24,24,construction,yes,Inferred preliminary planning scenario. Replace line-by-line with source-backed evidence when available. | Calculated monthly planning series from scenario drivers; not actual project performance.
4,Skyline Towers,High-Rise Mixed-Use Development,Preliminary Planning — Low,downside,schedule,SCH-CUM-24,cumulative_deployment_bps,cumulative deployment bps — month 24,8300,percentage_bps,estimated,"pasted_content_25.txt, Skyline Towers 10-Point Financial OS Design Package, user-supplied 2026-08-21",,jchappell2120,24,24,construction,yes,Inferred preliminary planning scenario. Replace line-by-line with source-backed evidence when available. | Calculated monthly planning series from scenario drivers; not actual project performance.
4,Skyline Towers,High-Rise Mixed-Use Development,Preliminary Planning — Low,downside,schedule,SCH-OCC-24,occupancy_bps,occupancy bps — month 24,0,percentage_bps,estimated,"pasted_content_25.txt, Skyline Towers 10-Point Financial OS Design Package, user-supplied 2026-08-21",,jchappell2120,24,24,construction,yes,Inferred preliminary planning scenario. Replace line-by-line with source-backed evidence when available. | Calculated monthly planning series from scenario drivers; not actual project performance.
4,Skyline Towers,High-Rise Mixed-Use Development,Preliminary Planning — Low,downside,revenue,SCH-REV-24,monthly_effective_revenue,monthly effective revenue — month 24,0,usd,estimated,"pasted_content_25.txt, Skyline Towers 10-Point Financial OS Design Package, user-supplied 2026-08-21",,jchappell2120,24,24,construction,yes,Inferred preliminary planning scenario. Replace line-by-line with source-backed evidence when available. | Calculated monthly planning series from scenario drivers; not actual project performance.
4,Skyline Towers,High-Rise Mixed-Use Development,Preliminary Planning — Low,downside,operations,SCH-OPEX-24,monthly_operating_expense,monthly operating expense — month 24,0,usd,estimated,"pasted_content_25.txt, Skyline Towers 10-Point Financial OS Design Package, user-supplied 2026-08-21",,jchappell2120,24,24,construction,yes,Inferred preliminary planning scenario. Replace line-by-line with source-backed evidence when available. | Calculated monthly planning series from scenario drivers; not actual project performance.
4,Skyline Towers,High-Rise Mixed-Use Development,Preliminary Planning — Low,downside,financing,SCH-DRAW-24,monthly_debt_draw,monthly debt draw — month 24,4875000,usd,estimated,"pasted_content_25.txt, Skyline Towers 10-Point Financial OS Design Package, user-supplied 2026-08-21",,jchappell2120,24,24,construction,yes,Inferred preliminary planning scenario. Replace line-by-line with source-backed evidence when available. | Calculated monthly planning series from scenario drivers; not actual project performance.
4,Skyline Towers,High-Rise Mixed-Use Development,Preliminary Planning — Low,downside,financing,SCH-INT-24,monthly_interest,monthly interest — month 24,741813,usd,estimated,"pasted_content_25.txt, Skyline Towers 10-Point Financial OS Design Package, user-supplied 2026-08-21",,jchappell2120,24,24,construction,yes,Inferred preliminary planning scenario. Replace line-by-line with source-backed evidence when available. | Calculated monthly planning series from scenario drivers; not actual project performance.
4,Skyline Towers,High-Rise Mixed-Use Development,Preliminary Planning — Low,downside,cash_flow,SCH-CF-24,monthly_levered_cash_flow,monthly levered cash flow — month 24,-8241813,usd,estimated,"pasted_content_25.txt, Skyline Towers 10-Point Financial OS Design Package, user-supplied 2026-08-21",,jchappell2120,24,24,construction,yes,Inferred preliminary planning scenario. Replace line-by-line with source-backed evidence when available. | Calculated monthly planning series from scenario drivers; not actual project performance.
4,Skyline Towers,High-Rise Mixed-Use Development,Preliminary Planning — Low,downside,capital_deployment,SCH-COST-25,monthly_development_spend,monthly development spend — month 25,6500000,usd,estimated,"pasted_content_25.txt, Skyline Towers 10-Point Financial OS Design Package, user-supplied 2026-08-21",,jchappell2120,25,25,construction,yes,Inferred preliminary planning scenario. Replace line-by-line with source-backed evidence when available. | Calculated monthly planning series from scenario drivers; not actual project performance.
4,Skyline Towers,High-Rise Mixed-Use Development,Preliminary Planning — Low,downside,schedule,SCH-CUM-25,cumulative_deployment_bps,cumulative deployment bps — month 25,8625,percentage_bps,estimated,"pasted_content_25.txt, Skyline Towers 10-Point Financial OS Design Package, user-supplied 2026-08-21",,jchappell2120,25,25,construction,yes,Inferred preliminary planning scenario. Replace line-by-line with source-backed evidence when available. | Calculated monthly planning series from scenario drivers; not actual project performance.
4,Skyline Towers,High-Rise Mixed-Use Development,Preliminary Planning — Low,downside,schedule,SCH-OCC-25,occupancy_bps,occupancy bps — month 25,0,percentage_bps,estimated,"pasted_content_25.txt, Skyline Towers 10-Point Financial OS Design Package, user-supplied 2026-08-21",,jchappell2120,25,25,construction,yes,Inferred preliminary planning scenario. Replace line-by-line with source-backed evidence when available. | Calculated monthly planning series from scenario drivers; not actual project performance.
4,Skyline Towers,High-Rise Mixed-Use Development,Preliminary Planning — Low,downside,revenue,SCH-REV-25,monthly_effective_revenue,monthly effective revenue — month 25,0,usd,estimated,"pasted_content_25.txt, Skyline Towers 10-Point Financial OS Design Package, user-supplied 2026-08-21",,jchappell2120,25,25,construction,yes,Inferred preliminary planning scenario. Replace line-by-line with source-backed evidence when available. | Calculated monthly planning series from scenario drivers; not actual project performance.
4,Skyline Towers,High-Rise Mixed-Use Development,Preliminary Planning — Low,downside,operations,SCH-OPEX-25,monthly_operating_expense,monthly operating expense — month 25,0,usd,estimated,"pasted_content_25.txt, Skyline Towers 10-Point Financial OS Design Package, user-supplied 2026-08-21",,jchappell2120,25,25,construction,yes,Inferred preliminary planning scenario. Replace line-by-line with source-backed evidence when available. | Calculated monthly planning series from scenario drivers; not actual project performance.
4,Skyline Towers,High-Rise Mixed-Use Development,Preliminary Planning — Low,downside,financing,SCH-DRAW-25,monthly_debt_draw,monthly debt draw — month 25,4225000,usd,estimated,"pasted_content_25.txt, Skyline Towers 10-Point Financial OS Design Package, user-supplied 2026-08-21",,jchappell2120,25,25,construction,yes,Inferred preliminary planning scenario. Replace line-by-line with source-backed evidence when available. | Calculated monthly planning series from scenario drivers; not actual project performance.
4,Skyline Towers,High-Rise Mixed-Use Development,Preliminary Planning — Low,downside,financing,SCH-INT-25,monthly_interest,monthly interest — month 25,770859,usd,estimated,"pasted_content_25.txt, Skyline Towers 10-Point Financial OS Design Package, user-supplied 2026-08-21",,jchappell2120,25,25,construction,yes,Inferred preliminary planning scenario. Replace line-by-line with source-backed evidence when available. | Calculated monthly planning series from scenario drivers; not actual project performance.
4,Skyline Towers,High-Rise Mixed-Use Development,Preliminary Planning — Low,downside,cash_flow,SCH-CF-25,monthly_levered_cash_flow,monthly levered cash flow — month 25,-7270859,usd,estimated,"pasted_content_25.txt, Skyline Towers 10-Point Financial OS Design Package, user-supplied 2026-08-21",,jchappell2120,25,25,construction,yes,Inferred preliminary planning scenario. Replace line-by-line with source-backed evidence when available. | Calculated monthly planning series from scenario drivers; not actual project performance.
4,Skyline Towers,High-Rise Mixed-Use Development,Preliminary Planning — Low,downside,capital_deployment,SCH-COST-26,monthly_development_spend,monthly development spend — month 26,6500000,usd,estimated,"pasted_content_25.txt, Skyline Towers 10-Point Financial OS Design Package, user-supplied 2026-08-21",,jchappell2120,26,26,construction,yes,Inferred preliminary planning scenario. Replace line-by-line with source-backed evidence when available. | Calculated monthly planning series from scenario drivers; not actual project performance.
4,Skyline Towers,High-Rise Mixed-Use Development,Preliminary Planning — Low,downside,schedule,SCH-CUM-26,cumulative_deployment_bps,cumulative deployment bps — month 26,8950,percentage_bps,estimated,"pasted_content_25.txt, Skyline Towers 10-Point Financial OS Design Package, user-supplied 2026-08-21",,jchappell2120,26,26,construction,yes,Inferred preliminary planning scenario. Replace line-by-line with source-backed evidence when available. | Calculated monthly planning series from scenario drivers; not actual project performance.
4,Skyline Towers,High-Rise Mixed-Use Development,Preliminary Planning — Low,downside,schedule,SCH-OCC-26,occupancy_bps,occupancy bps — month 26,0,percentage_bps,estimated,"pasted_content_25.txt, Skyline Towers 10-Point Financial OS Design Package, user-supplied 2026-08-21",,jchappell2120,26,26,construction,yes,Inferred preliminary planning scenario. Replace line-by-line with source-backed evidence when available. | Calculated monthly planning series from scenario drivers; not actual project performance.
4,Skyline Towers,High-Rise Mixed-Use Development,Preliminary Planning — Low,downside,revenue,SCH-REV-26,monthly_effective_revenue,monthly effective revenue — month 26,0,usd,estimated,"pasted_content_25.txt, Skyline Towers 10-Point Financial OS Design Package, user-supplied 2026-08-21",,jchappell2120,26,26,construction,yes,Inferred preliminary planning scenario. Replace line-by-line with source-backed evidence when available. | Calculated monthly planning series from scenario drivers; not actual project performance.
4,Skyline Towers,High-Rise Mixed-Use Development,Preliminary Planning — Low,downside,operations,SCH-OPEX-26,monthly_operating_expense,monthly operating expense — month 26,0,usd,estimated,"pasted_content_25.txt, Skyline Towers 10-Point Financial OS Design Package, user-supplied 2026-08-21",,jchappell2120,26,26,construction,yes,Inferred preliminary planning scenario. Replace line-by-line with source-backed evidence when available. | Calculated monthly planning series from scenario drivers; not actual project performance.
4,Skyline Towers,High-Rise Mixed-Use Development,Preliminary Planning — Low,downside,financing,SCH-DRAW-26,monthly_debt_draw,monthly debt draw — month 26,4225000,usd,estimated,"pasted_content_25.txt, Skyline Towers 10-Point Financial OS Design Package, user-supplied 2026-08-21",,jchappell2120,26,26,construction,yes,Inferred preliminary planning scenario. Replace line-by-line with source-backed evidence when available. | Calculated monthly planning series from scenario drivers; not actual project performance.
4,Skyline Towers,High-Rise Mixed-Use Development,Preliminary Planning — Low,downside,financing,SCH-INT-26,monthly_interest,monthly interest — month 26,799906,usd,estimated,"pasted_content_25.txt, Skyline Towers 10-Point Financial OS Design Package, user-supplied 2026-08-21",,jchappell2120,26,26,construction,yes,Inferred preliminary planning scenario. Replace line-by-line with source-backed evidence when available. | Calculated monthly planning series from scenario drivers; not actual project performance.
4,Skyline Towers,High-Rise Mixed-Use Development,Preliminary Planning — Low,downside,cash_flow,SCH-CF-26,monthly_levered_cash_flow,monthly levered cash flow — month 26,-7299906,usd,estimated,"pasted_content_25.txt, Skyline Towers 10-Point Financial OS Design Package, user-supplied 2026-08-21",,jchappell2120,26,26,construction,yes,Inferred preliminary planning scenario. Replace line-by-line with source-backed evidence when available. | Calculated monthly planning series from scenario drivers; not actual project performance.
4,Skyline Towers,High-Rise Mixed-Use Development,Preliminary Planning — Low,downside,capital_deployment,SCH-COST-27,monthly_development_spend,monthly development spend — month 27,6500000,usd,estimated,"pasted_content_25.txt, Skyline Towers 10-Point Financial OS Design Package, user-supplied 2026-08-21",,jchappell2120,27,27,construction,yes,Inferred preliminary planning scenario. Replace line-by-line with source-backed evidence when available. | Calculated monthly planning series from scenario drivers; not actual project performance.
4,Skyline Towers,High-Rise Mixed-Use Development,Preliminary Planning — Low,downside,schedule,SCH-CUM-27,cumulative_deployment_bps,cumulative deployment bps — month 27,9275,percentage_bps,estimated,"pasted_content_25.txt, Skyline Towers 10-Point Financial OS Design Package, user-supplied 2026-08-21",,jchappell2120,27,27,construction,yes,Inferred preliminary planning scenario. Replace line-by-line with source-backed evidence when available. | Calculated monthly planning series from scenario drivers; not actual project performance.
4,Skyline Towers,High-Rise Mixed-Use Development,Preliminary Planning — Low,downside,schedule,SCH-OCC-27,occupancy_bps,occupancy bps — month 27,2000,percentage_bps,estimated,"pasted_content_25.txt, Skyline Towers 10-Point Financial OS Design Package, user-supplied 2026-08-21",,jchappell2120,27,27,construction,yes,Inferred preliminary planning scenario. Replace line-by-line with source-backed evidence when available. | Calculated monthly planning series from scenario drivers; not actual project performance.
4,Skyline Towers,High-Rise Mixed-Use Development,Preliminary Planning — Low,downside,revenue,SCH-REV-27,monthly_effective_revenue,monthly effective revenue — month 27,258350,usd,estimated,"pasted_content_25.txt, Skyline Towers 10-Point Financial OS Design Package, user-supplied 2026-08-21",,jchappell2120,27,27,construction,yes,Inferred preliminary planning scenario. Replace line-by-line with source-backed evidence when available. | Calculated monthly planning series from scenario drivers; not actual project performance.
4,Skyline Towers,High-Rise Mixed-Use Development,Preliminary Planning — Low,downside,operations,SCH-OPEX-27,monthly_operating_expense,monthly operating expense — month 27,90423,usd,estimated,"pasted_content_25.txt, Skyline Towers 10-Point Financial OS Design Package, user-supplied 2026-08-21",,jchappell2120,27,27,construction,yes,Inferred preliminary planning scenario. Replace line-by-line with source-backed evidence when available. | Calculated monthly planning series from scenario drivers; not actual project performance.
4,Skyline Towers,High-Rise Mixed-Use Development,Preliminary Planning — Low,downside,financing,SCH-DRAW-27,monthly_debt_draw,monthly debt draw — month 27,4225000,usd,estimated,"pasted_content_25.txt, Skyline Towers 10-Point Financial OS Design Package, user-supplied 2026-08-21",,jchappell2120,27,27,construction,yes,Inferred preliminary planning scenario. Replace line-by-line with source-backed evidence when available. | Calculated monthly planning series from scenario drivers; not actual project performance.
4,Skyline Towers,High-Rise Mixed-Use Development,Preliminary Planning — Low,downside,financing,SCH-INT-27,monthly_interest,monthly interest — month 27,828953,usd,estimated,"pasted_content_25.txt, Skyline Towers 10-Point Financial OS Design Package, user-supplied 2026-08-21",,jchappell2120,27,27,construction,yes,Inferred preliminary planning scenario. Replace line-by-line with source-backed evidence when available. | Calculated monthly planning series from scenario drivers; not actual project performance.
4,Skyline Towers,High-Rise Mixed-Use Development,Preliminary Planning — Low,downside,cash_flow,SCH-CF-27,monthly_levered_cash_flow,monthly levered cash flow — month 27,-7161026,usd,estimated,"pasted_content_25.txt, Skyline Towers 10-Point Financial OS Design Package, user-supplied 2026-08-21",,jchappell2120,27,27,construction,yes,Inferred preliminary planning scenario. Replace line-by-line with source-backed evidence when available. | Calculated monthly planning series from scenario drivers; not actual project performance.
4,Skyline Towers,High-Rise Mixed-Use Development,Preliminary Planning — Low,downside,capital_deployment,SCH-COST-28,monthly_development_spend,monthly development spend — month 28,6500000,usd,estimated,"pasted_content_25.txt, Skyline Towers 10-Point Financial OS Design Package, user-supplied 2026-08-21",,jchappell2120,28,28,construction,yes,Inferred preliminary planning scenario. Replace line-by-line with source-backed evidence when available. | Calculated monthly planning series from scenario drivers; not actual project performance.
4,Skyline Towers,High-Rise Mixed-Use Development,Preliminary Planning — Low,downside,schedule,SCH-CUM-28,cumulative_deployment_bps,cumulative deployment bps — month 28,9600,percentage_bps,estimated,"pasted_content_25.txt, Skyline Towers 10-Point Financial OS Design Package, user-supplied 2026-08-21",,jchappell2120,28,28,construction,yes,Inferred preliminary planning scenario. Replace line-by-line with source-backed evidence when available. | Calculated monthly planning series from scenario drivers; not actual project performance.
4,Skyline Towers,High-Rise Mixed-Use Development,Preliminary Planning — Low,downside,schedule,SCH-OCC-28,occupancy_bps,occupancy bps — month 28,3500,percentage_bps,estimated,"pasted_content_25.txt, Skyline Towers 10-Point Financial OS Design Package, user-supplied 2026-08-21",,jchappell2120,28,28,construction,yes,Inferred preliminary planning scenario. Replace line-by-line with source-backed evidence when available. | Calculated monthly planning series from scenario drivers; not actual project performance.
4,Skyline Towers,High-Rise Mixed-Use Development,Preliminary Planning — Low,downside,revenue,SCH-REV-28,monthly_effective_revenue,monthly effective revenue — month 28,452113,usd,estimated,"pasted_content_25.txt, Skyline Towers 10-Point Financial OS Design Package, user-supplied 2026-08-21",,jchappell2120,28,28,construction,yes,Inferred preliminary planning scenario. Replace line-by-line with source-backed evidence when available. | Calculated monthly planning series from scenario drivers; not actual project performance.
4,Skyline Towers,High-Rise Mixed-Use Development,Preliminary Planning — Low,downside,operations,SCH-OPEX-28,monthly_operating_expense,monthly operating expense — month 28,158240,usd,estimated,"pasted_content_25.txt, Skyline Towers 10-Point Financial OS Design Package, user-supplied 2026-08-21",,jchappell2120,28,28,construction,yes,Inferred preliminary planning scenario. Replace line-by-line with source-backed evidence when available. | Calculated monthly planning series from scenario drivers; not actual project performance.
4,Skyline Towers,High-Rise Mixed-Use Development,Preliminary Planning — Low,downside,financing,SCH-DRAW-28,monthly_debt_draw,monthly debt draw — month 28,4225000,usd,estimated,"pasted_content_25.txt, Skyline Towers 10-Point Financial OS Design Package, user-supplied 2026-08-21",,jchappell2120,28,28,construction,yes,Inferred preliminary planning scenario. Replace line-by-line with source-backed evidence when available. | Calculated monthly planning series from scenario drivers; not actual project performance.
4,Skyline Towers,High-Rise Mixed-Use Development,Preliminary Planning — Low,downside,financing,SCH-INT-28,monthly_interest,monthly interest — month 28,858000,usd,estimated,"pasted_content_25.txt, Skyline Towers 10-Point Financial OS Design Package, user-supplied 2026-08-21",,jchappell2120,28,28,construction,yes,Inferred preliminary planning scenario. Replace line-by-line with source-backed evidence when available. | Calculated monthly planning series from scenario drivers; not actual project performance.
4,Skyline Towers,High-Rise Mixed-Use Development,Preliminary Planning — Low,downside,cash_flow,SCH-CF-28,monthly_levered_cash_flow,monthly levered cash flow — month 28,-7064127,usd,estimated,"pasted_content_25.txt, Skyline Towers 10-Point Financial OS Design Package, user-supplied 2026-08-21",,jchappell2120,28,28,construction,yes,Inferred preliminary planning scenario. Replace line-by-line with source-backed evidence when available. | Calculated monthly planning series from scenario drivers; not actual project performance.
4,Skyline Towers,High-Rise Mixed-Use Development,Preliminary Planning — Low,downside,capital_deployment,SCH-COST-29,monthly_development_spend,monthly development spend — month 29,4000000,usd,estimated,"pasted_content_25.txt, Skyline Towers 10-Point Financial OS Design Package, user-supplied 2026-08-21",,jchappell2120,29,29,construction,yes,Inferred preliminary planning scenario. Replace line-by-line with source-backed evidence when available. | Calculated monthly planning series from scenario drivers; not actual project performance.
4,Skyline Towers,High-Rise Mixed-Use Development,Preliminary Planning — Low,downside,schedule,SCH-CUM-29,cumulative_deployment_bps,cumulative deployment bps — month 29,9800,percentage_bps,estimated,"pasted_content_25.txt, Skyline Towers 10-Point Financial OS Design Package, user-supplied 2026-08-21",,jchappell2120,29,29,construction,yes,Inferred preliminary planning scenario. Replace line-by-line with source-backed evidence when available. | Calculated monthly planning series from scenario drivers; not actual project performance.
4,Skyline Towers,High-Rise Mixed-Use Development,Preliminary Planning — Low,downside,schedule,SCH-OCC-29,occupancy_bps,occupancy bps — month 29,5000,percentage_bps,estimated,"pasted_content_25.txt, Skyline Towers 10-Point Financial OS Design Package, user-supplied 2026-08-21",,jchappell2120,29,29,construction,yes,Inferred preliminary planning scenario. Replace line-by-line with source-backed evidence when available. | Calculated monthly planning series from scenario drivers; not actual project performance.
4,Skyline Towers,High-Rise Mixed-Use Development,Preliminary Planning — Low,downside,revenue,SCH-REV-29,monthly_effective_revenue,monthly effective revenue — month 29,645875,usd,estimated,"pasted_content_25.txt, Skyline Towers 10-Point Financial OS Design Package, user-supplied 2026-08-21",,jchappell2120,29,29,construction,yes,Inferred preliminary planning scenario. Replace line-by-line with source-backed evidence when available. | Calculated monthly planning series from scenario drivers; not actual project performance.
4,Skyline Towers,High-Rise Mixed-Use Development,Preliminary Planning — Low,downside,operations,SCH-OPEX-29,monthly_operating_expense,monthly operating expense — month 29,226056,usd,estimated,"pasted_content_25.txt, Skyline Towers 10-Point Financial OS Design Package, user-supplied 2026-08-21",,jchappell2120,29,29,construction,yes,Inferred preliminary planning scenario. Replace line-by-line with source-backed evidence when available. | Calculated monthly planning series from scenario drivers; not actual project performance.
4,Skyline Towers,High-Rise Mixed-Use Development,Preliminary Planning — Low,downside,financing,SCH-DRAW-29,monthly_debt_draw,monthly debt draw — month 29,2600000,usd,estimated,"pasted_content_25.txt, Skyline Towers 10-Point Financial OS Design Package, user-supplied 2026-08-21",,jchappell2120,29,29,construction,yes,Inferred preliminary planning scenario. Replace line-by-line with source-backed evidence when available. | Calculated monthly planning series from scenario drivers; not actual project performance.
4,Skyline Towers,High-Rise Mixed-Use Development,Preliminary Planning — Low,downside,financing,SCH-INT-29,monthly_interest,monthly interest — month 29,875875,usd,estimated,"pasted_content_25.txt, Skyline Towers 10-Point Financial OS Design Package, user-supplied 2026-08-21",,jchappell2120,29,29,construction,yes,Inferred preliminary planning scenario. Replace line-by-line with source-backed evidence when available. | Calculated monthly planning series from scenario drivers; not actual project performance.
4,Skyline Towers,High-Rise Mixed-Use Development,Preliminary Planning — Low,downside,cash_flow,SCH-CF-29,monthly_levered_cash_flow,monthly levered cash flow — month 29,-4456056,usd,estimated,"pasted_content_25.txt, Skyline Towers 10-Point Financial OS Design Package, user-supplied 2026-08-21",,jchappell2120,29,29,construction,yes,Inferred preliminary planning scenario. Replace line-by-line with source-backed evidence when available. | Calculated monthly planning series from scenario drivers; not actual project performance.
4,Skyline Towers,High-Rise Mixed-Use Development,Preliminary Planning — Low,downside,capital_deployment,SCH-COST-30,monthly_development_spend,monthly development spend — month 30,4000000,usd,estimated,"pasted_content_25.txt, Skyline Towers 10-Point Financial OS Design Package, user-supplied 2026-08-21",,jchappell2120,30,30,construction,yes,Inferred preliminary planning scenario. Replace line-by-line with source-backed evidence when available. | Calculated monthly planning series from scenario drivers; not actual project performance.
4,Skyline Towers,High-Rise Mixed-Use Development,Preliminary Planning — Low,downside,schedule,SCH-CUM-30,cumulative_deployment_bps,cumulative deployment bps — month 30,10000,percentage_bps,estimated,"pasted_content_25.txt, Skyline Towers 10-Point Financial OS Design Package, user-supplied 2026-08-21",,jchappell2120,30,30,construction,yes,Inferred preliminary planning scenario. Replace line-by-line with source-backed evidence when available. | Calculated monthly planning series from scenario drivers; not actual project performance.
4,Skyline Towers,High-Rise Mixed-Use Development,Preliminary Planning — Low,downside,schedule,SCH-OCC-30,occupancy_bps,occupancy bps — month 30,6500,percentage_bps,estimated,"pasted_content_25.txt, Skyline Towers 10-Point Financial OS Design Package, user-supplied 2026-08-21",,jchappell2120,30,30,construction,yes,Inferred preliminary planning scenario. Replace line-by-line with source-backed evidence when available. | Calculated monthly planning series from scenario drivers; not actual project performance.
4,Skyline Towers,High-Rise Mixed-Use Development,Preliminary Planning — Low,downside,revenue,SCH-REV-30,monthly_effective_revenue,monthly effective revenue — month 30,839638,usd,estimated,"pasted_content_25.txt, Skyline Towers 10-Point Financial OS Design Package, user-supplied 2026-08-21",,jchappell2120,30,30,construction,yes,Inferred preliminary planning scenario. Replace line-by-line with source-backed evidence when available. | Calculated monthly planning series from scenario drivers; not actual project performance.
4,Skyline Towers,High-Rise Mixed-Use Development,Preliminary Planning — Low,downside,operations,SCH-OPEX-30,monthly_operating_expense,monthly operating expense — month 30,293873,usd,estimated,"pasted_content_25.txt, Skyline Towers 10-Point Financial OS Design Package, user-supplied 2026-08-21",,jchappell2120,30,30,construction,yes,Inferred preliminary planning scenario. Replace line-by-line with source-backed evidence when available. | Calculated monthly planning series from scenario drivers; not actual project performance.
4,Skyline Towers,High-Rise Mixed-Use Development,Preliminary Planning — Low,downside,financing,SCH-DRAW-30,monthly_debt_draw,monthly debt draw — month 30,2600000,usd,estimated,"pasted_content_25.txt, Skyline Towers 10-Point Financial OS Design Package, user-supplied 2026-08-21",,jchappell2120,30,30,construction,yes,Inferred preliminary planning scenario. Replace line-by-line with source-backed evidence when available. | Calculated monthly planning series from scenario drivers; not actual project performance.
4,Skyline Towers,High-Rise Mixed-Use Development,Preliminary Planning — Low,downside,financing,SCH-INT-30,monthly_interest,monthly interest — month 30,893750,usd,estimated,"pasted_content_25.txt, Skyline Towers 10-Point Financial OS Design Package, user-supplied 2026-08-21",,jchappell2120,30,30,construction,yes,Inferred preliminary planning scenario. Replace line-by-line with source-backed evidence when available. | Calculated monthly planning series from scenario drivers; not actual project performance.
4,Skyline Towers,High-Rise Mixed-Use Development,Preliminary Planning — Low,downside,cash_flow,SCH-CF-30,monthly_levered_cash_flow,monthly levered cash flow — month 30,-4347985,usd,estimated,"pasted_content_25.txt, Skyline Towers 10-Point Financial OS Design Package, user-supplied 2026-08-21",,jchappell2120,30,30,construction,yes,Inferred preliminary planning scenario. Replace line-by-line with source-backed evidence when available. | Calculated monthly planning series from scenario drivers; not actual project performance.
4,Skyline Towers,High-Rise Mixed-Use Development,Preliminary Planning — Low,downside,capital_deployment,SCH-COST-31,monthly_development_spend,monthly development spend — month 31,0,usd,estimated,"pasted_content_25.txt, Skyline Towers 10-Point Financial OS Design Package, user-supplied 2026-08-21",,jchappell2120,31,31,lease_up_stabilization,yes,Inferred preliminary planning scenario. Replace line-by-line with source-backed evidence when available. | Calculated monthly planning series from scenario drivers; not actual project performance.
4,Skyline Towers,High-Rise Mixed-Use Development,Preliminary Planning — Low,downside,schedule,SCH-CUM-31,cumulative_deployment_bps,cumulative deployment bps — month 31,10000,percentage_bps,estimated,"pasted_content_25.txt, Skyline Towers 10-Point Financial OS Design Package, user-supplied 2026-08-21",,jchappell2120,31,31,lease_up_stabilization,yes,Inferred preliminary planning scenario. Replace line-by-line with source-backed evidence when available. | Calculated monthly planning series from scenario drivers; not actual project performance.
4,Skyline Towers,High-Rise Mixed-Use Development,Preliminary Planning — Low,downside,schedule,SCH-OCC-31,occupancy_bps,occupancy bps — month 31,7700,percentage_bps,estimated,"pasted_content_25.txt, Skyline Towers 10-Point Financial OS Design Package, user-supplied 2026-08-21",,jchappell2120,31,31,lease_up_stabilization,yes,Inferred preliminary planning scenario. Replace line-by-line with source-backed evidence when available. | Calculated monthly planning series from scenario drivers; not actual project performance.
4,Skyline Towers,High-Rise Mixed-Use Development,Preliminary Planning — Low,downside,revenue,SCH-REV-31,monthly_effective_revenue,monthly effective revenue — month 31,994648,usd,estimated,"pasted_content_25.txt, Skyline Towers 10-Point Financial OS Design Package, user-supplied 2026-08-21",,jchappell2120,31,31,lease_up_stabilization,yes,Inferred preliminary planning scenario. Replace line-by-line with source-backed evidence when available. | Calculated monthly planning series from scenario drivers; not actual project performance.
4,Skyline Towers,High-Rise Mixed-Use Development,Preliminary Planning — Low,downside,operations,SCH-OPEX-31,monthly_operating_expense,monthly operating expense — month 31,348127,usd,estimated,"pasted_content_25.txt, Skyline Towers 10-Point Financial OS Design Package, user-supplied 2026-08-21",,jchappell2120,31,31,lease_up_stabilization,yes,Inferred preliminary planning scenario. Replace line-by-line with source-backed evidence when available. | Calculated monthly planning series from scenario drivers; not actual project performance.
4,Skyline Towers,High-Rise Mixed-Use Development,Preliminary Planning — Low,downside,financing,SCH-DRAW-31,monthly_debt_draw,monthly debt draw — month 31,0,usd,estimated,"pasted_content_25.txt, Skyline Towers 10-Point Financial OS Design Package, user-supplied 2026-08-21",,jchappell2120,31,31,lease_up_stabilization,yes,Inferred preliminary planning scenario. Replace line-by-line with source-backed evidence when available. | Calculated monthly planning series from scenario drivers; not actual project performance.
4,Skyline Towers,High-Rise Mixed-Use Development,Preliminary Planning — Low,downside,financing,SCH-INT-31,monthly_interest,monthly interest — month 31,893750,usd,estimated,"pasted_content_25.txt, Skyline Towers 10-Point Financial OS Design Package, user-supplied 2026-08-21",,jchappell2120,31,31,lease_up_stabilization,yes,Inferred preliminary planning scenario. Replace line-by-line with source-backed evidence when available. | Calculated monthly planning series from scenario drivers; not actual project performance.
4,Skyline Towers,High-Rise Mixed-Use Development,Preliminary Planning — Low,downside,cash_flow,SCH-CF-31,monthly_levered_cash_flow,monthly levered cash flow — month 31,-247229,usd,estimated,"pasted_content_25.txt, Skyline Towers 10-Point Financial OS Design Package, user-supplied 2026-08-21",,jchappell2120,31,31,lease_up_stabilization,yes,Inferred preliminary planning scenario. Replace line-by-line with source-backed evidence when available. | Calculated monthly planning series from scenario drivers; not actual project performance.
4,Skyline Towers,High-Rise Mixed-Use Development,Preliminary Planning — Low,downside,capital_deployment,SCH-COST-32,monthly_development_spend,monthly development spend — month 32,0,usd,estimated,"pasted_content_25.txt, Skyline Towers 10-Point Financial OS Design Package, user-supplied 2026-08-21",,jchappell2120,32,32,lease_up_stabilization,yes,Inferred preliminary planning scenario. Replace line-by-line with source-backed evidence when available. | Calculated monthly planning series from scenario drivers; not actual project performance.
4,Skyline Towers,High-Rise Mixed-Use Development,Preliminary Planning — Low,downside,schedule,SCH-CUM-32,cumulative_deployment_bps,cumulative deployment bps — month 32,10000,percentage_bps,estimated,"pasted_content_25.txt, Skyline Towers 10-Point Financial OS Design Package, user-supplied 2026-08-21",,jchappell2120,32,32,lease_up_stabilization,yes,Inferred preliminary planning scenario. Replace line-by-line with source-backed evidence when available. | Calculated monthly planning series from scenario drivers; not actual project performance.
4,Skyline Towers,High-Rise Mixed-Use Development,Preliminary Planning — Low,downside,schedule,SCH-OCC-32,occupancy_bps,occupancy bps — month 32,8500,percentage_bps,estimated,"pasted_content_25.txt, Skyline Towers 10-Point Financial OS Design Package, user-supplied 2026-08-21",,jchappell2120,32,32,lease_up_stabilization,yes,Inferred preliminary planning scenario. Replace line-by-line with source-backed evidence when available. | Calculated monthly planning series from scenario drivers; not actual project performance.
4,Skyline Towers,High-Rise Mixed-Use Development,Preliminary Planning — Low,downside,revenue,SCH-REV-32,monthly_effective_revenue,monthly effective revenue — month 32,1097988,usd,estimated,"pasted_content_25.txt, Skyline Towers 10-Point Financial OS Design Package, user-supplied 2026-08-21",,jchappell2120,32,32,lease_up_stabilization,yes,Inferred preliminary planning scenario. Replace line-by-line with source-backed evidence when available. | Calculated monthly planning series from scenario drivers; not actual project performance.
4,Skyline Towers,High-Rise Mixed-Use Development,Preliminary Planning — Low,downside,operations,SCH-OPEX-32,monthly_operating_expense,monthly operating expense — month 32,384296,usd,estimated,"pasted_content_25.txt, Skyline Towers 10-Point Financial OS Design Package, user-supplied 2026-08-21",,jchappell2120,32,32,lease_up_stabilization,yes,Inferred preliminary planning scenario. Replace line-by-line with source-backed evidence when available. | Calculated monthly planning series from scenario drivers; not actual project performance.
4,Skyline Towers,High-Rise Mixed-Use Development,Preliminary Planning — Low,downside,financing,SCH-DRAW-32,monthly_debt_draw,monthly debt draw — month 32,0,usd,estimated,"pasted_content_25.txt, Skyline Towers 10-Point Financial OS Design Package, user-supplied 2026-08-21",,jchappell2120,32,32,lease_up_stabilization,yes,Inferred preliminary planning scenario. Replace line-by-line with source-backed evidence when available. | Calculated monthly planning series from scenario drivers; not actual project performance.
4,Skyline Towers,High-Rise Mixed-Use Development,Preliminary Planning — Low,downside,financing,SCH-INT-32,monthly_interest,monthly interest — month 32,893750,usd,estimated,"pasted_content_25.txt, Skyline Towers 10-Point Financial OS Design Package, user-supplied 2026-08-21",,jchappell2120,32,32,lease_up_stabilization,yes,Inferred preliminary planning scenario. Replace line-by-line with source-backed evidence when available. | Calculated monthly planning series from scenario drivers; not actual project performance.
4,Skyline Towers,High-Rise Mixed-Use Development,Preliminary Planning — Low,downside,cash_flow,SCH-CF-32,monthly_levered_cash_flow,monthly levered cash flow — month 32,-180058,usd,estimated,"pasted_content_25.txt, Skyline Towers 10-Point Financial OS Design Package, user-supplied 2026-08-21",,jchappell2120,32,32,lease_up_stabilization,yes,Inferred preliminary planning scenario. Replace line-by-line with source-backed evidence when available. | Calculated monthly planning series from scenario drivers; not actual project performance.
4,Skyline Towers,High-Rise Mixed-Use Development,Preliminary Planning — Low,downside,capital_deployment,SCH-COST-33,monthly_development_spend,monthly development spend — month 33,0,usd,estimated,"pasted_content_25.txt, Skyline Towers 10-Point Financial OS Design Package, user-supplied 2026-08-21",,jchappell2120,33,33,lease_up_stabilization,yes,Inferred preliminary planning scenario. Replace line-by-line with source-backed evidence when available. | Calculated monthly planning series from scenario drivers; not actual project performance.
4,Skyline Towers,High-Rise Mixed-Use Development,Preliminary Planning — Low,downside,schedule,SCH-CUM-33,cumulative_deployment_bps,cumulative deployment bps — month 33,10000,percentage_bps,estimated,"pasted_content_25.txt, Skyline Towers 10-Point Financial OS Design Package, user-supplied 2026-08-21",,jchappell2120,33,33,lease_up_stabilization,yes,Inferred preliminary planning scenario. Replace line-by-line with source-backed evidence when available. | Calculated monthly planning series from scenario drivers; not actual project performance.
4,Skyline Towers,High-Rise Mixed-Use Development,Preliminary Planning — Low,downside,schedule,SCH-OCC-33,occupancy_bps,occupancy bps — month 33,9000,percentage_bps,estimated,"pasted_content_25.txt, Skyline Towers 10-Point Financial OS Design Package, user-supplied 2026-08-21",,jchappell2120,33,33,lease_up_stabilization,yes,Inferred preliminary planning scenario. Replace line-by-line with source-backed evidence when available. | Calculated monthly planning series from scenario drivers; not actual project performance.
4,Skyline Towers,High-Rise Mixed-Use Development,Preliminary Planning — Low,downside,revenue,SCH-REV-33,monthly_effective_revenue,monthly effective revenue — month 33,1162575,usd,estimated,"pasted_content_25.txt, Skyline Towers 10-Point Financial OS Design Package, user-supplied 2026-08-21",,jchappell2120,33,33,lease_up_stabilization,yes,Inferred preliminary planning scenario. Replace line-by-line with source-backed evidence when available. | Calculated monthly planning series from scenario drivers; not actual project performance.
4,Skyline Towers,High-Rise Mixed-Use Development,Preliminary Planning — Low,downside,operations,SCH-OPEX-33,monthly_operating_expense,monthly operating expense — month 33,406901,usd,estimated,"pasted_content_25.txt, Skyline Towers 10-Point Financial OS Design Package, user-supplied 2026-08-21",,jchappell2120,33,33,lease_up_stabilization,yes,Inferred preliminary planning scenario. Replace line-by-line with source-backed evidence when available. | Calculated monthly planning series from scenario drivers; not actual project performance.
4,Skyline Towers,High-Rise Mixed-Use Development,Preliminary Planning — Low,downside,financing,SCH-DRAW-33,monthly_debt_draw,monthly debt draw — month 33,0,usd,estimated,"pasted_content_25.txt, Skyline Towers 10-Point Financial OS Design Package, user-supplied 2026-08-21",,jchappell2120,33,33,lease_up_stabilization,yes,Inferred preliminary planning scenario. Replace line-by-line with source-backed evidence when available. | Calculated monthly planning series from scenario drivers; not actual project performance.
4,Skyline Towers,High-Rise Mixed-Use Development,Preliminary Planning — Low,downside,financing,SCH-INT-33,monthly_interest,monthly interest — month 33,893750,usd,estimated,"pasted_content_25.txt, Skyline Towers 10-Point Financial OS Design Package, user-supplied 2026-08-21",,jchappell2120,33,33,lease_up_stabilization,yes,Inferred preliminary planning scenario. Replace line-by-line with source-backed evidence when available. | Calculated monthly planning series from scenario drivers; not actual project performance.
4,Skyline Towers,High-Rise Mixed-Use Development,Preliminary Planning — Low,downside,cash_flow,SCH-CF-33,monthly_levered_cash_flow,monthly levered cash flow — month 33,-138076,usd,estimated,"pasted_content_25.txt, Skyline Towers 10-Point Financial OS Design Package, user-supplied 2026-08-21",,jchappell2120,33,33,lease_up_stabilization,yes,Inferred preliminary planning scenario. Replace line-by-line with source-backed evidence when available. | Calculated monthly planning series from scenario drivers; not actual project performance.
4,Skyline Towers,High-Rise Mixed-Use Development,Preliminary Planning — Low,downside,capital_deployment,SCH-COST-34,monthly_development_spend,monthly development spend — month 34,0,usd,estimated,"pasted_content_25.txt, Skyline Towers 10-Point Financial OS Design Package, user-supplied 2026-08-21",,jchappell2120,34,34,lease_up_stabilization,yes,Inferred preliminary planning scenario. Replace line-by-line with source-backed evidence when available. | Calculated monthly planning series from scenario drivers; not actual project performance.
4,Skyline Towers,High-Rise Mixed-Use Development,Preliminary Planning — Low,downside,schedule,SCH-CUM-34,cumulative_deployment_bps,cumulative deployment bps — month 34,10000,percentage_bps,estimated,"pasted_content_25.txt, Skyline Towers 10-Point Financial OS Design Package, user-supplied 2026-08-21",,jchappell2120,34,34,lease_up_stabilization,yes,Inferred preliminary planning scenario. Replace line-by-line with source-backed evidence when available. | Calculated monthly planning series from scenario drivers; not actual project performance.
4,Skyline Towers,High-Rise Mixed-Use Development,Preliminary Planning — Low,downside,schedule,SCH-OCC-34,occupancy_bps,occupancy bps — month 34,9000,percentage_bps,estimated,"pasted_content_25.txt, Skyline Towers 10-Point Financial OS Design Package, user-supplied 2026-08-21",,jchappell2120,34,34,lease_up_stabilization,yes,Inferred preliminary planning scenario. Replace line-by-line with source-backed evidence when available. | Calculated monthly planning series from scenario drivers; not actual project performance.
4,Skyline Towers,High-Rise Mixed-Use Development,Preliminary Planning — Low,downside,revenue,SCH-REV-34,monthly_effective_revenue,monthly effective revenue — month 34,1162575,usd,estimated,"pasted_content_25.txt, Skyline Towers 10-Point Financial OS Design Package, user-supplied 2026-08-21",,jchappell2120,34,34,lease_up_stabilization,yes,Inferred preliminary planning scenario. Replace line-by-line with source-backed evidence when available. | Calculated monthly planning series from scenario drivers; not actual project performance.
4,Skyline Towers,High-Rise Mixed-Use Development,Preliminary Planning — Low,downside,operations,SCH-OPEX-34,monthly_operating_expense,monthly operating expense — month 34,406901,usd,estimated,"pasted_content_25.txt, Skyline Towers 10-Point Financial OS Design Package, user-supplied 2026-08-21",,jchappell2120,34,34,lease_up_stabilization,yes,Inferred preliminary planning scenario. Replace line-by-line with source-backed evidence when available. | Calculated monthly planning series from scenario drivers; not actual project performance.
4,Skyline Towers,High-Rise Mixed-Use Development,Preliminary Planning — Low,downside,financing,SCH-DRAW-34,monthly_debt_draw,monthly debt draw — month 34,0,usd,estimated,"pasted_content_25.txt, Skyline Towers 10-Point Financial OS Design Package, user-supplied 2026-08-21",,jchappell2120,34,34,lease_up_stabilization,yes,Inferred preliminary planning scenario. Replace line-by-line with source-backed evidence when available. | Calculated monthly planning series from scenario drivers; not actual project performance.
4,Skyline Towers,High-Rise Mixed-Use Development,Preliminary Planning — Low,downside,financing,SCH-INT-34,monthly_interest,monthly interest — month 34,893750,usd,estimated,"pasted_content_25.txt, Skyline Towers 10-Point Financial OS Design Package, user-supplied 2026-08-21",,jchappell2120,34,34,lease_up_stabilization,yes,Inferred preliminary planning scenario. Replace line-by-line with source-backed evidence when available. | Calculated monthly planning series from scenario drivers; not actual project performance.
4,Skyline Towers,High-Rise Mixed-Use Development,Preliminary Planning — Low,downside,cash_flow,SCH-CF-34,monthly_levered_cash_flow,monthly levered cash flow — month 34,-138076,usd,estimated,"pasted_content_25.txt, Skyline Towers 10-Point Financial OS Design Package, user-supplied 2026-08-21",,jchappell2120,34,34,lease_up_stabilization,yes,Inferred preliminary planning scenario. Replace line-by-line with source-backed evidence when available. | Calculated monthly planning series from scenario drivers; not actual project performance.
4,Skyline Towers,High-Rise Mixed-Use Development,Preliminary Planning — Low,downside,capital_deployment,SCH-COST-35,monthly_development_spend,monthly development spend — month 35,0,usd,estimated,"pasted_content_25.txt, Skyline Towers 10-Point Financial OS Design Package, user-supplied 2026-08-21",,jchappell2120,35,35,lease_up_stabilization,yes,Inferred preliminary planning scenario. Replace line-by-line with source-backed evidence when available. | Calculated monthly planning series from scenario drivers; not actual project performance.
4,Skyline Towers,High-Rise Mixed-Use Development,Preliminary Planning — Low,downside,schedule,SCH-CUM-35,cumulative_deployment_bps,cumulative deployment bps — month 35,10000,percentage_bps,estimated,"pasted_content_25.txt, Skyline Towers 10-Point Financial OS Design Package, user-supplied 2026-08-21",,jchappell2120,35,35,lease_up_stabilization,yes,Inferred preliminary planning scenario. Replace line-by-line with source-backed evidence when available. | Calculated monthly planning series from scenario drivers; not actual project performance.
4,Skyline Towers,High-Rise Mixed-Use Development,Preliminary Planning — Low,downside,schedule,SCH-OCC-35,occupancy_bps,occupancy bps — month 35,9000,percentage_bps,estimated,"pasted_content_25.txt, Skyline Towers 10-Point Financial OS Design Package, user-supplied 2026-08-21",,jchappell2120,35,35,lease_up_stabilization,yes,Inferred preliminary planning scenario. Replace line-by-line with source-backed evidence when available. | Calculated monthly planning series from scenario drivers; not actual project performance.
4,Skyline Towers,High-Rise Mixed-Use Development,Preliminary Planning — Low,downside,revenue,SCH-REV-35,monthly_effective_revenue,monthly effective revenue — month 35,1162575,usd,estimated,"pasted_content_25.txt, Skyline Towers 10-Point Financial OS Design Package, user-supplied 2026-08-21",,jchappell2120,35,35,lease_up_stabilization,yes,Inferred preliminary planning scenario. Replace line-by-line with source-backed evidence when available. | Calculated monthly planning series from scenario drivers; not actual project performance.
4,Skyline Towers,High-Rise Mixed-Use Development,Preliminary Planning — Low,downside,operations,SCH-OPEX-35,monthly_operating_expense,monthly operating expense — month 35,406901,usd,estimated,"pasted_content_25.txt, Skyline Towers 10-Point Financial OS Design Package, user-supplied 2026-08-21",,jchappell2120,35,35,lease_up_stabilization,yes,Inferred preliminary planning scenario. Replace line-by-line with source-backed evidence when available. | Calculated monthly planning series from scenario drivers; not actual project performance.
4,Skyline Towers,High-Rise Mixed-Use Development,Preliminary Planning — Low,downside,financing,SCH-DRAW-35,monthly_debt_draw,monthly debt draw — month 35,0,usd,estimated,"pasted_content_25.txt, Skyline Towers 10-Point Financial OS Design Package, user-supplied 2026-08-21",,jchappell2120,35,35,lease_up_stabilization,yes,Inferred preliminary planning scenario. Replace line-by-line with source-backed evidence when available. | Calculated monthly planning series from scenario drivers; not actual project performance.
4,Skyline Towers,High-Rise Mixed-Use Development,Preliminary Planning — Low,downside,financing,SCH-INT-35,monthly_interest,monthly interest — month 35,893750,usd,estimated,"pasted_content_25.txt, Skyline Towers 10-Point Financial OS Design Package, user-supplied 2026-08-21",,jchappell2120,35,35,lease_up_stabilization,yes,Inferred preliminary planning scenario. Replace line-by-line with source-backed evidence when available. | Calculated monthly planning series from scenario drivers; not actual project performance.
4,Skyline Towers,High-Rise Mixed-Use Development,Preliminary Planning — Low,downside,cash_flow,SCH-CF-35,monthly_levered_cash_flow,monthly levered cash flow — month 35,-138076,usd,estimated,"pasted_content_25.txt, Skyline Towers 10-Point Financial OS Design Package, user-supplied 2026-08-21",,jchappell2120,35,35,lease_up_stabilization,yes,Inferred preliminary planning scenario. Replace line-by-line with source-backed evidence when available. | Calculated monthly planning series from scenario drivers; not actual project performance.
4,Skyline Towers,High-Rise Mixed-Use Development,Preliminary Planning — Low,downside,capital_deployment,SCH-COST-36,monthly_development_spend,monthly development spend — month 36,0,usd,estimated,"pasted_content_25.txt, Skyline Towers 10-Point Financial OS Design Package, user-supplied 2026-08-21",,jchappell2120,36,36,lease_up_stabilization,yes,Inferred preliminary planning scenario. Replace line-by-line with source-backed evidence when available. | Calculated monthly planning series from scenario drivers; not actual project performance.
4,Skyline Towers,High-Rise Mixed-Use Development,Preliminary Planning — Low,downside,schedule,SCH-CUM-36,cumulative_deployment_bps,cumulative deployment bps — month 36,10000,percentage_bps,estimated,"pasted_content_25.txt, Skyline Towers 10-Point Financial OS Design Package, user-supplied 2026-08-21",,jchappell2120,36,36,lease_up_stabilization,yes,Inferred preliminary planning scenario. Replace line-by-line with source-backed evidence when available. | Calculated monthly planning series from scenario drivers; not actual project performance.
4,Skyline Towers,High-Rise Mixed-Use Development,Preliminary Planning — Low,downside,schedule,SCH-OCC-36,occupancy_bps,occupancy bps — month 36,9000,percentage_bps,estimated,"pasted_content_25.txt, Skyline Towers 10-Point Financial OS Design Package, user-supplied 2026-08-21",,jchappell2120,36,36,lease_up_stabilization,yes,Inferred preliminary planning scenario. Replace line-by-line with source-backed evidence when available. | Calculated monthly planning series from scenario drivers; not actual project performance.
4,Skyline Towers,High-Rise Mixed-Use Development,Preliminary Planning — Low,downside,revenue,SCH-REV-36,monthly_effective_revenue,monthly effective revenue — month 36,1162575,usd,estimated,"pasted_content_25.txt, Skyline Towers 10-Point Financial OS Design Package, user-supplied 2026-08-21",,jchappell2120,36,36,lease_up_stabilization,yes,Inferred preliminary planning scenario. Replace line-by-line with source-backed evidence when available. | Calculated monthly planning series from scenario drivers; not actual project performance.
4,Skyline Towers,High-Rise Mixed-Use Development,Preliminary Planning — Low,downside,operations,SCH-OPEX-36,monthly_operating_expense,monthly operating expense — month 36,406901,usd,estimated,"pasted_content_25.txt, Skyline Towers 10-Point Financial OS Design Package, user-supplied 2026-08-21",,jchappell2120,36,36,lease_up_stabilization,yes,Inferred preliminary planning scenario. Replace line-by-line with source-backed evidence when available. | Calculated monthly planning series from scenario drivers; not actual project performance.
4,Skyline Towers,High-Rise Mixed-Use Development,Preliminary Planning — Low,downside,financing,SCH-DRAW-36,monthly_debt_draw,monthly debt draw — month 36,0,usd,estimated,"pasted_content_25.txt, Skyline Towers 10-Point Financial OS Design Package, user-supplied 2026-08-21",,jchappell2120,36,36,lease_up_stabilization,yes,Inferred preliminary planning scenario. Replace line-by-line with source-backed evidence when available. | Calculated monthly planning series from scenario drivers; not actual project performance.
4,Skyline Towers,High-Rise Mixed-Use Development,Preliminary Planning — Low,downside,financing,SCH-INT-36,monthly_interest,monthly interest — month 36,893750,usd,estimated,"pasted_content_25.txt, Skyline Towers 10-Point Financial OS Design Package, user-supplied 2026-08-21",,jchappell2120,36,36,lease_up_stabilization,yes,Inferred preliminary planning scenario. Replace line-by-line with source-backed evidence when available. | Calculated monthly planning series from scenario drivers; not actual project performance.
4,Skyline Towers,High-Rise Mixed-Use Development,Preliminary Planning — Low,downside,cash_flow,SCH-CF-36,monthly_levered_cash_flow,monthly levered cash flow — month 36,-138076,usd,estimated,"pasted_content_25.txt, Skyline Towers 10-Point Financial OS Design Package, user-supplied 2026-08-21",,jchappell2120,36,36,lease_up_stabilization,yes,Inferred preliminary planning scenario. Replace line-by-line with source-backed evidence when available. | Calculated monthly planning series from scenario drivers; not actual project performance.
4,Skyline Towers,High-Rise Mixed-Use Development,Preliminary Planning — Base,base,project_identity,IDENT-001,project_stage,project stage,concept,other,estimated,"pasted_content_25.txt, Skyline Towers 10-Point Financial OS Design Package, user-supplied 2026-08-21",,jchappell2120,,,,yes,Inferred preliminary planning scenario. Replace line-by-line with source-backed evidence when available.
4,Skyline Towers,High-Rise Mixed-Use Development,Preliminary Planning — Base,base,project_identity,IDENT-002,program_units,program units,450,units,estimated,"pasted_content_25.txt, Skyline Towers 10-Point Financial OS Design Package, user-supplied 2026-08-21",,jchappell2120,,,,yes,Inferred preliminary planning scenario. Replace line-by-line with source-backed evidence when available.
4,Skyline Towers,High-Rise Mixed-Use Development,Preliminary Planning — Base,base,project_identity,IDENT-003,program_buildings,program buildings,1,units,estimated,"pasted_content_25.txt, Skyline Towers 10-Point Financial OS Design Package, user-supplied 2026-08-21",,jchappell2120,,,,yes,Inferred preliminary planning scenario. Replace line-by-line with source-backed evidence when available.
4,Skyline Towers,High-Rise Mixed-Use Development,Preliminary Planning — Base,base,project_identity,IDENT-004,program_residential_sf,program residential sf,405000,sf,estimated,"pasted_content_25.txt, Skyline Towers 10-Point Financial OS Design Package, user-supplied 2026-08-21",,jchappell2120,,,,yes,Inferred preliminary planning scenario. Replace line-by-line with source-backed evidence when available.
4,Skyline Towers,High-Rise Mixed-Use Development,Preliminary Planning — Base,base,project_identity,IDENT-005,program_gross_sf,program gross sf,600000,sf,estimated,"pasted_content_25.txt, Skyline Towers 10-Point Financial OS Design Package, user-supplied 2026-08-21",,jchappell2120,,,,yes,Inferred preliminary planning scenario. Replace line-by-line with source-backed evidence when available.
4,Skyline Towers,High-Rise Mixed-Use Development,Preliminary Planning — Base,base,scenario_driver,DRV-001,development_cost,development cost,185000000,usd,estimated,"pasted_content_25.txt, Skyline Towers 10-Point Financial OS Design Package, user-supplied 2026-08-21",,jchappell2120,,,,yes,Inferred preliminary planning scenario. Replace line-by-line with source-backed evidence when available.
4,Skyline Towers,High-Rise Mixed-Use Development,Preliminary Planning — Base,base,scenario_driver,DRV-002,development_cost_per_unit,development cost per unit,411111,usd_per_unit,estimated,"pasted_content_25.txt, Skyline Towers 10-Point Financial OS Design Package, user-supplied 2026-08-21",,jchappell2120,,,,yes,Inferred preliminary planning scenario. Replace line-by-line with source-backed evidence when available.
4,Skyline Towers,High-Rise Mixed-Use Development,Preliminary Planning — Base,base,scenario_driver,DRV-003,development_cost_per_gross_sf,development cost per gross sf,308,usd_per_sf,estimated,"pasted_content_25.txt, Skyline Towers 10-Point Financial OS Design Package, user-supplied 2026-08-21",,jchappell2120,,,,yes,Inferred preliminary planning scenario. Replace line-by-line with source-backed evidence when available.
4,Skyline Towers,High-Rise Mixed-Use Development,Preliminary Planning — Base,base,scenario_driver,DRV-004,stabilized_occupancy_bps,stabilized occupancy bps,9500,percentage_bps,estimated,"pasted_content_25.txt, Skyline Towers 10-Point Financial OS Design Package, user-supplied 2026-08-21",,jchappell2120,,,,yes,Inferred preliminary planning scenario. Replace line-by-line with source-backed evidence when available.
4,Skyline Towers,High-Rise Mixed-Use Development,Preliminary Planning — Base,base,scenario_driver,DRV-005,operating_expense_ratio_bps,operating expense ratio bps,3200,percentage_bps,estimated,"pasted_content_25.txt, Skyline Towers 10-Point Financial OS Design Package, user-supplied 2026-08-21",,jchappell2120,,,,yes,Inferred preliminary planning scenario. Replace line-by-line with source-backed evidence when available.
4,Skyline Towers,High-Rise Mixed-Use Development,Preliminary Planning — Base,base,scenario_driver,DRV-006,construction_debt_commitment,construction debt commitment,120250000,usd,estimated,"pasted_content_25.txt, Skyline Towers 10-Point Financial OS Design Package, user-supplied 2026-08-21",,jchappell2120,,,,yes,Inferred preliminary planning scenario. Replace line-by-line with source-backed evidence when available.
4,Skyline Towers,High-Rise Mixed-Use Development,Preliminary Planning — Base,base,scenario_driver,DRV-007,construction_interest_rate_bps,construction interest rate bps,750,percentage_bps,estimated,"pasted_content_25.txt, Skyline Towers 10-Point Financial OS Design Package, user-supplied 2026-08-21",,jchappell2120,,,,yes,Inferred preliminary planning scenario. Replace line-by-line with source-backed evidence when available.
4,Skyline Towers,High-Rise Mixed-Use Development,Preliminary Planning — Base,base,scenario_driver,DRV-008,construction_interest_only_months,construction interest only months,30,months,estimated,"pasted_content_25.txt, Skyline Towers 10-Point Financial OS Design Package, user-supplied 2026-08-21",,jchappell2120,,,,yes,Inferred preliminary planning scenario. Replace line-by-line with source-backed evidence when available.
4,Skyline Towers,High-Rise Mixed-Use Development,Preliminary Planning — Base,base,scenario_driver,DRV-009,amortization_months,amortization months,360,months,estimated,"pasted_content_25.txt, Skyline Towers 10-Point Financial OS Design Package, user-supplied 2026-08-21",,jchappell2120,,,,yes,Inferred preliminary planning scenario. Replace line-by-line with source-backed evidence when available.
4,Skyline Towers,High-Rise Mixed-Use Development,Preliminary Planning — Base,base,scenario_driver,DRV-010,financing_fee_bps,financing fee bps,100,percentage_bps,estimated,"pasted_content_25.txt, Skyline Towers 10-Point Financial OS Design Package, user-supplied 2026-08-21",,jchappell2120,,,,yes,Inferred preliminary planning scenario. Replace line-by-line with source-backed evidence when available.
4,Skyline Towers,High-Rise Mixed-Use Development,Preliminary Planning — Base,base,scenario_driver,DRV-011,exit_cap_rate_bps,exit cap rate bps,550,percentage_bps,estimated,"pasted_content_25.txt, Skyline Towers 10-Point Financial OS Design Package, user-supplied 2026-08-21",,jchappell2120,,,,yes,Inferred preliminary planning scenario. Replace line-by-line with source-backed evidence when available.
4,Skyline Towers,High-Rise Mixed-Use Development,Preliminary Planning — Base,base,scenario_driver,DRV-012,sale_cost_bps,sale cost bps,300,percentage_bps,estimated,"pasted_content_25.txt, Skyline Towers 10-Point Financial OS Design Package, user-supplied 2026-08-21",,jchappell2120,,,,yes,Inferred preliminary planning scenario. Replace line-by-line with source-backed evidence when available.
4,Skyline Towers,High-Rise Mixed-Use Development,Preliminary Planning — Base,base,unit_mix,UNIT-01-01,unit_count,Studio — unit count,45,units,estimated,"pasted_content_25.txt, Skyline Towers 10-Point Financial OS Design Package, user-supplied 2026-08-21",,jchappell2120,,,,yes,Inferred preliminary planning scenario. Replace line-by-line with source-backed evidence when available.
4,Skyline Towers,High-Rise Mixed-Use Development,Preliminary Planning — Base,base,unit_mix,UNIT-01-02,average_unit_sf,Studio — average unit sf,600,sf,estimated,"pasted_content_25.txt, Skyline Towers 10-Point Financial OS Design Package, user-supplied 2026-08-21",,jchappell2120,,,,yes,Inferred preliminary planning scenario. Replace line-by-line with source-backed evidence when available.
4,Skyline Towers,High-Rise Mixed-Use Development,Preliminary Planning — Base,base,unit_mix,UNIT-01-03,monthly_rent,Studio — monthly rent,1750,usd_per_month,estimated,"pasted_content_25.txt, Skyline Towers 10-Point Financial OS Design Package, user-supplied 2026-08-21",,jchappell2120,,,,yes,Inferred preliminary planning scenario. Replace line-by-line with source-backed evidence when available.
4,Skyline Towers,High-Rise Mixed-Use Development,Preliminary Planning — Base,base,unit_mix,UNIT-01-04,annual_scheduled_rent,Studio — annual scheduled rent,945000,usd,estimated,"pasted_content_25.txt, Skyline Towers 10-Point Financial OS Design Package, user-supplied 2026-08-21",,jchappell2120,,,,yes,Inferred preliminary planning scenario. Replace line-by-line with source-backed evidence when available.
4,Skyline Towers,High-Rise Mixed-Use Development,Preliminary Planning — Base,base,unit_mix,UNIT-02-01,unit_count,1 Bedroom — unit count,180,units,estimated,"pasted_content_25.txt, Skyline Towers 10-Point Financial OS Design Package, user-supplied 2026-08-21",,jchappell2120,,,,yes,Inferred preliminary planning scenario. Replace line-by-line with source-backed evidence when available.
4,Skyline Towers,High-Rise Mixed-Use Development,Preliminary Planning — Base,base,unit_mix,UNIT-02-02,average_unit_sf,1 Bedroom — average unit sf,775,sf,estimated,"pasted_content_25.txt, Skyline Towers 10-Point Financial OS Design Package, user-supplied 2026-08-21",,jchappell2120,,,,yes,Inferred preliminary planning scenario. Replace line-by-line with source-backed evidence when available.
4,Skyline Towers,High-Rise Mixed-Use Development,Preliminary Planning — Base,base,unit_mix,UNIT-02-03,monthly_rent,1 Bedroom — monthly rent,2300,usd_per_month,estimated,"pasted_content_25.txt, Skyline Towers 10-Point Financial OS Design Package, user-supplied 2026-08-21",,jchappell2120,,,,yes,Inferred preliminary planning scenario. Replace line-by-line with source-backed evidence when available.
4,Skyline Towers,High-Rise Mixed-Use Development,Preliminary Planning — Base,base,unit_mix,UNIT-02-04,annual_scheduled_rent,1 Bedroom — annual scheduled rent,4968000,usd,estimated,"pasted_content_25.txt, Skyline Towers 10-Point Financial OS Design Package, user-supplied 2026-08-21",,jchappell2120,,,,yes,Inferred preliminary planning scenario. Replace line-by-line with source-backed evidence when available.
4,Skyline Towers,High-Rise Mixed-Use Development,Preliminary Planning — Base,base,unit_mix,UNIT-03-01,unit_count,2 Bedroom — unit count,165,units,estimated,"pasted_content_25.txt, Skyline Towers 10-Point Financial OS Design Package, user-supplied 2026-08-21",,jchappell2120,,,,yes,Inferred preliminary planning scenario. Replace line-by-line with source-backed evidence when available.
4,Skyline Towers,High-Rise Mixed-Use Development,Preliminary Planning — Base,base,unit_mix,UNIT-03-02,average_unit_sf,2 Bedroom — average unit sf,1050,sf,estimated,"pasted_content_25.txt, Skyline Towers 10-Point Financial OS Design Package, user-supplied 2026-08-21",,jchappell2120,,,,yes,Inferred preliminary planning scenario. Replace line-by-line with source-backed evidence when available.
4,Skyline Towers,High-Rise Mixed-Use Development,Preliminary Planning — Base,base,unit_mix,UNIT-03-03,monthly_rent,2 Bedroom — monthly rent,3100,usd_per_month,estimated,"pasted_content_25.txt, Skyline Towers 10-Point Financial OS Design Package, user-supplied 2026-08-21",,jchappell2120,,,,yes,Inferred preliminary planning scenario. Replace line-by-line with source-backed evidence when available.
4,Skyline Towers,High-Rise Mixed-Use Development,Preliminary Planning — Base,base,unit_mix,UNIT-03-04,annual_scheduled_rent,2 Bedroom — annual scheduled rent,6138000,usd,estimated,"pasted_content_25.txt, Skyline Towers 10-Point Financial OS Design Package, user-supplied 2026-08-21",,jchappell2120,,,,yes,Inferred preliminary planning scenario. Replace line-by-line with source-backed evidence when available.
4,Skyline Towers,High-Rise Mixed-Use Development,Preliminary Planning — Base,base,unit_mix,UNIT-04-01,unit_count,3 Bedroom — unit count,60,units,estimated,"pasted_content_25.txt, Skyline Towers 10-Point Financial OS Design Package, user-supplied 2026-08-21",,jchappell2120,,,,yes,Inferred preliminary planning scenario. Replace line-by-line with source-backed evidence when available.
4,Skyline Towers,High-Rise Mixed-Use Development,Preliminary Planning — Base,base,unit_mix,UNIT-04-02,average_unit_sf,3 Bedroom — average unit sf,1300,sf,estimated,"pasted_content_25.txt, Skyline Towers 10-Point Financial OS Design Package, user-supplied 2026-08-21",,jchappell2120,,,,yes,Inferred preliminary planning scenario. Replace line-by-line with source-backed evidence when available.
4,Skyline Towers,High-Rise Mixed-Use Development,Preliminary Planning — Base,base,unit_mix,UNIT-04-03,monthly_rent,3 Bedroom — monthly rent,4200,usd_per_month,estimated,"pasted_content_25.txt, Skyline Towers 10-Point Financial OS Design Package, user-supplied 2026-08-21",,jchappell2120,,,,yes,Inferred preliminary planning scenario. Replace line-by-line with source-backed evidence when available.
4,Skyline Towers,High-Rise Mixed-Use Development,Preliminary Planning — Base,base,unit_mix,UNIT-04-04,annual_scheduled_rent,3 Bedroom — annual scheduled rent,3024000,usd,estimated,"pasted_content_25.txt, Skyline Towers 10-Point Financial OS Design Package, user-supplied 2026-08-21",,jchappell2120,,,,yes,Inferred preliminary planning scenario. Replace line-by-line with source-backed evidence when available.
4,Skyline Towers,High-Rise Mixed-Use Development,Preliminary Planning — Base,base,calculated_output,REV-001,annual_residential_revenue,annual residential revenue,15075000,usd,estimated,"pasted_content_25.txt, Skyline Towers 10-Point Financial OS Design Package, user-supplied 2026-08-21",,jchappell2120,,,,yes,"Inferred preliminary planning scenario. Replace line-by-line with source-backed evidence when available. | Calculated from the scenario unit mix, occupancy, other-income, and expense drivers."
4,Skyline Towers,High-Rise Mixed-Use Development,Preliminary Planning — Base,base,calculated_output,REV-002,annual_other_income,annual other income,2100000,usd,estimated,"pasted_content_25.txt, Skyline Towers 10-Point Financial OS Design Package, user-supplied 2026-08-21",,jchappell2120,,,,yes,"Inferred preliminary planning scenario. Replace line-by-line with source-backed evidence when available. | Calculated from the scenario unit mix, occupancy, other-income, and expense drivers."
4,Skyline Towers,High-Rise Mixed-Use Development,Preliminary Planning — Base,base,calculated_output,REV-003,annual_potential_gross_revenue,annual potential gross revenue,17175000,usd,estimated,"pasted_content_25.txt, Skyline Towers 10-Point Financial OS Design Package, user-supplied 2026-08-21",,jchappell2120,,,,yes,"Inferred preliminary planning scenario. Replace line-by-line with source-backed evidence when available. | Calculated from the scenario unit mix, occupancy, other-income, and expense drivers."
4,Skyline Towers,High-Rise Mixed-Use Development,Preliminary Planning — Base,base,calculated_output,REV-004,annual_effective_gross_income,annual effective gross income,16316250,usd,estimated,"pasted_content_25.txt, Skyline Towers 10-Point Financial OS Design Package, user-supplied 2026-08-21",,jchappell2120,,,,yes,"Inferred preliminary planning scenario. Replace line-by-line with source-backed evidence when available. | Calculated from the scenario unit mix, occupancy, other-income, and expense drivers."
4,Skyline Towers,High-Rise Mixed-Use Development,Preliminary Planning — Base,base,calculated_output,REV-005,annual_operating_expenses,annual operating expenses,5228800,usd,estimated,"pasted_content_25.txt, Skyline Towers 10-Point Financial OS Design Package, user-supplied 2026-08-21",,jchappell2120,,,,yes,"Inferred preliminary planning scenario. Replace line-by-line with source-backed evidence when available. | Calculated from the scenario unit mix, occupancy, other-income, and expense drivers."
4,Skyline Towers,High-Rise Mixed-Use Development,Preliminary Planning — Base,base,calculated_output,REV-006,annual_net_operating_income,annual net operating income,11087450,usd,estimated,"pasted_content_25.txt, Skyline Towers 10-Point Financial OS Design Package, user-supplied 2026-08-21",,jchappell2120,,,,yes,"Inferred preliminary planning scenario. Replace line-by-line with source-backed evidence when available. | Calculated from the scenario unit mix, occupancy, other-income, and expense drivers."
4,Skyline Towers,High-Rise Mixed-Use Development,Preliminary Planning — Base,base,calculated_output,REV-007,yield_on_cost_bps,yield on cost bps,599,percentage_bps,estimated,"pasted_content_25.txt, Skyline Towers 10-Point Financial OS Design Package, user-supplied 2026-08-21",,jchappell2120,,,,yes,"Inferred preliminary planning scenario. Replace line-by-line with source-backed evidence when available. | Calculated from the scenario unit mix, occupancy, other-income, and expense drivers."
4,Skyline Towers,High-Rise Mixed-Use Development,Preliminary Planning — Base,base,operations,OPEX-01,annual_operating_expense,Property taxes,1634000,usd,estimated,"pasted_content_25.txt, Skyline Towers 10-Point Financial OS Design Package, user-supplied 2026-08-21",,jchappell2120,,,,yes,Inferred preliminary planning scenario. Replace line-by-line with source-backed evidence when available.
4,Skyline Towers,High-Rise Mixed-Use Development,Preliminary Planning — Base,base,operations,OPEX-02,annual_operating_expense,Insurance,490200,usd,estimated,"pasted_content_25.txt, Skyline Towers 10-Point Financial OS Design Package, user-supplied 2026-08-21",,jchappell2120,,,,yes,Inferred preliminary planning scenario. Replace line-by-line with source-backed evidence when available.
4,Skyline Towers,High-Rise Mixed-Use Development,Preliminary Planning — Base,base,operations,OPEX-03,annual_operating_expense,Property management,490200,usd,estimated,"pasted_content_25.txt, Skyline Towers 10-Point Financial OS Design Package, user-supplied 2026-08-21",,jchappell2120,,,,yes,Inferred preliminary planning scenario. Replace line-by-line with source-backed evidence when available.
4,Skyline Towers,High-Rise Mixed-Use Development,Preliminary Planning — Base,base,operations,OPEX-04,annual_operating_expense,Utilities,588240,usd,estimated,"pasted_content_25.txt, Skyline Towers 10-Point Financial OS Design Package, user-supplied 2026-08-21",,jchappell2120,,,,yes,Inferred preliminary planning scenario. Replace line-by-line with source-backed evidence when available.
4,Skyline Towers,High-Rise Mixed-Use Development,Preliminary Planning — Base,base,operations,OPEX-05,annual_operating_expense,Repairs and maintenance,702620,usd,estimated,"pasted_content_25.txt, Skyline Towers 10-Point Financial OS Design Package, user-supplied 2026-08-21",,jchappell2120,,,,yes,Inferred preliminary planning scenario. Replace line-by-line with source-backed evidence when available.
4,Skyline Towers,High-Rise Mixed-Use Development,Preliminary Planning — Base,base,operations,OPEX-06,annual_operating_expense,Payroll / onsite operations,555560,usd,estimated,"pasted_content_25.txt, Skyline Towers 10-Point Financial OS Design Package, user-supplied 2026-08-21",,jchappell2120,,,,yes,Inferred preliminary planning scenario. Replace line-by-line with source-backed evidence when available.
4,Skyline Towers,High-Rise Mixed-Use Development,Preliminary Planning — Base,base,operations,OPEX-07,annual_operating_expense,Landscaping / grounds,228760,usd,estimated,"pasted_content_25.txt, Skyline Towers 10-Point Financial OS Design Package, user-supplied 2026-08-21",,jchappell2120,,,,yes,Inferred preliminary planning scenario. Replace line-by-line with source-backed evidence when available.
4,Skyline Towers,High-Rise Mixed-Use Development,Preliminary Planning — Base,base,operations,OPEX-08,annual_operating_expense,Marketing / leasing,163400,usd,estimated,"pasted_content_25.txt, Skyline Towers 10-Point Financial OS Design Package, user-supplied 2026-08-21",,jchappell2120,,,,yes,Inferred preliminary planning scenario. Replace line-by-line with source-backed evidence when available.
4,Skyline Towers,High-Rise Mixed-Use Development,Preliminary Planning — Base,base,operations,OPEX-09,annual_operating_expense,Administrative,147060,usd,estimated,"pasted_content_25.txt, Skyline Towers 10-Point Financial OS Design Package, user-supplied 2026-08-21",,jchappell2120,,,,yes,Inferred preliminary planning scenario. Replace line-by-line with source-backed evidence when available.
4,Skyline Towers,High-Rise Mixed-Use Development,Preliminary Planning — Base,base,operations,OPEX-10,annual_operating_expense,Replacement / operating reserves,228760,usd,estimated,"pasted_content_25.txt, Skyline Towers 10-Point Financial OS Design Package, user-supplied 2026-08-21",,jchappell2120,,,,yes,Inferred preliminary planning scenario. Replace line-by-line with source-backed evidence when available.
4,Skyline Towers,High-Rise Mixed-Use Development,Preliminary Planning — Base,base,wbs_budget,WBS-001,extended_cost,High-rise mixed-use — Land acquisition consideration,15725000,usd,estimated,"pasted_content_25.txt, Skyline Towers 10-Point Financial OS Design Package, user-supplied 2026-08-21",,jchappell2120,,,predevelopment,yes,Inferred preliminary planning scenario. Replace line-by-line with source-backed evidence when available. | Standardized WBS category: land_acquisition; applicability: Project-wide.
4,Skyline Towers,High-Rise Mixed-Use Development,Preliminary Planning — Base,base,wbs_budget,WBS-002,extended_cost,High-rise mixed-use — Acquisition due diligence,693750,usd,estimated,"pasted_content_25.txt, Skyline Towers 10-Point Financial OS Design Package, user-supplied 2026-08-21",,jchappell2120,,,predevelopment,yes,Inferred preliminary planning scenario. Replace line-by-line with source-backed evidence when available. | Standardized WBS category: land_acquisition; applicability: Project-wide.
4,Skyline Towers,High-Rise Mixed-Use Development,Preliminary Planning — Base,base,wbs_budget,WBS-003,extended_cost,High-rise mixed-use — Title and escrow,231250,usd,estimated,"pasted_content_25.txt, Skyline Towers 10-Point Financial OS Design Package, user-supplied 2026-08-21",,jchappell2120,,,predevelopment,yes,Inferred preliminary planning scenario. Replace line-by-line with source-backed evidence when available. | Standardized WBS category: land_acquisition; applicability: Project-wide.
4,Skyline Towers,High-Rise Mixed-Use Development,Preliminary Planning — Base,base,wbs_budget,WBS-004,extended_cost,High-rise mixed-use — Acquisition legal,231250,usd,estimated,"pasted_content_25.txt, Skyline Towers 10-Point Financial OS Design Package, user-supplied 2026-08-21",,jchappell2120,,,predevelopment,yes,Inferred preliminary planning scenario. Replace line-by-line with source-backed evidence when available. | Standardized WBS category: land_acquisition; applicability: Project-wide.
4,Skyline Towers,High-Rise Mixed-Use Development,Preliminary Planning — Base,base,wbs_budget,WBS-005,extended_cost,High-rise mixed-use — Environmental review,231250,usd,estimated,"pasted_content_25.txt, Skyline Towers 10-Point Financial OS Design Package, user-supplied 2026-08-21",,jchappell2120,,,predevelopment,yes,Inferred preliminary planning scenario. Replace line-by-line with source-backed evidence when available. | Standardized WBS category: land_acquisition; applicability: Project-wide.
4,Skyline Towers,High-Rise Mixed-Use Development,Preliminary Planning — Base,base,wbs_budget,WBS-006,extended_cost,High-rise mixed-use — Boundary and topographic survey,231250,usd,estimated,"pasted_content_25.txt, Skyline Towers 10-Point Financial OS Design Package, user-supplied 2026-08-21",,jchappell2120,,,predevelopment,yes,Inferred preliminary planning scenario. Replace line-by-line with source-backed evidence when available. | Standardized WBS category: land_acquisition; applicability: Project-wide.
4,Skyline Towers,High-Rise Mixed-Use Development,Preliminary Planning — Base,base,wbs_budget,WBS-007,extended_cost,High-rise mixed-use — Geotechnical investigation,346875,usd,estimated,"pasted_content_25.txt, Skyline Towers 10-Point Financial OS Design Package, user-supplied 2026-08-21",,jchappell2120,,,predevelopment,yes,Inferred preliminary planning scenario. Replace line-by-line with source-backed evidence when available. | Standardized WBS category: land_acquisition; applicability: Project-wide.
4,Skyline Towers,High-Rise Mixed-Use Development,Preliminary Planning — Base,base,wbs_budget,WBS-008,extended_cost,High-rise mixed-use — Acquisition brokerage,231250,usd,estimated,"pasted_content_25.txt, Skyline Towers 10-Point Financial OS Design Package, user-supplied 2026-08-21",,jchappell2120,,,predevelopment,yes,Inferred preliminary planning scenario. Replace line-by-line with source-backed evidence when available. | Standardized WBS category: land_acquisition; applicability: Project-wide.
4,Skyline Towers,High-Rise Mixed-Use Development,Preliminary Planning — Base,base,wbs_budget,WBS-009,extended_cost,High-rise mixed-use — Demolition and clearing allowance,231250,usd,estimated,"pasted_content_25.txt, Skyline Towers 10-Point Financial OS Design Package, user-supplied 2026-08-21",,jchappell2120,,,predevelopment,yes,Inferred preliminary planning scenario. Replace line-by-line with source-backed evidence when available. | Standardized WBS category: land_acquisition; applicability: Project-wide.
4,Skyline Towers,High-Rise Mixed-Use Development,Preliminary Planning — Base,base,wbs_budget,WBS-010,extended_cost,High-rise mixed-use — Land closing reserve,346875,usd,estimated,"pasted_content_25.txt, Skyline Towers 10-Point Financial OS Design Package, user-supplied 2026-08-21",,jchappell2120,,,predevelopment,yes,Inferred preliminary planning scenario. Replace line-by-line with source-backed evidence when available. | Standardized WBS category: land_acquisition; applicability: Project-wide.
4,Skyline Towers,High-Rise Mixed-Use Development,Preliminary Planning — Base,base,wbs_budget,WBS-011,extended_cost,High-rise mixed-use — Mass grading,3237500,usd,estimated,"pasted_content_25.txt, Skyline Towers 10-Point Financial OS Design Package, user-supplied 2026-08-21",,jchappell2120,,,construction,yes,Inferred preliminary planning scenario. Replace line-by-line with source-backed evidence when available. | Standardized WBS category: site_development; applicability: Project-wide.
4,Skyline Towers,High-Rise Mixed-Use Development,Preliminary Planning — Base,base,wbs_budget,WBS-012,extended_cost,High-rise mixed-use — Utility extension,2312500,usd,estimated,"pasted_content_25.txt, Skyline Towers 10-Point Financial OS Design Package, user-supplied 2026-08-21",,jchappell2120,,,construction,yes,Inferred preliminary planning scenario. Replace line-by-line with source-backed evidence when available. | Standardized WBS category: site_development; applicability: Project-wide.
4,Skyline Towers,High-Rise Mixed-Use Development,Preliminary Planning — Base,base,wbs_budget,WBS-013,extended_cost,High-rise mixed-use — Water and sewer improvements,2312500,usd,estimated,"pasted_content_25.txt, Skyline Towers 10-Point Financial OS Design Package, user-supplied 2026-08-21",,jchappell2120,,,construction,yes,Inferred preliminary planning scenario. Replace line-by-line with source-backed evidence when available. | Standardized WBS category: site_development; applicability: Project-wide.
4,Skyline Towers,High-Rise Mixed-Use Development,Preliminary Planning — Base,base,wbs_budget,WBS-014,extended_cost,High-rise mixed-use — Stormwater infrastructure,2312500,usd,estimated,"pasted_content_25.txt, Skyline Towers 10-Point Financial OS Design Package, user-supplied 2026-08-21",,jchappell2120,,,construction,yes,Inferred preliminary planning scenario. Replace line-by-line with source-backed evidence when available. | Standardized WBS category: site_development; applicability: Project-wide.
4,Skyline Towers,High-Rise Mixed-Use Development,Preliminary Planning — Base,base,wbs_budget,WBS-015,extended_cost,"High-rise mixed-use — Paving, curbs, and sidewalks",2081250,usd,estimated,"pasted_content_25.txt, Skyline Towers 10-Point Financial OS Design Package, user-supplied 2026-08-21",,jchappell2120,,,construction,yes,Inferred preliminary planning scenario. Replace line-by-line with source-backed evidence when available. | Standardized WBS category: site_development; applicability: Project-wide.
4,Skyline Towers,High-Rise Mixed-Use Development,Preliminary Planning — Base,base,wbs_budget,WBS-016,extended_cost,High-rise mixed-use — Landscape and irrigation,1156250,usd,estimated,"pasted_content_25.txt, Skyline Towers 10-Point Financial OS Design Package, user-supplied 2026-08-21",,jchappell2120,,,construction,yes,Inferred preliminary planning scenario. Replace line-by-line with source-backed evidence when available. | Standardized WBS category: site_development; applicability: Project-wide.
4,Skyline Towers,High-Rise Mixed-Use Development,Preliminary Planning — Base,base,wbs_budget,WBS-017,extended_cost,High-rise mixed-use — Detention and retention,1387500,usd,estimated,"pasted_content_25.txt, Skyline Towers 10-Point Financial OS Design Package, user-supplied 2026-08-21",,jchappell2120,,,construction,yes,Inferred preliminary planning scenario. Replace line-by-line with source-backed evidence when available. | Standardized WBS category: site_development; applicability: Project-wide.
4,Skyline Towers,High-Rise Mixed-Use Development,Preliminary Planning — Base,base,wbs_budget,WBS-018,extended_cost,High-rise mixed-use — Earthwork and import/export,1387500,usd,estimated,"pasted_content_25.txt, Skyline Towers 10-Point Financial OS Design Package, user-supplied 2026-08-21",,jchappell2120,,,construction,yes,Inferred preliminary planning scenario. Replace line-by-line with source-backed evidence when available. | Standardized WBS category: site_development; applicability: Project-wide.
4,Skyline Towers,High-Rise Mixed-Use Development,Preliminary Planning — Base,base,wbs_budget,WBS-019,extended_cost,High-rise mixed-use — Temporary utilities,925000,usd,estimated,"pasted_content_25.txt, Skyline Towers 10-Point Financial OS Design Package, user-supplied 2026-08-21",,jchappell2120,,,construction,yes,Inferred preliminary planning scenario. Replace line-by-line with source-backed evidence when available. | Standardized WBS category: site_development; applicability: Project-wide.
4,Skyline Towers,High-Rise Mixed-Use Development,Preliminary Planning — Base,base,wbs_budget,WBS-020,extended_cost,High-rise mixed-use — Site development reserve,1387500,usd,estimated,"pasted_content_25.txt, Skyline Towers 10-Point Financial OS Design Package, user-supplied 2026-08-21",,jchappell2120,,,construction,yes,Inferred preliminary planning scenario. Replace line-by-line with source-backed evidence when available. | Standardized WBS category: site_development; applicability: Project-wide.
4,Skyline Towers,High-Rise Mixed-Use Development,Preliminary Planning — Base,base,wbs_budget,WBS-021,extended_cost,High-rise mixed-use — LGS primary structure,5550000,usd,estimated,"pasted_content_25.txt, Skyline Towers 10-Point Financial OS Design Package, user-supplied 2026-08-21",,jchappell2120,,,construction,yes,Inferred preliminary planning scenario. Replace line-by-line with source-backed evidence when available. | Standardized WBS category: building_modular; applicability: All five buildings.
4,Skyline Towers,High-Rise Mixed-Use Development,Preliminary Planning — Base,base,wbs_budget,WBS-022,extended_cost,High-rise mixed-use — LGS secondary framing,3700000,usd,estimated,"pasted_content_25.txt, Skyline Towers 10-Point Financial OS Design Package, user-supplied 2026-08-21",,jchappell2120,,,construction,yes,Inferred preliminary planning scenario. Replace line-by-line with source-backed evidence when available. | Standardized WBS category: building_modular; applicability: All five buildings.
4,Skyline Towers,High-Rise Mixed-Use Development,Preliminary Planning — Base,base,wbs_budget,WBS-023,extended_cost,High-rise mixed-use — Structural connectors and fasteners,3237500,usd,estimated,"pasted_content_25.txt, Skyline Towers 10-Point Financial OS Design Package, user-supplied 2026-08-21",,jchappell2120,,,construction,yes,Inferred preliminary planning scenario. Replace line-by-line with source-backed evidence when available. | Standardized WBS category: building_modular; applicability: All five buildings.
4,Skyline Towers,High-Rise Mixed-Use Development,Preliminary Planning — Base,base,wbs_budget,WBS-024,extended_cost,High-rise mixed-use — Structural engineering coordination,2312500,usd,estimated,"pasted_content_25.txt, Skyline Towers 10-Point Financial OS Design Package, user-supplied 2026-08-21",,jchappell2120,,,construction,yes,Inferred preliminary planning scenario. Replace line-by-line with source-backed evidence when available. | Standardized WBS category: building_modular; applicability: All five buildings.
4,Skyline Towers,High-Rise Mixed-Use Development,Preliminary Planning — Base,base,wbs_budget,WBS-025,extended_cost,High-rise mixed-use — Structural fabrication reserve,1757500,usd,estimated,"pasted_content_25.txt, Skyline Towers 10-Point Financial OS Design Package, user-supplied 2026-08-21",,jchappell2120,,,construction,yes,Inferred preliminary planning scenario. Replace line-by-line with source-backed evidence when available. | Standardized WBS category: building_modular; applicability: All five buildings.
4,Skyline Towers,High-Rise Mixed-Use Development,Preliminary Planning — Base,base,wbs_budget,WBS-026,extended_cost,High-rise mixed-use — Exterior wall assemblies,3237500,usd,estimated,"pasted_content_25.txt, Skyline Towers 10-Point Financial OS Design Package, user-supplied 2026-08-21",,jchappell2120,,,construction,yes,Inferred preliminary planning scenario. Replace line-by-line with source-backed evidence when available. | Standardized WBS category: building_modular; applicability: All five buildings.
4,Skyline Towers,High-Rise Mixed-Use Development,Preliminary Planning — Base,base,wbs_budget,WBS-027,extended_cost,High-rise mixed-use — Exterior cladding,2312500,usd,estimated,"pasted_content_25.txt, Skyline Towers 10-Point Financial OS Design Package, user-supplied 2026-08-21",,jchappell2120,,,construction,yes,Inferred preliminary planning scenario. Replace line-by-line with source-backed evidence when available. | Standardized WBS category: building_modular; applicability: All five buildings.
4,Skyline Towers,High-Rise Mixed-Use Development,Preliminary Planning — Base,base,wbs_budget,WBS-028,extended_cost,High-rise mixed-use — Air and water barrier,2312500,usd,estimated,"pasted_content_25.txt, Skyline Towers 10-Point Financial OS Design Package, user-supplied 2026-08-21",,jchappell2120,,,construction,yes,Inferred preliminary planning scenario. Replace line-by-line with source-backed evidence when available. | Standardized WBS category: building_modular; applicability: All five buildings.
4,Skyline Towers,High-Rise Mixed-Use Development,Preliminary Planning — Base,base,wbs_budget,WBS-029,extended_cost,High-rise mixed-use — Insulation systems,2127500,usd,estimated,"pasted_content_25.txt, Skyline Towers 10-Point Financial OS Design Package, user-supplied 2026-08-21",,jchappell2120,,,construction,yes,Inferred preliminary planning scenario. Replace line-by-line with source-backed evidence when available. | Standardized WBS category: building_modular; applicability: All five buildings.
4,Skyline Towers,High-Rise Mixed-Use Development,Preliminary Planning — Base,base,wbs_budget,WBS-030,extended_cost,High-rise mixed-use — Exterior finish reserve,1850000,usd,estimated,"pasted_content_25.txt, Skyline Towers 10-Point Financial OS Design Package, user-supplied 2026-08-21",,jchappell2120,,,construction,yes,Inferred preliminary planning scenario. Replace line-by-line with source-backed evidence when available. | Standardized WBS category: building_modular; applicability: All five buildings.
4,Skyline Towers,High-Rise Mixed-Use Development,Preliminary Planning — Base,base,wbs_budget,WBS-031,extended_cost,High-rise mixed-use — Plumbing rough-in,4162500,usd,estimated,"pasted_content_25.txt, Skyline Towers 10-Point Financial OS Design Package, user-supplied 2026-08-21",,jchappell2120,,,construction,yes,Inferred preliminary planning scenario. Replace line-by-line with source-backed evidence when available. | Standardized WBS category: building_modular; applicability: All five buildings.
4,Skyline Towers,High-Rise Mixed-Use Development,Preliminary Planning — Base,base,wbs_budget,WBS-032,extended_cost,High-rise mixed-use — Electrical rough-in,4162500,usd,estimated,"pasted_content_25.txt, Skyline Towers 10-Point Financial OS Design Package, user-supplied 2026-08-21",,jchappell2120,,,construction,yes,Inferred preliminary planning scenario. Replace line-by-line with source-backed evidence when available. | Standardized WBS category: building_modular; applicability: All five buildings.
4,Skyline Towers,High-Rise Mixed-Use Development,Preliminary Planning — Base,base,wbs_budget,WBS-033,extended_cost,High-rise mixed-use — HVAC equipment and distribution,4162500,usd,estimated,"pasted_content_25.txt, Skyline Towers 10-Point Financial OS Design Package, user-supplied 2026-08-21",,jchappell2120,,,construction,yes,Inferred preliminary planning scenario. Replace line-by-line with source-backed evidence when available. | Standardized WBS category: building_modular; applicability: All five buildings.
4,Skyline Towers,High-Rise Mixed-Use Development,Preliminary Planning — Base,base,wbs_budget,WBS-034,extended_cost,High-rise mixed-use — Fire protection,2543750,usd,estimated,"pasted_content_25.txt, Skyline Towers 10-Point Financial OS Design Package, user-supplied 2026-08-21",,jchappell2120,,,construction,yes,Inferred preliminary planning scenario. Replace line-by-line with source-backed evidence when available. | Standardized WBS category: building_modular; applicability: All five buildings.
4,Skyline Towers,High-Rise Mixed-Use Development,Preliminary Planning — Base,base,wbs_budget,WBS-035,extended_cost,High-rise mixed-use — Low-voltage and controls,1618750,usd,estimated,"pasted_content_25.txt, Skyline Towers 10-Point Financial OS Design Package, user-supplied 2026-08-21",,jchappell2120,,,construction,yes,Inferred preliminary planning scenario. Replace line-by-line with source-backed evidence when available. | Standardized WBS category: building_modular; applicability: All five buildings.
4,Skyline Towers,High-Rise Mixed-Use Development,Preliminary Planning — Base,base,wbs_budget,WBS-036,extended_cost,High-rise mixed-use — Metering and service equipment,925000,usd,estimated,"pasted_content_25.txt, Skyline Towers 10-Point Financial OS Design Package, user-supplied 2026-08-21",,jchappell2120,,,construction,yes,Inferred preliminary planning scenario. Replace line-by-line with source-backed evidence when available. | Standardized WBS category: building_modular; applicability: All five buildings.
4,Skyline Towers,High-Rise Mixed-Use Development,Preliminary Planning — Base,base,wbs_budget,WBS-037,extended_cost,High-rise mixed-use — MEP design coordination,3006250,usd,estimated,"pasted_content_25.txt, Skyline Towers 10-Point Financial OS Design Package, user-supplied 2026-08-21",,jchappell2120,,,construction,yes,Inferred preliminary planning scenario. Replace line-by-line with source-backed evidence when available. | Standardized WBS category: building_modular; applicability: All five buildings.
4,Skyline Towers,High-Rise Mixed-Use Development,Preliminary Planning — Base,base,wbs_budget,WBS-038,extended_cost,High-rise mixed-use — MEP integration reserve,3098750,usd,estimated,"pasted_content_25.txt, Skyline Towers 10-Point Financial OS Design Package, user-supplied 2026-08-21",,jchappell2120,,,construction,yes,Inferred preliminary planning scenario. Replace line-by-line with source-backed evidence when available. | Standardized WBS category: building_modular; applicability: All five buildings.
4,Skyline Towers,High-Rise Mixed-Use Development,Preliminary Planning — Base,base,wbs_budget,WBS-039,extended_cost,High-rise mixed-use — Unit framing and partitions,3237500,usd,estimated,"pasted_content_25.txt, Skyline Towers 10-Point Financial OS Design Package, user-supplied 2026-08-21",,jchappell2120,,,construction,yes,Inferred preliminary planning scenario. Replace line-by-line with source-backed evidence when available. | Standardized WBS category: building_modular; applicability: All five buildings.
4,Skyline Towers,High-Rise Mixed-Use Development,Preliminary Planning — Base,base,wbs_budget,WBS-040,extended_cost,High-rise mixed-use — Drywall and finish prep,3237500,usd,estimated,"pasted_content_25.txt, Skyline Towers 10-Point Financial OS Design Package, user-supplied 2026-08-21",,jchappell2120,,,construction,yes,Inferred preliminary planning scenario. Replace line-by-line with source-backed evidence when available. | Standardized WBS category: building_modular; applicability: All five buildings.
4,Skyline Towers,High-Rise Mixed-Use Development,Preliminary Planning — Base,base,wbs_budget,WBS-041,extended_cost,High-rise mixed-use — Interior paint,1850000,usd,estimated,"pasted_content_25.txt, Skyline Towers 10-Point Financial OS Design Package, user-supplied 2026-08-21",,jchappell2120,,,construction,yes,Inferred preliminary planning scenario. Replace line-by-line with source-backed evidence when available. | Standardized WBS category: building_modular; applicability: All five buildings.
4,Skyline Towers,High-Rise Mixed-Use Development,Preliminary Planning — Base,base,wbs_budget,WBS-042,extended_cost,High-rise mixed-use — Flooring,3700000,usd,estimated,"pasted_content_25.txt, Skyline Towers 10-Point Financial OS Design Package, user-supplied 2026-08-21",,jchappell2120,,,construction,yes,Inferred preliminary planning scenario. Replace line-by-line with source-backed evidence when available. | Standardized WBS category: building_modular; applicability: All five buildings.
4,Skyline Towers,High-Rise Mixed-Use Development,Preliminary Planning — Base,base,wbs_budget,WBS-043,extended_cost,High-rise mixed-use — Cabinets and countertops,4162500,usd,estimated,"pasted_content_25.txt, Skyline Towers 10-Point Financial OS Design Package, user-supplied 2026-08-21",,jchappell2120,,,construction,yes,Inferred preliminary planning scenario. Replace line-by-line with source-backed evidence when available. | Standardized WBS category: building_modular; applicability: All five buildings.
4,Skyline Towers,High-Rise Mixed-Use Development,Preliminary Planning — Base,base,wbs_budget,WBS-044,extended_cost,High-rise mixed-use — Millwork,2775000,usd,estimated,"pasted_content_25.txt, Skyline Towers 10-Point Financial OS Design Package, user-supplied 2026-08-21",,jchappell2120,,,construction,yes,Inferred preliminary planning scenario. Replace line-by-line with source-backed evidence when available. | Standardized WBS category: building_modular; applicability: All five buildings.
4,Skyline Towers,High-Rise Mixed-Use Development,Preliminary Planning — Base,base,wbs_budget,WBS-045,extended_cost,High-rise mixed-use — Bathroom finishes,3700000,usd,estimated,"pasted_content_25.txt, Skyline Towers 10-Point Financial OS Design Package, user-supplied 2026-08-21",,jchappell2120,,,construction,yes,Inferred preliminary planning scenario. Replace line-by-line with source-backed evidence when available. | Standardized WBS category: building_modular; applicability: All five buildings.
4,Skyline Towers,High-Rise Mixed-Use Development,Preliminary Planning — Base,base,wbs_budget,WBS-046,extended_cost,High-rise mixed-use — Interior doors and hardware,2312500,usd,estimated,"pasted_content_25.txt, Skyline Towers 10-Point Financial OS Design Package, user-supplied 2026-08-21",,jchappell2120,,,construction,yes,Inferred preliminary planning scenario. Replace line-by-line with source-backed evidence when available. | Standardized WBS category: building_modular; applicability: All five buildings.
4,Skyline Towers,High-Rise Mixed-Use Development,Preliminary Planning — Base,base,wbs_budget,WBS-047,extended_cost,High-rise mixed-use — Roofing membrane,3700000,usd,estimated,"pasted_content_25.txt, Skyline Towers 10-Point Financial OS Design Package, user-supplied 2026-08-21",,jchappell2120,,,construction,yes,Inferred preliminary planning scenario. Replace line-by-line with source-backed evidence when available. | Standardized WBS category: building_modular; applicability: All five buildings.
4,Skyline Towers,High-Rise Mixed-Use Development,Preliminary Planning — Base,base,wbs_budget,WBS-048,extended_cost,High-rise mixed-use — Roof insulation and accessories,2220000,usd,estimated,"pasted_content_25.txt, Skyline Towers 10-Point Financial OS Design Package, user-supplied 2026-08-21",,jchappell2120,,,construction,yes,Inferred preliminary planning scenario. Replace line-by-line with source-backed evidence when available. | Standardized WBS category: building_modular; applicability: All five buildings.
4,Skyline Towers,High-Rise Mixed-Use Development,Preliminary Planning — Base,base,wbs_budget,WBS-049,extended_cost,High-rise mixed-use — Windows,5087500,usd,estimated,"pasted_content_25.txt, Skyline Towers 10-Point Financial OS Design Package, user-supplied 2026-08-21",,jchappell2120,,,construction,yes,Inferred preliminary planning scenario. Replace line-by-line with source-backed evidence when available. | Standardized WBS category: building_modular; applicability: All five buildings.
4,Skyline Towers,High-Rise Mixed-Use Development,Preliminary Planning — Base,base,wbs_budget,WBS-050,extended_cost,High-rise mixed-use — Exterior doors and glazing,2035000,usd,estimated,"pasted_content_25.txt, Skyline Towers 10-Point Financial OS Design Package, user-supplied 2026-08-21",,jchappell2120,,,construction,yes,Inferred preliminary planning scenario. Replace line-by-line with source-backed evidence when available. | Standardized WBS category: building_modular; applicability: All five buildings.
4,Skyline Towers,High-Rise Mixed-Use Development,Preliminary Planning — Base,base,wbs_budget,WBS-051,extended_cost,High-rise mixed-use — Appliances,2312500,usd,estimated,"pasted_content_25.txt, Skyline Towers 10-Point Financial OS Design Package, user-supplied 2026-08-21",,jchappell2120,,,construction,yes,Inferred preliminary planning scenario. Replace line-by-line with source-backed evidence when available. | Standardized WBS category: building_modular; applicability: All five buildings.
4,Skyline Towers,High-Rise Mixed-Use Development,Preliminary Planning — Base,base,wbs_budget,WBS-052,extended_cost,High-rise mixed-use — Plumbing fixtures,1850000,usd,estimated,"pasted_content_25.txt, Skyline Towers 10-Point Financial OS Design Package, user-supplied 2026-08-21",,jchappell2120,,,construction,yes,Inferred preliminary planning scenario. Replace line-by-line with source-backed evidence when available. | Standardized WBS category: building_modular; applicability: All five buildings.
4,Skyline Towers,High-Rise Mixed-Use Development,Preliminary Planning — Base,base,wbs_budget,WBS-053,extended_cost,High-rise mixed-use — Electrical fixtures,1757500,usd,estimated,"pasted_content_25.txt, Skyline Towers 10-Point Financial OS Design Package, user-supplied 2026-08-21",,jchappell2120,,,construction,yes,Inferred preliminary planning scenario. Replace line-by-line with source-backed evidence when available. | Standardized WBS category: building_modular; applicability: All five buildings.
4,Skyline Towers,High-Rise Mixed-Use Development,Preliminary Planning — Base,base,wbs_budget,WBS-054,extended_cost,High-rise mixed-use — Common-area finishes,3237500,usd,estimated,"pasted_content_25.txt, Skyline Towers 10-Point Financial OS Design Package, user-supplied 2026-08-21",,jchappell2120,,,construction,yes,Inferred preliminary planning scenario. Replace line-by-line with source-backed evidence when available. | Standardized WBS category: building_modular; applicability: All five buildings.
4,Skyline Towers,High-Rise Mixed-Use Development,Preliminary Planning — Base,base,wbs_budget,WBS-055,extended_cost,High-rise mixed-use — Amenity equipment,2312500,usd,estimated,"pasted_content_25.txt, Skyline Towers 10-Point Financial OS Design Package, user-supplied 2026-08-21",,jchappell2120,,,construction,yes,Inferred preliminary planning scenario. Replace line-by-line with source-backed evidence when available. | Standardized WBS category: building_modular; applicability: Project-wide.
4,Skyline Towers,High-Rise Mixed-Use Development,Preliminary Planning — Base,base,wbs_budget,WBS-056,extended_cost,High-rise mixed-use — Common-area furnishings allowance,1572500,usd,estimated,"pasted_content_25.txt, Skyline Towers 10-Point Financial OS Design Package, user-supplied 2026-08-21",,jchappell2120,,,construction,yes,Inferred preliminary planning scenario. Replace line-by-line with source-backed evidence when available. | Standardized WBS category: building_modular; applicability: Project-wide.
4,Skyline Towers,High-Rise Mixed-Use Development,Preliminary Planning — Base,base,wbs_budget,WBS-057,extended_cost,High-rise mixed-use — QA/QC inspection,3468750,usd,estimated,"pasted_content_25.txt, Skyline Towers 10-Point Financial OS Design Package, user-supplied 2026-08-21",,jchappell2120,,,commissioning,yes,Inferred preliminary planning scenario. Replace line-by-line with source-backed evidence when available. | Standardized WBS category: building_modular; applicability: All five buildings.
4,Skyline Towers,High-Rise Mixed-Use Development,Preliminary Planning — Base,base,wbs_budget,WBS-058,extended_cost,High-rise mixed-use — Building commissioning,2312500,usd,estimated,"pasted_content_25.txt, Skyline Towers 10-Point Financial OS Design Package, user-supplied 2026-08-21",,jchappell2120,,,commissioning,yes,Inferred preliminary planning scenario. Replace line-by-line with source-backed evidence when available. | Standardized WBS category: building_modular; applicability: All five buildings.
4,Skyline Towers,High-Rise Mixed-Use Development,Preliminary Planning — Base,base,wbs_budget,WBS-059,extended_cost,High-rise mixed-use — Punch and turnover,2312500,usd,estimated,"pasted_content_25.txt, Skyline Towers 10-Point Financial OS Design Package, user-supplied 2026-08-21",,jchappell2120,,,building_completion,yes,Inferred preliminary planning scenario. Replace line-by-line with source-backed evidence when available. | Standardized WBS category: building_modular; applicability: All five buildings.
4,Skyline Towers,High-Rise Mixed-Use Development,Preliminary Planning — Base,base,wbs_budget,WBS-060,extended_cost,High-rise mixed-use — Building completion reserve,7168750,usd,estimated,"pasted_content_25.txt, Skyline Towers 10-Point Financial OS Design Package, user-supplied 2026-08-21",,jchappell2120,,,building_completion,yes,Inferred preliminary planning scenario. Replace line-by-line with source-backed evidence when available. | Standardized WBS category: building_modular; applicability: All five buildings.
4,Skyline Towers,High-Rise Mixed-Use Development,Preliminary Planning — Base,base,wbs_budget,WBS-061,extended_cost,High-rise mixed-use — Factory production setup,925000,usd,estimated,"pasted_content_25.txt, Skyline Towers 10-Point Financial OS Design Package, user-supplied 2026-08-21",,jchappell2120,,,factory_production,yes,Inferred preliminary planning scenario. Replace line-by-line with source-backed evidence when available. | Standardized WBS category: factory_logistics_installation; applicability: All five buildings.
4,Skyline Towers,High-Rise Mixed-Use Development,Preliminary Planning — Base,base,wbs_budget,WBS-062,extended_cost,High-rise mixed-use — Panel and module assembly,832500,usd,estimated,"pasted_content_25.txt, Skyline Towers 10-Point Financial OS Design Package, user-supplied 2026-08-21",,jchappell2120,,,factory_production,yes,Inferred preliminary planning scenario. Replace line-by-line with source-backed evidence when available. | Standardized WBS category: factory_logistics_installation; applicability: All five buildings.
4,Skyline Towers,High-Rise Mixed-Use Development,Preliminary Planning — Base,base,wbs_budget,WBS-063,extended_cost,High-rise mixed-use — Factory labor coordination,832500,usd,estimated,"pasted_content_25.txt, Skyline Towers 10-Point Financial OS Design Package, user-supplied 2026-08-21",,jchappell2120,,,factory_production,yes,Inferred preliminary planning scenario. Replace line-by-line with source-backed evidence when available. | Standardized WBS category: factory_logistics_installation; applicability: All five buildings.
4,Skyline Towers,High-Rise Mixed-Use Development,Preliminary Planning — Base,base,wbs_budget,WBS-064,extended_cost,High-rise mixed-use — Factory QA hold points,462500,usd,estimated,"pasted_content_25.txt, Skyline Towers 10-Point Financial OS Design Package, user-supplied 2026-08-21",,jchappell2120,,,factory_production,yes,Inferred preliminary planning scenario. Replace line-by-line with source-backed evidence when available. | Standardized WBS category: factory_logistics_installation; applicability: All five buildings.
4,Skyline Towers,High-Rise Mixed-Use Development,Preliminary Planning — Base,base,wbs_budget,WBS-065,extended_cost,High-rise mixed-use — Packaging and protection,370000,usd,estimated,"pasted_content_25.txt, Skyline Towers 10-Point Financial OS Design Package, user-supplied 2026-08-21",,jchappell2120,,,factory_production,yes,Inferred preliminary planning scenario. Replace line-by-line with source-backed evidence when available. | Standardized WBS category: factory_logistics_installation; applicability: All five buildings.
4,Skyline Towers,High-Rise Mixed-Use Development,Preliminary Planning — Base,base,wbs_budget,WBS-066,extended_cost,High-rise mixed-use — Staging and handling,462500,usd,estimated,"pasted_content_25.txt, Skyline Towers 10-Point Financial OS Design Package, user-supplied 2026-08-21",,jchappell2120,,,logistics,yes,Inferred preliminary planning scenario. Replace line-by-line with source-backed evidence when available. | Standardized WBS category: factory_logistics_installation; applicability: All five buildings.
4,Skyline Towers,High-Rise Mixed-Use Development,Preliminary Planning — Base,base,wbs_budget,WBS-067,extended_cost,High-rise mixed-use — Transportation,1156250,usd,estimated,"pasted_content_25.txt, Skyline Towers 10-Point Financial OS Design Package, user-supplied 2026-08-21",,jchappell2120,,,transportation,yes,Inferred preliminary planning scenario. Replace line-by-line with source-backed evidence when available. | Standardized WBS category: factory_logistics_installation; applicability: All five buildings.
4,Skyline Towers,High-Rise Mixed-Use Development,Preliminary Planning — Base,base,wbs_budget,WBS-068,extended_cost,High-rise mixed-use — Route and permit coordination,231250,usd,estimated,"pasted_content_25.txt, Skyline Towers 10-Point Financial OS Design Package, user-supplied 2026-08-21",,jchappell2120,,,transportation,yes,Inferred preliminary planning scenario. Replace line-by-line with source-backed evidence when available. | Standardized WBS category: factory_logistics_installation; applicability: All five buildings.
4,Skyline Towers,High-Rise Mixed-Use Development,Preliminary Planning — Base,base,wbs_budget,WBS-069,extended_cost,High-rise mixed-use — Transit insurance allowance,231250,usd,estimated,"pasted_content_25.txt, Skyline Towers 10-Point Financial OS Design Package, user-supplied 2026-08-21",,jchappell2120,,,transportation,yes,Inferred preliminary planning scenario. Replace line-by-line with source-backed evidence when available. | Standardized WBS category: factory_logistics_installation; applicability: All five buildings.
4,Skyline Towers,High-Rise Mixed-Use Development,Preliminary Planning — Base,base,wbs_budget,WBS-070,extended_cost,High-rise mixed-use — Site receiving,462500,usd,estimated,"pasted_content_25.txt, Skyline Towers 10-Point Financial OS Design Package, user-supplied 2026-08-21",,jchappell2120,,,site_installation,yes,Inferred preliminary planning scenario. Replace line-by-line with source-backed evidence when available. | Standardized WBS category: factory_logistics_installation; applicability: All five buildings.
4,Skyline Towers,High-Rise Mixed-Use Development,Preliminary Planning — Base,base,wbs_budget,WBS-071,extended_cost,High-rise mixed-use — Crane and lifting,925000,usd,estimated,"pasted_content_25.txt, Skyline Towers 10-Point Financial OS Design Package, user-supplied 2026-08-21",,jchappell2120,,,site_installation,yes,Inferred preliminary planning scenario. Replace line-by-line with source-backed evidence when available. | Standardized WBS category: factory_logistics_installation; applicability: All five buildings.
4,Skyline Towers,High-Rise Mixed-Use Development,Preliminary Planning — Base,base,wbs_budget,WBS-072,extended_cost,High-rise mixed-use — Set and alignment,693750,usd,estimated,"pasted_content_25.txt, Skyline Towers 10-Point Financial OS Design Package, user-supplied 2026-08-21",,jchappell2120,,,site_installation,yes,Inferred preliminary planning scenario. Replace line-by-line with source-backed evidence when available. | Standardized WBS category: factory_logistics_installation; applicability: All five buildings.
4,Skyline Towers,High-Rise Mixed-Use Development,Preliminary Planning — Base,base,wbs_budget,WBS-073,extended_cost,High-rise mixed-use — Installation coordination,462500,usd,estimated,"pasted_content_25.txt, Skyline Towers 10-Point Financial OS Design Package, user-supplied 2026-08-21",,jchappell2120,,,site_installation,yes,Inferred preliminary planning scenario. Replace line-by-line with source-backed evidence when available. | Standardized WBS category: factory_logistics_installation; applicability: All five buildings.
4,Skyline Towers,High-Rise Mixed-Use Development,Preliminary Planning — Base,base,wbs_budget,WBS-074,extended_cost,High-rise mixed-use — Temporary weather protection,370000,usd,estimated,"pasted_content_25.txt, Skyline Towers 10-Point Financial OS Design Package, user-supplied 2026-08-21",,jchappell2120,,,site_installation,yes,Inferred preliminary planning scenario. Replace line-by-line with source-backed evidence when available. | Standardized WBS category: factory_logistics_installation; applicability: All five buildings.
4,Skyline Towers,High-Rise Mixed-Use Development,Preliminary Planning — Base,base,wbs_budget,WBS-075,extended_cost,High-rise mixed-use — Logistics reserve,832500,usd,estimated,"pasted_content_25.txt, Skyline Towers 10-Point Financial OS Design Package, user-supplied 2026-08-21",,jchappell2120,,,site_installation,yes,Inferred preliminary planning scenario. Replace line-by-line with source-backed evidence when available. | Standardized WBS category: factory_logistics_installation; applicability: All five buildings.
4,Skyline Towers,High-Rise Mixed-Use Development,Preliminary Planning — Base,base,wbs_budget,WBS-076,extended_cost,High-rise mixed-use — Architecture,1387500,usd,estimated,"pasted_content_25.txt, Skyline Towers 10-Point Financial OS Design Package, user-supplied 2026-08-21",,jchappell2120,,,design_entitlement,yes,Inferred preliminary planning scenario. Replace line-by-line with source-backed evidence when available. | Standardized WBS category: professional_soft_costs; applicability: Project-wide.
4,Skyline Towers,High-Rise Mixed-Use Development,Preliminary Planning — Base,base,wbs_budget,WBS-077,extended_cost,High-rise mixed-use — Structural engineering,925000,usd,estimated,"pasted_content_25.txt, Skyline Towers 10-Point Financial OS Design Package, user-supplied 2026-08-21",,jchappell2120,,,design_entitlement,yes,Inferred preliminary planning scenario. Replace line-by-line with source-backed evidence when available. | Standardized WBS category: professional_soft_costs; applicability: Project-wide.
4,Skyline Towers,High-Rise Mixed-Use Development,Preliminary Planning — Base,base,wbs_budget,WBS-078,extended_cost,High-rise mixed-use — MEP engineering,925000,usd,estimated,"pasted_content_25.txt, Skyline Towers 10-Point Financial OS Design Package, user-supplied 2026-08-21",,jchappell2120,,,design_entitlement,yes,Inferred preliminary planning scenario. Replace line-by-line with source-backed evidence when available. | Standardized WBS category: professional_soft_costs; applicability: Project-wide.
4,Skyline Towers,High-Rise Mixed-Use Development,Preliminary Planning — Base,base,wbs_budget,WBS-079,extended_cost,High-rise mixed-use — Civil engineering,693750,usd,estimated,"pasted_content_25.txt, Skyline Towers 10-Point Financial OS Design Package, user-supplied 2026-08-21",,jchappell2120,,,design_entitlement,yes,Inferred preliminary planning scenario. Replace line-by-line with source-backed evidence when available. | Standardized WBS category: professional_soft_costs; applicability: Project-wide.
4,Skyline Towers,High-Rise Mixed-Use Development,Preliminary Planning — Base,base,wbs_budget,WBS-080,extended_cost,High-rise mixed-use — Permitting and entitlement,462500,usd,estimated,"pasted_content_25.txt, Skyline Towers 10-Point Financial OS Design Package, user-supplied 2026-08-21",,jchappell2120,,,design_entitlement,yes,Inferred preliminary planning scenario. Replace line-by-line with source-backed evidence when available. | Standardized WBS category: professional_soft_costs; applicability: Project-wide.
4,Skyline Towers,High-Rise Mixed-Use Development,Preliminary Planning — Base,base,wbs_budget,WBS-081,extended_cost,High-rise mixed-use — Project management,1387500,usd,estimated,"pasted_content_25.txt, Skyline Towers 10-Point Financial OS Design Package, user-supplied 2026-08-21",,jchappell2120,,,construction,yes,Inferred preliminary planning scenario. Replace line-by-line with source-backed evidence when available. | Standardized WBS category: professional_soft_costs; applicability: Project-wide.
4,Skyline Towers,High-Rise Mixed-Use Development,Preliminary Planning — Base,base,wbs_budget,WBS-082,extended_cost,High-rise mixed-use — Legal,693750,usd,estimated,"pasted_content_25.txt, Skyline Towers 10-Point Financial OS Design Package, user-supplied 2026-08-21",,jchappell2120,,,predevelopment,yes,Inferred preliminary planning scenario. Replace line-by-line with source-backed evidence when available. | Standardized WBS category: professional_soft_costs; applicability: Project-wide.
4,Skyline Towers,High-Rise Mixed-Use Development,Preliminary Planning — Base,base,wbs_budget,WBS-083,extended_cost,High-rise mixed-use — Accounting and tax,462500,usd,estimated,"pasted_content_25.txt, Skyline Towers 10-Point Financial OS Design Package, user-supplied 2026-08-21",,jchappell2120,,,predevelopment,yes,Inferred preliminary planning scenario. Replace line-by-line with source-backed evidence when available. | Standardized WBS category: professional_soft_costs; applicability: Project-wide.
4,Skyline Towers,High-Rise Mixed-Use Development,Preliminary Planning — Base,base,wbs_budget,WBS-084,extended_cost,High-rise mixed-use — Builder's risk insurance,693750,usd,estimated,"pasted_content_25.txt, Skyline Towers 10-Point Financial OS Design Package, user-supplied 2026-08-21",,jchappell2120,,,construction,yes,Inferred preliminary planning scenario. Replace line-by-line with source-backed evidence when available. | Standardized WBS category: professional_soft_costs; applicability: Project-wide.
4,Skyline Towers,High-Rise Mixed-Use Development,Preliminary Planning — Base,base,wbs_budget,WBS-085,extended_cost,High-rise mixed-use — Marketing,693750,usd,estimated,"pasted_content_25.txt, Skyline Towers 10-Point Financial OS Design Package, user-supplied 2026-08-21",,jchappell2120,,,lease_up_stabilization,yes,Inferred preliminary planning scenario. Replace line-by-line with source-backed evidence when available. | Standardized WBS category: professional_soft_costs; applicability: Project-wide.
4,Skyline Towers,High-Rise Mixed-Use Development,Preliminary Planning — Base,base,wbs_budget,WBS-086,extended_cost,High-rise mixed-use — Leasing,693750,usd,estimated,"pasted_content_25.txt, Skyline Towers 10-Point Financial OS Design Package, user-supplied 2026-08-21",,jchappell2120,,,lease_up_stabilization,yes,Inferred preliminary planning scenario. Replace line-by-line with source-backed evidence when available. | Standardized WBS category: professional_soft_costs; applicability: Project-wide.
4,Skyline Towers,High-Rise Mixed-Use Development,Preliminary Planning — Base,base,wbs_budget,WBS-087,extended_cost,High-rise mixed-use — Leasing commissions,925000,usd,estimated,"pasted_content_25.txt, Skyline Towers 10-Point Financial OS Design Package, user-supplied 2026-08-21",,jchappell2120,,,lease_up_stabilization,yes,Inferred preliminary planning scenario. Replace line-by-line with source-backed evidence when available. | Standardized WBS category: professional_soft_costs; applicability: Project-wide.
4,Skyline Towers,High-Rise Mixed-Use Development,Preliminary Planning — Base,base,wbs_budget,WBS-088,extended_cost,High-rise mixed-use — Owner administration reserve,1156250,usd,estimated,"pasted_content_25.txt, Skyline Towers 10-Point Financial OS Design Package, user-supplied 2026-08-21",,jchappell2120,,,predevelopment,yes,Inferred preliminary planning scenario. Replace line-by-line with source-backed evidence when available. | Standardized WBS category: professional_soft_costs; applicability: Project-wide.
4,Skyline Towers,High-Rise Mixed-Use Development,Preliminary Planning — Base,base,wbs_budget,WBS-089,extended_cost,High-rise mixed-use — Loan origination,1618750,usd,estimated,"pasted_content_25.txt, Skyline Towers 10-Point Financial OS Design Package, user-supplied 2026-08-21",,jchappell2120,,,predevelopment,yes,Inferred preliminary planning scenario. Replace line-by-line with source-backed evidence when available. | Standardized WBS category: financing_carry; applicability: Project-wide.
4,Skyline Towers,High-Rise Mixed-Use Development,Preliminary Planning — Base,base,wbs_budget,WBS-090,extended_cost,High-rise mixed-use — Interest carry,1850000,usd,estimated,"pasted_content_25.txt, Skyline Towers 10-Point Financial OS Design Package, user-supplied 2026-08-21",,jchappell2120,,,construction,yes,Inferred preliminary planning scenario. Replace line-by-line with source-backed evidence when available. | Standardized WBS category: financing_carry; applicability: Project-wide.
4,Skyline Towers,High-Rise Mixed-Use Development,Preliminary Planning — Base,base,wbs_budget,WBS-091,extended_cost,High-rise mixed-use — Lender legal and diligence,462500,usd,estimated,"pasted_content_25.txt, Skyline Towers 10-Point Financial OS Design Package, user-supplied 2026-08-21",,jchappell2120,,,predevelopment,yes,Inferred preliminary planning scenario. Replace line-by-line with source-backed evidence when available. | Standardized WBS category: financing_carry; applicability: Project-wide.
4,Skyline Towers,High-Rise Mixed-Use Development,Preliminary Planning — Base,base,wbs_budget,WBS-092,extended_cost,High-rise mixed-use — Loan administration,462500,usd,estimated,"pasted_content_25.txt, Skyline Towers 10-Point Financial OS Design Package, user-supplied 2026-08-21",,jchappell2120,,,construction,yes,Inferred preliminary planning scenario. Replace line-by-line with source-backed evidence when available. | Standardized WBS category: financing_carry; applicability: Project-wide.
4,Skyline Towers,High-Rise Mixed-Use Development,Preliminary Planning — Base,base,wbs_budget,WBS-093,extended_cost,High-rise mixed-use — Interest reserve,693750,usd,estimated,"pasted_content_25.txt, Skyline Towers 10-Point Financial OS Design Package, user-supplied 2026-08-21",,jchappell2120,,,construction,yes,Inferred preliminary planning scenario. Replace line-by-line with source-backed evidence when available. | Standardized WBS category: financing_carry; applicability: Project-wide.
4,Skyline Towers,High-Rise Mixed-Use Development,Preliminary Planning — Base,base,wbs_budget,WBS-094,extended_cost,High-rise mixed-use — Extension reserve,462500,usd,estimated,"pasted_content_25.txt, Skyline Towers 10-Point Financial OS Design Package, user-supplied 2026-08-21",,jchappell2120,,,construction,yes,Inferred preliminary planning scenario. Replace line-by-line with source-backed evidence when available. | Standardized WBS category: financing_carry; applicability: Project-wide.
4,Skyline Towers,High-Rise Mixed-Use Development,Preliminary Planning — Base,base,wbs_budget,WBS-095,extended_cost,High-rise mixed-use — Construction contingency,1387500,usd,estimated,"pasted_content_25.txt, Skyline Towers 10-Point Financial OS Design Package, user-supplied 2026-08-21",,jchappell2120,,,construction,yes,Inferred preliminary planning scenario. Replace line-by-line with source-backed evidence when available. | Standardized WBS category: contingency; applicability: All five buildings.
4,Skyline Towers,High-Rise Mixed-Use Development,Preliminary Planning — Base,base,wbs_budget,WBS-096,extended_cost,High-rise mixed-use — Site contingency,462500,usd,estimated,"pasted_content_25.txt, Skyline Towers 10-Point Financial OS Design Package, user-supplied 2026-08-21",,jchappell2120,,,construction,yes,Inferred preliminary planning scenario. Replace line-by-line with source-backed evidence when available. | Standardized WBS category: contingency; applicability: Project-wide.
4,Skyline Towers,High-Rise Mixed-Use Development,Preliminary Planning — Base,base,wbs_budget,WBS-097,extended_cost,High-rise mixed-use — Materials contingency,462500,usd,estimated,"pasted_content_25.txt, Skyline Towers 10-Point Financial OS Design Package, user-supplied 2026-08-21",,jchappell2120,,,construction,yes,Inferred preliminary planning scenario. Replace line-by-line with source-backed evidence when available. | Standardized WBS category: contingency; applicability: All five buildings.
4,Skyline Towers,High-Rise Mixed-Use Development,Preliminary Planning — Base,base,wbs_budget,WBS-098,extended_cost,High-rise mixed-use — Factory contingency,462500,usd,estimated,"pasted_content_25.txt, Skyline Towers 10-Point Financial OS Design Package, user-supplied 2026-08-21",,jchappell2120,,,factory_production,yes,Inferred preliminary planning scenario. Replace line-by-line with source-backed evidence when available. | Standardized WBS category: contingency; applicability: All five buildings.
4,Skyline Towers,High-Rise Mixed-Use Development,Preliminary Planning — Base,base,wbs_budget,WBS-099,extended_cost,High-rise mixed-use — Schedule contingency,462500,usd,estimated,"pasted_content_25.txt, Skyline Towers 10-Point Financial OS Design Package, user-supplied 2026-08-21",,jchappell2120,,,construction,yes,Inferred preliminary planning scenario. Replace line-by-line with source-backed evidence when available. | Standardized WBS category: contingency; applicability: Project-wide.
4,Skyline Towers,High-Rise Mixed-Use Development,Preliminary Planning — Base,base,wbs_budget,WBS-100,extended_cost,High-rise mixed-use — Closeout contingency,462500,usd,estimated,"pasted_content_25.txt, Skyline Towers 10-Point Financial OS Design Package, user-supplied 2026-08-21",,jchappell2120,,,building_completion,yes,Inferred preliminary planning scenario. Replace line-by-line with source-backed evidence when available. | Standardized WBS category: contingency; applicability: Project-wide.
4,Skyline Towers,High-Rise Mixed-Use Development,Preliminary Planning — Base,base,capital_deployment,SCH-COST-01,monthly_development_spend,monthly development spend — month 1,2312500,usd,estimated,"pasted_content_25.txt, Skyline Towers 10-Point Financial OS Design Package, user-supplied 2026-08-21",,jchappell2120,1,1,predevelopment,yes,Inferred preliminary planning scenario. Replace line-by-line with source-backed evidence when available. | Calculated monthly planning series from scenario drivers; not actual project performance.
4,Skyline Towers,High-Rise Mixed-Use Development,Preliminary Planning — Base,base,schedule,SCH-CUM-01,cumulative_deployment_bps,cumulative deployment bps — month 1,125,percentage_bps,estimated,"pasted_content_25.txt, Skyline Towers 10-Point Financial OS Design Package, user-supplied 2026-08-21",,jchappell2120,1,1,predevelopment,yes,Inferred preliminary planning scenario. Replace line-by-line with source-backed evidence when available. | Calculated monthly planning series from scenario drivers; not actual project performance.
4,Skyline Towers,High-Rise Mixed-Use Development,Preliminary Planning — Base,base,schedule,SCH-OCC-01,occupancy_bps,occupancy bps — month 1,0,percentage_bps,estimated,"pasted_content_25.txt, Skyline Towers 10-Point Financial OS Design Package, user-supplied 2026-08-21",,jchappell2120,1,1,predevelopment,yes,Inferred preliminary planning scenario. Replace line-by-line with source-backed evidence when available. | Calculated monthly planning series from scenario drivers; not actual project performance.
4,Skyline Towers,High-Rise Mixed-Use Development,Preliminary Planning — Base,base,revenue,SCH-REV-01,monthly_effective_revenue,monthly effective revenue — month 1,0,usd,estimated,"pasted_content_25.txt, Skyline Towers 10-Point Financial OS Design Package, user-supplied 2026-08-21",,jchappell2120,1,1,predevelopment,yes,Inferred preliminary planning scenario. Replace line-by-line with source-backed evidence when available. | Calculated monthly planning series from scenario drivers; not actual project performance.
4,Skyline Towers,High-Rise Mixed-Use Development,Preliminary Planning — Base,base,operations,SCH-OPEX-01,monthly_operating_expense,monthly operating expense — month 1,0,usd,estimated,"pasted_content_25.txt, Skyline Towers 10-Point Financial OS Design Package, user-supplied 2026-08-21",,jchappell2120,1,1,predevelopment,yes,Inferred preliminary planning scenario. Replace line-by-line with source-backed evidence when available. | Calculated monthly planning series from scenario drivers; not actual project performance.
4,Skyline Towers,High-Rise Mixed-Use Development,Preliminary Planning — Base,base,financing,SCH-DRAW-01,monthly_debt_draw,monthly debt draw — month 1,1503125,usd,estimated,"pasted_content_25.txt, Skyline Towers 10-Point Financial OS Design Package, user-supplied 2026-08-21",,jchappell2120,1,1,predevelopment,yes,Inferred preliminary planning scenario. Replace line-by-line with source-backed evidence when available. | Calculated monthly planning series from scenario drivers; not actual project performance.
4,Skyline Towers,High-Rise Mixed-Use Development,Preliminary Planning — Base,base,financing,SCH-INT-01,monthly_interest,monthly interest — month 1,9395,usd,estimated,"pasted_content_25.txt, Skyline Towers 10-Point Financial OS Design Package, user-supplied 2026-08-21",,jchappell2120,1,1,predevelopment,yes,Inferred preliminary planning scenario. Replace line-by-line with source-backed evidence when available. | Calculated monthly planning series from scenario drivers; not actual project performance.
4,Skyline Towers,High-Rise Mixed-Use Development,Preliminary Planning — Base,base,cash_flow,SCH-CF-01,monthly_levered_cash_flow,monthly levered cash flow — month 1,-2321895,usd,estimated,"pasted_content_25.txt, Skyline Towers 10-Point Financial OS Design Package, user-supplied 2026-08-21",,jchappell2120,1,1,predevelopment,yes,Inferred preliminary planning scenario. Replace line-by-line with source-backed evidence when available. | Calculated monthly planning series from scenario drivers; not actual project performance.
4,Skyline Towers,High-Rise Mixed-Use Development,Preliminary Planning — Base,base,capital_deployment,SCH-COST-02,monthly_development_spend,monthly development spend — month 2,2312500,usd,estimated,"pasted_content_25.txt, Skyline Towers 10-Point Financial OS Design Package, user-supplied 2026-08-21",,jchappell2120,2,2,predevelopment,yes,Inferred preliminary planning scenario. Replace line-by-line with source-backed evidence when available. | Calculated monthly planning series from scenario drivers; not actual project performance.
4,Skyline Towers,High-Rise Mixed-Use Development,Preliminary Planning — Base,base,schedule,SCH-CUM-02,cumulative_deployment_bps,cumulative deployment bps — month 2,250,percentage_bps,estimated,"pasted_content_25.txt, Skyline Towers 10-Point Financial OS Design Package, user-supplied 2026-08-21",,jchappell2120,2,2,predevelopment,yes,Inferred preliminary planning scenario. Replace line-by-line with source-backed evidence when available. | Calculated monthly planning series from scenario drivers; not actual project performance.
4,Skyline Towers,High-Rise Mixed-Use Development,Preliminary Planning — Base,base,schedule,SCH-OCC-02,occupancy_bps,occupancy bps — month 2,0,percentage_bps,estimated,"pasted_content_25.txt, Skyline Towers 10-Point Financial OS Design Package, user-supplied 2026-08-21",,jchappell2120,2,2,predevelopment,yes,Inferred preliminary planning scenario. Replace line-by-line with source-backed evidence when available. | Calculated monthly planning series from scenario drivers; not actual project performance.
4,Skyline Towers,High-Rise Mixed-Use Development,Preliminary Planning — Base,base,revenue,SCH-REV-02,monthly_effective_revenue,monthly effective revenue — month 2,0,usd,estimated,"pasted_content_25.txt, Skyline Towers 10-Point Financial OS Design Package, user-supplied 2026-08-21",,jchappell2120,2,2,predevelopment,yes,Inferred preliminary planning scenario. Replace line-by-line with source-backed evidence when available. | Calculated monthly planning series from scenario drivers; not actual project performance.
4,Skyline Towers,High-Rise Mixed-Use Development,Preliminary Planning — Base,base,operations,SCH-OPEX-02,monthly_operating_expense,monthly operating expense — month 2,0,usd,estimated,"pasted_content_25.txt, Skyline Towers 10-Point Financial OS Design Package, user-supplied 2026-08-21",,jchappell2120,2,2,predevelopment,yes,Inferred preliminary planning scenario. Replace line-by-line with source-backed evidence when available. | Calculated monthly planning series from scenario drivers; not actual project performance.
4,Skyline Towers,High-Rise Mixed-Use Development,Preliminary Planning — Base,base,financing,SCH-DRAW-02,monthly_debt_draw,monthly debt draw — month 2,1503125,usd,estimated,"pasted_content_25.txt, Skyline Towers 10-Point Financial OS Design Package, user-supplied 2026-08-21",,jchappell2120,2,2,predevelopment,yes,Inferred preliminary planning scenario. Replace line-by-line with source-backed evidence when available. | Calculated monthly planning series from scenario drivers; not actual project performance.
4,Skyline Towers,High-Rise Mixed-Use Development,Preliminary Planning — Base,base,financing,SCH-INT-02,monthly_interest,monthly interest — month 2,18789,usd,estimated,"pasted_content_25.txt, Skyline Towers 10-Point Financial OS Design Package, user-supplied 2026-08-21",,jchappell2120,2,2,predevelopment,yes,Inferred preliminary planning scenario. Replace line-by-line with source-backed evidence when available. | Calculated monthly planning series from scenario drivers; not actual project performance.
4,Skyline Towers,High-Rise Mixed-Use Development,Preliminary Planning — Base,base,cash_flow,SCH-CF-02,monthly_levered_cash_flow,monthly levered cash flow — month 2,-2331289,usd,estimated,"pasted_content_25.txt, Skyline Towers 10-Point Financial OS Design Package, user-supplied 2026-08-21",,jchappell2120,2,2,predevelopment,yes,Inferred preliminary planning scenario. Replace line-by-line with source-backed evidence when available. | Calculated monthly planning series from scenario drivers; not actual project performance.
4,Skyline Towers,High-Rise Mixed-Use Development,Preliminary Planning — Base,base,capital_deployment,SCH-COST-03,monthly_development_spend,monthly development spend — month 3,2312500,usd,estimated,"pasted_content_25.txt, Skyline Towers 10-Point Financial OS Design Package, user-supplied 2026-08-21",,jchappell2120,3,3,predevelopment,yes,Inferred preliminary planning scenario. Replace line-by-line with source-backed evidence when available. | Calculated monthly planning series from scenario drivers; not actual project performance.
4,Skyline Towers,High-Rise Mixed-Use Development,Preliminary Planning — Base,base,schedule,SCH-CUM-03,cumulative_deployment_bps,cumulative deployment bps — month 3,375,percentage_bps,estimated,"pasted_content_25.txt, Skyline Towers 10-Point Financial OS Design Package, user-supplied 2026-08-21",,jchappell2120,3,3,predevelopment,yes,Inferred preliminary planning scenario. Replace line-by-line with source-backed evidence when available. | Calculated monthly planning series from scenario drivers; not actual project performance.
4,Skyline Towers,High-Rise Mixed-Use Development,Preliminary Planning — Base,base,schedule,SCH-OCC-03,occupancy_bps,occupancy bps — month 3,0,percentage_bps,estimated,"pasted_content_25.txt, Skyline Towers 10-Point Financial OS Design Package, user-supplied 2026-08-21",,jchappell2120,3,3,predevelopment,yes,Inferred preliminary planning scenario. Replace line-by-line with source-backed evidence when available. | Calculated monthly planning series from scenario drivers; not actual project performance.
4,Skyline Towers,High-Rise Mixed-Use Development,Preliminary Planning — Base,base,revenue,SCH-REV-03,monthly_effective_revenue,monthly effective revenue — month 3,0,usd,estimated,"pasted_content_25.txt, Skyline Towers 10-Point Financial OS Design Package, user-supplied 2026-08-21",,jchappell2120,3,3,predevelopment,yes,Inferred preliminary planning scenario. Replace line-by-line with source-backed evidence when available. | Calculated monthly planning series from scenario drivers; not actual project performance.
4,Skyline Towers,High-Rise Mixed-Use Development,Preliminary Planning — Base,base,operations,SCH-OPEX-03,monthly_operating_expense,monthly operating expense — month 3,0,usd,estimated,"pasted_content_25.txt, Skyline Towers 10-Point Financial OS Design Package, user-supplied 2026-08-21",,jchappell2120,3,3,predevelopment,yes,Inferred preliminary planning scenario. Replace line-by-line with source-backed evidence when available. | Calculated monthly planning series from scenario drivers; not actual project performance.
4,Skyline Towers,High-Rise Mixed-Use Development,Preliminary Planning — Base,base,financing,SCH-DRAW-03,monthly_debt_draw,monthly debt draw — month 3,1503125,usd,estimated,"pasted_content_25.txt, Skyline Towers 10-Point Financial OS Design Package, user-supplied 2026-08-21",,jchappell2120,3,3,predevelopment,yes,Inferred preliminary planning scenario. Replace line-by-line with source-backed evidence when available. | Calculated monthly planning series from scenario drivers; not actual project performance.
4,Skyline Towers,High-Rise Mixed-Use Development,Preliminary Planning — Base,base,financing,SCH-INT-03,monthly_interest,monthly interest — month 3,28184,usd,estimated,"pasted_content_25.txt, Skyline Towers 10-Point Financial OS Design Package, user-supplied 2026-08-21",,jchappell2120,3,3,predevelopment,yes,Inferred preliminary planning scenario. Replace line-by-line with source-backed evidence when available. | Calculated monthly planning series from scenario drivers; not actual project performance.
4,Skyline Towers,High-Rise Mixed-Use Development,Preliminary Planning — Base,base,cash_flow,SCH-CF-03,monthly_levered_cash_flow,monthly levered cash flow — month 3,-2340684,usd,estimated,"pasted_content_25.txt, Skyline Towers 10-Point Financial OS Design Package, user-supplied 2026-08-21",,jchappell2120,3,3,predevelopment,yes,Inferred preliminary planning scenario. Replace line-by-line with source-backed evidence when available. | Calculated monthly planning series from scenario drivers; not actual project performance.
4,Skyline Towers,High-Rise Mixed-Use Development,Preliminary Planning — Base,base,capital_deployment,SCH-COST-04,monthly_development_spend,monthly development spend — month 4,2312500,usd,estimated,"pasted_content_25.txt, Skyline Towers 10-Point Financial OS Design Package, user-supplied 2026-08-21",,jchappell2120,4,4,predevelopment,yes,Inferred preliminary planning scenario. Replace line-by-line with source-backed evidence when available. | Calculated monthly planning series from scenario drivers; not actual project performance.
4,Skyline Towers,High-Rise Mixed-Use Development,Preliminary Planning — Base,base,schedule,SCH-CUM-04,cumulative_deployment_bps,cumulative deployment bps — month 4,500,percentage_bps,estimated,"pasted_content_25.txt, Skyline Towers 10-Point Financial OS Design Package, user-supplied 2026-08-21",,jchappell2120,4,4,predevelopment,yes,Inferred preliminary planning scenario. Replace line-by-line with source-backed evidence when available. | Calculated monthly planning series from scenario drivers; not actual project performance.
4,Skyline Towers,High-Rise Mixed-Use Development,Preliminary Planning — Base,base,schedule,SCH-OCC-04,occupancy_bps,occupancy bps — month 4,0,percentage_bps,estimated,"pasted_content_25.txt, Skyline Towers 10-Point Financial OS Design Package, user-supplied 2026-08-21",,jchappell2120,4,4,predevelopment,yes,Inferred preliminary planning scenario. Replace line-by-line with source-backed evidence when available. | Calculated monthly planning series from scenario drivers; not actual project performance.
4,Skyline Towers,High-Rise Mixed-Use Development,Preliminary Planning — Base,base,revenue,SCH-REV-04,monthly_effective_revenue,monthly effective revenue — month 4,0,usd,estimated,"pasted_content_25.txt, Skyline Towers 10-Point Financial OS Design Package, user-supplied 2026-08-21",,jchappell2120,4,4,predevelopment,yes,Inferred preliminary planning scenario. Replace line-by-line with source-backed evidence when available. | Calculated monthly planning series from scenario drivers; not actual project performance.
4,Skyline Towers,High-Rise Mixed-Use Development,Preliminary Planning — Base,base,operations,SCH-OPEX-04,monthly_operating_expense,monthly operating expense — month 4,0,usd,estimated,"pasted_content_25.txt, Skyline Towers 10-Point Financial OS Design Package, user-supplied 2026-08-21",,jchappell2120,4,4,predevelopment,yes,Inferred preliminary planning scenario. Replace line-by-line with source-backed evidence when available. | Calculated monthly planning series from scenario drivers; not actual project performance.
4,Skyline Towers,High-Rise Mixed-Use Development,Preliminary Planning — Base,base,financing,SCH-DRAW-04,monthly_debt_draw,monthly debt draw — month 4,1503125,usd,estimated,"pasted_content_25.txt, Skyline Towers 10-Point Financial OS Design Package, user-supplied 2026-08-21",,jchappell2120,4,4,predevelopment,yes,Inferred preliminary planning scenario. Replace line-by-line with source-backed evidence when available. | Calculated monthly planning series from scenario drivers; not actual project performance.
4,Skyline Towers,High-Rise Mixed-Use Development,Preliminary Planning — Base,base,financing,SCH-INT-04,monthly_interest,monthly interest — month 4,37578,usd,estimated,"pasted_content_25.txt, Skyline Towers 10-Point Financial OS Design Package, user-supplied 2026-08-21",,jchappell2120,4,4,predevelopment,yes,Inferred preliminary planning scenario. Replace line-by-line with source-backed evidence when available. | Calculated monthly planning series from scenario drivers; not actual project performance.
4,Skyline Towers,High-Rise Mixed-Use Development,Preliminary Planning — Base,base,cash_flow,SCH-CF-04,monthly_levered_cash_flow,monthly levered cash flow — month 4,-2350078,usd,estimated,"pasted_content_25.txt, Skyline Towers 10-Point Financial OS Design Package, user-supplied 2026-08-21",,jchappell2120,4,4,predevelopment,yes,Inferred preliminary planning scenario. Replace line-by-line with source-backed evidence when available. | Calculated monthly planning series from scenario drivers; not actual project performance.
4,Skyline Towers,High-Rise Mixed-Use Development,Preliminary Planning — Base,base,capital_deployment,SCH-COST-05,monthly_development_spend,monthly development spend — month 5,4625000,usd,estimated,"pasted_content_25.txt, Skyline Towers 10-Point Financial OS Design Package, user-supplied 2026-08-21",,jchappell2120,5,5,construction,yes,Inferred preliminary planning scenario. Replace line-by-line with source-backed evidence when available. | Calculated monthly planning series from scenario drivers; not actual project performance.
4,Skyline Towers,High-Rise Mixed-Use Development,Preliminary Planning — Base,base,schedule,SCH-CUM-05,cumulative_deployment_bps,cumulative deployment bps — month 5,750,percentage_bps,estimated,"pasted_content_25.txt, Skyline Towers 10-Point Financial OS Design Package, user-supplied 2026-08-21",,jchappell2120,5,5,construction,yes,Inferred preliminary planning scenario. Replace line-by-line with source-backed evidence when available. | Calculated monthly planning series from scenario drivers; not actual project performance.
4,Skyline Towers,High-Rise Mixed-Use Development,Preliminary Planning — Base,base,schedule,SCH-OCC-05,occupancy_bps,occupancy bps — month 5,0,percentage_bps,estimated,"pasted_content_25.txt, Skyline Towers 10-Point Financial OS Design Package, user-supplied 2026-08-21",,jchappell2120,5,5,construction,yes,Inferred preliminary planning scenario. Replace line-by-line with source-backed evidence when available. | Calculated monthly planning series from scenario drivers; not actual project performance.
4,Skyline Towers,High-Rise Mixed-Use Development,Preliminary Planning — Base,base,revenue,SCH-REV-05,monthly_effective_revenue,monthly effective revenue — month 5,0,usd,estimated,"pasted_content_25.txt, Skyline Towers 10-Point Financial OS Design Package, user-supplied 2026-08-21",,jchappell2120,5,5,construction,yes,Inferred preliminary planning scenario. Replace line-by-line with source-backed evidence when available. | Calculated monthly planning series from scenario drivers; not actual project performance.
4,Skyline Towers,High-Rise Mixed-Use Development,Preliminary Planning — Base,base,operations,SCH-OPEX-05,monthly_operating_expense,monthly operating expense — month 5,0,usd,estimated,"pasted_content_25.txt, Skyline Towers 10-Point Financial OS Design Package, user-supplied 2026-08-21",,jchappell2120,5,5,construction,yes,Inferred preliminary planning scenario. Replace line-by-line with source-backed evidence when available. | Calculated monthly planning series from scenario drivers; not actual project performance.
4,Skyline Towers,High-Rise Mixed-Use Development,Preliminary Planning — Base,base,financing,SCH-DRAW-05,monthly_debt_draw,monthly debt draw — month 5,3006250,usd,estimated,"pasted_content_25.txt, Skyline Towers 10-Point Financial OS Design Package, user-supplied 2026-08-21",,jchappell2120,5,5,construction,yes,Inferred preliminary planning scenario. Replace line-by-line with source-backed evidence when available. | Calculated monthly planning series from scenario drivers; not actual project performance.
4,Skyline Towers,High-Rise Mixed-Use Development,Preliminary Planning — Base,base,financing,SCH-INT-05,monthly_interest,monthly interest — month 5,56367,usd,estimated,"pasted_content_25.txt, Skyline Towers 10-Point Financial OS Design Package, user-supplied 2026-08-21",,jchappell2120,5,5,construction,yes,Inferred preliminary planning scenario. Replace line-by-line with source-backed evidence when available. | Calculated monthly planning series from scenario drivers; not actual project performance.
4,Skyline Towers,High-Rise Mixed-Use Development,Preliminary Planning — Base,base,cash_flow,SCH-CF-05,monthly_levered_cash_flow,monthly levered cash flow — month 5,-4681367,usd,estimated,"pasted_content_25.txt, Skyline Towers 10-Point Financial OS Design Package, user-supplied 2026-08-21",,jchappell2120,5,5,construction,yes,Inferred preliminary planning scenario. Replace line-by-line with source-backed evidence when available. | Calculated monthly planning series from scenario drivers; not actual project performance.
4,Skyline Towers,High-Rise Mixed-Use Development,Preliminary Planning — Base,base,capital_deployment,SCH-COST-06,monthly_development_spend,monthly development spend — month 6,4625000,usd,estimated,"pasted_content_25.txt, Skyline Towers 10-Point Financial OS Design Package, user-supplied 2026-08-21",,jchappell2120,6,6,construction,yes,Inferred preliminary planning scenario. Replace line-by-line with source-backed evidence when available. | Calculated monthly planning series from scenario drivers; not actual project performance.
4,Skyline Towers,High-Rise Mixed-Use Development,Preliminary Planning — Base,base,schedule,SCH-CUM-06,cumulative_deployment_bps,cumulative deployment bps — month 6,1000,percentage_bps,estimated,"pasted_content_25.txt, Skyline Towers 10-Point Financial OS Design Package, user-supplied 2026-08-21",,jchappell2120,6,6,construction,yes,Inferred preliminary planning scenario. Replace line-by-line with source-backed evidence when available. | Calculated monthly planning series from scenario drivers; not actual project performance.
4,Skyline Towers,High-Rise Mixed-Use Development,Preliminary Planning — Base,base,schedule,SCH-OCC-06,occupancy_bps,occupancy bps — month 6,0,percentage_bps,estimated,"pasted_content_25.txt, Skyline Towers 10-Point Financial OS Design Package, user-supplied 2026-08-21",,jchappell2120,6,6,construction,yes,Inferred preliminary planning scenario. Replace line-by-line with source-backed evidence when available. | Calculated monthly planning series from scenario drivers; not actual project performance.
4,Skyline Towers,High-Rise Mixed-Use Development,Preliminary Planning — Base,base,revenue,SCH-REV-06,monthly_effective_revenue,monthly effective revenue — month 6,0,usd,estimated,"pasted_content_25.txt, Skyline Towers 10-Point Financial OS Design Package, user-supplied 2026-08-21",,jchappell2120,6,6,construction,yes,Inferred preliminary planning scenario. Replace line-by-line with source-backed evidence when available. | Calculated monthly planning series from scenario drivers; not actual project performance.
4,Skyline Towers,High-Rise Mixed-Use Development,Preliminary Planning — Base,base,operations,SCH-OPEX-06,monthly_operating_expense,monthly operating expense — month 6,0,usd,estimated,"pasted_content_25.txt, Skyline Towers 10-Point Financial OS Design Package, user-supplied 2026-08-21",,jchappell2120,6,6,construction,yes,Inferred preliminary planning scenario. Replace line-by-line with source-backed evidence when available. | Calculated monthly planning series from scenario drivers; not actual project performance.
4,Skyline Towers,High-Rise Mixed-Use Development,Preliminary Planning — Base,base,financing,SCH-DRAW-06,monthly_debt_draw,monthly debt draw — month 6,3006250,usd,estimated,"pasted_content_25.txt, Skyline Towers 10-Point Financial OS Design Package, user-supplied 2026-08-21",,jchappell2120,6,6,construction,yes,Inferred preliminary planning scenario. Replace line-by-line with source-backed evidence when available. | Calculated monthly planning series from scenario drivers; not actual project performance.
4,Skyline Towers,High-Rise Mixed-Use Development,Preliminary Planning — Base,base,financing,SCH-INT-06,monthly_interest,monthly interest — month 6,75156,usd,estimated,"pasted_content_25.txt, Skyline Towers 10-Point Financial OS Design Package, user-supplied 2026-08-21",,jchappell2120,6,6,construction,yes,Inferred preliminary planning scenario. Replace line-by-line with source-backed evidence when available. | Calculated monthly planning series from scenario drivers; not actual project performance.
4,Skyline Towers,High-Rise Mixed-Use Development,Preliminary Planning — Base,base,cash_flow,SCH-CF-06,monthly_levered_cash_flow,monthly levered cash flow — month 6,-4700156,usd,estimated,"pasted_content_25.txt, Skyline Towers 10-Point Financial OS Design Package, user-supplied 2026-08-21",,jchappell2120,6,6,construction,yes,Inferred preliminary planning scenario. Replace line-by-line with source-backed evidence when available. | Calculated monthly planning series from scenario drivers; not actual project performance.
4,Skyline Towers,High-Rise Mixed-Use Development,Preliminary Planning — Base,base,capital_deployment,SCH-COST-07,monthly_development_spend,monthly development spend — month 7,4625000,usd,estimated,"pasted_content_25.txt, Skyline Towers 10-Point Financial OS Design Package, user-supplied 2026-08-21",,jchappell2120,7,7,construction,yes,Inferred preliminary planning scenario. Replace line-by-line with source-backed evidence when available. | Calculated monthly planning series from scenario drivers; not actual project performance.
4,Skyline Towers,High-Rise Mixed-Use Development,Preliminary Planning — Base,base,schedule,SCH-CUM-07,cumulative_deployment_bps,cumulative deployment bps — month 7,1250,percentage_bps,estimated,"pasted_content_25.txt, Skyline Towers 10-Point Financial OS Design Package, user-supplied 2026-08-21",,jchappell2120,7,7,construction,yes,Inferred preliminary planning scenario. Replace line-by-line with source-backed evidence when available. | Calculated monthly planning series from scenario drivers; not actual project performance.
4,Skyline Towers,High-Rise Mixed-Use Development,Preliminary Planning — Base,base,schedule,SCH-OCC-07,occupancy_bps,occupancy bps — month 7,0,percentage_bps,estimated,"pasted_content_25.txt, Skyline Towers 10-Point Financial OS Design Package, user-supplied 2026-08-21",,jchappell2120,7,7,construction,yes,Inferred preliminary planning scenario. Replace line-by-line with source-backed evidence when available. | Calculated monthly planning series from scenario drivers; not actual project performance.
4,Skyline Towers,High-Rise Mixed-Use Development,Preliminary Planning — Base,base,revenue,SCH-REV-07,monthly_effective_revenue,monthly effective revenue — month 7,0,usd,estimated,"pasted_content_25.txt, Skyline Towers 10-Point Financial OS Design Package, user-supplied 2026-08-21",,jchappell2120,7,7,construction,yes,Inferred preliminary planning scenario. Replace line-by-line with source-backed evidence when available. | Calculated monthly planning series from scenario drivers; not actual project performance.
4,Skyline Towers,High-Rise Mixed-Use Development,Preliminary Planning — Base,base,operations,SCH-OPEX-07,monthly_operating_expense,monthly operating expense — month 7,0,usd,estimated,"pasted_content_25.txt, Skyline Towers 10-Point Financial OS Design Package, user-supplied 2026-08-21",,jchappell2120,7,7,construction,yes,Inferred preliminary planning scenario. Replace line-by-line with source-backed evidence when available. | Calculated monthly planning series from scenario drivers; not actual project performance.
4,Skyline Towers,High-Rise Mixed-Use Development,Preliminary Planning — Base,base,financing,SCH-DRAW-07,monthly_debt_draw,monthly debt draw — month 7,3006250,usd,estimated,"pasted_content_25.txt, Skyline Towers 10-Point Financial OS Design Package, user-supplied 2026-08-21",,jchappell2120,7,7,construction,yes,Inferred preliminary planning scenario. Replace line-by-line with source-backed evidence when available. | Calculated monthly planning series from scenario drivers; not actual project performance.
4,Skyline Towers,High-Rise Mixed-Use Development,Preliminary Planning — Base,base,financing,SCH-INT-07,monthly_interest,monthly interest — month 7,93945,usd,estimated,"pasted_content_25.txt, Skyline Towers 10-Point Financial OS Design Package, user-supplied 2026-08-21",,jchappell2120,7,7,construction,yes,Inferred preliminary planning scenario. Replace line-by-line with source-backed evidence when available. | Calculated monthly planning series from scenario drivers; not actual project performance.
4,Skyline Towers,High-Rise Mixed-Use Development,Preliminary Planning — Base,base,cash_flow,SCH-CF-07,monthly_levered_cash_flow,monthly levered cash flow — month 7,-4718945,usd,estimated,"pasted_content_25.txt, Skyline Towers 10-Point Financial OS Design Package, user-supplied 2026-08-21",,jchappell2120,7,7,construction,yes,Inferred preliminary planning scenario. Replace line-by-line with source-backed evidence when available. | Calculated monthly planning series from scenario drivers; not actual project performance.
4,Skyline Towers,High-Rise Mixed-Use Development,Preliminary Planning — Base,base,capital_deployment,SCH-COST-08,monthly_development_spend,monthly development spend — month 8,4625000,usd,estimated,"pasted_content_25.txt, Skyline Towers 10-Point Financial OS Design Package, user-supplied 2026-08-21",,jchappell2120,8,8,construction,yes,Inferred preliminary planning scenario. Replace line-by-line with source-backed evidence when available. | Calculated monthly planning series from scenario drivers; not actual project performance.
4,Skyline Towers,High-Rise Mixed-Use Development,Preliminary Planning — Base,base,schedule,SCH-CUM-08,cumulative_deployment_bps,cumulative deployment bps — month 8,1500,percentage_bps,estimated,"pasted_content_25.txt, Skyline Towers 10-Point Financial OS Design Package, user-supplied 2026-08-21",,jchappell2120,8,8,construction,yes,Inferred preliminary planning scenario. Replace line-by-line with source-backed evidence when available. | Calculated monthly planning series from scenario drivers; not actual project performance.
4,Skyline Towers,High-Rise Mixed-Use Development,Preliminary Planning — Base,base,schedule,SCH-OCC-08,occupancy_bps,occupancy bps — month 8,0,percentage_bps,estimated,"pasted_content_25.txt, Skyline Towers 10-Point Financial OS Design Package, user-supplied 2026-08-21",,jchappell2120,8,8,construction,yes,Inferred preliminary planning scenario. Replace line-by-line with source-backed evidence when available. | Calculated monthly planning series from scenario drivers; not actual project performance.
4,Skyline Towers,High-Rise Mixed-Use Development,Preliminary Planning — Base,base,revenue,SCH-REV-08,monthly_effective_revenue,monthly effective revenue — month 8,0,usd,estimated,"pasted_content_25.txt, Skyline Towers 10-Point Financial OS Design Package, user-supplied 2026-08-21",,jchappell2120,8,8,construction,yes,Inferred preliminary planning scenario. Replace line-by-line with source-backed evidence when available. | Calculated monthly planning series from scenario drivers; not actual project performance.
4,Skyline Towers,High-Rise Mixed-Use Development,Preliminary Planning — Base,base,operations,SCH-OPEX-08,monthly_operating_expense,monthly operating expense — month 8,0,usd,estimated,"pasted_content_25.txt, Skyline Towers 10-Point Financial OS Design Package, user-supplied 2026-08-21",,jchappell2120,8,8,construction,yes,Inferred preliminary planning scenario. Replace line-by-line with source-backed evidence when available. | Calculated monthly planning series from scenario drivers; not actual project performance.
4,Skyline Towers,High-Rise Mixed-Use Development,Preliminary Planning — Base,base,financing,SCH-DRAW-08,monthly_debt_draw,monthly debt draw — month 8,3006250,usd,estimated,"pasted_content_25.txt, Skyline Towers 10-Point Financial OS Design Package, user-supplied 2026-08-21",,jchappell2120,8,8,construction,yes,Inferred preliminary planning scenario. Replace line-by-line with source-backed evidence when available. | Calculated monthly planning series from scenario drivers; not actual project performance.
4,Skyline Towers,High-Rise Mixed-Use Development,Preliminary Planning — Base,base,financing,SCH-INT-08,monthly_interest,monthly interest — month 8,112734,usd,estimated,"pasted_content_25.txt, Skyline Towers 10-Point Financial OS Design Package, user-supplied 2026-08-21",,jchappell2120,8,8,construction,yes,Inferred preliminary planning scenario. Replace line-by-line with source-backed evidence when available. | Calculated monthly planning series from scenario drivers; not actual project performance.
4,Skyline Towers,High-Rise Mixed-Use Development,Preliminary Planning — Base,base,cash_flow,SCH-CF-08,monthly_levered_cash_flow,monthly levered cash flow — month 8,-4737734,usd,estimated,"pasted_content_25.txt, Skyline Towers 10-Point Financial OS Design Package, user-supplied 2026-08-21",,jchappell2120,8,8,construction,yes,Inferred preliminary planning scenario. Replace line-by-line with source-backed evidence when available. | Calculated monthly planning series from scenario drivers; not actual project performance.
4,Skyline Towers,High-Rise Mixed-Use Development,Preliminary Planning — Base,base,capital_deployment,SCH-COST-09,monthly_development_spend,monthly development spend — month 9,7862500,usd,estimated,"pasted_content_25.txt, Skyline Towers 10-Point Financial OS Design Package, user-supplied 2026-08-21",,jchappell2120,9,9,construction,yes,Inferred preliminary planning scenario. Replace line-by-line with source-backed evidence when available. | Calculated monthly planning series from scenario drivers; not actual project performance.
4,Skyline Towers,High-Rise Mixed-Use Development,Preliminary Planning — Base,base,schedule,SCH-CUM-09,cumulative_deployment_bps,cumulative deployment bps — month 9,1925,percentage_bps,estimated,"pasted_content_25.txt, Skyline Towers 10-Point Financial OS Design Package, user-supplied 2026-08-21",,jchappell2120,9,9,construction,yes,Inferred preliminary planning scenario. Replace line-by-line with source-backed evidence when available. | Calculated monthly planning series from scenario drivers; not actual project performance.
4,Skyline Towers,High-Rise Mixed-Use Development,Preliminary Planning — Base,base,schedule,SCH-OCC-09,occupancy_bps,occupancy bps — month 9,0,percentage_bps,estimated,"pasted_content_25.txt, Skyline Towers 10-Point Financial OS Design Package, user-supplied 2026-08-21",,jchappell2120,9,9,construction,yes,Inferred preliminary planning scenario. Replace line-by-line with source-backed evidence when available. | Calculated monthly planning series from scenario drivers; not actual project performance.
4,Skyline Towers,High-Rise Mixed-Use Development,Preliminary Planning — Base,base,revenue,SCH-REV-09,monthly_effective_revenue,monthly effective revenue — month 9,0,usd,estimated,"pasted_content_25.txt, Skyline Towers 10-Point Financial OS Design Package, user-supplied 2026-08-21",,jchappell2120,9,9,construction,yes,Inferred preliminary planning scenario. Replace line-by-line with source-backed evidence when available. | Calculated monthly planning series from scenario drivers; not actual project performance.
4,Skyline Towers,High-Rise Mixed-Use Development,Preliminary Planning — Base,base,operations,SCH-OPEX-09,monthly_operating_expense,monthly operating expense — month 9,0,usd,estimated,"pasted_content_25.txt, Skyline Towers 10-Point Financial OS Design Package, user-supplied 2026-08-21",,jchappell2120,9,9,construction,yes,Inferred preliminary planning scenario. Replace line-by-line with source-backed evidence when available. | Calculated monthly planning series from scenario drivers; not actual project performance.
4,Skyline Towers,High-Rise Mixed-Use Development,Preliminary Planning — Base,base,financing,SCH-DRAW-09,monthly_debt_draw,monthly debt draw — month 9,5110625,usd,estimated,"pasted_content_25.txt, Skyline Towers 10-Point Financial OS Design Package, user-supplied 2026-08-21",,jchappell2120,9,9,construction,yes,Inferred preliminary planning scenario. Replace line-by-line with source-backed evidence when available. | Calculated monthly planning series from scenario drivers; not actual project performance.
4,Skyline Towers,High-Rise Mixed-Use Development,Preliminary Planning — Base,base,financing,SCH-INT-09,monthly_interest,monthly interest — month 9,144676,usd,estimated,"pasted_content_25.txt, Skyline Towers 10-Point Financial OS Design Package, user-supplied 2026-08-21",,jchappell2120,9,9,construction,yes,Inferred preliminary planning scenario. Replace line-by-line with source-backed evidence when available. | Calculated monthly planning series from scenario drivers; not actual project performance.
4,Skyline Towers,High-Rise Mixed-Use Development,Preliminary Planning — Base,base,cash_flow,SCH-CF-09,monthly_levered_cash_flow,monthly levered cash flow — month 9,-8007176,usd,estimated,"pasted_content_25.txt, Skyline Towers 10-Point Financial OS Design Package, user-supplied 2026-08-21",,jchappell2120,9,9,construction,yes,Inferred preliminary planning scenario. Replace line-by-line with source-backed evidence when available. | Calculated monthly planning series from scenario drivers; not actual project performance.
4,Skyline Towers,High-Rise Mixed-Use Development,Preliminary Planning — Base,base,capital_deployment,SCH-COST-10,monthly_development_spend,monthly development spend — month 10,7862500,usd,estimated,"pasted_content_25.txt, Skyline Towers 10-Point Financial OS Design Package, user-supplied 2026-08-21",,jchappell2120,10,10,construction,yes,Inferred preliminary planning scenario. Replace line-by-line with source-backed evidence when available. | Calculated monthly planning series from scenario drivers; not actual project performance.
4,Skyline Towers,High-Rise Mixed-Use Development,Preliminary Planning — Base,base,schedule,SCH-CUM-10,cumulative_deployment_bps,cumulative deployment bps — month 10,2350,percentage_bps,estimated,"pasted_content_25.txt, Skyline Towers 10-Point Financial OS Design Package, user-supplied 2026-08-21",,jchappell2120,10,10,construction,yes,Inferred preliminary planning scenario. Replace line-by-line with source-backed evidence when available. | Calculated monthly planning series from scenario drivers; not actual project performance.
4,Skyline Towers,High-Rise Mixed-Use Development,Preliminary Planning — Base,base,schedule,SCH-OCC-10,occupancy_bps,occupancy bps — month 10,0,percentage_bps,estimated,"pasted_content_25.txt, Skyline Towers 10-Point Financial OS Design Package, user-supplied 2026-08-21",,jchappell2120,10,10,construction,yes,Inferred preliminary planning scenario. Replace line-by-line with source-backed evidence when available. | Calculated monthly planning series from scenario drivers; not actual project performance.
4,Skyline Towers,High-Rise Mixed-Use Development,Preliminary Planning — Base,base,revenue,SCH-REV-10,monthly_effective_revenue,monthly effective revenue — month 10,0,usd,estimated,"pasted_content_25.txt, Skyline Towers 10-Point Financial OS Design Package, user-supplied 2026-08-21",,jchappell2120,10,10,construction,yes,Inferred preliminary planning scenario. Replace line-by-line with source-backed evidence when available. | Calculated monthly planning series from scenario drivers; not actual project performance.
4,Skyline Towers,High-Rise Mixed-Use Development,Preliminary Planning — Base,base,operations,SCH-OPEX-10,monthly_operating_expense,monthly operating expense — month 10,0,usd,estimated,"pasted_content_25.txt, Skyline Towers 10-Point Financial OS Design Package, user-supplied 2026-08-21",,jchappell2120,10,10,construction,yes,Inferred preliminary planning scenario. Replace line-by-line with source-backed evidence when available. | Calculated monthly planning series from scenario drivers; not actual project performance.
4,Skyline Towers,High-Rise Mixed-Use Development,Preliminary Planning — Base,base,financing,SCH-DRAW-10,monthly_debt_draw,monthly debt draw — month 10,5110625,usd,estimated,"pasted_content_25.txt, Skyline Towers 10-Point Financial OS Design Package, user-supplied 2026-08-21",,jchappell2120,10,10,construction,yes,Inferred preliminary planning scenario. Replace line-by-line with source-backed evidence when available. | Calculated monthly planning series from scenario drivers; not actual project performance.
4,Skyline Towers,High-Rise Mixed-Use Development,Preliminary Planning — Base,base,financing,SCH-INT-10,monthly_interest,monthly interest — month 10,176617,usd,estimated,"pasted_content_25.txt, Skyline Towers 10-Point Financial OS Design Package, user-supplied 2026-08-21",,jchappell2120,10,10,construction,yes,Inferred preliminary planning scenario. Replace line-by-line with source-backed evidence when available. | Calculated monthly planning series from scenario drivers; not actual project performance.
4,Skyline Towers,High-Rise Mixed-Use Development,Preliminary Planning — Base,base,cash_flow,SCH-CF-10,monthly_levered_cash_flow,monthly levered cash flow — month 10,-8039117,usd,estimated,"pasted_content_25.txt, Skyline Towers 10-Point Financial OS Design Package, user-supplied 2026-08-21",,jchappell2120,10,10,construction,yes,Inferred preliminary planning scenario. Replace line-by-line with source-backed evidence when available. | Calculated monthly planning series from scenario drivers; not actual project performance.
4,Skyline Towers,High-Rise Mixed-Use Development,Preliminary Planning — Base,base,capital_deployment,SCH-COST-11,monthly_development_spend,monthly development spend — month 11,7862500,usd,estimated,"pasted_content_25.txt, Skyline Towers 10-Point Financial OS Design Package, user-supplied 2026-08-21",,jchappell2120,11,11,construction,yes,Inferred preliminary planning scenario. Replace line-by-line with source-backed evidence when available. | Calculated monthly planning series from scenario drivers; not actual project performance.
4,Skyline Towers,High-Rise Mixed-Use Development,Preliminary Planning — Base,base,schedule,SCH-CUM-11,cumulative_deployment_bps,cumulative deployment bps — month 11,2775,percentage_bps,estimated,"pasted_content_25.txt, Skyline Towers 10-Point Financial OS Design Package, user-supplied 2026-08-21",,jchappell2120,11,11,construction,yes,Inferred preliminary planning scenario. Replace line-by-line with source-backed evidence when available. | Calculated monthly planning series from scenario drivers; not actual project performance.
4,Skyline Towers,High-Rise Mixed-Use Development,Preliminary Planning — Base,base,schedule,SCH-OCC-11,occupancy_bps,occupancy bps — month 11,0,percentage_bps,estimated,"pasted_content_25.txt, Skyline Towers 10-Point Financial OS Design Package, user-supplied 2026-08-21",,jchappell2120,11,11,construction,yes,Inferred preliminary planning scenario. Replace line-by-line with source-backed evidence when available. | Calculated monthly planning series from scenario drivers; not actual project performance.
4,Skyline Towers,High-Rise Mixed-Use Development,Preliminary Planning — Base,base,revenue,SCH-REV-11,monthly_effective_revenue,monthly effective revenue — month 11,0,usd,estimated,"pasted_content_25.txt, Skyline Towers 10-Point Financial OS Design Package, user-supplied 2026-08-21",,jchappell2120,11,11,construction,yes,Inferred preliminary planning scenario. Replace line-by-line with source-backed evidence when available. | Calculated monthly planning series from scenario drivers; not actual project performance.
4,Skyline Towers,High-Rise Mixed-Use Development,Preliminary Planning — Base,base,operations,SCH-OPEX-11,monthly_operating_expense,monthly operating expense — month 11,0,usd,estimated,"pasted_content_25.txt, Skyline Towers 10-Point Financial OS Design Package, user-supplied 2026-08-21",,jchappell2120,11,11,construction,yes,Inferred preliminary planning scenario. Replace line-by-line with source-backed evidence when available. | Calculated monthly planning series from scenario drivers; not actual project performance.
4,Skyline Towers,High-Rise Mixed-Use Development,Preliminary Planning — Base,base,financing,SCH-DRAW-11,monthly_debt_draw,monthly debt draw — month 11,5110625,usd,estimated,"pasted_content_25.txt, Skyline Towers 10-Point Financial OS Design Package, user-supplied 2026-08-21",,jchappell2120,11,11,construction,yes,Inferred preliminary planning scenario. Replace line-by-line with source-backed evidence when available. | Calculated monthly planning series from scenario drivers; not actual project performance.
4,Skyline Towers,High-Rise Mixed-Use Development,Preliminary Planning — Base,base,financing,SCH-INT-11,monthly_interest,monthly interest — month 11,208559,usd,estimated,"pasted_content_25.txt, Skyline Towers 10-Point Financial OS Design Package, user-supplied 2026-08-21",,jchappell2120,11,11,construction,yes,Inferred preliminary planning scenario. Replace line-by-line with source-backed evidence when available. | Calculated monthly planning series from scenario drivers; not actual project performance.
4,Skyline Towers,High-Rise Mixed-Use Development,Preliminary Planning — Base,base,cash_flow,SCH-CF-11,monthly_levered_cash_flow,monthly levered cash flow — month 11,-8071059,usd,estimated,"pasted_content_25.txt, Skyline Towers 10-Point Financial OS Design Package, user-supplied 2026-08-21",,jchappell2120,11,11,construction,yes,Inferred preliminary planning scenario. Replace line-by-line with source-backed evidence when available. | Calculated monthly planning series from scenario drivers; not actual project performance.
4,Skyline Towers,High-Rise Mixed-Use Development,Preliminary Planning — Base,base,capital_deployment,SCH-COST-12,monthly_development_spend,monthly development spend — month 12,7862500,usd,estimated,"pasted_content_25.txt, Skyline Towers 10-Point Financial OS Design Package, user-supplied 2026-08-21",,jchappell2120,12,12,construction,yes,Inferred preliminary planning scenario. Replace line-by-line with source-backed evidence when available. | Calculated monthly planning series from scenario drivers; not actual project performance.
4,Skyline Towers,High-Rise Mixed-Use Development,Preliminary Planning — Base,base,schedule,SCH-CUM-12,cumulative_deployment_bps,cumulative deployment bps — month 12,3200,percentage_bps,estimated,"pasted_content_25.txt, Skyline Towers 10-Point Financial OS Design Package, user-supplied 2026-08-21",,jchappell2120,12,12,construction,yes,Inferred preliminary planning scenario. Replace line-by-line with source-backed evidence when available. | Calculated monthly planning series from scenario drivers; not actual project performance.
4,Skyline Towers,High-Rise Mixed-Use Development,Preliminary Planning — Base,base,schedule,SCH-OCC-12,occupancy_bps,occupancy bps — month 12,0,percentage_bps,estimated,"pasted_content_25.txt, Skyline Towers 10-Point Financial OS Design Package, user-supplied 2026-08-21",,jchappell2120,12,12,construction,yes,Inferred preliminary planning scenario. Replace line-by-line with source-backed evidence when available. | Calculated monthly planning series from scenario drivers; not actual project performance.
4,Skyline Towers,High-Rise Mixed-Use Development,Preliminary Planning — Base,base,revenue,SCH-REV-12,monthly_effective_revenue,monthly effective revenue — month 12,0,usd,estimated,"pasted_content_25.txt, Skyline Towers 10-Point Financial OS Design Package, user-supplied 2026-08-21",,jchappell2120,12,12,construction,yes,Inferred preliminary planning scenario. Replace line-by-line with source-backed evidence when available. | Calculated monthly planning series from scenario drivers; not actual project performance.
4,Skyline Towers,High-Rise Mixed-Use Development,Preliminary Planning — Base,base,operations,SCH-OPEX-12,monthly_operating_expense,monthly operating expense — month 12,0,usd,estimated,"pasted_content_25.txt, Skyline Towers 10-Point Financial OS Design Package, user-supplied 2026-08-21",,jchappell2120,12,12,construction,yes,Inferred preliminary planning scenario. Replace line-by-line with source-backed evidence when available. | Calculated monthly planning series from scenario drivers; not actual project performance.
4,Skyline Towers,High-Rise Mixed-Use Development,Preliminary Planning — Base,base,financing,SCH-DRAW-12,monthly_debt_draw,monthly debt draw — month 12,5110625,usd,estimated,"pasted_content_25.txt, Skyline Towers 10-Point Financial OS Design Package, user-supplied 2026-08-21",,jchappell2120,12,12,construction,yes,Inferred preliminary planning scenario. Replace line-by-line with source-backed evidence when available. | Calculated monthly planning series from scenario drivers; not actual project performance.
4,Skyline Towers,High-Rise Mixed-Use Development,Preliminary Planning — Base,base,financing,SCH-INT-12,monthly_interest,monthly interest — month 12,240500,usd,estimated,"pasted_content_25.txt, Skyline Towers 10-Point Financial OS Design Package, user-supplied 2026-08-21",,jchappell2120,12,12,construction,yes,Inferred preliminary planning scenario. Replace line-by-line with source-backed evidence when available. | Calculated monthly planning series from scenario drivers; not actual project performance.
4,Skyline Towers,High-Rise Mixed-Use Development,Preliminary Planning — Base,base,cash_flow,SCH-CF-12,monthly_levered_cash_flow,monthly levered cash flow — month 12,-8103000,usd,estimated,"pasted_content_25.txt, Skyline Towers 10-Point Financial OS Design Package, user-supplied 2026-08-21",,jchappell2120,12,12,construction,yes,Inferred preliminary planning scenario. Replace line-by-line with source-backed evidence when available. | Calculated monthly planning series from scenario drivers; not actual project performance.
4,Skyline Towers,High-Rise Mixed-Use Development,Preliminary Planning — Base,base,capital_deployment,SCH-COST-13,monthly_development_spend,monthly development spend — month 13,8325000,usd,estimated,"pasted_content_25.txt, Skyline Towers 10-Point Financial OS Design Package, user-supplied 2026-08-21",,jchappell2120,13,13,construction,yes,Inferred preliminary planning scenario. Replace line-by-line with source-backed evidence when available. | Calculated monthly planning series from scenario drivers; not actual project performance.
4,Skyline Towers,High-Rise Mixed-Use Development,Preliminary Planning — Base,base,schedule,SCH-CUM-13,cumulative_deployment_bps,cumulative deployment bps — month 13,3650,percentage_bps,estimated,"pasted_content_25.txt, Skyline Towers 10-Point Financial OS Design Package, user-supplied 2026-08-21",,jchappell2120,13,13,construction,yes,Inferred preliminary planning scenario. Replace line-by-line with source-backed evidence when available. | Calculated monthly planning series from scenario drivers; not actual project performance.
4,Skyline Towers,High-Rise Mixed-Use Development,Preliminary Planning — Base,base,schedule,SCH-OCC-13,occupancy_bps,occupancy bps — month 13,0,percentage_bps,estimated,"pasted_content_25.txt, Skyline Towers 10-Point Financial OS Design Package, user-supplied 2026-08-21",,jchappell2120,13,13,construction,yes,Inferred preliminary planning scenario. Replace line-by-line with source-backed evidence when available. | Calculated monthly planning series from scenario drivers; not actual project performance.
4,Skyline Towers,High-Rise Mixed-Use Development,Preliminary Planning — Base,base,revenue,SCH-REV-13,monthly_effective_revenue,monthly effective revenue — month 13,0,usd,estimated,"pasted_content_25.txt, Skyline Towers 10-Point Financial OS Design Package, user-supplied 2026-08-21",,jchappell2120,13,13,construction,yes,Inferred preliminary planning scenario. Replace line-by-line with source-backed evidence when available. | Calculated monthly planning series from scenario drivers; not actual project performance.
4,Skyline Towers,High-Rise Mixed-Use Development,Preliminary Planning — Base,base,operations,SCH-OPEX-13,monthly_operating_expense,monthly operating expense — month 13,0,usd,estimated,"pasted_content_25.txt, Skyline Towers 10-Point Financial OS Design Package, user-supplied 2026-08-21",,jchappell2120,13,13,construction,yes,Inferred preliminary planning scenario. Replace line-by-line with source-backed evidence when available. | Calculated monthly planning series from scenario drivers; not actual project performance.
4,Skyline Towers,High-Rise Mixed-Use Development,Preliminary Planning — Base,base,financing,SCH-DRAW-13,monthly_debt_draw,monthly debt draw — month 13,5411250,usd,estimated,"pasted_content_25.txt, Skyline Towers 10-Point Financial OS Design Package, user-supplied 2026-08-21",,jchappell2120,13,13,construction,yes,Inferred preliminary planning scenario. Replace line-by-line with source-backed evidence when available. | Calculated monthly planning series from scenario drivers; not actual project performance.
4,Skyline Towers,High-Rise Mixed-Use Development,Preliminary Planning — Base,base,financing,SCH-INT-13,monthly_interest,monthly interest — month 13,274320,usd,estimated,"pasted_content_25.txt, Skyline Towers 10-Point Financial OS Design Package, user-supplied 2026-08-21",,jchappell2120,13,13,construction,yes,Inferred preliminary planning scenario. Replace line-by-line with source-backed evidence when available. | Calculated monthly planning series from scenario drivers; not actual project performance.
4,Skyline Towers,High-Rise Mixed-Use Development,Preliminary Planning — Base,base,cash_flow,SCH-CF-13,monthly_levered_cash_flow,monthly levered cash flow — month 13,-8599320,usd,estimated,"pasted_content_25.txt, Skyline Towers 10-Point Financial OS Design Package, user-supplied 2026-08-21",,jchappell2120,13,13,construction,yes,Inferred preliminary planning scenario. Replace line-by-line with source-backed evidence when available. | Calculated monthly planning series from scenario drivers; not actual project performance.
4,Skyline Towers,High-Rise Mixed-Use Development,Preliminary Planning — Base,base,capital_deployment,SCH-COST-14,monthly_development_spend,monthly development spend — month 14,8325000,usd,estimated,"pasted_content_25.txt, Skyline Towers 10-Point Financial OS Design Package, user-supplied 2026-08-21",,jchappell2120,14,14,construction,yes,Inferred preliminary planning scenario. Replace line-by-line with source-backed evidence when available. | Calculated monthly planning series from scenario drivers; not actual project performance.
4,Skyline Towers,High-Rise Mixed-Use Development,Preliminary Planning — Base,base,schedule,SCH-CUM-14,cumulative_deployment_bps,cumulative deployment bps — month 14,4100,percentage_bps,estimated,"pasted_content_25.txt, Skyline Towers 10-Point Financial OS Design Package, user-supplied 2026-08-21",,jchappell2120,14,14,construction,yes,Inferred preliminary planning scenario. Replace line-by-line with source-backed evidence when available. | Calculated monthly planning series from scenario drivers; not actual project performance.
4,Skyline Towers,High-Rise Mixed-Use Development,Preliminary Planning — Base,base,schedule,SCH-OCC-14,occupancy_bps,occupancy bps — month 14,0,percentage_bps,estimated,"pasted_content_25.txt, Skyline Towers 10-Point Financial OS Design Package, user-supplied 2026-08-21",,jchappell2120,14,14,construction,yes,Inferred preliminary planning scenario. Replace line-by-line with source-backed evidence when available. | Calculated monthly planning series from scenario drivers; not actual project performance.
4,Skyline Towers,High-Rise Mixed-Use Development,Preliminary Planning — Base,base,revenue,SCH-REV-14,monthly_effective_revenue,monthly effective revenue — month 14,0,usd,estimated,"pasted_content_25.txt, Skyline Towers 10-Point Financial OS Design Package, user-supplied 2026-08-21",,jchappell2120,14,14,construction,yes,Inferred preliminary planning scenario. Replace line-by-line with source-backed evidence when available. | Calculated monthly planning series from scenario drivers; not actual project performance.
4,Skyline Towers,High-Rise Mixed-Use Development,Preliminary Planning — Base,base,operations,SCH-OPEX-14,monthly_operating_expense,monthly operating expense — month 14,0,usd,estimated,"pasted_content_25.txt, Skyline Towers 10-Point Financial OS Design Package, user-supplied 2026-08-21",,jchappell2120,14,14,construction,yes,Inferred preliminary planning scenario. Replace line-by-line with source-backed evidence when available. | Calculated monthly planning series from scenario drivers; not actual project performance.
4,Skyline Towers,High-Rise Mixed-Use Development,Preliminary Planning — Base,base,financing,SCH-DRAW-14,monthly_debt_draw,monthly debt draw — month 14,5411250,usd,estimated,"pasted_content_25.txt, Skyline Towers 10-Point Financial OS Design Package, user-supplied 2026-08-21",,jchappell2120,14,14,construction,yes,Inferred preliminary planning scenario. Replace line-by-line with source-backed evidence when available. | Calculated monthly planning series from scenario drivers; not actual project performance.
4,Skyline Towers,High-Rise Mixed-Use Development,Preliminary Planning — Base,base,financing,SCH-INT-14,monthly_interest,monthly interest — month 14,308141,usd,estimated,"pasted_content_25.txt, Skyline Towers 10-Point Financial OS Design Package, user-supplied 2026-08-21",,jchappell2120,14,14,construction,yes,Inferred preliminary planning scenario. Replace line-by-line with source-backed evidence when available. | Calculated monthly planning series from scenario drivers; not actual project performance.
4,Skyline Towers,High-Rise Mixed-Use Development,Preliminary Planning — Base,base,cash_flow,SCH-CF-14,monthly_levered_cash_flow,monthly levered cash flow — month 14,-8633141,usd,estimated,"pasted_content_25.txt, Skyline Towers 10-Point Financial OS Design Package, user-supplied 2026-08-21",,jchappell2120,14,14,construction,yes,Inferred preliminary planning scenario. Replace line-by-line with source-backed evidence when available. | Calculated monthly planning series from scenario drivers; not actual project performance.
4,Skyline Towers,High-Rise Mixed-Use Development,Preliminary Planning — Base,base,capital_deployment,SCH-COST-15,monthly_development_spend,monthly development spend — month 15,8325000,usd,estimated,"pasted_content_25.txt, Skyline Towers 10-Point Financial OS Design Package, user-supplied 2026-08-21",,jchappell2120,15,15,construction,yes,Inferred preliminary planning scenario. Replace line-by-line with source-backed evidence when available. | Calculated monthly planning series from scenario drivers; not actual project performance.
4,Skyline Towers,High-Rise Mixed-Use Development,Preliminary Planning — Base,base,schedule,SCH-CUM-15,cumulative_deployment_bps,cumulative deployment bps — month 15,4550,percentage_bps,estimated,"pasted_content_25.txt, Skyline Towers 10-Point Financial OS Design Package, user-supplied 2026-08-21",,jchappell2120,15,15,construction,yes,Inferred preliminary planning scenario. Replace line-by-line with source-backed evidence when available. | Calculated monthly planning series from scenario drivers; not actual project performance.
4,Skyline Towers,High-Rise Mixed-Use Development,Preliminary Planning — Base,base,schedule,SCH-OCC-15,occupancy_bps,occupancy bps — month 15,0,percentage_bps,estimated,"pasted_content_25.txt, Skyline Towers 10-Point Financial OS Design Package, user-supplied 2026-08-21",,jchappell2120,15,15,construction,yes,Inferred preliminary planning scenario. Replace line-by-line with source-backed evidence when available. | Calculated monthly planning series from scenario drivers; not actual project performance.
4,Skyline Towers,High-Rise Mixed-Use Development,Preliminary Planning — Base,base,revenue,SCH-REV-15,monthly_effective_revenue,monthly effective revenue — month 15,0,usd,estimated,"pasted_content_25.txt, Skyline Towers 10-Point Financial OS Design Package, user-supplied 2026-08-21",,jchappell2120,15,15,construction,yes,Inferred preliminary planning scenario. Replace line-by-line with source-backed evidence when available. | Calculated monthly planning series from scenario drivers; not actual project performance.
4,Skyline Towers,High-Rise Mixed-Use Development,Preliminary Planning — Base,base,operations,SCH-OPEX-15,monthly_operating_expense,monthly operating expense — month 15,0,usd,estimated,"pasted_content_25.txt, Skyline Towers 10-Point Financial OS Design Package, user-supplied 2026-08-21",,jchappell2120,15,15,construction,yes,Inferred preliminary planning scenario. Replace line-by-line with source-backed evidence when available. | Calculated monthly planning series from scenario drivers; not actual project performance.
4,Skyline Towers,High-Rise Mixed-Use Development,Preliminary Planning — Base,base,financing,SCH-DRAW-15,monthly_debt_draw,monthly debt draw — month 15,5411250,usd,estimated,"pasted_content_25.txt, Skyline Towers 10-Point Financial OS Design Package, user-supplied 2026-08-21",,jchappell2120,15,15,construction,yes,Inferred preliminary planning scenario. Replace line-by-line with source-backed evidence when available. | Calculated monthly planning series from scenario drivers; not actual project performance.
4,Skyline Towers,High-Rise Mixed-Use Development,Preliminary Planning — Base,base,financing,SCH-INT-15,monthly_interest,monthly interest — month 15,341961,usd,estimated,"pasted_content_25.txt, Skyline Towers 10-Point Financial OS Design Package, user-supplied 2026-08-21",,jchappell2120,15,15,construction,yes,Inferred preliminary planning scenario. Replace line-by-line with source-backed evidence when available. | Calculated monthly planning series from scenario drivers; not actual project performance.
4,Skyline Towers,High-Rise Mixed-Use Development,Preliminary Planning — Base,base,cash_flow,SCH-CF-15,monthly_levered_cash_flow,monthly levered cash flow — month 15,-8666961,usd,estimated,"pasted_content_25.txt, Skyline Towers 10-Point Financial OS Design Package, user-supplied 2026-08-21",,jchappell2120,15,15,construction,yes,Inferred preliminary planning scenario. Replace line-by-line with source-backed evidence when available. | Calculated monthly planning series from scenario drivers; not actual project performance.
4,Skyline Towers,High-Rise Mixed-Use Development,Preliminary Planning — Base,base,capital_deployment,SCH-COST-16,monthly_development_spend,monthly development spend — month 16,8325000,usd,estimated,"pasted_content_25.txt, Skyline Towers 10-Point Financial OS Design Package, user-supplied 2026-08-21",,jchappell2120,16,16,construction,yes,Inferred preliminary planning scenario. Replace line-by-line with source-backed evidence when available. | Calculated monthly planning series from scenario drivers; not actual project performance.
4,Skyline Towers,High-Rise Mixed-Use Development,Preliminary Planning — Base,base,schedule,SCH-CUM-16,cumulative_deployment_bps,cumulative deployment bps — month 16,5000,percentage_bps,estimated,"pasted_content_25.txt, Skyline Towers 10-Point Financial OS Design Package, user-supplied 2026-08-21",,jchappell2120,16,16,construction,yes,Inferred preliminary planning scenario. Replace line-by-line with source-backed evidence when available. | Calculated monthly planning series from scenario drivers; not actual project performance.
4,Skyline Towers,High-Rise Mixed-Use Development,Preliminary Planning — Base,base,schedule,SCH-OCC-16,occupancy_bps,occupancy bps — month 16,0,percentage_bps,estimated,"pasted_content_25.txt, Skyline Towers 10-Point Financial OS Design Package, user-supplied 2026-08-21",,jchappell2120,16,16,construction,yes,Inferred preliminary planning scenario. Replace line-by-line with source-backed evidence when available. | Calculated monthly planning series from scenario drivers; not actual project performance.
4,Skyline Towers,High-Rise Mixed-Use Development,Preliminary Planning — Base,base,revenue,SCH-REV-16,monthly_effective_revenue,monthly effective revenue — month 16,0,usd,estimated,"pasted_content_25.txt, Skyline Towers 10-Point Financial OS Design Package, user-supplied 2026-08-21",,jchappell2120,16,16,construction,yes,Inferred preliminary planning scenario. Replace line-by-line with source-backed evidence when available. | Calculated monthly planning series from scenario drivers; not actual project performance.
4,Skyline Towers,High-Rise Mixed-Use Development,Preliminary Planning — Base,base,operations,SCH-OPEX-16,monthly_operating_expense,monthly operating expense — month 16,0,usd,estimated,"pasted_content_25.txt, Skyline Towers 10-Point Financial OS Design Package, user-supplied 2026-08-21",,jchappell2120,16,16,construction,yes,Inferred preliminary planning scenario. Replace line-by-line with source-backed evidence when available. | Calculated monthly planning series from scenario drivers; not actual project performance.
4,Skyline Towers,High-Rise Mixed-Use Development,Preliminary Planning — Base,base,financing,SCH-DRAW-16,monthly_debt_draw,monthly debt draw — month 16,5411250,usd,estimated,"pasted_content_25.txt, Skyline Towers 10-Point Financial OS Design Package, user-supplied 2026-08-21",,jchappell2120,16,16,construction,yes,Inferred preliminary planning scenario. Replace line-by-line with source-backed evidence when available. | Calculated monthly planning series from scenario drivers; not actual project performance.
4,Skyline Towers,High-Rise Mixed-Use Development,Preliminary Planning — Base,base,financing,SCH-INT-16,monthly_interest,monthly interest — month 16,375781,usd,estimated,"pasted_content_25.txt, Skyline Towers 10-Point Financial OS Design Package, user-supplied 2026-08-21",,jchappell2120,16,16,construction,yes,Inferred preliminary planning scenario. Replace line-by-line with source-backed evidence when available. | Calculated monthly planning series from scenario drivers; not actual project performance.
4,Skyline Towers,High-Rise Mixed-Use Development,Preliminary Planning — Base,base,cash_flow,SCH-CF-16,monthly_levered_cash_flow,monthly levered cash flow — month 16,-8700781,usd,estimated,"pasted_content_25.txt, Skyline Towers 10-Point Financial OS Design Package, user-supplied 2026-08-21",,jchappell2120,16,16,construction,yes,Inferred preliminary planning scenario. Replace line-by-line with source-backed evidence when available. | Calculated monthly planning series from scenario drivers; not actual project performance.
4,Skyline Towers,High-Rise Mixed-Use Development,Preliminary Planning — Base,base,capital_deployment,SCH-COST-17,monthly_development_spend,monthly development spend — month 17,8325000,usd,estimated,"pasted_content_25.txt, Skyline Towers 10-Point Financial OS Design Package, user-supplied 2026-08-21",,jchappell2120,17,17,construction,yes,Inferred preliminary planning scenario. Replace line-by-line with source-backed evidence when available. | Calculated monthly planning series from scenario drivers; not actual project performance.
4,Skyline Towers,High-Rise Mixed-Use Development,Preliminary Planning — Base,base,schedule,SCH-CUM-17,cumulative_deployment_bps,cumulative deployment bps — month 17,5450,percentage_bps,estimated,"pasted_content_25.txt, Skyline Towers 10-Point Financial OS Design Package, user-supplied 2026-08-21",,jchappell2120,17,17,construction,yes,Inferred preliminary planning scenario. Replace line-by-line with source-backed evidence when available. | Calculated monthly planning series from scenario drivers; not actual project performance.
4,Skyline Towers,High-Rise Mixed-Use Development,Preliminary Planning — Base,base,schedule,SCH-OCC-17,occupancy_bps,occupancy bps — month 17,0,percentage_bps,estimated,"pasted_content_25.txt, Skyline Towers 10-Point Financial OS Design Package, user-supplied 2026-08-21",,jchappell2120,17,17,construction,yes,Inferred preliminary planning scenario. Replace line-by-line with source-backed evidence when available. | Calculated monthly planning series from scenario drivers; not actual project performance.
4,Skyline Towers,High-Rise Mixed-Use Development,Preliminary Planning — Base,base,revenue,SCH-REV-17,monthly_effective_revenue,monthly effective revenue — month 17,0,usd,estimated,"pasted_content_25.txt, Skyline Towers 10-Point Financial OS Design Package, user-supplied 2026-08-21",,jchappell2120,17,17,construction,yes,Inferred preliminary planning scenario. Replace line-by-line with source-backed evidence when available. | Calculated monthly planning series from scenario drivers; not actual project performance.
4,Skyline Towers,High-Rise Mixed-Use Development,Preliminary Planning — Base,base,operations,SCH-OPEX-17,monthly_operating_expense,monthly operating expense — month 17,0,usd,estimated,"pasted_content_25.txt, Skyline Towers 10-Point Financial OS Design Package, user-supplied 2026-08-21",,jchappell2120,17,17,construction,yes,Inferred preliminary planning scenario. Replace line-by-line with source-backed evidence when available. | Calculated monthly planning series from scenario drivers; not actual project performance.
4,Skyline Towers,High-Rise Mixed-Use Development,Preliminary Planning — Base,base,financing,SCH-DRAW-17,monthly_debt_draw,monthly debt draw — month 17,5411250,usd,estimated,"pasted_content_25.txt, Skyline Towers 10-Point Financial OS Design Package, user-supplied 2026-08-21",,jchappell2120,17,17,construction,yes,Inferred preliminary planning scenario. Replace line-by-line with source-backed evidence when available. | Calculated monthly planning series from scenario drivers; not actual project performance.
4,Skyline Towers,High-Rise Mixed-Use Development,Preliminary Planning — Base,base,financing,SCH-INT-17,monthly_interest,monthly interest — month 17,409602,usd,estimated,"pasted_content_25.txt, Skyline Towers 10-Point Financial OS Design Package, user-supplied 2026-08-21",,jchappell2120,17,17,construction,yes,Inferred preliminary planning scenario. Replace line-by-line with source-backed evidence when available. | Calculated monthly planning series from scenario drivers; not actual project performance.
4,Skyline Towers,High-Rise Mixed-Use Development,Preliminary Planning — Base,base,cash_flow,SCH-CF-17,monthly_levered_cash_flow,monthly levered cash flow — month 17,-8734602,usd,estimated,"pasted_content_25.txt, Skyline Towers 10-Point Financial OS Design Package, user-supplied 2026-08-21",,jchappell2120,17,17,construction,yes,Inferred preliminary planning scenario. Replace line-by-line with source-backed evidence when available. | Calculated monthly planning series from scenario drivers; not actual project performance.
4,Skyline Towers,High-Rise Mixed-Use Development,Preliminary Planning — Base,base,capital_deployment,SCH-COST-18,monthly_development_spend,monthly development spend — month 18,8325000,usd,estimated,"pasted_content_25.txt, Skyline Towers 10-Point Financial OS Design Package, user-supplied 2026-08-21",,jchappell2120,18,18,construction,yes,Inferred preliminary planning scenario. Replace line-by-line with source-backed evidence when available. | Calculated monthly planning series from scenario drivers; not actual project performance.
4,Skyline Towers,High-Rise Mixed-Use Development,Preliminary Planning — Base,base,schedule,SCH-CUM-18,cumulative_deployment_bps,cumulative deployment bps — month 18,5900,percentage_bps,estimated,"pasted_content_25.txt, Skyline Towers 10-Point Financial OS Design Package, user-supplied 2026-08-21",,jchappell2120,18,18,construction,yes,Inferred preliminary planning scenario. Replace line-by-line with source-backed evidence when available. | Calculated monthly planning series from scenario drivers; not actual project performance.
4,Skyline Towers,High-Rise Mixed-Use Development,Preliminary Planning — Base,base,schedule,SCH-OCC-18,occupancy_bps,occupancy bps — month 18,0,percentage_bps,estimated,"pasted_content_25.txt, Skyline Towers 10-Point Financial OS Design Package, user-supplied 2026-08-21",,jchappell2120,18,18,construction,yes,Inferred preliminary planning scenario. Replace line-by-line with source-backed evidence when available. | Calculated monthly planning series from scenario drivers; not actual project performance.
4,Skyline Towers,High-Rise Mixed-Use Development,Preliminary Planning — Base,base,revenue,SCH-REV-18,monthly_effective_revenue,monthly effective revenue — month 18,0,usd,estimated,"pasted_content_25.txt, Skyline Towers 10-Point Financial OS Design Package, user-supplied 2026-08-21",,jchappell2120,18,18,construction,yes,Inferred preliminary planning scenario. Replace line-by-line with source-backed evidence when available. | Calculated monthly planning series from scenario drivers; not actual project performance.
4,Skyline Towers,High-Rise Mixed-Use Development,Preliminary Planning — Base,base,operations,SCH-OPEX-18,monthly_operating_expense,monthly operating expense — month 18,0,usd,estimated,"pasted_content_25.txt, Skyline Towers 10-Point Financial OS Design Package, user-supplied 2026-08-21",,jchappell2120,18,18,construction,yes,Inferred preliminary planning scenario. Replace line-by-line with source-backed evidence when available. | Calculated monthly planning series from scenario drivers; not actual project performance.
4,Skyline Towers,High-Rise Mixed-Use Development,Preliminary Planning — Base,base,financing,SCH-DRAW-18,monthly_debt_draw,monthly debt draw — month 18,5411250,usd,estimated,"pasted_content_25.txt, Skyline Towers 10-Point Financial OS Design Package, user-supplied 2026-08-21",,jchappell2120,18,18,construction,yes,Inferred preliminary planning scenario. Replace line-by-line with source-backed evidence when available. | Calculated monthly planning series from scenario drivers; not actual project performance.
4,Skyline Towers,High-Rise Mixed-Use Development,Preliminary Planning — Base,base,financing,SCH-INT-18,monthly_interest,monthly interest — month 18,443422,usd,estimated,"pasted_content_25.txt, Skyline Towers 10-Point Financial OS Design Package, user-supplied 2026-08-21",,jchappell2120,18,18,construction,yes,Inferred preliminary planning scenario. Replace line-by-line with source-backed evidence when available. | Calculated monthly planning series from scenario drivers; not actual project performance.
4,Skyline Towers,High-Rise Mixed-Use Development,Preliminary Planning — Base,base,cash_flow,SCH-CF-18,monthly_levered_cash_flow,monthly levered cash flow — month 18,-8768422,usd,estimated,"pasted_content_25.txt, Skyline Towers 10-Point Financial OS Design Package, user-supplied 2026-08-21",,jchappell2120,18,18,construction,yes,Inferred preliminary planning scenario. Replace line-by-line with source-backed evidence when available. | Calculated monthly planning series from scenario drivers; not actual project performance.
4,Skyline Towers,High-Rise Mixed-Use Development,Preliminary Planning — Base,base,capital_deployment,SCH-COST-19,monthly_development_spend,monthly development spend — month 19,8325000,usd,estimated,"pasted_content_25.txt, Skyline Towers 10-Point Financial OS Design Package, user-supplied 2026-08-21",,jchappell2120,19,19,construction,yes,Inferred preliminary planning scenario. Replace line-by-line with source-backed evidence when available. | Calculated monthly planning series from scenario drivers; not actual project performance.
4,Skyline Towers,High-Rise Mixed-Use Development,Preliminary Planning — Base,base,schedule,SCH-CUM-19,cumulative_deployment_bps,cumulative deployment bps — month 19,6350,percentage_bps,estimated,"pasted_content_25.txt, Skyline Towers 10-Point Financial OS Design Package, user-supplied 2026-08-21",,jchappell2120,19,19,construction,yes,Inferred preliminary planning scenario. Replace line-by-line with source-backed evidence when available. | Calculated monthly planning series from scenario drivers; not actual project performance.
4,Skyline Towers,High-Rise Mixed-Use Development,Preliminary Planning — Base,base,schedule,SCH-OCC-19,occupancy_bps,occupancy bps — month 19,0,percentage_bps,estimated,"pasted_content_25.txt, Skyline Towers 10-Point Financial OS Design Package, user-supplied 2026-08-21",,jchappell2120,19,19,construction,yes,Inferred preliminary planning scenario. Replace line-by-line with source-backed evidence when available. | Calculated monthly planning series from scenario drivers; not actual project performance.
4,Skyline Towers,High-Rise Mixed-Use Development,Preliminary Planning — Base,base,revenue,SCH-REV-19,monthly_effective_revenue,monthly effective revenue — month 19,0,usd,estimated,"pasted_content_25.txt, Skyline Towers 10-Point Financial OS Design Package, user-supplied 2026-08-21",,jchappell2120,19,19,construction,yes,Inferred preliminary planning scenario. Replace line-by-line with source-backed evidence when available. | Calculated monthly planning series from scenario drivers; not actual project performance.
4,Skyline Towers,High-Rise Mixed-Use Development,Preliminary Planning — Base,base,operations,SCH-OPEX-19,monthly_operating_expense,monthly operating expense — month 19,0,usd,estimated,"pasted_content_25.txt, Skyline Towers 10-Point Financial OS Design Package, user-supplied 2026-08-21",,jchappell2120,19,19,construction,yes,Inferred preliminary planning scenario. Replace line-by-line with source-backed evidence when available. | Calculated monthly planning series from scenario drivers; not actual project performance.
4,Skyline Towers,High-Rise Mixed-Use Development,Preliminary Planning — Base,base,financing,SCH-DRAW-19,monthly_debt_draw,monthly debt draw — month 19,5411250,usd,estimated,"pasted_content_25.txt, Skyline Towers 10-Point Financial OS Design Package, user-supplied 2026-08-21",,jchappell2120,19,19,construction,yes,Inferred preliminary planning scenario. Replace line-by-line with source-backed evidence when available. | Calculated monthly planning series from scenario drivers; not actual project performance.
4,Skyline Towers,High-Rise Mixed-Use Development,Preliminary Planning — Base,base,financing,SCH-INT-19,monthly_interest,monthly interest — month 19,477242,usd,estimated,"pasted_content_25.txt, Skyline Towers 10-Point Financial OS Design Package, user-supplied 2026-08-21",,jchappell2120,19,19,construction,yes,Inferred preliminary planning scenario. Replace line-by-line with source-backed evidence when available. | Calculated monthly planning series from scenario drivers; not actual project performance.
4,Skyline Towers,High-Rise Mixed-Use Development,Preliminary Planning — Base,base,cash_flow,SCH-CF-19,monthly_levered_cash_flow,monthly levered cash flow — month 19,-8802242,usd,estimated,"pasted_content_25.txt, Skyline Towers 10-Point Financial OS Design Package, user-supplied 2026-08-21",,jchappell2120,19,19,construction,yes,Inferred preliminary planning scenario. Replace line-by-line with source-backed evidence when available. | Calculated monthly planning series from scenario drivers; not actual project performance.
4,Skyline Towers,High-Rise Mixed-Use Development,Preliminary Planning — Base,base,capital_deployment,SCH-COST-20,monthly_development_spend,monthly development spend — month 20,8325000,usd,estimated,"pasted_content_25.txt, Skyline Towers 10-Point Financial OS Design Package, user-supplied 2026-08-21",,jchappell2120,20,20,construction,yes,Inferred preliminary planning scenario. Replace line-by-line with source-backed evidence when available. | Calculated monthly planning series from scenario drivers; not actual project performance.
4,Skyline Towers,High-Rise Mixed-Use Development,Preliminary Planning — Base,base,schedule,SCH-CUM-20,cumulative_deployment_bps,cumulative deployment bps — month 20,6800,percentage_bps,estimated,"pasted_content_25.txt, Skyline Towers 10-Point Financial OS Design Package, user-supplied 2026-08-21",,jchappell2120,20,20,construction,yes,Inferred preliminary planning scenario. Replace line-by-line with source-backed evidence when available. | Calculated monthly planning series from scenario drivers; not actual project performance.
4,Skyline Towers,High-Rise Mixed-Use Development,Preliminary Planning — Base,base,schedule,SCH-OCC-20,occupancy_bps,occupancy bps — month 20,0,percentage_bps,estimated,"pasted_content_25.txt, Skyline Towers 10-Point Financial OS Design Package, user-supplied 2026-08-21",,jchappell2120,20,20,construction,yes,Inferred preliminary planning scenario. Replace line-by-line with source-backed evidence when available. | Calculated monthly planning series from scenario drivers; not actual project performance.
4,Skyline Towers,High-Rise Mixed-Use Development,Preliminary Planning — Base,base,revenue,SCH-REV-20,monthly_effective_revenue,monthly effective revenue — month 20,0,usd,estimated,"pasted_content_25.txt, Skyline Towers 10-Point Financial OS Design Package, user-supplied 2026-08-21",,jchappell2120,20,20,construction,yes,Inferred preliminary planning scenario. Replace line-by-line with source-backed evidence when available. | Calculated monthly planning series from scenario drivers; not actual project performance.
4,Skyline Towers,High-Rise Mixed-Use Development,Preliminary Planning — Base,base,operations,SCH-OPEX-20,monthly_operating_expense,monthly operating expense — month 20,0,usd,estimated,"pasted_content_25.txt, Skyline Towers 10-Point Financial OS Design Package, user-supplied 2026-08-21",,jchappell2120,20,20,construction,yes,Inferred preliminary planning scenario. Replace line-by-line with source-backed evidence when available. | Calculated monthly planning series from scenario drivers; not actual project performance.
4,Skyline Towers,High-Rise Mixed-Use Development,Preliminary Planning — Base,base,financing,SCH-DRAW-20,monthly_debt_draw,monthly debt draw — month 20,5411250,usd,estimated,"pasted_content_25.txt, Skyline Towers 10-Point Financial OS Design Package, user-supplied 2026-08-21",,jchappell2120,20,20,construction,yes,Inferred preliminary planning scenario. Replace line-by-line with source-backed evidence when available. | Calculated monthly planning series from scenario drivers; not actual project performance.
4,Skyline Towers,High-Rise Mixed-Use Development,Preliminary Planning — Base,base,financing,SCH-INT-20,monthly_interest,monthly interest — month 20,511063,usd,estimated,"pasted_content_25.txt, Skyline Towers 10-Point Financial OS Design Package, user-supplied 2026-08-21",,jchappell2120,20,20,construction,yes,Inferred preliminary planning scenario. Replace line-by-line with source-backed evidence when available. | Calculated monthly planning series from scenario drivers; not actual project performance.
4,Skyline Towers,High-Rise Mixed-Use Development,Preliminary Planning — Base,base,cash_flow,SCH-CF-20,monthly_levered_cash_flow,monthly levered cash flow — month 20,-8836063,usd,estimated,"pasted_content_25.txt, Skyline Towers 10-Point Financial OS Design Package, user-supplied 2026-08-21",,jchappell2120,20,20,construction,yes,Inferred preliminary planning scenario. Replace line-by-line with source-backed evidence when available. | Calculated monthly planning series from scenario drivers; not actual project performance.
4,Skyline Towers,High-Rise Mixed-Use Development,Preliminary Planning — Base,base,capital_deployment,SCH-COST-21,monthly_development_spend,monthly development spend — month 21,6937500,usd,estimated,"pasted_content_25.txt, Skyline Towers 10-Point Financial OS Design Package, user-supplied 2026-08-21",,jchappell2120,21,21,construction,yes,Inferred preliminary planning scenario. Replace line-by-line with source-backed evidence when available. | Calculated monthly planning series from scenario drivers; not actual project performance.
4,Skyline Towers,High-Rise Mixed-Use Development,Preliminary Planning — Base,base,schedule,SCH-CUM-21,cumulative_deployment_bps,cumulative deployment bps — month 21,7175,percentage_bps,estimated,"pasted_content_25.txt, Skyline Towers 10-Point Financial OS Design Package, user-supplied 2026-08-21",,jchappell2120,21,21,construction,yes,Inferred preliminary planning scenario. Replace line-by-line with source-backed evidence when available. | Calculated monthly planning series from scenario drivers; not actual project performance.
4,Skyline Towers,High-Rise Mixed-Use Development,Preliminary Planning — Base,base,schedule,SCH-OCC-21,occupancy_bps,occupancy bps — month 21,0,percentage_bps,estimated,"pasted_content_25.txt, Skyline Towers 10-Point Financial OS Design Package, user-supplied 2026-08-21",,jchappell2120,21,21,construction,yes,Inferred preliminary planning scenario. Replace line-by-line with source-backed evidence when available. | Calculated monthly planning series from scenario drivers; not actual project performance.
4,Skyline Towers,High-Rise Mixed-Use Development,Preliminary Planning — Base,base,revenue,SCH-REV-21,monthly_effective_revenue,monthly effective revenue — month 21,0,usd,estimated,"pasted_content_25.txt, Skyline Towers 10-Point Financial OS Design Package, user-supplied 2026-08-21",,jchappell2120,21,21,construction,yes,Inferred preliminary planning scenario. Replace line-by-line with source-backed evidence when available. | Calculated monthly planning series from scenario drivers; not actual project performance.
4,Skyline Towers,High-Rise Mixed-Use Development,Preliminary Planning — Base,base,operations,SCH-OPEX-21,monthly_operating_expense,monthly operating expense — month 21,0,usd,estimated,"pasted_content_25.txt, Skyline Towers 10-Point Financial OS Design Package, user-supplied 2026-08-21",,jchappell2120,21,21,construction,yes,Inferred preliminary planning scenario. Replace line-by-line with source-backed evidence when available. | Calculated monthly planning series from scenario drivers; not actual project performance.
4,Skyline Towers,High-Rise Mixed-Use Development,Preliminary Planning — Base,base,financing,SCH-DRAW-21,monthly_debt_draw,monthly debt draw — month 21,4509375,usd,estimated,"pasted_content_25.txt, Skyline Towers 10-Point Financial OS Design Package, user-supplied 2026-08-21",,jchappell2120,21,21,construction,yes,Inferred preliminary planning scenario. Replace line-by-line with source-backed evidence when available. | Calculated monthly planning series from scenario drivers; not actual project performance.
4,Skyline Towers,High-Rise Mixed-Use Development,Preliminary Planning — Base,base,financing,SCH-INT-21,monthly_interest,monthly interest — month 21,539246,usd,estimated,"pasted_content_25.txt, Skyline Towers 10-Point Financial OS Design Package, user-supplied 2026-08-21",,jchappell2120,21,21,construction,yes,Inferred preliminary planning scenario. Replace line-by-line with source-backed evidence when available. | Calculated monthly planning series from scenario drivers; not actual project performance.
4,Skyline Towers,High-Rise Mixed-Use Development,Preliminary Planning — Base,base,cash_flow,SCH-CF-21,monthly_levered_cash_flow,monthly levered cash flow — month 21,-7476746,usd,estimated,"pasted_content_25.txt, Skyline Towers 10-Point Financial OS Design Package, user-supplied 2026-08-21",,jchappell2120,21,21,construction,yes,Inferred preliminary planning scenario. Replace line-by-line with source-backed evidence when available. | Calculated monthly planning series from scenario drivers; not actual project performance.
4,Skyline Towers,High-Rise Mixed-Use Development,Preliminary Planning — Base,base,capital_deployment,SCH-COST-22,monthly_development_spend,monthly development spend — month 22,6937500,usd,estimated,"pasted_content_25.txt, Skyline Towers 10-Point Financial OS Design Package, user-supplied 2026-08-21",,jchappell2120,22,22,construction,yes,Inferred preliminary planning scenario. Replace line-by-line with source-backed evidence when available. | Calculated monthly planning series from scenario drivers; not actual project performance.
4,Skyline Towers,High-Rise Mixed-Use Development,Preliminary Planning — Base,base,schedule,SCH-CUM-22,cumulative_deployment_bps,cumulative deployment bps — month 22,7550,percentage_bps,estimated,"pasted_content_25.txt, Skyline Towers 10-Point Financial OS Design Package, user-supplied 2026-08-21",,jchappell2120,22,22,construction,yes,Inferred preliminary planning scenario. Replace line-by-line with source-backed evidence when available. | Calculated monthly planning series from scenario drivers; not actual project performance.
4,Skyline Towers,High-Rise Mixed-Use Development,Preliminary Planning — Base,base,schedule,SCH-OCC-22,occupancy_bps,occupancy bps — month 22,0,percentage_bps,estimated,"pasted_content_25.txt, Skyline Towers 10-Point Financial OS Design Package, user-supplied 2026-08-21",,jchappell2120,22,22,construction,yes,Inferred preliminary planning scenario. Replace line-by-line with source-backed evidence when available. | Calculated monthly planning series from scenario drivers; not actual project performance.
4,Skyline Towers,High-Rise Mixed-Use Development,Preliminary Planning — Base,base,revenue,SCH-REV-22,monthly_effective_revenue,monthly effective revenue — month 22,0,usd,estimated,"pasted_content_25.txt, Skyline Towers 10-Point Financial OS Design Package, user-supplied 2026-08-21",,jchappell2120,22,22,construction,yes,Inferred preliminary planning scenario. Replace line-by-line with source-backed evidence when available. | Calculated monthly planning series from scenario drivers; not actual project performance.
4,Skyline Towers,High-Rise Mixed-Use Development,Preliminary Planning — Base,base,operations,SCH-OPEX-22,monthly_operating_expense,monthly operating expense — month 22,0,usd,estimated,"pasted_content_25.txt, Skyline Towers 10-Point Financial OS Design Package, user-supplied 2026-08-21",,jchappell2120,22,22,construction,yes,Inferred preliminary planning scenario. Replace line-by-line with source-backed evidence when available. | Calculated monthly planning series from scenario drivers; not actual project performance.
4,Skyline Towers,High-Rise Mixed-Use Development,Preliminary Planning — Base,base,financing,SCH-DRAW-22,monthly_debt_draw,monthly debt draw — month 22,4509375,usd,estimated,"pasted_content_25.txt, Skyline Towers 10-Point Financial OS Design Package, user-supplied 2026-08-21",,jchappell2120,22,22,construction,yes,Inferred preliminary planning scenario. Replace line-by-line with source-backed evidence when available. | Calculated monthly planning series from scenario drivers; not actual project performance.
4,Skyline Towers,High-Rise Mixed-Use Development,Preliminary Planning — Base,base,financing,SCH-INT-22,monthly_interest,monthly interest — month 22,567430,usd,estimated,"pasted_content_25.txt, Skyline Towers 10-Point Financial OS Design Package, user-supplied 2026-08-21",,jchappell2120,22,22,construction,yes,Inferred preliminary planning scenario. Replace line-by-line with source-backed evidence when available. | Calculated monthly planning series from scenario drivers; not actual project performance.
4,Skyline Towers,High-Rise Mixed-Use Development,Preliminary Planning — Base,base,cash_flow,SCH-CF-22,monthly_levered_cash_flow,monthly levered cash flow — month 22,-7504930,usd,estimated,"pasted_content_25.txt, Skyline Towers 10-Point Financial OS Design Package, user-supplied 2026-08-21",,jchappell2120,22,22,construction,yes,Inferred preliminary planning scenario. Replace line-by-line with source-backed evidence when available. | Calculated monthly planning series from scenario drivers; not actual project performance.
4,Skyline Towers,High-Rise Mixed-Use Development,Preliminary Planning — Base,base,capital_deployment,SCH-COST-23,monthly_development_spend,monthly development spend — month 23,6937500,usd,estimated,"pasted_content_25.txt, Skyline Towers 10-Point Financial OS Design Package, user-supplied 2026-08-21",,jchappell2120,23,23,construction,yes,Inferred preliminary planning scenario. Replace line-by-line with source-backed evidence when available. | Calculated monthly planning series from scenario drivers; not actual project performance.
4,Skyline Towers,High-Rise Mixed-Use Development,Preliminary Planning — Base,base,schedule,SCH-CUM-23,cumulative_deployment_bps,cumulative deployment bps — month 23,7925,percentage_bps,estimated,"pasted_content_25.txt, Skyline Towers 10-Point Financial OS Design Package, user-supplied 2026-08-21",,jchappell2120,23,23,construction,yes,Inferred preliminary planning scenario. Replace line-by-line with source-backed evidence when available. | Calculated monthly planning series from scenario drivers; not actual project performance.
4,Skyline Towers,High-Rise Mixed-Use Development,Preliminary Planning — Base,base,schedule,SCH-OCC-23,occupancy_bps,occupancy bps — month 23,0,percentage_bps,estimated,"pasted_content_25.txt, Skyline Towers 10-Point Financial OS Design Package, user-supplied 2026-08-21",,jchappell2120,23,23,construction,yes,Inferred preliminary planning scenario. Replace line-by-line with source-backed evidence when available. | Calculated monthly planning series from scenario drivers; not actual project performance.
4,Skyline Towers,High-Rise Mixed-Use Development,Preliminary Planning — Base,base,revenue,SCH-REV-23,monthly_effective_revenue,monthly effective revenue — month 23,0,usd,estimated,"pasted_content_25.txt, Skyline Towers 10-Point Financial OS Design Package, user-supplied 2026-08-21",,jchappell2120,23,23,construction,yes,Inferred preliminary planning scenario. Replace line-by-line with source-backed evidence when available. | Calculated monthly planning series from scenario drivers; not actual project performance.
4,Skyline Towers,High-Rise Mixed-Use Development,Preliminary Planning — Base,base,operations,SCH-OPEX-23,monthly_operating_expense,monthly operating expense — month 23,0,usd,estimated,"pasted_content_25.txt, Skyline Towers 10-Point Financial OS Design Package, user-supplied 2026-08-21",,jchappell2120,23,23,construction,yes,Inferred preliminary planning scenario. Replace line-by-line with source-backed evidence when available. | Calculated monthly planning series from scenario drivers; not actual project performance.
4,Skyline Towers,High-Rise Mixed-Use Development,Preliminary Planning — Base,base,financing,SCH-DRAW-23,monthly_debt_draw,monthly debt draw — month 23,4509375,usd,estimated,"pasted_content_25.txt, Skyline Towers 10-Point Financial OS Design Package, user-supplied 2026-08-21",,jchappell2120,23,23,construction,yes,Inferred preliminary planning scenario. Replace line-by-line with source-backed evidence when available. | Calculated monthly planning series from scenario drivers; not actual project performance.
4,Skyline Towers,High-Rise Mixed-Use Development,Preliminary Planning — Base,base,financing,SCH-INT-23,monthly_interest,monthly interest — month 23,595613,usd,estimated,"pasted_content_25.txt, Skyline Towers 10-Point Financial OS Design Package, user-supplied 2026-08-21",,jchappell2120,23,23,construction,yes,Inferred preliminary planning scenario. Replace line-by-line with source-backed evidence when available. | Calculated monthly planning series from scenario drivers; not actual project performance.
4,Skyline Towers,High-Rise Mixed-Use Development,Preliminary Planning — Base,base,cash_flow,SCH-CF-23,monthly_levered_cash_flow,monthly levered cash flow — month 23,-7533113,usd,estimated,"pasted_content_25.txt, Skyline Towers 10-Point Financial OS Design Package, user-supplied 2026-08-21",,jchappell2120,23,23,construction,yes,Inferred preliminary planning scenario. Replace line-by-line with source-backed evidence when available. | Calculated monthly planning series from scenario drivers; not actual project performance.
4,Skyline Towers,High-Rise Mixed-Use Development,Preliminary Planning — Base,base,capital_deployment,SCH-COST-24,monthly_development_spend,monthly development spend — month 24,6937500,usd,estimated,"pasted_content_25.txt, Skyline Towers 10-Point Financial OS Design Package, user-supplied 2026-08-21",,jchappell2120,24,24,construction,yes,Inferred preliminary planning scenario. Replace line-by-line with source-backed evidence when available. | Calculated monthly planning series from scenario drivers; not actual project performance.
4,Skyline Towers,High-Rise Mixed-Use Development,Preliminary Planning — Base,base,schedule,SCH-CUM-24,cumulative_deployment_bps,cumulative deployment bps — month 24,8300,percentage_bps,estimated,"pasted_content_25.txt, Skyline Towers 10-Point Financial OS Design Package, user-supplied 2026-08-21",,jchappell2120,24,24,construction,yes,Inferred preliminary planning scenario. Replace line-by-line with source-backed evidence when available. | Calculated monthly planning series from scenario drivers; not actual project performance.
4,Skyline Towers,High-Rise Mixed-Use Development,Preliminary Planning — Base,base,schedule,SCH-OCC-24,occupancy_bps,occupancy bps — month 24,0,percentage_bps,estimated,"pasted_content_25.txt, Skyline Towers 10-Point Financial OS Design Package, user-supplied 2026-08-21",,jchappell2120,24,24,construction,yes,Inferred preliminary planning scenario. Replace line-by-line with source-backed evidence when available. | Calculated monthly planning series from scenario drivers; not actual project performance.
4,Skyline Towers,High-Rise Mixed-Use Development,Preliminary Planning — Base,base,revenue,SCH-REV-24,monthly_effective_revenue,monthly effective revenue — month 24,0,usd,estimated,"pasted_content_25.txt, Skyline Towers 10-Point Financial OS Design Package, user-supplied 2026-08-21",,jchappell2120,24,24,construction,yes,Inferred preliminary planning scenario. Replace line-by-line with source-backed evidence when available. | Calculated monthly planning series from scenario drivers; not actual project performance.
4,Skyline Towers,High-Rise Mixed-Use Development,Preliminary Planning — Base,base,operations,SCH-OPEX-24,monthly_operating_expense,monthly operating expense — month 24,0,usd,estimated,"pasted_content_25.txt, Skyline Towers 10-Point Financial OS Design Package, user-supplied 2026-08-21",,jchappell2120,24,24,construction,yes,Inferred preliminary planning scenario. Replace line-by-line with source-backed evidence when available. | Calculated monthly planning series from scenario drivers; not actual project performance.
4,Skyline Towers,High-Rise Mixed-Use Development,Preliminary Planning — Base,base,financing,SCH-DRAW-24,monthly_debt_draw,monthly debt draw — month 24,4509375,usd,estimated,"pasted_content_25.txt, Skyline Towers 10-Point Financial OS Design Package, user-supplied 2026-08-21",,jchappell2120,24,24,construction,yes,Inferred preliminary planning scenario. Replace line-by-line with source-backed evidence when available. | Calculated monthly planning series from scenario drivers; not actual project performance.
4,Skyline Towers,High-Rise Mixed-Use Development,Preliminary Planning — Base,base,financing,SCH-INT-24,monthly_interest,monthly interest — month 24,623797,usd,estimated,"pasted_content_25.txt, Skyline Towers 10-Point Financial OS Design Package, user-supplied 2026-08-21",,jchappell2120,24,24,construction,yes,Inferred preliminary planning scenario. Replace line-by-line with source-backed evidence when available. | Calculated monthly planning series from scenario drivers; not actual project performance.
4,Skyline Towers,High-Rise Mixed-Use Development,Preliminary Planning — Base,base,cash_flow,SCH-CF-24,monthly_levered_cash_flow,monthly levered cash flow — month 24,-7561297,usd,estimated,"pasted_content_25.txt, Skyline Towers 10-Point Financial OS Design Package, user-supplied 2026-08-21",,jchappell2120,24,24,construction,yes,Inferred preliminary planning scenario. Replace line-by-line with source-backed evidence when available. | Calculated monthly planning series from scenario drivers; not actual project performance.
4,Skyline Towers,High-Rise Mixed-Use Development,Preliminary Planning — Base,base,capital_deployment,SCH-COST-25,monthly_development_spend,monthly development spend — month 25,6012500,usd,estimated,"pasted_content_25.txt, Skyline Towers 10-Point Financial OS Design Package, user-supplied 2026-08-21",,jchappell2120,25,25,construction,yes,Inferred preliminary planning scenario. Replace line-by-line with source-backed evidence when available. | Calculated monthly planning series from scenario drivers; not actual project performance.
4,Skyline Towers,High-Rise Mixed-Use Development,Preliminary Planning — Base,base,schedule,SCH-CUM-25,cumulative_deployment_bps,cumulative deployment bps — month 25,8625,percentage_bps,estimated,"pasted_content_25.txt, Skyline Towers 10-Point Financial OS Design Package, user-supplied 2026-08-21",,jchappell2120,25,25,construction,yes,Inferred preliminary planning scenario. Replace line-by-line with source-backed evidence when available. | Calculated monthly planning series from scenario drivers; not actual project performance.
4,Skyline Towers,High-Rise Mixed-Use Development,Preliminary Planning — Base,base,schedule,SCH-OCC-25,occupancy_bps,occupancy bps — month 25,0,percentage_bps,estimated,"pasted_content_25.txt, Skyline Towers 10-Point Financial OS Design Package, user-supplied 2026-08-21",,jchappell2120,25,25,construction,yes,Inferred preliminary planning scenario. Replace line-by-line with source-backed evidence when available. | Calculated monthly planning series from scenario drivers; not actual project performance.
4,Skyline Towers,High-Rise Mixed-Use Development,Preliminary Planning — Base,base,revenue,SCH-REV-25,monthly_effective_revenue,monthly effective revenue — month 25,0,usd,estimated,"pasted_content_25.txt, Skyline Towers 10-Point Financial OS Design Package, user-supplied 2026-08-21",,jchappell2120,25,25,construction,yes,Inferred preliminary planning scenario. Replace line-by-line with source-backed evidence when available. | Calculated monthly planning series from scenario drivers; not actual project performance.
4,Skyline Towers,High-Rise Mixed-Use Development,Preliminary Planning — Base,base,operations,SCH-OPEX-25,monthly_operating_expense,monthly operating expense — month 25,0,usd,estimated,"pasted_content_25.txt, Skyline Towers 10-Point Financial OS Design Package, user-supplied 2026-08-21",,jchappell2120,25,25,construction,yes,Inferred preliminary planning scenario. Replace line-by-line with source-backed evidence when available. | Calculated monthly planning series from scenario drivers; not actual project performance.
4,Skyline Towers,High-Rise Mixed-Use Development,Preliminary Planning — Base,base,financing,SCH-DRAW-25,monthly_debt_draw,monthly debt draw — month 25,3908125,usd,estimated,"pasted_content_25.txt, Skyline Towers 10-Point Financial OS Design Package, user-supplied 2026-08-21",,jchappell2120,25,25,construction,yes,Inferred preliminary planning scenario. Replace line-by-line with source-backed evidence when available. | Calculated monthly planning series from scenario drivers; not actual project performance.
4,Skyline Towers,High-Rise Mixed-Use Development,Preliminary Planning — Base,base,financing,SCH-INT-25,monthly_interest,monthly interest — month 25,648223,usd,estimated,"pasted_content_25.txt, Skyline Towers 10-Point Financial OS Design Package, user-supplied 2026-08-21",,jchappell2120,25,25,construction,yes,Inferred preliminary planning scenario. Replace line-by-line with source-backed evidence when available. | Calculated monthly planning series from scenario drivers; not actual project performance.
4,Skyline Towers,High-Rise Mixed-Use Development,Preliminary Planning — Base,base,cash_flow,SCH-CF-25,monthly_levered_cash_flow,monthly levered cash flow — month 25,-6660723,usd,estimated,"pasted_content_25.txt, Skyline Towers 10-Point Financial OS Design Package, user-supplied 2026-08-21",,jchappell2120,25,25,construction,yes,Inferred preliminary planning scenario. Replace line-by-line with source-backed evidence when available. | Calculated monthly planning series from scenario drivers; not actual project performance.
4,Skyline Towers,High-Rise Mixed-Use Development,Preliminary Planning — Base,base,capital_deployment,SCH-COST-26,monthly_development_spend,monthly development spend — month 26,6012500,usd,estimated,"pasted_content_25.txt, Skyline Towers 10-Point Financial OS Design Package, user-supplied 2026-08-21",,jchappell2120,26,26,construction,yes,Inferred preliminary planning scenario. Replace line-by-line with source-backed evidence when available. | Calculated monthly planning series from scenario drivers; not actual project performance.
4,Skyline Towers,High-Rise Mixed-Use Development,Preliminary Planning — Base,base,schedule,SCH-CUM-26,cumulative_deployment_bps,cumulative deployment bps — month 26,8950,percentage_bps,estimated,"pasted_content_25.txt, Skyline Towers 10-Point Financial OS Design Package, user-supplied 2026-08-21",,jchappell2120,26,26,construction,yes,Inferred preliminary planning scenario. Replace line-by-line with source-backed evidence when available. | Calculated monthly planning series from scenario drivers; not actual project performance.
4,Skyline Towers,High-Rise Mixed-Use Development,Preliminary Planning — Base,base,schedule,SCH-OCC-26,occupancy_bps,occupancy bps — month 26,0,percentage_bps,estimated,"pasted_content_25.txt, Skyline Towers 10-Point Financial OS Design Package, user-supplied 2026-08-21",,jchappell2120,26,26,construction,yes,Inferred preliminary planning scenario. Replace line-by-line with source-backed evidence when available. | Calculated monthly planning series from scenario drivers; not actual project performance.
4,Skyline Towers,High-Rise Mixed-Use Development,Preliminary Planning — Base,base,revenue,SCH-REV-26,monthly_effective_revenue,monthly effective revenue — month 26,0,usd,estimated,"pasted_content_25.txt, Skyline Towers 10-Point Financial OS Design Package, user-supplied 2026-08-21",,jchappell2120,26,26,construction,yes,Inferred preliminary planning scenario. Replace line-by-line with source-backed evidence when available. | Calculated monthly planning series from scenario drivers; not actual project performance.
4,Skyline Towers,High-Rise Mixed-Use Development,Preliminary Planning — Base,base,operations,SCH-OPEX-26,monthly_operating_expense,monthly operating expense — month 26,0,usd,estimated,"pasted_content_25.txt, Skyline Towers 10-Point Financial OS Design Package, user-supplied 2026-08-21",,jchappell2120,26,26,construction,yes,Inferred preliminary planning scenario. Replace line-by-line with source-backed evidence when available. | Calculated monthly planning series from scenario drivers; not actual project performance.
4,Skyline Towers,High-Rise Mixed-Use Development,Preliminary Planning — Base,base,financing,SCH-DRAW-26,monthly_debt_draw,monthly debt draw — month 26,3908125,usd,estimated,"pasted_content_25.txt, Skyline Towers 10-Point Financial OS Design Package, user-supplied 2026-08-21",,jchappell2120,26,26,construction,yes,Inferred preliminary planning scenario. Replace line-by-line with source-backed evidence when available. | Calculated monthly planning series from scenario drivers; not actual project performance.
4,Skyline Towers,High-Rise Mixed-Use Development,Preliminary Planning — Base,base,financing,SCH-INT-26,monthly_interest,monthly interest — month 26,672648,usd,estimated,"pasted_content_25.txt, Skyline Towers 10-Point Financial OS Design Package, user-supplied 2026-08-21",,jchappell2120,26,26,construction,yes,Inferred preliminary planning scenario. Replace line-by-line with source-backed evidence when available. | Calculated monthly planning series from scenario drivers; not actual project performance.
4,Skyline Towers,High-Rise Mixed-Use Development,Preliminary Planning — Base,base,cash_flow,SCH-CF-26,monthly_levered_cash_flow,monthly levered cash flow — month 26,-6685148,usd,estimated,"pasted_content_25.txt, Skyline Towers 10-Point Financial OS Design Package, user-supplied 2026-08-21",,jchappell2120,26,26,construction,yes,Inferred preliminary planning scenario. Replace line-by-line with source-backed evidence when available. | Calculated monthly planning series from scenario drivers; not actual project performance.
4,Skyline Towers,High-Rise Mixed-Use Development,Preliminary Planning — Base,base,capital_deployment,SCH-COST-27,monthly_development_spend,monthly development spend — month 27,6012500,usd,estimated,"pasted_content_25.txt, Skyline Towers 10-Point Financial OS Design Package, user-supplied 2026-08-21",,jchappell2120,27,27,construction,yes,Inferred preliminary planning scenario. Replace line-by-line with source-backed evidence when available. | Calculated monthly planning series from scenario drivers; not actual project performance.
4,Skyline Towers,High-Rise Mixed-Use Development,Preliminary Planning — Base,base,schedule,SCH-CUM-27,cumulative_deployment_bps,cumulative deployment bps — month 27,9275,percentage_bps,estimated,"pasted_content_25.txt, Skyline Towers 10-Point Financial OS Design Package, user-supplied 2026-08-21",,jchappell2120,27,27,construction,yes,Inferred preliminary planning scenario. Replace line-by-line with source-backed evidence when available. | Calculated monthly planning series from scenario drivers; not actual project performance.
4,Skyline Towers,High-Rise Mixed-Use Development,Preliminary Planning — Base,base,schedule,SCH-OCC-27,occupancy_bps,occupancy bps — month 27,2000,percentage_bps,estimated,"pasted_content_25.txt, Skyline Towers 10-Point Financial OS Design Package, user-supplied 2026-08-21",,jchappell2120,27,27,construction,yes,Inferred preliminary planning scenario. Replace line-by-line with source-backed evidence when available. | Calculated monthly planning series from scenario drivers; not actual project performance.
4,Skyline Towers,High-Rise Mixed-Use Development,Preliminary Planning — Base,base,revenue,SCH-REV-27,monthly_effective_revenue,monthly effective revenue — month 27,286250,usd,estimated,"pasted_content_25.txt, Skyline Towers 10-Point Financial OS Design Package, user-supplied 2026-08-21",,jchappell2120,27,27,construction,yes,Inferred preliminary planning scenario. Replace line-by-line with source-backed evidence when available. | Calculated monthly planning series from scenario drivers; not actual project performance.
4,Skyline Towers,High-Rise Mixed-Use Development,Preliminary Planning — Base,base,operations,SCH-OPEX-27,monthly_operating_expense,monthly operating expense — month 27,91600,usd,estimated,"pasted_content_25.txt, Skyline Towers 10-Point Financial OS Design Package, user-supplied 2026-08-21",,jchappell2120,27,27,construction,yes,Inferred preliminary planning scenario. Replace line-by-line with source-backed evidence when available. | Calculated monthly planning series from scenario drivers; not actual project performance.
4,Skyline Towers,High-Rise Mixed-Use Development,Preliminary Planning — Base,base,financing,SCH-DRAW-27,monthly_debt_draw,monthly debt draw — month 27,3908125,usd,estimated,"pasted_content_25.txt, Skyline Towers 10-Point Financial OS Design Package, user-supplied 2026-08-21",,jchappell2120,27,27,construction,yes,Inferred preliminary planning scenario. Replace line-by-line with source-backed evidence when available. | Calculated monthly planning series from scenario drivers; not actual project performance.
4,Skyline Towers,High-Rise Mixed-Use Development,Preliminary Planning — Base,base,financing,SCH-INT-27,monthly_interest,monthly interest — month 27,697074,usd,estimated,"pasted_content_25.txt, Skyline Towers 10-Point Financial OS Design Package, user-supplied 2026-08-21",,jchappell2120,27,27,construction,yes,Inferred preliminary planning scenario. Replace line-by-line with source-backed evidence when available. | Calculated monthly planning series from scenario drivers; not actual project performance.
4,Skyline Towers,High-Rise Mixed-Use Development,Preliminary Planning — Base,base,cash_flow,SCH-CF-27,monthly_levered_cash_flow,monthly levered cash flow — month 27,-6514924,usd,estimated,"pasted_content_25.txt, Skyline Towers 10-Point Financial OS Design Package, user-supplied 2026-08-21",,jchappell2120,27,27,construction,yes,Inferred preliminary planning scenario. Replace line-by-line with source-backed evidence when available. | Calculated monthly planning series from scenario drivers; not actual project performance.
4,Skyline Towers,High-Rise Mixed-Use Development,Preliminary Planning — Base,base,capital_deployment,SCH-COST-28,monthly_development_spend,monthly development spend — month 28,6012500,usd,estimated,"pasted_content_25.txt, Skyline Towers 10-Point Financial OS Design Package, user-supplied 2026-08-21",,jchappell2120,28,28,construction,yes,Inferred preliminary planning scenario. Replace line-by-line with source-backed evidence when available. | Calculated monthly planning series from scenario drivers; not actual project performance.
4,Skyline Towers,High-Rise Mixed-Use Development,Preliminary Planning — Base,base,schedule,SCH-CUM-28,cumulative_deployment_bps,cumulative deployment bps — month 28,9600,percentage_bps,estimated,"pasted_content_25.txt, Skyline Towers 10-Point Financial OS Design Package, user-supplied 2026-08-21",,jchappell2120,28,28,construction,yes,Inferred preliminary planning scenario. Replace line-by-line with source-backed evidence when available. | Calculated monthly planning series from scenario drivers; not actual project performance.
4,Skyline Towers,High-Rise Mixed-Use Development,Preliminary Planning — Base,base,schedule,SCH-OCC-28,occupancy_bps,occupancy bps — month 28,3500,percentage_bps,estimated,"pasted_content_25.txt, Skyline Towers 10-Point Financial OS Design Package, user-supplied 2026-08-21",,jchappell2120,28,28,construction,yes,Inferred preliminary planning scenario. Replace line-by-line with source-backed evidence when available. | Calculated monthly planning series from scenario drivers; not actual project performance.
4,Skyline Towers,High-Rise Mixed-Use Development,Preliminary Planning — Base,base,revenue,SCH-REV-28,monthly_effective_revenue,monthly effective revenue — month 28,500938,usd,estimated,"pasted_content_25.txt, Skyline Towers 10-Point Financial OS Design Package, user-supplied 2026-08-21",,jchappell2120,28,28,construction,yes,Inferred preliminary planning scenario. Replace line-by-line with source-backed evidence when available. | Calculated monthly planning series from scenario drivers; not actual project performance.
4,Skyline Towers,High-Rise Mixed-Use Development,Preliminary Planning — Base,base,operations,SCH-OPEX-28,monthly_operating_expense,monthly operating expense — month 28,160300,usd,estimated,"pasted_content_25.txt, Skyline Towers 10-Point Financial OS Design Package, user-supplied 2026-08-21",,jchappell2120,28,28,construction,yes,Inferred preliminary planning scenario. Replace line-by-line with source-backed evidence when available. | Calculated monthly planning series from scenario drivers; not actual project performance.
4,Skyline Towers,High-Rise Mixed-Use Development,Preliminary Planning — Base,base,financing,SCH-DRAW-28,monthly_debt_draw,monthly debt draw — month 28,3908125,usd,estimated,"pasted_content_25.txt, Skyline Towers 10-Point Financial OS Design Package, user-supplied 2026-08-21",,jchappell2120,28,28,construction,yes,Inferred preliminary planning scenario. Replace line-by-line with source-backed evidence when available. | Calculated monthly planning series from scenario drivers; not actual project performance.
4,Skyline Towers,High-Rise Mixed-Use Development,Preliminary Planning — Base,base,financing,SCH-INT-28,monthly_interest,monthly interest — month 28,721500,usd,estimated,"pasted_content_25.txt, Skyline Towers 10-Point Financial OS Design Package, user-supplied 2026-08-21",,jchappell2120,28,28,construction,yes,Inferred preliminary planning scenario. Replace line-by-line with source-backed evidence when available. | Calculated monthly planning series from scenario drivers; not actual project performance.
4,Skyline Towers,High-Rise Mixed-Use Development,Preliminary Planning — Base,base,cash_flow,SCH-CF-28,monthly_levered_cash_flow,monthly levered cash flow — month 28,-6393362,usd,estimated,"pasted_content_25.txt, Skyline Towers 10-Point Financial OS Design Package, user-supplied 2026-08-21",,jchappell2120,28,28,construction,yes,Inferred preliminary planning scenario. Replace line-by-line with source-backed evidence when available. | Calculated monthly planning series from scenario drivers; not actual project performance.
4,Skyline Towers,High-Rise Mixed-Use Development,Preliminary Planning — Base,base,capital_deployment,SCH-COST-29,monthly_development_spend,monthly development spend — month 29,3700000,usd,estimated,"pasted_content_25.txt, Skyline Towers 10-Point Financial OS Design Package, user-supplied 2026-08-21",,jchappell2120,29,29,construction,yes,Inferred preliminary planning scenario. Replace line-by-line with source-backed evidence when available. | Calculated monthly planning series from scenario drivers; not actual project performance.
4,Skyline Towers,High-Rise Mixed-Use Development,Preliminary Planning — Base,base,schedule,SCH-CUM-29,cumulative_deployment_bps,cumulative deployment bps — month 29,9800,percentage_bps,estimated,"pasted_content_25.txt, Skyline Towers 10-Point Financial OS Design Package, user-supplied 2026-08-21",,jchappell2120,29,29,construction,yes,Inferred preliminary planning scenario. Replace line-by-line with source-backed evidence when available. | Calculated monthly planning series from scenario drivers; not actual project performance.
4,Skyline Towers,High-Rise Mixed-Use Development,Preliminary Planning — Base,base,schedule,SCH-OCC-29,occupancy_bps,occupancy bps — month 29,5000,percentage_bps,estimated,"pasted_content_25.txt, Skyline Towers 10-Point Financial OS Design Package, user-supplied 2026-08-21",,jchappell2120,29,29,construction,yes,Inferred preliminary planning scenario. Replace line-by-line with source-backed evidence when available. | Calculated monthly planning series from scenario drivers; not actual project performance.
4,Skyline Towers,High-Rise Mixed-Use Development,Preliminary Planning — Base,base,revenue,SCH-REV-29,monthly_effective_revenue,monthly effective revenue — month 29,715625,usd,estimated,"pasted_content_25.txt, Skyline Towers 10-Point Financial OS Design Package, user-supplied 2026-08-21",,jchappell2120,29,29,construction,yes,Inferred preliminary planning scenario. Replace line-by-line with source-backed evidence when available. | Calculated monthly planning series from scenario drivers; not actual project performance.
4,Skyline Towers,High-Rise Mixed-Use Development,Preliminary Planning — Base,base,operations,SCH-OPEX-29,monthly_operating_expense,monthly operating expense — month 29,229000,usd,estimated,"pasted_content_25.txt, Skyline Towers 10-Point Financial OS Design Package, user-supplied 2026-08-21",,jchappell2120,29,29,construction,yes,Inferred preliminary planning scenario. Replace line-by-line with source-backed evidence when available. | Calculated monthly planning series from scenario drivers; not actual project performance.
4,Skyline Towers,High-Rise Mixed-Use Development,Preliminary Planning — Base,base,financing,SCH-DRAW-29,monthly_debt_draw,monthly debt draw — month 29,2405000,usd,estimated,"pasted_content_25.txt, Skyline Towers 10-Point Financial OS Design Package, user-supplied 2026-08-21",,jchappell2120,29,29,construction,yes,Inferred preliminary planning scenario. Replace line-by-line with source-backed evidence when available. | Calculated monthly planning series from scenario drivers; not actual project performance.
4,Skyline Towers,High-Rise Mixed-Use Development,Preliminary Planning — Base,base,financing,SCH-INT-29,monthly_interest,monthly interest — month 29,736531,usd,estimated,"pasted_content_25.txt, Skyline Towers 10-Point Financial OS Design Package, user-supplied 2026-08-21",,jchappell2120,29,29,construction,yes,Inferred preliminary planning scenario. Replace line-by-line with source-backed evidence when available. | Calculated monthly planning series from scenario drivers; not actual project performance.
4,Skyline Towers,High-Rise Mixed-Use Development,Preliminary Planning — Base,base,cash_flow,SCH-CF-29,monthly_levered_cash_flow,monthly levered cash flow — month 29,-3949906,usd,estimated,"pasted_content_25.txt, Skyline Towers 10-Point Financial OS Design Package, user-supplied 2026-08-21",,jchappell2120,29,29,construction,yes,Inferred preliminary planning scenario. Replace line-by-line with source-backed evidence when available. | Calculated monthly planning series from scenario drivers; not actual project performance.
4,Skyline Towers,High-Rise Mixed-Use Development,Preliminary Planning — Base,base,capital_deployment,SCH-COST-30,monthly_development_spend,monthly development spend — month 30,3700000,usd,estimated,"pasted_content_25.txt, Skyline Towers 10-Point Financial OS Design Package, user-supplied 2026-08-21",,jchappell2120,30,30,construction,yes,Inferred preliminary planning scenario. Replace line-by-line with source-backed evidence when available. | Calculated monthly planning series from scenario drivers; not actual project performance.
4,Skyline Towers,High-Rise Mixed-Use Development,Preliminary Planning — Base,base,schedule,SCH-CUM-30,cumulative_deployment_bps,cumulative deployment bps — month 30,10000,percentage_bps,estimated,"pasted_content_25.txt, Skyline Towers 10-Point Financial OS Design Package, user-supplied 2026-08-21",,jchappell2120,30,30,construction,yes,Inferred preliminary planning scenario. Replace line-by-line with source-backed evidence when available. | Calculated monthly planning series from scenario drivers; not actual project performance.
4,Skyline Towers,High-Rise Mixed-Use Development,Preliminary Planning — Base,base,schedule,SCH-OCC-30,occupancy_bps,occupancy bps — month 30,6500,percentage_bps,estimated,"pasted_content_25.txt, Skyline Towers 10-Point Financial OS Design Package, user-supplied 2026-08-21",,jchappell2120,30,30,construction,yes,Inferred preliminary planning scenario. Replace line-by-line with source-backed evidence when available. | Calculated monthly planning series from scenario drivers; not actual project performance.
4,Skyline Towers,High-Rise Mixed-Use Development,Preliminary Planning — Base,base,revenue,SCH-REV-30,monthly_effective_revenue,monthly effective revenue — month 30,930313,usd,estimated,"pasted_content_25.txt, Skyline Towers 10-Point Financial OS Design Package, user-supplied 2026-08-21",,jchappell2120,30,30,construction,yes,Inferred preliminary planning scenario. Replace line-by-line with source-backed evidence when available. | Calculated monthly planning series from scenario drivers; not actual project performance.
4,Skyline Towers,High-Rise Mixed-Use Development,Preliminary Planning — Base,base,operations,SCH-OPEX-30,monthly_operating_expense,monthly operating expense — month 30,297700,usd,estimated,"pasted_content_25.txt, Skyline Towers 10-Point Financial OS Design Package, user-supplied 2026-08-21",,jchappell2120,30,30,construction,yes,Inferred preliminary planning scenario. Replace line-by-line with source-backed evidence when available. | Calculated monthly planning series from scenario drivers; not actual project performance.
4,Skyline Towers,High-Rise Mixed-Use Development,Preliminary Planning — Base,base,financing,SCH-DRAW-30,monthly_debt_draw,monthly debt draw — month 30,2405000,usd,estimated,"pasted_content_25.txt, Skyline Towers 10-Point Financial OS Design Package, user-supplied 2026-08-21",,jchappell2120,30,30,construction,yes,Inferred preliminary planning scenario. Replace line-by-line with source-backed evidence when available. | Calculated monthly planning series from scenario drivers; not actual project performance.
4,Skyline Towers,High-Rise Mixed-Use Development,Preliminary Planning — Base,base,financing,SCH-INT-30,monthly_interest,monthly interest — month 30,751563,usd,estimated,"pasted_content_25.txt, Skyline Towers 10-Point Financial OS Design Package, user-supplied 2026-08-21",,jchappell2120,30,30,construction,yes,Inferred preliminary planning scenario. Replace line-by-line with source-backed evidence when available. | Calculated monthly planning series from scenario drivers; not actual project performance.
4,Skyline Towers,High-Rise Mixed-Use Development,Preliminary Planning — Base,base,cash_flow,SCH-CF-30,monthly_levered_cash_flow,monthly levered cash flow — month 30,-3818950,usd,estimated,"pasted_content_25.txt, Skyline Towers 10-Point Financial OS Design Package, user-supplied 2026-08-21",,jchappell2120,30,30,construction,yes,Inferred preliminary planning scenario. Replace line-by-line with source-backed evidence when available. | Calculated monthly planning series from scenario drivers; not actual project performance.
4,Skyline Towers,High-Rise Mixed-Use Development,Preliminary Planning — Base,base,capital_deployment,SCH-COST-31,monthly_development_spend,monthly development spend — month 31,0,usd,estimated,"pasted_content_25.txt, Skyline Towers 10-Point Financial OS Design Package, user-supplied 2026-08-21",,jchappell2120,31,31,lease_up_stabilization,yes,Inferred preliminary planning scenario. Replace line-by-line with source-backed evidence when available. | Calculated monthly planning series from scenario drivers; not actual project performance.
4,Skyline Towers,High-Rise Mixed-Use Development,Preliminary Planning — Base,base,schedule,SCH-CUM-31,cumulative_deployment_bps,cumulative deployment bps — month 31,10000,percentage_bps,estimated,"pasted_content_25.txt, Skyline Towers 10-Point Financial OS Design Package, user-supplied 2026-08-21",,jchappell2120,31,31,lease_up_stabilization,yes,Inferred preliminary planning scenario. Replace line-by-line with source-backed evidence when available. | Calculated monthly planning series from scenario drivers; not actual project performance.
4,Skyline Towers,High-Rise Mixed-Use Development,Preliminary Planning — Base,base,schedule,SCH-OCC-31,occupancy_bps,occupancy bps — month 31,7700,percentage_bps,estimated,"pasted_content_25.txt, Skyline Towers 10-Point Financial OS Design Package, user-supplied 2026-08-21",,jchappell2120,31,31,lease_up_stabilization,yes,Inferred preliminary planning scenario. Replace line-by-line with source-backed evidence when available. | Calculated monthly planning series from scenario drivers; not actual project performance.
4,Skyline Towers,High-Rise Mixed-Use Development,Preliminary Planning — Base,base,revenue,SCH-REV-31,monthly_effective_revenue,monthly effective revenue — month 31,1102063,usd,estimated,"pasted_content_25.txt, Skyline Towers 10-Point Financial OS Design Package, user-supplied 2026-08-21",,jchappell2120,31,31,lease_up_stabilization,yes,Inferred preliminary planning scenario. Replace line-by-line with source-backed evidence when available. | Calculated monthly planning series from scenario drivers; not actual project performance.
4,Skyline Towers,High-Rise Mixed-Use Development,Preliminary Planning — Base,base,operations,SCH-OPEX-31,monthly_operating_expense,monthly operating expense — month 31,352660,usd,estimated,"pasted_content_25.txt, Skyline Towers 10-Point Financial OS Design Package, user-supplied 2026-08-21",,jchappell2120,31,31,lease_up_stabilization,yes,Inferred preliminary planning scenario. Replace line-by-line with source-backed evidence when available. | Calculated monthly planning series from scenario drivers; not actual project performance.
4,Skyline Towers,High-Rise Mixed-Use Development,Preliminary Planning — Base,base,financing,SCH-DRAW-31,monthly_debt_draw,monthly debt draw — month 31,0,usd,estimated,"pasted_content_25.txt, Skyline Towers 10-Point Financial OS Design Package, user-supplied 2026-08-21",,jchappell2120,31,31,lease_up_stabilization,yes,Inferred preliminary planning scenario. Replace line-by-line with source-backed evidence when available. | Calculated monthly planning series from scenario drivers; not actual project performance.
4,Skyline Towers,High-Rise Mixed-Use Development,Preliminary Planning — Base,base,financing,SCH-INT-31,monthly_interest,monthly interest — month 31,751563,usd,estimated,"pasted_content_25.txt, Skyline Towers 10-Point Financial OS Design Package, user-supplied 2026-08-21",,jchappell2120,31,31,lease_up_stabilization,yes,Inferred preliminary planning scenario. Replace line-by-line with source-backed evidence when available. | Calculated monthly planning series from scenario drivers; not actual project performance.
4,Skyline Towers,High-Rise Mixed-Use Development,Preliminary Planning — Base,base,cash_flow,SCH-CF-31,monthly_levered_cash_flow,monthly levered cash flow — month 31,-2160,usd,estimated,"pasted_content_25.txt, Skyline Towers 10-Point Financial OS Design Package, user-supplied 2026-08-21",,jchappell2120,31,31,lease_up_stabilization,yes,Inferred preliminary planning scenario. Replace line-by-line with source-backed evidence when available. | Calculated monthly planning series from scenario drivers; not actual project performance.
4,Skyline Towers,High-Rise Mixed-Use Development,Preliminary Planning — Base,base,capital_deployment,SCH-COST-32,monthly_development_spend,monthly development spend — month 32,0,usd,estimated,"pasted_content_25.txt, Skyline Towers 10-Point Financial OS Design Package, user-supplied 2026-08-21",,jchappell2120,32,32,lease_up_stabilization,yes,Inferred preliminary planning scenario. Replace line-by-line with source-backed evidence when available. | Calculated monthly planning series from scenario drivers; not actual project performance.
4,Skyline Towers,High-Rise Mixed-Use Development,Preliminary Planning — Base,base,schedule,SCH-CUM-32,cumulative_deployment_bps,cumulative deployment bps — month 32,10000,percentage_bps,estimated,"pasted_content_25.txt, Skyline Towers 10-Point Financial OS Design Package, user-supplied 2026-08-21",,jchappell2120,32,32,lease_up_stabilization,yes,Inferred preliminary planning scenario. Replace line-by-line with source-backed evidence when available. | Calculated monthly planning series from scenario drivers; not actual project performance.
4,Skyline Towers,High-Rise Mixed-Use Development,Preliminary Planning — Base,base,schedule,SCH-OCC-32,occupancy_bps,occupancy bps — month 32,8500,percentage_bps,estimated,"pasted_content_25.txt, Skyline Towers 10-Point Financial OS Design Package, user-supplied 2026-08-21",,jchappell2120,32,32,lease_up_stabilization,yes,Inferred preliminary planning scenario. Replace line-by-line with source-backed evidence when available. | Calculated monthly planning series from scenario drivers; not actual project performance.
4,Skyline Towers,High-Rise Mixed-Use Development,Preliminary Planning — Base,base,revenue,SCH-REV-32,monthly_effective_revenue,monthly effective revenue — month 32,1216563,usd,estimated,"pasted_content_25.txt, Skyline Towers 10-Point Financial OS Design Package, user-supplied 2026-08-21",,jchappell2120,32,32,lease_up_stabilization,yes,Inferred preliminary planning scenario. Replace line-by-line with source-backed evidence when available. | Calculated monthly planning series from scenario drivers; not actual project performance.
4,Skyline Towers,High-Rise Mixed-Use Development,Preliminary Planning — Base,base,operations,SCH-OPEX-32,monthly_operating_expense,monthly operating expense — month 32,389300,usd,estimated,"pasted_content_25.txt, Skyline Towers 10-Point Financial OS Design Package, user-supplied 2026-08-21",,jchappell2120,32,32,lease_up_stabilization,yes,Inferred preliminary planning scenario. Replace line-by-line with source-backed evidence when available. | Calculated monthly planning series from scenario drivers; not actual project performance.
4,Skyline Towers,High-Rise Mixed-Use Development,Preliminary Planning — Base,base,financing,SCH-DRAW-32,monthly_debt_draw,monthly debt draw — month 32,0,usd,estimated,"pasted_content_25.txt, Skyline Towers 10-Point Financial OS Design Package, user-supplied 2026-08-21",,jchappell2120,32,32,lease_up_stabilization,yes,Inferred preliminary planning scenario. Replace line-by-line with source-backed evidence when available. | Calculated monthly planning series from scenario drivers; not actual project performance.
4,Skyline Towers,High-Rise Mixed-Use Development,Preliminary Planning — Base,base,financing,SCH-INT-32,monthly_interest,monthly interest — month 32,751563,usd,estimated,"pasted_content_25.txt, Skyline Towers 10-Point Financial OS Design Package, user-supplied 2026-08-21",,jchappell2120,32,32,lease_up_stabilization,yes,Inferred preliminary planning scenario. Replace line-by-line with source-backed evidence when available. | Calculated monthly planning series from scenario drivers; not actual project performance.
4,Skyline Towers,High-Rise Mixed-Use Development,Preliminary Planning — Base,base,cash_flow,SCH-CF-32,monthly_levered_cash_flow,monthly levered cash flow — month 32,75700,usd,estimated,"pasted_content_25.txt, Skyline Towers 10-Point Financial OS Design Package, user-supplied 2026-08-21",,jchappell2120,32,32,lease_up_stabilization,yes,Inferred preliminary planning scenario. Replace line-by-line with source-backed evidence when available. | Calculated monthly planning series from scenario drivers; not actual project performance.
4,Skyline Towers,High-Rise Mixed-Use Development,Preliminary Planning — Base,base,capital_deployment,SCH-COST-33,monthly_development_spend,monthly development spend — month 33,0,usd,estimated,"pasted_content_25.txt, Skyline Towers 10-Point Financial OS Design Package, user-supplied 2026-08-21",,jchappell2120,33,33,lease_up_stabilization,yes,Inferred preliminary planning scenario. Replace line-by-line with source-backed evidence when available. | Calculated monthly planning series from scenario drivers; not actual project performance.
4,Skyline Towers,High-Rise Mixed-Use Development,Preliminary Planning — Base,base,schedule,SCH-CUM-33,cumulative_deployment_bps,cumulative deployment bps — month 33,10000,percentage_bps,estimated,"pasted_content_25.txt, Skyline Towers 10-Point Financial OS Design Package, user-supplied 2026-08-21",,jchappell2120,33,33,lease_up_stabilization,yes,Inferred preliminary planning scenario. Replace line-by-line with source-backed evidence when available. | Calculated monthly planning series from scenario drivers; not actual project performance.
4,Skyline Towers,High-Rise Mixed-Use Development,Preliminary Planning — Base,base,schedule,SCH-OCC-33,occupancy_bps,occupancy bps — month 33,9000,percentage_bps,estimated,"pasted_content_25.txt, Skyline Towers 10-Point Financial OS Design Package, user-supplied 2026-08-21",,jchappell2120,33,33,lease_up_stabilization,yes,Inferred preliminary planning scenario. Replace line-by-line with source-backed evidence when available. | Calculated monthly planning series from scenario drivers; not actual project performance.
4,Skyline Towers,High-Rise Mixed-Use Development,Preliminary Planning — Base,base,revenue,SCH-REV-33,monthly_effective_revenue,monthly effective revenue — month 33,1288125,usd,estimated,"pasted_content_25.txt, Skyline Towers 10-Point Financial OS Design Package, user-supplied 2026-08-21",,jchappell2120,33,33,lease_up_stabilization,yes,Inferred preliminary planning scenario. Replace line-by-line with source-backed evidence when available. | Calculated monthly planning series from scenario drivers; not actual project performance.
4,Skyline Towers,High-Rise Mixed-Use Development,Preliminary Planning — Base,base,operations,SCH-OPEX-33,monthly_operating_expense,monthly operating expense — month 33,412200,usd,estimated,"pasted_content_25.txt, Skyline Towers 10-Point Financial OS Design Package, user-supplied 2026-08-21",,jchappell2120,33,33,lease_up_stabilization,yes,Inferred preliminary planning scenario. Replace line-by-line with source-backed evidence when available. | Calculated monthly planning series from scenario drivers; not actual project performance.
4,Skyline Towers,High-Rise Mixed-Use Development,Preliminary Planning — Base,base,financing,SCH-DRAW-33,monthly_debt_draw,monthly debt draw — month 33,0,usd,estimated,"pasted_content_25.txt, Skyline Towers 10-Point Financial OS Design Package, user-supplied 2026-08-21",,jchappell2120,33,33,lease_up_stabilization,yes,Inferred preliminary planning scenario. Replace line-by-line with source-backed evidence when available. | Calculated monthly planning series from scenario drivers; not actual project performance.
4,Skyline Towers,High-Rise Mixed-Use Development,Preliminary Planning — Base,base,financing,SCH-INT-33,monthly_interest,monthly interest — month 33,751563,usd,estimated,"pasted_content_25.txt, Skyline Towers 10-Point Financial OS Design Package, user-supplied 2026-08-21",,jchappell2120,33,33,lease_up_stabilization,yes,Inferred preliminary planning scenario. Replace line-by-line with source-backed evidence when available. | Calculated monthly planning series from scenario drivers; not actual project performance.
4,Skyline Towers,High-Rise Mixed-Use Development,Preliminary Planning — Base,base,cash_flow,SCH-CF-33,monthly_levered_cash_flow,monthly levered cash flow — month 33,124362,usd,estimated,"pasted_content_25.txt, Skyline Towers 10-Point Financial OS Design Package, user-supplied 2026-08-21",,jchappell2120,33,33,lease_up_stabilization,yes,Inferred preliminary planning scenario. Replace line-by-line with source-backed evidence when available. | Calculated monthly planning series from scenario drivers; not actual project performance.
4,Skyline Towers,High-Rise Mixed-Use Development,Preliminary Planning — Base,base,capital_deployment,SCH-COST-34,monthly_development_spend,monthly development spend — month 34,0,usd,estimated,"pasted_content_25.txt, Skyline Towers 10-Point Financial OS Design Package, user-supplied 2026-08-21",,jchappell2120,34,34,lease_up_stabilization,yes,Inferred preliminary planning scenario. Replace line-by-line with source-backed evidence when available. | Calculated monthly planning series from scenario drivers; not actual project performance.
4,Skyline Towers,High-Rise Mixed-Use Development,Preliminary Planning — Base,base,schedule,SCH-CUM-34,cumulative_deployment_bps,cumulative deployment bps — month 34,10000,percentage_bps,estimated,"pasted_content_25.txt, Skyline Towers 10-Point Financial OS Design Package, user-supplied 2026-08-21",,jchappell2120,34,34,lease_up_stabilization,yes,Inferred preliminary planning scenario. Replace line-by-line with source-backed evidence when available. | Calculated monthly planning series from scenario drivers; not actual project performance.
4,Skyline Towers,High-Rise Mixed-Use Development,Preliminary Planning — Base,base,schedule,SCH-OCC-34,occupancy_bps,occupancy bps — month 34,9300,percentage_bps,estimated,"pasted_content_25.txt, Skyline Towers 10-Point Financial OS Design Package, user-supplied 2026-08-21",,jchappell2120,34,34,lease_up_stabilization,yes,Inferred preliminary planning scenario. Replace line-by-line with source-backed evidence when available. | Calculated monthly planning series from scenario drivers; not actual project performance.
4,Skyline Towers,High-Rise Mixed-Use Development,Preliminary Planning — Base,base,revenue,SCH-REV-34,monthly_effective_revenue,monthly effective revenue — month 34,1331063,usd,estimated,"pasted_content_25.txt, Skyline Towers 10-Point Financial OS Design Package, user-supplied 2026-08-21",,jchappell2120,34,34,lease_up_stabilization,yes,Inferred preliminary planning scenario. Replace line-by-line with source-backed evidence when available. | Calculated monthly planning series from scenario drivers; not actual project performance.
4,Skyline Towers,High-Rise Mixed-Use Development,Preliminary Planning — Base,base,operations,SCH-OPEX-34,monthly_operating_expense,monthly operating expense — month 34,425940,usd,estimated,"pasted_content_25.txt, Skyline Towers 10-Point Financial OS Design Package, user-supplied 2026-08-21",,jchappell2120,34,34,lease_up_stabilization,yes,Inferred preliminary planning scenario. Replace line-by-line with source-backed evidence when available. | Calculated monthly planning series from scenario drivers; not actual project performance.
4,Skyline Towers,High-Rise Mixed-Use Development,Preliminary Planning — Base,base,financing,SCH-DRAW-34,monthly_debt_draw,monthly debt draw — month 34,0,usd,estimated,"pasted_content_25.txt, Skyline Towers 10-Point Financial OS Design Package, user-supplied 2026-08-21",,jchappell2120,34,34,lease_up_stabilization,yes,Inferred preliminary planning scenario. Replace line-by-line with source-backed evidence when available. | Calculated monthly planning series from scenario drivers; not actual project performance.
4,Skyline Towers,High-Rise Mixed-Use Development,Preliminary Planning — Base,base,financing,SCH-INT-34,monthly_interest,monthly interest — month 34,751563,usd,estimated,"pasted_content_25.txt, Skyline Towers 10-Point Financial OS Design Package, user-supplied 2026-08-21",,jchappell2120,34,34,lease_up_stabilization,yes,Inferred preliminary planning scenario. Replace line-by-line with source-backed evidence when available. | Calculated monthly planning series from scenario drivers; not actual project performance.
4,Skyline Towers,High-Rise Mixed-Use Development,Preliminary Planning — Base,base,cash_flow,SCH-CF-34,monthly_levered_cash_flow,monthly levered cash flow — month 34,153560,usd,estimated,"pasted_content_25.txt, Skyline Towers 10-Point Financial OS Design Package, user-supplied 2026-08-21",,jchappell2120,34,34,lease_up_stabilization,yes,Inferred preliminary planning scenario. Replace line-by-line with source-backed evidence when available. | Calculated monthly planning series from scenario drivers; not actual project performance.
4,Skyline Towers,High-Rise Mixed-Use Development,Preliminary Planning — Base,base,capital_deployment,SCH-COST-35,monthly_development_spend,monthly development spend — month 35,0,usd,estimated,"pasted_content_25.txt, Skyline Towers 10-Point Financial OS Design Package, user-supplied 2026-08-21",,jchappell2120,35,35,lease_up_stabilization,yes,Inferred preliminary planning scenario. Replace line-by-line with source-backed evidence when available. | Calculated monthly planning series from scenario drivers; not actual project performance.
4,Skyline Towers,High-Rise Mixed-Use Development,Preliminary Planning — Base,base,schedule,SCH-CUM-35,cumulative_deployment_bps,cumulative deployment bps — month 35,10000,percentage_bps,estimated,"pasted_content_25.txt, Skyline Towers 10-Point Financial OS Design Package, user-supplied 2026-08-21",,jchappell2120,35,35,lease_up_stabilization,yes,Inferred preliminary planning scenario. Replace line-by-line with source-backed evidence when available. | Calculated monthly planning series from scenario drivers; not actual project performance.
4,Skyline Towers,High-Rise Mixed-Use Development,Preliminary Planning — Base,base,schedule,SCH-OCC-35,occupancy_bps,occupancy bps — month 35,9500,percentage_bps,estimated,"pasted_content_25.txt, Skyline Towers 10-Point Financial OS Design Package, user-supplied 2026-08-21",,jchappell2120,35,35,lease_up_stabilization,yes,Inferred preliminary planning scenario. Replace line-by-line with source-backed evidence when available. | Calculated monthly planning series from scenario drivers; not actual project performance.
4,Skyline Towers,High-Rise Mixed-Use Development,Preliminary Planning — Base,base,revenue,SCH-REV-35,monthly_effective_revenue,monthly effective revenue — month 35,1359688,usd,estimated,"pasted_content_25.txt, Skyline Towers 10-Point Financial OS Design Package, user-supplied 2026-08-21",,jchappell2120,35,35,lease_up_stabilization,yes,Inferred preliminary planning scenario. Replace line-by-line with source-backed evidence when available. | Calculated monthly planning series from scenario drivers; not actual project performance.
4,Skyline Towers,High-Rise Mixed-Use Development,Preliminary Planning — Base,base,operations,SCH-OPEX-35,monthly_operating_expense,monthly operating expense — month 35,435100,usd,estimated,"pasted_content_25.txt, Skyline Towers 10-Point Financial OS Design Package, user-supplied 2026-08-21",,jchappell2120,35,35,lease_up_stabilization,yes,Inferred preliminary planning scenario. Replace line-by-line with source-backed evidence when available. | Calculated monthly planning series from scenario drivers; not actual project performance.
4,Skyline Towers,High-Rise Mixed-Use Development,Preliminary Planning — Base,base,financing,SCH-DRAW-35,monthly_debt_draw,monthly debt draw — month 35,0,usd,estimated,"pasted_content_25.txt, Skyline Towers 10-Point Financial OS Design Package, user-supplied 2026-08-21",,jchappell2120,35,35,lease_up_stabilization,yes,Inferred preliminary planning scenario. Replace line-by-line with source-backed evidence when available. | Calculated monthly planning series from scenario drivers; not actual project performance.
4,Skyline Towers,High-Rise Mixed-Use Development,Preliminary Planning — Base,base,financing,SCH-INT-35,monthly_interest,monthly interest — month 35,751563,usd,estimated,"pasted_content_25.txt, Skyline Towers 10-Point Financial OS Design Package, user-supplied 2026-08-21",,jchappell2120,35,35,lease_up_stabilization,yes,Inferred preliminary planning scenario. Replace line-by-line with source-backed evidence when available. | Calculated monthly planning series from scenario drivers; not actual project performance.
4,Skyline Towers,High-Rise Mixed-Use Development,Preliminary Planning — Base,base,cash_flow,SCH-CF-35,monthly_levered_cash_flow,monthly levered cash flow — month 35,173025,usd,estimated,"pasted_content_25.txt, Skyline Towers 10-Point Financial OS Design Package, user-supplied 2026-08-21",,jchappell2120,35,35,lease_up_stabilization,yes,Inferred preliminary planning scenario. Replace line-by-line with source-backed evidence when available. | Calculated monthly planning series from scenario drivers; not actual project performance.
4,Skyline Towers,High-Rise Mixed-Use Development,Preliminary Planning — Base,base,capital_deployment,SCH-COST-36,monthly_development_spend,monthly development spend — month 36,0,usd,estimated,"pasted_content_25.txt, Skyline Towers 10-Point Financial OS Design Package, user-supplied 2026-08-21",,jchappell2120,36,36,lease_up_stabilization,yes,Inferred preliminary planning scenario. Replace line-by-line with source-backed evidence when available. | Calculated monthly planning series from scenario drivers; not actual project performance.
4,Skyline Towers,High-Rise Mixed-Use Development,Preliminary Planning — Base,base,schedule,SCH-CUM-36,cumulative_deployment_bps,cumulative deployment bps — month 36,10000,percentage_bps,estimated,"pasted_content_25.txt, Skyline Towers 10-Point Financial OS Design Package, user-supplied 2026-08-21",,jchappell2120,36,36,lease_up_stabilization,yes,Inferred preliminary planning scenario. Replace line-by-line with source-backed evidence when available. | Calculated monthly planning series from scenario drivers; not actual project performance.
4,Skyline Towers,High-Rise Mixed-Use Development,Preliminary Planning — Base,base,schedule,SCH-OCC-36,occupancy_bps,occupancy bps — month 36,9500,percentage_bps,estimated,"pasted_content_25.txt, Skyline Towers 10-Point Financial OS Design Package, user-supplied 2026-08-21",,jchappell2120,36,36,lease_up_stabilization,yes,Inferred preliminary planning scenario. Replace line-by-line with source-backed evidence when available. | Calculated monthly planning series from scenario drivers; not actual project performance.
4,Skyline Towers,High-Rise Mixed-Use Development,Preliminary Planning — Base,base,revenue,SCH-REV-36,monthly_effective_revenue,monthly effective revenue — month 36,1359688,usd,estimated,"pasted_content_25.txt, Skyline Towers 10-Point Financial OS Design Package, user-supplied 2026-08-21",,jchappell2120,36,36,lease_up_stabilization,yes,Inferred preliminary planning scenario. Replace line-by-line with source-backed evidence when available. | Calculated monthly planning series from scenario drivers; not actual project performance.
4,Skyline Towers,High-Rise Mixed-Use Development,Preliminary Planning — Base,base,operations,SCH-OPEX-36,monthly_operating_expense,monthly operating expense — month 36,435100,usd,estimated,"pasted_content_25.txt, Skyline Towers 10-Point Financial OS Design Package, user-supplied 2026-08-21",,jchappell2120,36,36,lease_up_stabilization,yes,Inferred preliminary planning scenario. Replace line-by-line with source-backed evidence when available. | Calculated monthly planning series from scenario drivers; not actual project performance.
4,Skyline Towers,High-Rise Mixed-Use Development,Preliminary Planning — Base,base,financing,SCH-DRAW-36,monthly_debt_draw,monthly debt draw — month 36,0,usd,estimated,"pasted_content_25.txt, Skyline Towers 10-Point Financial OS Design Package, user-supplied 2026-08-21",,jchappell2120,36,36,lease_up_stabilization,yes,Inferred preliminary planning scenario. Replace line-by-line with source-backed evidence when available. | Calculated monthly planning series from scenario drivers; not actual project performance.
4,Skyline Towers,High-Rise Mixed-Use Development,Preliminary Planning — Base,base,financing,SCH-INT-36,monthly_interest,monthly interest — month 36,751563,usd,estimated,"pasted_content_25.txt, Skyline Towers 10-Point Financial OS Design Package, user-supplied 2026-08-21",,jchappell2120,36,36,lease_up_stabilization,yes,Inferred preliminary planning scenario. Replace line-by-line with source-backed evidence when available. | Calculated monthly planning series from scenario drivers; not actual project performance.
4,Skyline Towers,High-Rise Mixed-Use Development,Preliminary Planning — Base,base,cash_flow,SCH-CF-36,monthly_levered_cash_flow,monthly levered cash flow — month 36,173025,usd,estimated,"pasted_content_25.txt, Skyline Towers 10-Point Financial OS Design Package, user-supplied 2026-08-21",,jchappell2120,36,36,lease_up_stabilization,yes,Inferred preliminary planning scenario. Replace line-by-line with source-backed evidence when available. | Calculated monthly planning series from scenario drivers; not actual project performance.
4,Skyline Towers,High-Rise Mixed-Use Development,Preliminary Planning — High,upside,project_identity,IDENT-001,project_stage,project stage,concept,other,estimated,"pasted_content_25.txt, Skyline Towers 10-Point Financial OS Design Package, user-supplied 2026-08-21",,jchappell2120,,,,yes,Inferred preliminary planning scenario. Replace line-by-line with source-backed evidence when available.
4,Skyline Towers,High-Rise Mixed-Use Development,Preliminary Planning — High,upside,project_identity,IDENT-002,program_units,program units,450,units,estimated,"pasted_content_25.txt, Skyline Towers 10-Point Financial OS Design Package, user-supplied 2026-08-21",,jchappell2120,,,,yes,Inferred preliminary planning scenario. Replace line-by-line with source-backed evidence when available.
4,Skyline Towers,High-Rise Mixed-Use Development,Preliminary Planning — High,upside,project_identity,IDENT-003,program_buildings,program buildings,1,units,estimated,"pasted_content_25.txt, Skyline Towers 10-Point Financial OS Design Package, user-supplied 2026-08-21",,jchappell2120,,,,yes,Inferred preliminary planning scenario. Replace line-by-line with source-backed evidence when available.
4,Skyline Towers,High-Rise Mixed-Use Development,Preliminary Planning — High,upside,project_identity,IDENT-004,program_residential_sf,program residential sf,405000,sf,estimated,"pasted_content_25.txt, Skyline Towers 10-Point Financial OS Design Package, user-supplied 2026-08-21",,jchappell2120,,,,yes,Inferred preliminary planning scenario. Replace line-by-line with source-backed evidence when available.
4,Skyline Towers,High-Rise Mixed-Use Development,Preliminary Planning — High,upside,project_identity,IDENT-005,program_gross_sf,program gross sf,600000,sf,estimated,"pasted_content_25.txt, Skyline Towers 10-Point Financial OS Design Package, user-supplied 2026-08-21",,jchappell2120,,,,yes,Inferred preliminary planning scenario. Replace line-by-line with source-backed evidence when available.
4,Skyline Towers,High-Rise Mixed-Use Development,Preliminary Planning — High,upside,scenario_driver,DRV-001,development_cost,development cost,175000000,usd,estimated,"pasted_content_25.txt, Skyline Towers 10-Point Financial OS Design Package, user-supplied 2026-08-21",,jchappell2120,,,,yes,Inferred preliminary planning scenario. Replace line-by-line with source-backed evidence when available.
4,Skyline Towers,High-Rise Mixed-Use Development,Preliminary Planning — High,upside,scenario_driver,DRV-002,development_cost_per_unit,development cost per unit,388889,usd_per_unit,estimated,"pasted_content_25.txt, Skyline Towers 10-Point Financial OS Design Package, user-supplied 2026-08-21",,jchappell2120,,,,yes,Inferred preliminary planning scenario. Replace line-by-line with source-backed evidence when available.
4,Skyline Towers,High-Rise Mixed-Use Development,Preliminary Planning — High,upside,scenario_driver,DRV-003,development_cost_per_gross_sf,development cost per gross sf,292,usd_per_sf,estimated,"pasted_content_25.txt, Skyline Towers 10-Point Financial OS Design Package, user-supplied 2026-08-21",,jchappell2120,,,,yes,Inferred preliminary planning scenario. Replace line-by-line with source-backed evidence when available.
4,Skyline Towers,High-Rise Mixed-Use Development,Preliminary Planning — High,upside,scenario_driver,DRV-004,stabilized_occupancy_bps,stabilized occupancy bps,9700,percentage_bps,estimated,"pasted_content_25.txt, Skyline Towers 10-Point Financial OS Design Package, user-supplied 2026-08-21",,jchappell2120,,,,yes,Inferred preliminary planning scenario. Replace line-by-line with source-backed evidence when available.
4,Skyline Towers,High-Rise Mixed-Use Development,Preliminary Planning — High,upside,scenario_driver,DRV-005,operating_expense_ratio_bps,operating expense ratio bps,3000,percentage_bps,estimated,"pasted_content_25.txt, Skyline Towers 10-Point Financial OS Design Package, user-supplied 2026-08-21",,jchappell2120,,,,yes,Inferred preliminary planning scenario. Replace line-by-line with source-backed evidence when available.
4,Skyline Towers,High-Rise Mixed-Use Development,Preliminary Planning — High,upside,scenario_driver,DRV-006,construction_debt_commitment,construction debt commitment,110000000,usd,estimated,"pasted_content_25.txt, Skyline Towers 10-Point Financial OS Design Package, user-supplied 2026-08-21",,jchappell2120,,,,yes,Inferred preliminary planning scenario. Replace line-by-line with source-backed evidence when available.
4,Skyline Towers,High-Rise Mixed-Use Development,Preliminary Planning — High,upside,scenario_driver,DRV-007,construction_interest_rate_bps,construction interest rate bps,700,percentage_bps,estimated,"pasted_content_25.txt, Skyline Towers 10-Point Financial OS Design Package, user-supplied 2026-08-21",,jchappell2120,,,,yes,Inferred preliminary planning scenario. Replace line-by-line with source-backed evidence when available.
4,Skyline Towers,High-Rise Mixed-Use Development,Preliminary Planning — High,upside,scenario_driver,DRV-008,construction_interest_only_months,construction interest only months,30,months,estimated,"pasted_content_25.txt, Skyline Towers 10-Point Financial OS Design Package, user-supplied 2026-08-21",,jchappell2120,,,,yes,Inferred preliminary planning scenario. Replace line-by-line with source-backed evidence when available.
4,Skyline Towers,High-Rise Mixed-Use Development,Preliminary Planning — High,upside,scenario_driver,DRV-009,amortization_months,amortization months,360,months,estimated,"pasted_content_25.txt, Skyline Towers 10-Point Financial OS Design Package, user-supplied 2026-08-21",,jchappell2120,,,,yes,Inferred preliminary planning scenario. Replace line-by-line with source-backed evidence when available.
4,Skyline Towers,High-Rise Mixed-Use Development,Preliminary Planning — High,upside,scenario_driver,DRV-010,financing_fee_bps,financing fee bps,100,percentage_bps,estimated,"pasted_content_25.txt, Skyline Towers 10-Point Financial OS Design Package, user-supplied 2026-08-21",,jchappell2120,,,,yes,Inferred preliminary planning scenario. Replace line-by-line with source-backed evidence when available.
4,Skyline Towers,High-Rise Mixed-Use Development,Preliminary Planning — High,upside,scenario_driver,DRV-011,exit_cap_rate_bps,exit cap rate bps,500,percentage_bps,estimated,"pasted_content_25.txt, Skyline Towers 10-Point Financial OS Design Package, user-supplied 2026-08-21",,jchappell2120,,,,yes,Inferred preliminary planning scenario. Replace line-by-line with source-backed evidence when available.
4,Skyline Towers,High-Rise Mixed-Use Development,Preliminary Planning — High,upside,scenario_driver,DRV-012,sale_cost_bps,sale cost bps,300,percentage_bps,estimated,"pasted_content_25.txt, Skyline Towers 10-Point Financial OS Design Package, user-supplied 2026-08-21",,jchappell2120,,,,yes,Inferred preliminary planning scenario. Replace line-by-line with source-backed evidence when available.
4,Skyline Towers,High-Rise Mixed-Use Development,Preliminary Planning — High,upside,unit_mix,UNIT-01-01,unit_count,Studio — unit count,45,units,estimated,"pasted_content_25.txt, Skyline Towers 10-Point Financial OS Design Package, user-supplied 2026-08-21",,jchappell2120,,,,yes,Inferred preliminary planning scenario. Replace line-by-line with source-backed evidence when available.
4,Skyline Towers,High-Rise Mixed-Use Development,Preliminary Planning — High,upside,unit_mix,UNIT-01-02,average_unit_sf,Studio — average unit sf,600,sf,estimated,"pasted_content_25.txt, Skyline Towers 10-Point Financial OS Design Package, user-supplied 2026-08-21",,jchappell2120,,,,yes,Inferred preliminary planning scenario. Replace line-by-line with source-backed evidence when available.
4,Skyline Towers,High-Rise Mixed-Use Development,Preliminary Planning — High,upside,unit_mix,UNIT-01-03,monthly_rent,Studio — monthly rent,1900,usd_per_month,estimated,"pasted_content_25.txt, Skyline Towers 10-Point Financial OS Design Package, user-supplied 2026-08-21",,jchappell2120,,,,yes,Inferred preliminary planning scenario. Replace line-by-line with source-backed evidence when available.
4,Skyline Towers,High-Rise Mixed-Use Development,Preliminary Planning — High,upside,unit_mix,UNIT-01-04,annual_scheduled_rent,Studio — annual scheduled rent,1026000,usd,estimated,"pasted_content_25.txt, Skyline Towers 10-Point Financial OS Design Package, user-supplied 2026-08-21",,jchappell2120,,,,yes,Inferred preliminary planning scenario. Replace line-by-line with source-backed evidence when available.
4,Skyline Towers,High-Rise Mixed-Use Development,Preliminary Planning — High,upside,unit_mix,UNIT-02-01,unit_count,1 Bedroom — unit count,180,units,estimated,"pasted_content_25.txt, Skyline Towers 10-Point Financial OS Design Package, user-supplied 2026-08-21",,jchappell2120,,,,yes,Inferred preliminary planning scenario. Replace line-by-line with source-backed evidence when available.
4,Skyline Towers,High-Rise Mixed-Use Development,Preliminary Planning — High,upside,unit_mix,UNIT-02-02,average_unit_sf,1 Bedroom — average unit sf,775,sf,estimated,"pasted_content_25.txt, Skyline Towers 10-Point Financial OS Design Package, user-supplied 2026-08-21",,jchappell2120,,,,yes,Inferred preliminary planning scenario. Replace line-by-line with source-backed evidence when available.
4,Skyline Towers,High-Rise Mixed-Use Development,Preliminary Planning — High,upside,unit_mix,UNIT-02-03,monthly_rent,1 Bedroom — monthly rent,2550,usd_per_month,estimated,"pasted_content_25.txt, Skyline Towers 10-Point Financial OS Design Package, user-supplied 2026-08-21",,jchappell2120,,,,yes,Inferred preliminary planning scenario. Replace line-by-line with source-backed evidence when available.
4,Skyline Towers,High-Rise Mixed-Use Development,Preliminary Planning — High,upside,unit_mix,UNIT-02-04,annual_scheduled_rent,1 Bedroom — annual scheduled rent,5508000,usd,estimated,"pasted_content_25.txt, Skyline Towers 10-Point Financial OS Design Package, user-supplied 2026-08-21",,jchappell2120,,,,yes,Inferred preliminary planning scenario. Replace line-by-line with source-backed evidence when available.
4,Skyline Towers,High-Rise Mixed-Use Development,Preliminary Planning — High,upside,unit_mix,UNIT-03-01,unit_count,2 Bedroom — unit count,165,units,estimated,"pasted_content_25.txt, Skyline Towers 10-Point Financial OS Design Package, user-supplied 2026-08-21",,jchappell2120,,,,yes,Inferred preliminary planning scenario. Replace line-by-line with source-backed evidence when available.
4,Skyline Towers,High-Rise Mixed-Use Development,Preliminary Planning — High,upside,unit_mix,UNIT-03-02,average_unit_sf,2 Bedroom — average unit sf,1050,sf,estimated,"pasted_content_25.txt, Skyline Towers 10-Point Financial OS Design Package, user-supplied 2026-08-21",,jchappell2120,,,,yes,Inferred preliminary planning scenario. Replace line-by-line with source-backed evidence when available.
4,Skyline Towers,High-Rise Mixed-Use Development,Preliminary Planning — High,upside,unit_mix,UNIT-03-03,monthly_rent,2 Bedroom — monthly rent,3450,usd_per_month,estimated,"pasted_content_25.txt, Skyline Towers 10-Point Financial OS Design Package, user-supplied 2026-08-21",,jchappell2120,,,,yes,Inferred preliminary planning scenario. Replace line-by-line with source-backed evidence when available.
4,Skyline Towers,High-Rise Mixed-Use Development,Preliminary Planning — High,upside,unit_mix,UNIT-03-04,annual_scheduled_rent,2 Bedroom — annual scheduled rent,6831000,usd,estimated,"pasted_content_25.txt, Skyline Towers 10-Point Financial OS Design Package, user-supplied 2026-08-21",,jchappell2120,,,,yes,Inferred preliminary planning scenario. Replace line-by-line with source-backed evidence when available.
4,Skyline Towers,High-Rise Mixed-Use Development,Preliminary Planning — High,upside,unit_mix,UNIT-04-01,unit_count,3 Bedroom — unit count,60,units,estimated,"pasted_content_25.txt, Skyline Towers 10-Point Financial OS Design Package, user-supplied 2026-08-21",,jchappell2120,,,,yes,Inferred preliminary planning scenario. Replace line-by-line with source-backed evidence when available.
4,Skyline Towers,High-Rise Mixed-Use Development,Preliminary Planning — High,upside,unit_mix,UNIT-04-02,average_unit_sf,3 Bedroom — average unit sf,1300,sf,estimated,"pasted_content_25.txt, Skyline Towers 10-Point Financial OS Design Package, user-supplied 2026-08-21",,jchappell2120,,,,yes,Inferred preliminary planning scenario. Replace line-by-line with source-backed evidence when available.
4,Skyline Towers,High-Rise Mixed-Use Development,Preliminary Planning — High,upside,unit_mix,UNIT-04-03,monthly_rent,3 Bedroom — monthly rent,4700,usd_per_month,estimated,"pasted_content_25.txt, Skyline Towers 10-Point Financial OS Design Package, user-supplied 2026-08-21",,jchappell2120,,,,yes,Inferred preliminary planning scenario. Replace line-by-line with source-backed evidence when available.
4,Skyline Towers,High-Rise Mixed-Use Development,Preliminary Planning — High,upside,unit_mix,UNIT-04-04,annual_scheduled_rent,3 Bedroom — annual scheduled rent,3384000,usd,estimated,"pasted_content_25.txt, Skyline Towers 10-Point Financial OS Design Package, user-supplied 2026-08-21",,jchappell2120,,,,yes,Inferred preliminary planning scenario. Replace line-by-line with source-backed evidence when available.
4,Skyline Towers,High-Rise Mixed-Use Development,Preliminary Planning — High,upside,calculated_output,REV-001,annual_residential_revenue,annual residential revenue,16749000,usd,estimated,"pasted_content_25.txt, Skyline Towers 10-Point Financial OS Design Package, user-supplied 2026-08-21",,jchappell2120,,,,yes,"Inferred preliminary planning scenario. Replace line-by-line with source-backed evidence when available. | Calculated from the scenario unit mix, occupancy, other-income, and expense drivers."
4,Skyline Towers,High-Rise Mixed-Use Development,Preliminary Planning — High,upside,calculated_output,REV-002,annual_other_income,annual other income,2100000,usd,estimated,"pasted_content_25.txt, Skyline Towers 10-Point Financial OS Design Package, user-supplied 2026-08-21",,jchappell2120,,,,yes,"Inferred preliminary planning scenario. Replace line-by-line with source-backed evidence when available. | Calculated from the scenario unit mix, occupancy, other-income, and expense drivers."
4,Skyline Towers,High-Rise Mixed-Use Development,Preliminary Planning — High,upside,calculated_output,REV-003,annual_potential_gross_revenue,annual potential gross revenue,18849000,usd,estimated,"pasted_content_25.txt, Skyline Towers 10-Point Financial OS Design Package, user-supplied 2026-08-21",,jchappell2120,,,,yes,"Inferred preliminary planning scenario. Replace line-by-line with source-backed evidence when available. | Calculated from the scenario unit mix, occupancy, other-income, and expense drivers."
4,Skyline Towers,High-Rise Mixed-Use Development,Preliminary Planning — High,upside,calculated_output,REV-004,annual_effective_gross_income,annual effective gross income,18283530,usd,estimated,"pasted_content_25.txt, Skyline Towers 10-Point Financial OS Design Package, user-supplied 2026-08-21",,jchappell2120,,,,yes,"Inferred preliminary planning scenario. Replace line-by-line with source-backed evidence when available. | Calculated from the scenario unit mix, occupancy, other-income, and expense drivers."
4,Skyline Towers,High-Rise Mixed-Use Development,Preliminary Planning — High,upside,calculated_output,REV-005,annual_operating_expenses,annual operating expenses,5338880,usd,estimated,"pasted_content_25.txt, Skyline Towers 10-Point Financial OS Design Package, user-supplied 2026-08-21",,jchappell2120,,,,yes,"Inferred preliminary planning scenario. Replace line-by-line with source-backed evidence when available. | Calculated from the scenario unit mix, occupancy, other-income, and expense drivers."
4,Skyline Towers,High-Rise Mixed-Use Development,Preliminary Planning — High,upside,calculated_output,REV-006,annual_net_operating_income,annual net operating income,12944650,usd,estimated,"pasted_content_25.txt, Skyline Towers 10-Point Financial OS Design Package, user-supplied 2026-08-21",,jchappell2120,,,,yes,"Inferred preliminary planning scenario. Replace line-by-line with source-backed evidence when available. | Calculated from the scenario unit mix, occupancy, other-income, and expense drivers."
4,Skyline Towers,High-Rise Mixed-Use Development,Preliminary Planning — High,upside,calculated_output,REV-007,yield_on_cost_bps,yield on cost bps,740,percentage_bps,estimated,"pasted_content_25.txt, Skyline Towers 10-Point Financial OS Design Package, user-supplied 2026-08-21",,jchappell2120,,,,yes,"Inferred preliminary planning scenario. Replace line-by-line with source-backed evidence when available. | Calculated from the scenario unit mix, occupancy, other-income, and expense drivers."
4,Skyline Towers,High-Rise Mixed-Use Development,Preliminary Planning — High,upside,operations,OPEX-01,annual_operating_expense,Property taxes,1668400,usd,estimated,"pasted_content_25.txt, Skyline Towers 10-Point Financial OS Design Package, user-supplied 2026-08-21",,jchappell2120,,,,yes,Inferred preliminary planning scenario. Replace line-by-line with source-backed evidence when available.
4,Skyline Towers,High-Rise Mixed-Use Development,Preliminary Planning — High,upside,operations,OPEX-02,annual_operating_expense,Insurance,500520,usd,estimated,"pasted_content_25.txt, Skyline Towers 10-Point Financial OS Design Package, user-supplied 2026-08-21",,jchappell2120,,,,yes,Inferred preliminary planning scenario. Replace line-by-line with source-backed evidence when available.
4,Skyline Towers,High-Rise Mixed-Use Development,Preliminary Planning — High,upside,operations,OPEX-03,annual_operating_expense,Property management,500520,usd,estimated,"pasted_content_25.txt, Skyline Towers 10-Point Financial OS Design Package, user-supplied 2026-08-21",,jchappell2120,,,,yes,Inferred preliminary planning scenario. Replace line-by-line with source-backed evidence when available.
4,Skyline Towers,High-Rise Mixed-Use Development,Preliminary Planning — High,upside,operations,OPEX-04,annual_operating_expense,Utilities,600624,usd,estimated,"pasted_content_25.txt, Skyline Towers 10-Point Financial OS Design Package, user-supplied 2026-08-21",,jchappell2120,,,,yes,Inferred preliminary planning scenario. Replace line-by-line with source-backed evidence when available.
4,Skyline Towers,High-Rise Mixed-Use Development,Preliminary Planning — High,upside,operations,OPEX-05,annual_operating_expense,Repairs and maintenance,717412,usd,estimated,"pasted_content_25.txt, Skyline Towers 10-Point Financial OS Design Package, user-supplied 2026-08-21",,jchappell2120,,,,yes,Inferred preliminary planning scenario. Replace line-by-line with source-backed evidence when available.
4,Skyline Towers,High-Rise Mixed-Use Development,Preliminary Planning — High,upside,operations,OPEX-06,annual_operating_expense,Payroll / onsite operations,567256,usd,estimated,"pasted_content_25.txt, Skyline Towers 10-Point Financial OS Design Package, user-supplied 2026-08-21",,jchappell2120,,,,yes,Inferred preliminary planning scenario. Replace line-by-line with source-backed evidence when available.
4,Skyline Towers,High-Rise Mixed-Use Development,Preliminary Planning — High,upside,operations,OPEX-07,annual_operating_expense,Landscaping / grounds,233576,usd,estimated,"pasted_content_25.txt, Skyline Towers 10-Point Financial OS Design Package, user-supplied 2026-08-21",,jchappell2120,,,,yes,Inferred preliminary planning scenario. Replace line-by-line with source-backed evidence when available.
4,Skyline Towers,High-Rise Mixed-Use Development,Preliminary Planning — High,upside,operations,OPEX-08,annual_operating_expense,Marketing / leasing,166840,usd,estimated,"pasted_content_25.txt, Skyline Towers 10-Point Financial OS Design Package, user-supplied 2026-08-21",,jchappell2120,,,,yes,Inferred preliminary planning scenario. Replace line-by-line with source-backed evidence when available.
4,Skyline Towers,High-Rise Mixed-Use Development,Preliminary Planning — High,upside,operations,OPEX-09,annual_operating_expense,Administrative,150156,usd,estimated,"pasted_content_25.txt, Skyline Towers 10-Point Financial OS Design Package, user-supplied 2026-08-21",,jchappell2120,,,,yes,Inferred preliminary planning scenario. Replace line-by-line with source-backed evidence when available.
4,Skyline Towers,High-Rise Mixed-Use Development,Preliminary Planning — High,upside,operations,OPEX-10,annual_operating_expense,Replacement / operating reserves,233576,usd,estimated,"pasted_content_25.txt, Skyline Towers 10-Point Financial OS Design Package, user-supplied 2026-08-21",,jchappell2120,,,,yes,Inferred preliminary planning scenario. Replace line-by-line with source-backed evidence when available.
4,Skyline Towers,High-Rise Mixed-Use Development,Preliminary Planning — High,upside,wbs_budget,WBS-001,extended_cost,High-rise mixed-use — Land acquisition consideration,14875000,usd,estimated,"pasted_content_25.txt, Skyline Towers 10-Point Financial OS Design Package, user-supplied 2026-08-21",,jchappell2120,,,predevelopment,yes,Inferred preliminary planning scenario. Replace line-by-line with source-backed evidence when available. | Standardized WBS category: land_acquisition; applicability: Project-wide.
4,Skyline Towers,High-Rise Mixed-Use Development,Preliminary Planning — High,upside,wbs_budget,WBS-002,extended_cost,High-rise mixed-use — Acquisition due diligence,656250,usd,estimated,"pasted_content_25.txt, Skyline Towers 10-Point Financial OS Design Package, user-supplied 2026-08-21",,jchappell2120,,,predevelopment,yes,Inferred preliminary planning scenario. Replace line-by-line with source-backed evidence when available. | Standardized WBS category: land_acquisition; applicability: Project-wide.
4,Skyline Towers,High-Rise Mixed-Use Development,Preliminary Planning — High,upside,wbs_budget,WBS-003,extended_cost,High-rise mixed-use — Title and escrow,218750,usd,estimated,"pasted_content_25.txt, Skyline Towers 10-Point Financial OS Design Package, user-supplied 2026-08-21",,jchappell2120,,,predevelopment,yes,Inferred preliminary planning scenario. Replace line-by-line with source-backed evidence when available. | Standardized WBS category: land_acquisition; applicability: Project-wide.
4,Skyline Towers,High-Rise Mixed-Use Development,Preliminary Planning — High,upside,wbs_budget,WBS-004,extended_cost,High-rise mixed-use — Acquisition legal,218750,usd,estimated,"pasted_content_25.txt, Skyline Towers 10-Point Financial OS Design Package, user-supplied 2026-08-21",,jchappell2120,,,predevelopment,yes,Inferred preliminary planning scenario. Replace line-by-line with source-backed evidence when available. | Standardized WBS category: land_acquisition; applicability: Project-wide.
4,Skyline Towers,High-Rise Mixed-Use Development,Preliminary Planning — High,upside,wbs_budget,WBS-005,extended_cost,High-rise mixed-use — Environmental review,218750,usd,estimated,"pasted_content_25.txt, Skyline Towers 10-Point Financial OS Design Package, user-supplied 2026-08-21",,jchappell2120,,,predevelopment,yes,Inferred preliminary planning scenario. Replace line-by-line with source-backed evidence when available. | Standardized WBS category: land_acquisition; applicability: Project-wide.
4,Skyline Towers,High-Rise Mixed-Use Development,Preliminary Planning — High,upside,wbs_budget,WBS-006,extended_cost,High-rise mixed-use — Boundary and topographic survey,218750,usd,estimated,"pasted_content_25.txt, Skyline Towers 10-Point Financial OS Design Package, user-supplied 2026-08-21",,jchappell2120,,,predevelopment,yes,Inferred preliminary planning scenario. Replace line-by-line with source-backed evidence when available. | Standardized WBS category: land_acquisition; applicability: Project-wide.
4,Skyline Towers,High-Rise Mixed-Use Development,Preliminary Planning — High,upside,wbs_budget,WBS-007,extended_cost,High-rise mixed-use — Geotechnical investigation,328125,usd,estimated,"pasted_content_25.txt, Skyline Towers 10-Point Financial OS Design Package, user-supplied 2026-08-21",,jchappell2120,,,predevelopment,yes,Inferred preliminary planning scenario. Replace line-by-line with source-backed evidence when available. | Standardized WBS category: land_acquisition; applicability: Project-wide.
4,Skyline Towers,High-Rise Mixed-Use Development,Preliminary Planning — High,upside,wbs_budget,WBS-008,extended_cost,High-rise mixed-use — Acquisition brokerage,218750,usd,estimated,"pasted_content_25.txt, Skyline Towers 10-Point Financial OS Design Package, user-supplied 2026-08-21",,jchappell2120,,,predevelopment,yes,Inferred preliminary planning scenario. Replace line-by-line with source-backed evidence when available. | Standardized WBS category: land_acquisition; applicability: Project-wide.
4,Skyline Towers,High-Rise Mixed-Use Development,Preliminary Planning — High,upside,wbs_budget,WBS-009,extended_cost,High-rise mixed-use — Demolition and clearing allowance,218750,usd,estimated,"pasted_content_25.txt, Skyline Towers 10-Point Financial OS Design Package, user-supplied 2026-08-21",,jchappell2120,,,predevelopment,yes,Inferred preliminary planning scenario. Replace line-by-line with source-backed evidence when available. | Standardized WBS category: land_acquisition; applicability: Project-wide.
4,Skyline Towers,High-Rise Mixed-Use Development,Preliminary Planning — High,upside,wbs_budget,WBS-010,extended_cost,High-rise mixed-use — Land closing reserve,328125,usd,estimated,"pasted_content_25.txt, Skyline Towers 10-Point Financial OS Design Package, user-supplied 2026-08-21",,jchappell2120,,,predevelopment,yes,Inferred preliminary planning scenario. Replace line-by-line with source-backed evidence when available. | Standardized WBS category: land_acquisition; applicability: Project-wide.
4,Skyline Towers,High-Rise Mixed-Use Development,Preliminary Planning — High,upside,wbs_budget,WBS-011,extended_cost,High-rise mixed-use — Mass grading,3062500,usd,estimated,"pasted_content_25.txt, Skyline Towers 10-Point Financial OS Design Package, user-supplied 2026-08-21",,jchappell2120,,,construction,yes,Inferred preliminary planning scenario. Replace line-by-line with source-backed evidence when available. | Standardized WBS category: site_development; applicability: Project-wide.
4,Skyline Towers,High-Rise Mixed-Use Development,Preliminary Planning — High,upside,wbs_budget,WBS-012,extended_cost,High-rise mixed-use — Utility extension,2187500,usd,estimated,"pasted_content_25.txt, Skyline Towers 10-Point Financial OS Design Package, user-supplied 2026-08-21",,jchappell2120,,,construction,yes,Inferred preliminary planning scenario. Replace line-by-line with source-backed evidence when available. | Standardized WBS category: site_development; applicability: Project-wide.
4,Skyline Towers,High-Rise Mixed-Use Development,Preliminary Planning — High,upside,wbs_budget,WBS-013,extended_cost,High-rise mixed-use — Water and sewer improvements,2187500,usd,estimated,"pasted_content_25.txt, Skyline Towers 10-Point Financial OS Design Package, user-supplied 2026-08-21",,jchappell2120,,,construction,yes,Inferred preliminary planning scenario. Replace line-by-line with source-backed evidence when available. | Standardized WBS category: site_development; applicability: Project-wide.
4,Skyline Towers,High-Rise Mixed-Use Development,Preliminary Planning — High,upside,wbs_budget,WBS-014,extended_cost,High-rise mixed-use — Stormwater infrastructure,2187500,usd,estimated,"pasted_content_25.txt, Skyline Towers 10-Point Financial OS Design Package, user-supplied 2026-08-21",,jchappell2120,,,construction,yes,Inferred preliminary planning scenario. Replace line-by-line with source-backed evidence when available. | Standardized WBS category: site_development; applicability: Project-wide.
4,Skyline Towers,High-Rise Mixed-Use Development,Preliminary Planning — High,upside,wbs_budget,WBS-015,extended_cost,"High-rise mixed-use — Paving, curbs, and sidewalks",1968750,usd,estimated,"pasted_content_25.txt, Skyline Towers 10-Point Financial OS Design Package, user-supplied 2026-08-21",,jchappell2120,,,construction,yes,Inferred preliminary planning scenario. Replace line-by-line with source-backed evidence when available. | Standardized WBS category: site_development; applicability: Project-wide.
4,Skyline Towers,High-Rise Mixed-Use Development,Preliminary Planning — High,upside,wbs_budget,WBS-016,extended_cost,High-rise mixed-use — Landscape and irrigation,1093750,usd,estimated,"pasted_content_25.txt, Skyline Towers 10-Point Financial OS Design Package, user-supplied 2026-08-21",,jchappell2120,,,construction,yes,Inferred preliminary planning scenario. Replace line-by-line with source-backed evidence when available. | Standardized WBS category: site_development; applicability: Project-wide.
4,Skyline Towers,High-Rise Mixed-Use Development,Preliminary Planning — High,upside,wbs_budget,WBS-017,extended_cost,High-rise mixed-use — Detention and retention,1312500,usd,estimated,"pasted_content_25.txt, Skyline Towers 10-Point Financial OS Design Package, user-supplied 2026-08-21",,jchappell2120,,,construction,yes,Inferred preliminary planning scenario. Replace line-by-line with source-backed evidence when available. | Standardized WBS category: site_development; applicability: Project-wide.
4,Skyline Towers,High-Rise Mixed-Use Development,Preliminary Planning — High,upside,wbs_budget,WBS-018,extended_cost,High-rise mixed-use — Earthwork and import/export,1312500,usd,estimated,"pasted_content_25.txt, Skyline Towers 10-Point Financial OS Design Package, user-supplied 2026-08-21",,jchappell2120,,,construction,yes,Inferred preliminary planning scenario. Replace line-by-line with source-backed evidence when available. | Standardized WBS category: site_development; applicability: Project-wide.
4,Skyline Towers,High-Rise Mixed-Use Development,Preliminary Planning — High,upside,wbs_budget,WBS-019,extended_cost,High-rise mixed-use — Temporary utilities,875000,usd,estimated,"pasted_content_25.txt, Skyline Towers 10-Point Financial OS Design Package, user-supplied 2026-08-21",,jchappell2120,,,construction,yes,Inferred preliminary planning scenario. Replace line-by-line with source-backed evidence when available. | Standardized WBS category: site_development; applicability: Project-wide.
4,Skyline Towers,High-Rise Mixed-Use Development,Preliminary Planning — High,upside,wbs_budget,WBS-020,extended_cost,High-rise mixed-use — Site development reserve,1312500,usd,estimated,"pasted_content_25.txt, Skyline Towers 10-Point Financial OS Design Package, user-supplied 2026-08-21",,jchappell2120,,,construction,yes,Inferred preliminary planning scenario. Replace line-by-line with source-backed evidence when available. | Standardized WBS category: site_development; applicability: Project-wide.
4,Skyline Towers,High-Rise Mixed-Use Development,Preliminary Planning — High,upside,wbs_budget,WBS-021,extended_cost,High-rise mixed-use — LGS primary structure,5250000,usd,estimated,"pasted_content_25.txt, Skyline Towers 10-Point Financial OS Design Package, user-supplied 2026-08-21",,jchappell2120,,,construction,yes,Inferred preliminary planning scenario. Replace line-by-line with source-backed evidence when available. | Standardized WBS category: building_modular; applicability: All five buildings.
4,Skyline Towers,High-Rise Mixed-Use Development,Preliminary Planning — High,upside,wbs_budget,WBS-022,extended_cost,High-rise mixed-use — LGS secondary framing,3500000,usd,estimated,"pasted_content_25.txt, Skyline Towers 10-Point Financial OS Design Package, user-supplied 2026-08-21",,jchappell2120,,,construction,yes,Inferred preliminary planning scenario. Replace line-by-line with source-backed evidence when available. | Standardized WBS category: building_modular; applicability: All five buildings.
4,Skyline Towers,High-Rise Mixed-Use Development,Preliminary Planning — High,upside,wbs_budget,WBS-023,extended_cost,High-rise mixed-use — Structural connectors and fasteners,3062500,usd,estimated,"pasted_content_25.txt, Skyline Towers 10-Point Financial OS Design Package, user-supplied 2026-08-21",,jchappell2120,,,construction,yes,Inferred preliminary planning scenario. Replace line-by-line with source-backed evidence when available. | Standardized WBS category: building_modular; applicability: All five buildings.
4,Skyline Towers,High-Rise Mixed-Use Development,Preliminary Planning — High,upside,wbs_budget,WBS-024,extended_cost,High-rise mixed-use — Structural engineering coordination,2187500,usd,estimated,"pasted_content_25.txt, Skyline Towers 10-Point Financial OS Design Package, user-supplied 2026-08-21",,jchappell2120,,,construction,yes,Inferred preliminary planning scenario. Replace line-by-line with source-backed evidence when available. | Standardized WBS category: building_modular; applicability: All five buildings.
4,Skyline Towers,High-Rise Mixed-Use Development,Preliminary Planning — High,upside,wbs_budget,WBS-025,extended_cost,High-rise mixed-use — Structural fabrication reserve,1662500,usd,estimated,"pasted_content_25.txt, Skyline Towers 10-Point Financial OS Design Package, user-supplied 2026-08-21",,jchappell2120,,,construction,yes,Inferred preliminary planning scenario. Replace line-by-line with source-backed evidence when available. | Standardized WBS category: building_modular; applicability: All five buildings.
4,Skyline Towers,High-Rise Mixed-Use Development,Preliminary Planning — High,upside,wbs_budget,WBS-026,extended_cost,High-rise mixed-use — Exterior wall assemblies,3062500,usd,estimated,"pasted_content_25.txt, Skyline Towers 10-Point Financial OS Design Package, user-supplied 2026-08-21",,jchappell2120,,,construction,yes,Inferred preliminary planning scenario. Replace line-by-line with source-backed evidence when available. | Standardized WBS category: building_modular; applicability: All five buildings.
4,Skyline Towers,High-Rise Mixed-Use Development,Preliminary Planning — High,upside,wbs_budget,WBS-027,extended_cost,High-rise mixed-use — Exterior cladding,2187500,usd,estimated,"pasted_content_25.txt, Skyline Towers 10-Point Financial OS Design Package, user-supplied 2026-08-21",,jchappell2120,,,construction,yes,Inferred preliminary planning scenario. Replace line-by-line with source-backed evidence when available. | Standardized WBS category: building_modular; applicability: All five buildings.
4,Skyline Towers,High-Rise Mixed-Use Development,Preliminary Planning — High,upside,wbs_budget,WBS-028,extended_cost,High-rise mixed-use — Air and water barrier,2187500,usd,estimated,"pasted_content_25.txt, Skyline Towers 10-Point Financial OS Design Package, user-supplied 2026-08-21",,jchappell2120,,,construction,yes,Inferred preliminary planning scenario. Replace line-by-line with source-backed evidence when available. | Standardized WBS category: building_modular; applicability: All five buildings.
4,Skyline Towers,High-Rise Mixed-Use Development,Preliminary Planning — High,upside,wbs_budget,WBS-029,extended_cost,High-rise mixed-use — Insulation systems,2012500,usd,estimated,"pasted_content_25.txt, Skyline Towers 10-Point Financial OS Design Package, user-supplied 2026-08-21",,jchappell2120,,,construction,yes,Inferred preliminary planning scenario. Replace line-by-line with source-backed evidence when available. | Standardized WBS category: building_modular; applicability: All five buildings.
4,Skyline Towers,High-Rise Mixed-Use Development,Preliminary Planning — High,upside,wbs_budget,WBS-030,extended_cost,High-rise mixed-use — Exterior finish reserve,1750000,usd,estimated,"pasted_content_25.txt, Skyline Towers 10-Point Financial OS Design Package, user-supplied 2026-08-21",,jchappell2120,,,construction,yes,Inferred preliminary planning scenario. Replace line-by-line with source-backed evidence when available. | Standardized WBS category: building_modular; applicability: All five buildings.
4,Skyline Towers,High-Rise Mixed-Use Development,Preliminary Planning — High,upside,wbs_budget,WBS-031,extended_cost,High-rise mixed-use — Plumbing rough-in,3937500,usd,estimated,"pasted_content_25.txt, Skyline Towers 10-Point Financial OS Design Package, user-supplied 2026-08-21",,jchappell2120,,,construction,yes,Inferred preliminary planning scenario. Replace line-by-line with source-backed evidence when available. | Standardized WBS category: building_modular; applicability: All five buildings.
4,Skyline Towers,High-Rise Mixed-Use Development,Preliminary Planning — High,upside,wbs_budget,WBS-032,extended_cost,High-rise mixed-use — Electrical rough-in,3937500,usd,estimated,"pasted_content_25.txt, Skyline Towers 10-Point Financial OS Design Package, user-supplied 2026-08-21",,jchappell2120,,,construction,yes,Inferred preliminary planning scenario. Replace line-by-line with source-backed evidence when available. | Standardized WBS category: building_modular; applicability: All five buildings.
4,Skyline Towers,High-Rise Mixed-Use Development,Preliminary Planning — High,upside,wbs_budget,WBS-033,extended_cost,High-rise mixed-use — HVAC equipment and distribution,3937500,usd,estimated,"pasted_content_25.txt, Skyline Towers 10-Point Financial OS Design Package, user-supplied 2026-08-21",,jchappell2120,,,construction,yes,Inferred preliminary planning scenario. Replace line-by-line with source-backed evidence when available. | Standardized WBS category: building_modular; applicability: All five buildings.
4,Skyline Towers,High-Rise Mixed-Use Development,Preliminary Planning — High,upside,wbs_budget,WBS-034,extended_cost,High-rise mixed-use — Fire protection,2406250,usd,estimated,"pasted_content_25.txt, Skyline Towers 10-Point Financial OS Design Package, user-supplied 2026-08-21",,jchappell2120,,,construction,yes,Inferred preliminary planning scenario. Replace line-by-line with source-backed evidence when available. | Standardized WBS category: building_modular; applicability: All five buildings.
4,Skyline Towers,High-Rise Mixed-Use Development,Preliminary Planning — High,upside,wbs_budget,WBS-035,extended_cost,High-rise mixed-use — Low-voltage and controls,1531250,usd,estimated,"pasted_content_25.txt, Skyline Towers 10-Point Financial OS Design Package, user-supplied 2026-08-21",,jchappell2120,,,construction,yes,Inferred preliminary planning scenario. Replace line-by-line with source-backed evidence when available. | Standardized WBS category: building_modular; applicability: All five buildings.
4,Skyline Towers,High-Rise Mixed-Use Development,Preliminary Planning — High,upside,wbs_budget,WBS-036,extended_cost,High-rise mixed-use — Metering and service equipment,875000,usd,estimated,"pasted_content_25.txt, Skyline Towers 10-Point Financial OS Design Package, user-supplied 2026-08-21",,jchappell2120,,,construction,yes,Inferred preliminary planning scenario. Replace line-by-line with source-backed evidence when available. | Standardized WBS category: building_modular; applicability: All five buildings.
4,Skyline Towers,High-Rise Mixed-Use Development,Preliminary Planning — High,upside,wbs_budget,WBS-037,extended_cost,High-rise mixed-use — MEP design coordination,2843750,usd,estimated,"pasted_content_25.txt, Skyline Towers 10-Point Financial OS Design Package, user-supplied 2026-08-21",,jchappell2120,,,construction,yes,Inferred preliminary planning scenario. Replace line-by-line with source-backed evidence when available. | Standardized WBS category: building_modular; applicability: All five buildings.
4,Skyline Towers,High-Rise Mixed-Use Development,Preliminary Planning — High,upside,wbs_budget,WBS-038,extended_cost,High-rise mixed-use — MEP integration reserve,2931250,usd,estimated,"pasted_content_25.txt, Skyline Towers 10-Point Financial OS Design Package, user-supplied 2026-08-21",,jchappell2120,,,construction,yes,Inferred preliminary planning scenario. Replace line-by-line with source-backed evidence when available. | Standardized WBS category: building_modular; applicability: All five buildings.
4,Skyline Towers,High-Rise Mixed-Use Development,Preliminary Planning — High,upside,wbs_budget,WBS-039,extended_cost,High-rise mixed-use — Unit framing and partitions,3062500,usd,estimated,"pasted_content_25.txt, Skyline Towers 10-Point Financial OS Design Package, user-supplied 2026-08-21",,jchappell2120,,,construction,yes,Inferred preliminary planning scenario. Replace line-by-line with source-backed evidence when available. | Standardized WBS category: building_modular; applicability: All five buildings.
4,Skyline Towers,High-Rise Mixed-Use Development,Preliminary Planning — High,upside,wbs_budget,WBS-040,extended_cost,High-rise mixed-use — Drywall and finish prep,3062500,usd,estimated,"pasted_content_25.txt, Skyline Towers 10-Point Financial OS Design Package, user-supplied 2026-08-21",,jchappell2120,,,construction,yes,Inferred preliminary planning scenario. Replace line-by-line with source-backed evidence when available. | Standardized WBS category: building_modular; applicability: All five buildings.
4,Skyline Towers,High-Rise Mixed-Use Development,Preliminary Planning — High,upside,wbs_budget,WBS-041,extended_cost,High-rise mixed-use — Interior paint,1750000,usd,estimated,"pasted_content_25.txt, Skyline Towers 10-Point Financial OS Design Package, user-supplied 2026-08-21",,jchappell2120,,,construction,yes,Inferred preliminary planning scenario. Replace line-by-line with source-backed evidence when available. | Standardized WBS category: building_modular; applicability: All five buildings.
4,Skyline Towers,High-Rise Mixed-Use Development,Preliminary Planning — High,upside,wbs_budget,WBS-042,extended_cost,High-rise mixed-use — Flooring,3500000,usd,estimated,"pasted_content_25.txt, Skyline Towers 10-Point Financial OS Design Package, user-supplied 2026-08-21",,jchappell2120,,,construction,yes,Inferred preliminary planning scenario. Replace line-by-line with source-backed evidence when available. | Standardized WBS category: building_modular; applicability: All five buildings.
4,Skyline Towers,High-Rise Mixed-Use Development,Preliminary Planning — High,upside,wbs_budget,WBS-043,extended_cost,High-rise mixed-use — Cabinets and countertops,3937500,usd,estimated,"pasted_content_25.txt, Skyline Towers 10-Point Financial OS Design Package, user-supplied 2026-08-21",,jchappell2120,,,construction,yes,Inferred preliminary planning scenario. Replace line-by-line with source-backed evidence when available. | Standardized WBS category: building_modular; applicability: All five buildings.
4,Skyline Towers,High-Rise Mixed-Use Development,Preliminary Planning — High,upside,wbs_budget,WBS-044,extended_cost,High-rise mixed-use — Millwork,2625000,usd,estimated,"pasted_content_25.txt, Skyline Towers 10-Point Financial OS Design Package, user-supplied 2026-08-21",,jchappell2120,,,construction,yes,Inferred preliminary planning scenario. Replace line-by-line with source-backed evidence when available. | Standardized WBS category: building_modular; applicability: All five buildings.
4,Skyline Towers,High-Rise Mixed-Use Development,Preliminary Planning — High,upside,wbs_budget,WBS-045,extended_cost,High-rise mixed-use — Bathroom finishes,3500000,usd,estimated,"pasted_content_25.txt, Skyline Towers 10-Point Financial OS Design Package, user-supplied 2026-08-21",,jchappell2120,,,construction,yes,Inferred preliminary planning scenario. Replace line-by-line with source-backed evidence when available. | Standardized WBS category: building_modular; applicability: All five buildings.
4,Skyline Towers,High-Rise Mixed-Use Development,Preliminary Planning — High,upside,wbs_budget,WBS-046,extended_cost,High-rise mixed-use — Interior doors and hardware,2187500,usd,estimated,"pasted_content_25.txt, Skyline Towers 10-Point Financial OS Design Package, user-supplied 2026-08-21",,jchappell2120,,,construction,yes,Inferred preliminary planning scenario. Replace line-by-line with source-backed evidence when available. | Standardized WBS category: building_modular; applicability: All five buildings.
4,Skyline Towers,High-Rise Mixed-Use Development,Preliminary Planning — High,upside,wbs_budget,WBS-047,extended_cost,High-rise mixed-use — Roofing membrane,3500000,usd,estimated,"pasted_content_25.txt, Skyline Towers 10-Point Financial OS Design Package, user-supplied 2026-08-21",,jchappell2120,,,construction,yes,Inferred preliminary planning scenario. Replace line-by-line with source-backed evidence when available. | Standardized WBS category: building_modular; applicability: All five buildings.
4,Skyline Towers,High-Rise Mixed-Use Development,Preliminary Planning — High,upside,wbs_budget,WBS-048,extended_cost,High-rise mixed-use — Roof insulation and accessories,2100000,usd,estimated,"pasted_content_25.txt, Skyline Towers 10-Point Financial OS Design Package, user-supplied 2026-08-21",,jchappell2120,,,construction,yes,Inferred preliminary planning scenario. Replace line-by-line with source-backed evidence when available. | Standardized WBS category: building_modular; applicability: All five buildings.
4,Skyline Towers,High-Rise Mixed-Use Development,Preliminary Planning — High,upside,wbs_budget,WBS-049,extended_cost,High-rise mixed-use — Windows,4812500,usd,estimated,"pasted_content_25.txt, Skyline Towers 10-Point Financial OS Design Package, user-supplied 2026-08-21",,jchappell2120,,,construction,yes,Inferred preliminary planning scenario. Replace line-by-line with source-backed evidence when available. | Standardized WBS category: building_modular; applicability: All five buildings.
4,Skyline Towers,High-Rise Mixed-Use Development,Preliminary Planning — High,upside,wbs_budget,WBS-050,extended_cost,High-rise mixed-use — Exterior doors and glazing,1925000,usd,estimated,"pasted_content_25.txt, Skyline Towers 10-Point Financial OS Design Package, user-supplied 2026-08-21",,jchappell2120,,,construction,yes,Inferred preliminary planning scenario. Replace line-by-line with source-backed evidence when available. | Standardized WBS category: building_modular; applicability: All five buildings.
4,Skyline Towers,High-Rise Mixed-Use Development,Preliminary Planning — High,upside,wbs_budget,WBS-051,extended_cost,High-rise mixed-use — Appliances,2187500,usd,estimated,"pasted_content_25.txt, Skyline Towers 10-Point Financial OS Design Package, user-supplied 2026-08-21",,jchappell2120,,,construction,yes,Inferred preliminary planning scenario. Replace line-by-line with source-backed evidence when available. | Standardized WBS category: building_modular; applicability: All five buildings.
4,Skyline Towers,High-Rise Mixed-Use Development,Preliminary Planning — High,upside,wbs_budget,WBS-052,extended_cost,High-rise mixed-use — Plumbing fixtures,1750000,usd,estimated,"pasted_content_25.txt, Skyline Towers 10-Point Financial OS Design Package, user-supplied 2026-08-21",,jchappell2120,,,construction,yes,Inferred preliminary planning scenario. Replace line-by-line with source-backed evidence when available. | Standardized WBS category: building_modular; applicability: All five buildings.
4,Skyline Towers,High-Rise Mixed-Use Development,Preliminary Planning — High,upside,wbs_budget,WBS-053,extended_cost,High-rise mixed-use — Electrical fixtures,1662500,usd,estimated,"pasted_content_25.txt, Skyline Towers 10-Point Financial OS Design Package, user-supplied 2026-08-21",,jchappell2120,,,construction,yes,Inferred preliminary planning scenario. Replace line-by-line with source-backed evidence when available. | Standardized WBS category: building_modular; applicability: All five buildings.
4,Skyline Towers,High-Rise Mixed-Use Development,Preliminary Planning — High,upside,wbs_budget,WBS-054,extended_cost,High-rise mixed-use — Common-area finishes,3062500,usd,estimated,"pasted_content_25.txt, Skyline Towers 10-Point Financial OS Design Package, user-supplied 2026-08-21",,jchappell2120,,,construction,yes,Inferred preliminary planning scenario. Replace line-by-line with source-backed evidence when available. | Standardized WBS category: building_modular; applicability: All five buildings.
4,Skyline Towers,High-Rise Mixed-Use Development,Preliminary Planning — High,upside,wbs_budget,WBS-055,extended_cost,High-rise mixed-use — Amenity equipment,2187500,usd,estimated,"pasted_content_25.txt, Skyline Towers 10-Point Financial OS Design Package, user-supplied 2026-08-21",,jchappell2120,,,construction,yes,Inferred preliminary planning scenario. Replace line-by-line with source-backed evidence when available. | Standardized WBS category: building_modular; applicability: Project-wide.
4,Skyline Towers,High-Rise Mixed-Use Development,Preliminary Planning — High,upside,wbs_budget,WBS-056,extended_cost,High-rise mixed-use — Common-area furnishings allowance,1487500,usd,estimated,"pasted_content_25.txt, Skyline Towers 10-Point Financial OS Design Package, user-supplied 2026-08-21",,jchappell2120,,,construction,yes,Inferred preliminary planning scenario. Replace line-by-line with source-backed evidence when available. | Standardized WBS category: building_modular; applicability: Project-wide.
4,Skyline Towers,High-Rise Mixed-Use Development,Preliminary Planning — High,upside,wbs_budget,WBS-057,extended_cost,High-rise mixed-use — QA/QC inspection,3281250,usd,estimated,"pasted_content_25.txt, Skyline Towers 10-Point Financial OS Design Package, user-supplied 2026-08-21",,jchappell2120,,,commissioning,yes,Inferred preliminary planning scenario. Replace line-by-line with source-backed evidence when available. | Standardized WBS category: building_modular; applicability: All five buildings.
4,Skyline Towers,High-Rise Mixed-Use Development,Preliminary Planning — High,upside,wbs_budget,WBS-058,extended_cost,High-rise mixed-use — Building commissioning,2187500,usd,estimated,"pasted_content_25.txt, Skyline Towers 10-Point Financial OS Design Package, user-supplied 2026-08-21",,jchappell2120,,,commissioning,yes,Inferred preliminary planning scenario. Replace line-by-line with source-backed evidence when available. | Standardized WBS category: building_modular; applicability: All five buildings.
4,Skyline Towers,High-Rise Mixed-Use Development,Preliminary Planning — High,upside,wbs_budget,WBS-059,extended_cost,High-rise mixed-use — Punch and turnover,2187500,usd,estimated,"pasted_content_25.txt, Skyline Towers 10-Point Financial OS Design Package, user-supplied 2026-08-21",,jchappell2120,,,building_completion,yes,Inferred preliminary planning scenario. Replace line-by-line with source-backed evidence when available. | Standardized WBS category: building_modular; applicability: All five buildings.
4,Skyline Towers,High-Rise Mixed-Use Development,Preliminary Planning — High,upside,wbs_budget,WBS-060,extended_cost,High-rise mixed-use — Building completion reserve,6781250,usd,estimated,"pasted_content_25.txt, Skyline Towers 10-Point Financial OS Design Package, user-supplied 2026-08-21",,jchappell2120,,,building_completion,yes,Inferred preliminary planning scenario. Replace line-by-line with source-backed evidence when available. | Standardized WBS category: building_modular; applicability: All five buildings.
4,Skyline Towers,High-Rise Mixed-Use Development,Preliminary Planning — High,upside,wbs_budget,WBS-061,extended_cost,High-rise mixed-use — Factory production setup,875000,usd,estimated,"pasted_content_25.txt, Skyline Towers 10-Point Financial OS Design Package, user-supplied 2026-08-21",,jchappell2120,,,factory_production,yes,Inferred preliminary planning scenario. Replace line-by-line with source-backed evidence when available. | Standardized WBS category: factory_logistics_installation; applicability: All five buildings.
4,Skyline Towers,High-Rise Mixed-Use Development,Preliminary Planning — High,upside,wbs_budget,WBS-062,extended_cost,High-rise mixed-use — Panel and module assembly,787500,usd,estimated,"pasted_content_25.txt, Skyline Towers 10-Point Financial OS Design Package, user-supplied 2026-08-21",,jchappell2120,,,factory_production,yes,Inferred preliminary planning scenario. Replace line-by-line with source-backed evidence when available. | Standardized WBS category: factory_logistics_installation; applicability: All five buildings.
4,Skyline Towers,High-Rise Mixed-Use Development,Preliminary Planning — High,upside,wbs_budget,WBS-063,extended_cost,High-rise mixed-use — Factory labor coordination,787500,usd,estimated,"pasted_content_25.txt, Skyline Towers 10-Point Financial OS Design Package, user-supplied 2026-08-21",,jchappell2120,,,factory_production,yes,Inferred preliminary planning scenario. Replace line-by-line with source-backed evidence when available. | Standardized WBS category: factory_logistics_installation; applicability: All five buildings.
4,Skyline Towers,High-Rise Mixed-Use Development,Preliminary Planning — High,upside,wbs_budget,WBS-064,extended_cost,High-rise mixed-use — Factory QA hold points,437500,usd,estimated,"pasted_content_25.txt, Skyline Towers 10-Point Financial OS Design Package, user-supplied 2026-08-21",,jchappell2120,,,factory_production,yes,Inferred preliminary planning scenario. Replace line-by-line with source-backed evidence when available. | Standardized WBS category: factory_logistics_installation; applicability: All five buildings.
4,Skyline Towers,High-Rise Mixed-Use Development,Preliminary Planning — High,upside,wbs_budget,WBS-065,extended_cost,High-rise mixed-use — Packaging and protection,350000,usd,estimated,"pasted_content_25.txt, Skyline Towers 10-Point Financial OS Design Package, user-supplied 2026-08-21",,jchappell2120,,,factory_production,yes,Inferred preliminary planning scenario. Replace line-by-line with source-backed evidence when available. | Standardized WBS category: factory_logistics_installation; applicability: All five buildings.
4,Skyline Towers,High-Rise Mixed-Use Development,Preliminary Planning — High,upside,wbs_budget,WBS-066,extended_cost,High-rise mixed-use — Staging and handling,437500,usd,estimated,"pasted_content_25.txt, Skyline Towers 10-Point Financial OS Design Package, user-supplied 2026-08-21",,jchappell2120,,,logistics,yes,Inferred preliminary planning scenario. Replace line-by-line with source-backed evidence when available. | Standardized WBS category: factory_logistics_installation; applicability: All five buildings.
4,Skyline Towers,High-Rise Mixed-Use Development,Preliminary Planning — High,upside,wbs_budget,WBS-067,extended_cost,High-rise mixed-use — Transportation,1093750,usd,estimated,"pasted_content_25.txt, Skyline Towers 10-Point Financial OS Design Package, user-supplied 2026-08-21",,jchappell2120,,,transportation,yes,Inferred preliminary planning scenario. Replace line-by-line with source-backed evidence when available. | Standardized WBS category: factory_logistics_installation; applicability: All five buildings.
4,Skyline Towers,High-Rise Mixed-Use Development,Preliminary Planning — High,upside,wbs_budget,WBS-068,extended_cost,High-rise mixed-use — Route and permit coordination,218750,usd,estimated,"pasted_content_25.txt, Skyline Towers 10-Point Financial OS Design Package, user-supplied 2026-08-21",,jchappell2120,,,transportation,yes,Inferred preliminary planning scenario. Replace line-by-line with source-backed evidence when available. | Standardized WBS category: factory_logistics_installation; applicability: All five buildings.
4,Skyline Towers,High-Rise Mixed-Use Development,Preliminary Planning — High,upside,wbs_budget,WBS-069,extended_cost,High-rise mixed-use — Transit insurance allowance,218750,usd,estimated,"pasted_content_25.txt, Skyline Towers 10-Point Financial OS Design Package, user-supplied 2026-08-21",,jchappell2120,,,transportation,yes,Inferred preliminary planning scenario. Replace line-by-line with source-backed evidence when available. | Standardized WBS category: factory_logistics_installation; applicability: All five buildings.
4,Skyline Towers,High-Rise Mixed-Use Development,Preliminary Planning — High,upside,wbs_budget,WBS-070,extended_cost,High-rise mixed-use — Site receiving,437500,usd,estimated,"pasted_content_25.txt, Skyline Towers 10-Point Financial OS Design Package, user-supplied 2026-08-21",,jchappell2120,,,site_installation,yes,Inferred preliminary planning scenario. Replace line-by-line with source-backed evidence when available. | Standardized WBS category: factory_logistics_installation; applicability: All five buildings.
4,Skyline Towers,High-Rise Mixed-Use Development,Preliminary Planning — High,upside,wbs_budget,WBS-071,extended_cost,High-rise mixed-use — Crane and lifting,875000,usd,estimated,"pasted_content_25.txt, Skyline Towers 10-Point Financial OS Design Package, user-supplied 2026-08-21",,jchappell2120,,,site_installation,yes,Inferred preliminary planning scenario. Replace line-by-line with source-backed evidence when available. | Standardized WBS category: factory_logistics_installation; applicability: All five buildings.
4,Skyline Towers,High-Rise Mixed-Use Development,Preliminary Planning — High,upside,wbs_budget,WBS-072,extended_cost,High-rise mixed-use — Set and alignment,656250,usd,estimated,"pasted_content_25.txt, Skyline Towers 10-Point Financial OS Design Package, user-supplied 2026-08-21",,jchappell2120,,,site_installation,yes,Inferred preliminary planning scenario. Replace line-by-line with source-backed evidence when available. | Standardized WBS category: factory_logistics_installation; applicability: All five buildings.
4,Skyline Towers,High-Rise Mixed-Use Development,Preliminary Planning — High,upside,wbs_budget,WBS-073,extended_cost,High-rise mixed-use — Installation coordination,437500,usd,estimated,"pasted_content_25.txt, Skyline Towers 10-Point Financial OS Design Package, user-supplied 2026-08-21",,jchappell2120,,,site_installation,yes,Inferred preliminary planning scenario. Replace line-by-line with source-backed evidence when available. | Standardized WBS category: factory_logistics_installation; applicability: All five buildings.
4,Skyline Towers,High-Rise Mixed-Use Development,Preliminary Planning — High,upside,wbs_budget,WBS-074,extended_cost,High-rise mixed-use — Temporary weather protection,350000,usd,estimated,"pasted_content_25.txt, Skyline Towers 10-Point Financial OS Design Package, user-supplied 2026-08-21",,jchappell2120,,,site_installation,yes,Inferred preliminary planning scenario. Replace line-by-line with source-backed evidence when available. | Standardized WBS category: factory_logistics_installation; applicability: All five buildings.
4,Skyline Towers,High-Rise Mixed-Use Development,Preliminary Planning — High,upside,wbs_budget,WBS-075,extended_cost,High-rise mixed-use — Logistics reserve,787500,usd,estimated,"pasted_content_25.txt, Skyline Towers 10-Point Financial OS Design Package, user-supplied 2026-08-21",,jchappell2120,,,site_installation,yes,Inferred preliminary planning scenario. Replace line-by-line with source-backed evidence when available. | Standardized WBS category: factory_logistics_installation; applicability: All five buildings.
4,Skyline Towers,High-Rise Mixed-Use Development,Preliminary Planning — High,upside,wbs_budget,WBS-076,extended_cost,High-rise mixed-use — Architecture,1312500,usd,estimated,"pasted_content_25.txt, Skyline Towers 10-Point Financial OS Design Package, user-supplied 2026-08-21",,jchappell2120,,,design_entitlement,yes,Inferred preliminary planning scenario. Replace line-by-line with source-backed evidence when available. | Standardized WBS category: professional_soft_costs; applicability: Project-wide.
4,Skyline Towers,High-Rise Mixed-Use Development,Preliminary Planning — High,upside,wbs_budget,WBS-077,extended_cost,High-rise mixed-use — Structural engineering,875000,usd,estimated,"pasted_content_25.txt, Skyline Towers 10-Point Financial OS Design Package, user-supplied 2026-08-21",,jchappell2120,,,design_entitlement,yes,Inferred preliminary planning scenario. Replace line-by-line with source-backed evidence when available. | Standardized WBS category: professional_soft_costs; applicability: Project-wide.
4,Skyline Towers,High-Rise Mixed-Use Development,Preliminary Planning — High,upside,wbs_budget,WBS-078,extended_cost,High-rise mixed-use — MEP engineering,875000,usd,estimated,"pasted_content_25.txt, Skyline Towers 10-Point Financial OS Design Package, user-supplied 2026-08-21",,jchappell2120,,,design_entitlement,yes,Inferred preliminary planning scenario. Replace line-by-line with source-backed evidence when available. | Standardized WBS category: professional_soft_costs; applicability: Project-wide.
4,Skyline Towers,High-Rise Mixed-Use Development,Preliminary Planning — High,upside,wbs_budget,WBS-079,extended_cost,High-rise mixed-use — Civil engineering,656250,usd,estimated,"pasted_content_25.txt, Skyline Towers 10-Point Financial OS Design Package, user-supplied 2026-08-21",,jchappell2120,,,design_entitlement,yes,Inferred preliminary planning scenario. Replace line-by-line with source-backed evidence when available. | Standardized WBS category: professional_soft_costs; applicability: Project-wide.
4,Skyline Towers,High-Rise Mixed-Use Development,Preliminary Planning — High,upside,wbs_budget,WBS-080,extended_cost,High-rise mixed-use — Permitting and entitlement,437500,usd,estimated,"pasted_content_25.txt, Skyline Towers 10-Point Financial OS Design Package, user-supplied 2026-08-21",,jchappell2120,,,design_entitlement,yes,Inferred preliminary planning scenario. Replace line-by-line with source-backed evidence when available. | Standardized WBS category: professional_soft_costs; applicability: Project-wide.
4,Skyline Towers,High-Rise Mixed-Use Development,Preliminary Planning — High,upside,wbs_budget,WBS-081,extended_cost,High-rise mixed-use — Project management,1312500,usd,estimated,"pasted_content_25.txt, Skyline Towers 10-Point Financial OS Design Package, user-supplied 2026-08-21",,jchappell2120,,,construction,yes,Inferred preliminary planning scenario. Replace line-by-line with source-backed evidence when available. | Standardized WBS category: professional_soft_costs; applicability: Project-wide.
4,Skyline Towers,High-Rise Mixed-Use Development,Preliminary Planning — High,upside,wbs_budget,WBS-082,extended_cost,High-rise mixed-use — Legal,656250,usd,estimated,"pasted_content_25.txt, Skyline Towers 10-Point Financial OS Design Package, user-supplied 2026-08-21",,jchappell2120,,,predevelopment,yes,Inferred preliminary planning scenario. Replace line-by-line with source-backed evidence when available. | Standardized WBS category: professional_soft_costs; applicability: Project-wide.
4,Skyline Towers,High-Rise Mixed-Use Development,Preliminary Planning — High,upside,wbs_budget,WBS-083,extended_cost,High-rise mixed-use — Accounting and tax,437500,usd,estimated,"pasted_content_25.txt, Skyline Towers 10-Point Financial OS Design Package, user-supplied 2026-08-21",,jchappell2120,,,predevelopment,yes,Inferred preliminary planning scenario. Replace line-by-line with source-backed evidence when available. | Standardized WBS category: professional_soft_costs; applicability: Project-wide.
4,Skyline Towers,High-Rise Mixed-Use Development,Preliminary Planning — High,upside,wbs_budget,WBS-084,extended_cost,High-rise mixed-use — Builder's risk insurance,656250,usd,estimated,"pasted_content_25.txt, Skyline Towers 10-Point Financial OS Design Package, user-supplied 2026-08-21",,jchappell2120,,,construction,yes,Inferred preliminary planning scenario. Replace line-by-line with source-backed evidence when available. | Standardized WBS category: professional_soft_costs; applicability: Project-wide.
4,Skyline Towers,High-Rise Mixed-Use Development,Preliminary Planning — High,upside,wbs_budget,WBS-085,extended_cost,High-rise mixed-use — Marketing,656250,usd,estimated,"pasted_content_25.txt, Skyline Towers 10-Point Financial OS Design Package, user-supplied 2026-08-21",,jchappell2120,,,lease_up_stabilization,yes,Inferred preliminary planning scenario. Replace line-by-line with source-backed evidence when available. | Standardized WBS category: professional_soft_costs; applicability: Project-wide.
4,Skyline Towers,High-Rise Mixed-Use Development,Preliminary Planning — High,upside,wbs_budget,WBS-086,extended_cost,High-rise mixed-use — Leasing,656250,usd,estimated,"pasted_content_25.txt, Skyline Towers 10-Point Financial OS Design Package, user-supplied 2026-08-21",,jchappell2120,,,lease_up_stabilization,yes,Inferred preliminary planning scenario. Replace line-by-line with source-backed evidence when available. | Standardized WBS category: professional_soft_costs; applicability: Project-wide.
4,Skyline Towers,High-Rise Mixed-Use Development,Preliminary Planning — High,upside,wbs_budget,WBS-087,extended_cost,High-rise mixed-use — Leasing commissions,875000,usd,estimated,"pasted_content_25.txt, Skyline Towers 10-Point Financial OS Design Package, user-supplied 2026-08-21",,jchappell2120,,,lease_up_stabilization,yes,Inferred preliminary planning scenario. Replace line-by-line with source-backed evidence when available. | Standardized WBS category: professional_soft_costs; applicability: Project-wide.
4,Skyline Towers,High-Rise Mixed-Use Development,Preliminary Planning — High,upside,wbs_budget,WBS-088,extended_cost,High-rise mixed-use — Owner administration reserve,1093750,usd,estimated,"pasted_content_25.txt, Skyline Towers 10-Point Financial OS Design Package, user-supplied 2026-08-21",,jchappell2120,,,predevelopment,yes,Inferred preliminary planning scenario. Replace line-by-line with source-backed evidence when available. | Standardized WBS category: professional_soft_costs; applicability: Project-wide.
4,Skyline Towers,High-Rise Mixed-Use Development,Preliminary Planning — High,upside,wbs_budget,WBS-089,extended_cost,High-rise mixed-use — Loan origination,1531250,usd,estimated,"pasted_content_25.txt, Skyline Towers 10-Point Financial OS Design Package, user-supplied 2026-08-21",,jchappell2120,,,predevelopment,yes,Inferred preliminary planning scenario. Replace line-by-line with source-backed evidence when available. | Standardized WBS category: financing_carry; applicability: Project-wide.
4,Skyline Towers,High-Rise Mixed-Use Development,Preliminary Planning — High,upside,wbs_budget,WBS-090,extended_cost,High-rise mixed-use — Interest carry,1750000,usd,estimated,"pasted_content_25.txt, Skyline Towers 10-Point Financial OS Design Package, user-supplied 2026-08-21",,jchappell2120,,,construction,yes,Inferred preliminary planning scenario. Replace line-by-line with source-backed evidence when available. | Standardized WBS category: financing_carry; applicability: Project-wide.
4,Skyline Towers,High-Rise Mixed-Use Development,Preliminary Planning — High,upside,wbs_budget,WBS-091,extended_cost,High-rise mixed-use — Lender legal and diligence,437500,usd,estimated,"pasted_content_25.txt, Skyline Towers 10-Point Financial OS Design Package, user-supplied 2026-08-21",,jchappell2120,,,predevelopment,yes,Inferred preliminary planning scenario. Replace line-by-line with source-backed evidence when available. | Standardized WBS category: financing_carry; applicability: Project-wide.
4,Skyline Towers,High-Rise Mixed-Use Development,Preliminary Planning — High,upside,wbs_budget,WBS-092,extended_cost,High-rise mixed-use — Loan administration,437500,usd,estimated,"pasted_content_25.txt, Skyline Towers 10-Point Financial OS Design Package, user-supplied 2026-08-21",,jchappell2120,,,construction,yes,Inferred preliminary planning scenario. Replace line-by-line with source-backed evidence when available. | Standardized WBS category: financing_carry; applicability: Project-wide.
4,Skyline Towers,High-Rise Mixed-Use Development,Preliminary Planning — High,upside,wbs_budget,WBS-093,extended_cost,High-rise mixed-use — Interest reserve,656250,usd,estimated,"pasted_content_25.txt, Skyline Towers 10-Point Financial OS Design Package, user-supplied 2026-08-21",,jchappell2120,,,construction,yes,Inferred preliminary planning scenario. Replace line-by-line with source-backed evidence when available. | Standardized WBS category: financing_carry; applicability: Project-wide.
4,Skyline Towers,High-Rise Mixed-Use Development,Preliminary Planning — High,upside,wbs_budget,WBS-094,extended_cost,High-rise mixed-use — Extension reserve,437500,usd,estimated,"pasted_content_25.txt, Skyline Towers 10-Point Financial OS Design Package, user-supplied 2026-08-21",,jchappell2120,,,construction,yes,Inferred preliminary planning scenario. Replace line-by-line with source-backed evidence when available. | Standardized WBS category: financing_carry; applicability: Project-wide.
4,Skyline Towers,High-Rise Mixed-Use Development,Preliminary Planning — High,upside,wbs_budget,WBS-095,extended_cost,High-rise mixed-use — Construction contingency,1312500,usd,estimated,"pasted_content_25.txt, Skyline Towers 10-Point Financial OS Design Package, user-supplied 2026-08-21",,jchappell2120,,,construction,yes,Inferred preliminary planning scenario. Replace line-by-line with source-backed evidence when available. | Standardized WBS category: contingency; applicability: All five buildings.
4,Skyline Towers,High-Rise Mixed-Use Development,Preliminary Planning — High,upside,wbs_budget,WBS-096,extended_cost,High-rise mixed-use — Site contingency,437500,usd,estimated,"pasted_content_25.txt, Skyline Towers 10-Point Financial OS Design Package, user-supplied 2026-08-21",,jchappell2120,,,construction,yes,Inferred preliminary planning scenario. Replace line-by-line with source-backed evidence when available. | Standardized WBS category: contingency; applicability: Project-wide.
4,Skyline Towers,High-Rise Mixed-Use Development,Preliminary Planning — High,upside,wbs_budget,WBS-097,extended_cost,High-rise mixed-use — Materials contingency,437500,usd,estimated,"pasted_content_25.txt, Skyline Towers 10-Point Financial OS Design Package, user-supplied 2026-08-21",,jchappell2120,,,construction,yes,Inferred preliminary planning scenario. Replace line-by-line with source-backed evidence when available. | Standardized WBS category: contingency; applicability: All five buildings.
4,Skyline Towers,High-Rise Mixed-Use Development,Preliminary Planning — High,upside,wbs_budget,WBS-098,extended_cost,High-rise mixed-use — Factory contingency,437500,usd,estimated,"pasted_content_25.txt, Skyline Towers 10-Point Financial OS Design Package, user-supplied 2026-08-21",,jchappell2120,,,factory_production,yes,Inferred preliminary planning scenario. Replace line-by-line with source-backed evidence when available. | Standardized WBS category: contingency; applicability: All five buildings.
4,Skyline Towers,High-Rise Mixed-Use Development,Preliminary Planning — High,upside,wbs_budget,WBS-099,extended_cost,High-rise mixed-use — Schedule contingency,437500,usd,estimated,"pasted_content_25.txt, Skyline Towers 10-Point Financial OS Design Package, user-supplied 2026-08-21",,jchappell2120,,,construction,yes,Inferred preliminary planning scenario. Replace line-by-line with source-backed evidence when available. | Standardized WBS category: contingency; applicability: Project-wide.
4,Skyline Towers,High-Rise Mixed-Use Development,Preliminary Planning — High,upside,wbs_budget,WBS-100,extended_cost,High-rise mixed-use — Closeout contingency,437500,usd,estimated,"pasted_content_25.txt, Skyline Towers 10-Point Financial OS Design Package, user-supplied 2026-08-21",,jchappell2120,,,building_completion,yes,Inferred preliminary planning scenario. Replace line-by-line with source-backed evidence when available. | Standardized WBS category: contingency; applicability: Project-wide.
4,Skyline Towers,High-Rise Mixed-Use Development,Preliminary Planning — High,upside,capital_deployment,SCH-COST-01,monthly_development_spend,monthly development spend — month 1,2187500,usd,estimated,"pasted_content_25.txt, Skyline Towers 10-Point Financial OS Design Package, user-supplied 2026-08-21",,jchappell2120,1,1,predevelopment,yes,Inferred preliminary planning scenario. Replace line-by-line with source-backed evidence when available. | Calculated monthly planning series from scenario drivers; not actual project performance.
4,Skyline Towers,High-Rise Mixed-Use Development,Preliminary Planning — High,upside,schedule,SCH-CUM-01,cumulative_deployment_bps,cumulative deployment bps — month 1,125,percentage_bps,estimated,"pasted_content_25.txt, Skyline Towers 10-Point Financial OS Design Package, user-supplied 2026-08-21",,jchappell2120,1,1,predevelopment,yes,Inferred preliminary planning scenario. Replace line-by-line with source-backed evidence when available. | Calculated monthly planning series from scenario drivers; not actual project performance.
4,Skyline Towers,High-Rise Mixed-Use Development,Preliminary Planning — High,upside,schedule,SCH-OCC-01,occupancy_bps,occupancy bps — month 1,0,percentage_bps,estimated,"pasted_content_25.txt, Skyline Towers 10-Point Financial OS Design Package, user-supplied 2026-08-21",,jchappell2120,1,1,predevelopment,yes,Inferred preliminary planning scenario. Replace line-by-line with source-backed evidence when available. | Calculated monthly planning series from scenario drivers; not actual project performance.
4,Skyline Towers,High-Rise Mixed-Use Development,Preliminary Planning — High,upside,revenue,SCH-REV-01,monthly_effective_revenue,monthly effective revenue — month 1,0,usd,estimated,"pasted_content_25.txt, Skyline Towers 10-Point Financial OS Design Package, user-supplied 2026-08-21",,jchappell2120,1,1,predevelopment,yes,Inferred preliminary planning scenario. Replace line-by-line with source-backed evidence when available. | Calculated monthly planning series from scenario drivers; not actual project performance.
4,Skyline Towers,High-Rise Mixed-Use Development,Preliminary Planning — High,upside,operations,SCH-OPEX-01,monthly_operating_expense,monthly operating expense — month 1,0,usd,estimated,"pasted_content_25.txt, Skyline Towers 10-Point Financial OS Design Package, user-supplied 2026-08-21",,jchappell2120,1,1,predevelopment,yes,Inferred preliminary planning scenario. Replace line-by-line with source-backed evidence when available. | Calculated monthly planning series from scenario drivers; not actual project performance.
4,Skyline Towers,High-Rise Mixed-Use Development,Preliminary Planning — High,upside,financing,SCH-DRAW-01,monthly_debt_draw,monthly debt draw — month 1,1375000,usd,estimated,"pasted_content_25.txt, Skyline Towers 10-Point Financial OS Design Package, user-supplied 2026-08-21",,jchappell2120,1,1,predevelopment,yes,Inferred preliminary planning scenario. Replace line-by-line with source-backed evidence when available. | Calculated monthly planning series from scenario drivers; not actual project performance.
4,Skyline Towers,High-Rise Mixed-Use Development,Preliminary Planning — High,upside,financing,SCH-INT-01,monthly_interest,monthly interest — month 1,8021,usd,estimated,"pasted_content_25.txt, Skyline Towers 10-Point Financial OS Design Package, user-supplied 2026-08-21",,jchappell2120,1,1,predevelopment,yes,Inferred preliminary planning scenario. Replace line-by-line with source-backed evidence when available. | Calculated monthly planning series from scenario drivers; not actual project performance.
4,Skyline Towers,High-Rise Mixed-Use Development,Preliminary Planning — High,upside,cash_flow,SCH-CF-01,monthly_levered_cash_flow,monthly levered cash flow — month 1,-2195521,usd,estimated,"pasted_content_25.txt, Skyline Towers 10-Point Financial OS Design Package, user-supplied 2026-08-21",,jchappell2120,1,1,predevelopment,yes,Inferred preliminary planning scenario. Replace line-by-line with source-backed evidence when available. | Calculated monthly planning series from scenario drivers; not actual project performance.
4,Skyline Towers,High-Rise Mixed-Use Development,Preliminary Planning — High,upside,capital_deployment,SCH-COST-02,monthly_development_spend,monthly development spend — month 2,2187500,usd,estimated,"pasted_content_25.txt, Skyline Towers 10-Point Financial OS Design Package, user-supplied 2026-08-21",,jchappell2120,2,2,predevelopment,yes,Inferred preliminary planning scenario. Replace line-by-line with source-backed evidence when available. | Calculated monthly planning series from scenario drivers; not actual project performance.
4,Skyline Towers,High-Rise Mixed-Use Development,Preliminary Planning — High,upside,schedule,SCH-CUM-02,cumulative_deployment_bps,cumulative deployment bps — month 2,250,percentage_bps,estimated,"pasted_content_25.txt, Skyline Towers 10-Point Financial OS Design Package, user-supplied 2026-08-21",,jchappell2120,2,2,predevelopment,yes,Inferred preliminary planning scenario. Replace line-by-line with source-backed evidence when available. | Calculated monthly planning series from scenario drivers; not actual project performance.
4,Skyline Towers,High-Rise Mixed-Use Development,Preliminary Planning — High,upside,schedule,SCH-OCC-02,occupancy_bps,occupancy bps — month 2,0,percentage_bps,estimated,"pasted_content_25.txt, Skyline Towers 10-Point Financial OS Design Package, user-supplied 2026-08-21",,jchappell2120,2,2,predevelopment,yes,Inferred preliminary planning scenario. Replace line-by-line with source-backed evidence when available. | Calculated monthly planning series from scenario drivers; not actual project performance.
4,Skyline Towers,High-Rise Mixed-Use Development,Preliminary Planning — High,upside,revenue,SCH-REV-02,monthly_effective_revenue,monthly effective revenue — month 2,0,usd,estimated,"pasted_content_25.txt, Skyline Towers 10-Point Financial OS Design Package, user-supplied 2026-08-21",,jchappell2120,2,2,predevelopment,yes,Inferred preliminary planning scenario. Replace line-by-line with source-backed evidence when available. | Calculated monthly planning series from scenario drivers; not actual project performance.
4,Skyline Towers,High-Rise Mixed-Use Development,Preliminary Planning — High,upside,operations,SCH-OPEX-02,monthly_operating_expense,monthly operating expense — month 2,0,usd,estimated,"pasted_content_25.txt, Skyline Towers 10-Point Financial OS Design Package, user-supplied 2026-08-21",,jchappell2120,2,2,predevelopment,yes,Inferred preliminary planning scenario. Replace line-by-line with source-backed evidence when available. | Calculated monthly planning series from scenario drivers; not actual project performance.
4,Skyline Towers,High-Rise Mixed-Use Development,Preliminary Planning — High,upside,financing,SCH-DRAW-02,monthly_debt_draw,monthly debt draw — month 2,1375000,usd,estimated,"pasted_content_25.txt, Skyline Towers 10-Point Financial OS Design Package, user-supplied 2026-08-21",,jchappell2120,2,2,predevelopment,yes,Inferred preliminary planning scenario. Replace line-by-line with source-backed evidence when available. | Calculated monthly planning series from scenario drivers; not actual project performance.
4,Skyline Towers,High-Rise Mixed-Use Development,Preliminary Planning — High,upside,financing,SCH-INT-02,monthly_interest,monthly interest — month 2,16042,usd,estimated,"pasted_content_25.txt, Skyline Towers 10-Point Financial OS Design Package, user-supplied 2026-08-21",,jchappell2120,2,2,predevelopment,yes,Inferred preliminary planning scenario. Replace line-by-line with source-backed evidence when available. | Calculated monthly planning series from scenario drivers; not actual project performance.
4,Skyline Towers,High-Rise Mixed-Use Development,Preliminary Planning — High,upside,cash_flow,SCH-CF-02,monthly_levered_cash_flow,monthly levered cash flow — month 2,-2203542,usd,estimated,"pasted_content_25.txt, Skyline Towers 10-Point Financial OS Design Package, user-supplied 2026-08-21",,jchappell2120,2,2,predevelopment,yes,Inferred preliminary planning scenario. Replace line-by-line with source-backed evidence when available. | Calculated monthly planning series from scenario drivers; not actual project performance.
4,Skyline Towers,High-Rise Mixed-Use Development,Preliminary Planning — High,upside,capital_deployment,SCH-COST-03,monthly_development_spend,monthly development spend — month 3,2187500,usd,estimated,"pasted_content_25.txt, Skyline Towers 10-Point Financial OS Design Package, user-supplied 2026-08-21",,jchappell2120,3,3,predevelopment,yes,Inferred preliminary planning scenario. Replace line-by-line with source-backed evidence when available. | Calculated monthly planning series from scenario drivers; not actual project performance.
4,Skyline Towers,High-Rise Mixed-Use Development,Preliminary Planning — High,upside,schedule,SCH-CUM-03,cumulative_deployment_bps,cumulative deployment bps — month 3,375,percentage_bps,estimated,"pasted_content_25.txt, Skyline Towers 10-Point Financial OS Design Package, user-supplied 2026-08-21",,jchappell2120,3,3,predevelopment,yes,Inferred preliminary planning scenario. Replace line-by-line with source-backed evidence when available. | Calculated monthly planning series from scenario drivers; not actual project performance.
4,Skyline Towers,High-Rise Mixed-Use Development,Preliminary Planning — High,upside,schedule,SCH-OCC-03,occupancy_bps,occupancy bps — month 3,0,percentage_bps,estimated,"pasted_content_25.txt, Skyline Towers 10-Point Financial OS Design Package, user-supplied 2026-08-21",,jchappell2120,3,3,predevelopment,yes,Inferred preliminary planning scenario. Replace line-by-line with source-backed evidence when available. | Calculated monthly planning series from scenario drivers; not actual project performance.
4,Skyline Towers,High-Rise Mixed-Use Development,Preliminary Planning — High,upside,revenue,SCH-REV-03,monthly_effective_revenue,monthly effective revenue — month 3,0,usd,estimated,"pasted_content_25.txt, Skyline Towers 10-Point Financial OS Design Package, user-supplied 2026-08-21",,jchappell2120,3,3,predevelopment,yes,Inferred preliminary planning scenario. Replace line-by-line with source-backed evidence when available. | Calculated monthly planning series from scenario drivers; not actual project performance.
4,Skyline Towers,High-Rise Mixed-Use Development,Preliminary Planning — High,upside,operations,SCH-OPEX-03,monthly_operating_expense,monthly operating expense — month 3,0,usd,estimated,"pasted_content_25.txt, Skyline Towers 10-Point Financial OS Design Package, user-supplied 2026-08-21",,jchappell2120,3,3,predevelopment,yes,Inferred preliminary planning scenario. Replace line-by-line with source-backed evidence when available. | Calculated monthly planning series from scenario drivers; not actual project performance.
4,Skyline Towers,High-Rise Mixed-Use Development,Preliminary Planning — High,upside,financing,SCH-DRAW-03,monthly_debt_draw,monthly debt draw — month 3,1375000,usd,estimated,"pasted_content_25.txt, Skyline Towers 10-Point Financial OS Design Package, user-supplied 2026-08-21",,jchappell2120,3,3,predevelopment,yes,Inferred preliminary planning scenario. Replace line-by-line with source-backed evidence when available. | Calculated monthly planning series from scenario drivers; not actual project performance.
4,Skyline Towers,High-Rise Mixed-Use Development,Preliminary Planning — High,upside,financing,SCH-INT-03,monthly_interest,monthly interest — month 3,24063,usd,estimated,"pasted_content_25.txt, Skyline Towers 10-Point Financial OS Design Package, user-supplied 2026-08-21",,jchappell2120,3,3,predevelopment,yes,Inferred preliminary planning scenario. Replace line-by-line with source-backed evidence when available. | Calculated monthly planning series from scenario drivers; not actual project performance.
4,Skyline Towers,High-Rise Mixed-Use Development,Preliminary Planning — High,upside,cash_flow,SCH-CF-03,monthly_levered_cash_flow,monthly levered cash flow — month 3,-2211563,usd,estimated,"pasted_content_25.txt, Skyline Towers 10-Point Financial OS Design Package, user-supplied 2026-08-21",,jchappell2120,3,3,predevelopment,yes,Inferred preliminary planning scenario. Replace line-by-line with source-backed evidence when available. | Calculated monthly planning series from scenario drivers; not actual project performance.
4,Skyline Towers,High-Rise Mixed-Use Development,Preliminary Planning — High,upside,capital_deployment,SCH-COST-04,monthly_development_spend,monthly development spend — month 4,2187500,usd,estimated,"pasted_content_25.txt, Skyline Towers 10-Point Financial OS Design Package, user-supplied 2026-08-21",,jchappell2120,4,4,predevelopment,yes,Inferred preliminary planning scenario. Replace line-by-line with source-backed evidence when available. | Calculated monthly planning series from scenario drivers; not actual project performance.
4,Skyline Towers,High-Rise Mixed-Use Development,Preliminary Planning — High,upside,schedule,SCH-CUM-04,cumulative_deployment_bps,cumulative deployment bps — month 4,500,percentage_bps,estimated,"pasted_content_25.txt, Skyline Towers 10-Point Financial OS Design Package, user-supplied 2026-08-21",,jchappell2120,4,4,predevelopment,yes,Inferred preliminary planning scenario. Replace line-by-line with source-backed evidence when available. | Calculated monthly planning series from scenario drivers; not actual project performance.
4,Skyline Towers,High-Rise Mixed-Use Development,Preliminary Planning — High,upside,schedule,SCH-OCC-04,occupancy_bps,occupancy bps — month 4,0,percentage_bps,estimated,"pasted_content_25.txt, Skyline Towers 10-Point Financial OS Design Package, user-supplied 2026-08-21",,jchappell2120,4,4,predevelopment,yes,Inferred preliminary planning scenario. Replace line-by-line with source-backed evidence when available. | Calculated monthly planning series from scenario drivers; not actual project performance.
4,Skyline Towers,High-Rise Mixed-Use Development,Preliminary Planning — High,upside,revenue,SCH-REV-04,monthly_effective_revenue,monthly effective revenue — month 4,0,usd,estimated,"pasted_content_25.txt, Skyline Towers 10-Point Financial OS Design Package, user-supplied 2026-08-21",,jchappell2120,4,4,predevelopment,yes,Inferred preliminary planning scenario. Replace line-by-line with source-backed evidence when available. | Calculated monthly planning series from scenario drivers; not actual project performance.
4,Skyline Towers,High-Rise Mixed-Use Development,Preliminary Planning — High,upside,operations,SCH-OPEX-04,monthly_operating_expense,monthly operating expense — month 4,0,usd,estimated,"pasted_content_25.txt, Skyline Towers 10-Point Financial OS Design Package, user-supplied 2026-08-21",,jchappell2120,4,4,predevelopment,yes,Inferred preliminary planning scenario. Replace line-by-line with source-backed evidence when available. | Calculated monthly planning series from scenario drivers; not actual project performance.
4,Skyline Towers,High-Rise Mixed-Use Development,Preliminary Planning — High,upside,financing,SCH-DRAW-04,monthly_debt_draw,monthly debt draw — month 4,1375000,usd,estimated,"pasted_content_25.txt, Skyline Towers 10-Point Financial OS Design Package, user-supplied 2026-08-21",,jchappell2120,4,4,predevelopment,yes,Inferred preliminary planning scenario. Replace line-by-line with source-backed evidence when available. | Calculated monthly planning series from scenario drivers; not actual project performance.
4,Skyline Towers,High-Rise Mixed-Use Development,Preliminary Planning — High,upside,financing,SCH-INT-04,monthly_interest,monthly interest — month 4,32083,usd,estimated,"pasted_content_25.txt, Skyline Towers 10-Point Financial OS Design Package, user-supplied 2026-08-21",,jchappell2120,4,4,predevelopment,yes,Inferred preliminary planning scenario. Replace line-by-line with source-backed evidence when available. | Calculated monthly planning series from scenario drivers; not actual project performance.
4,Skyline Towers,High-Rise Mixed-Use Development,Preliminary Planning — High,upside,cash_flow,SCH-CF-04,monthly_levered_cash_flow,monthly levered cash flow — month 4,-2219583,usd,estimated,"pasted_content_25.txt, Skyline Towers 10-Point Financial OS Design Package, user-supplied 2026-08-21",,jchappell2120,4,4,predevelopment,yes,Inferred preliminary planning scenario. Replace line-by-line with source-backed evidence when available. | Calculated monthly planning series from scenario drivers; not actual project performance.
4,Skyline Towers,High-Rise Mixed-Use Development,Preliminary Planning — High,upside,capital_deployment,SCH-COST-05,monthly_development_spend,monthly development spend — month 5,4375000,usd,estimated,"pasted_content_25.txt, Skyline Towers 10-Point Financial OS Design Package, user-supplied 2026-08-21",,jchappell2120,5,5,construction,yes,Inferred preliminary planning scenario. Replace line-by-line with source-backed evidence when available. | Calculated monthly planning series from scenario drivers; not actual project performance.
4,Skyline Towers,High-Rise Mixed-Use Development,Preliminary Planning — High,upside,schedule,SCH-CUM-05,cumulative_deployment_bps,cumulative deployment bps — month 5,750,percentage_bps,estimated,"pasted_content_25.txt, Skyline Towers 10-Point Financial OS Design Package, user-supplied 2026-08-21",,jchappell2120,5,5,construction,yes,Inferred preliminary planning scenario. Replace line-by-line with source-backed evidence when available. | Calculated monthly planning series from scenario drivers; not actual project performance.
4,Skyline Towers,High-Rise Mixed-Use Development,Preliminary Planning — High,upside,schedule,SCH-OCC-05,occupancy_bps,occupancy bps — month 5,0,percentage_bps,estimated,"pasted_content_25.txt, Skyline Towers 10-Point Financial OS Design Package, user-supplied 2026-08-21",,jchappell2120,5,5,construction,yes,Inferred preliminary planning scenario. Replace line-by-line with source-backed evidence when available. | Calculated monthly planning series from scenario drivers; not actual project performance.
4,Skyline Towers,High-Rise Mixed-Use Development,Preliminary Planning — High,upside,revenue,SCH-REV-05,monthly_effective_revenue,monthly effective revenue — month 5,0,usd,estimated,"pasted_content_25.txt, Skyline Towers 10-Point Financial OS Design Package, user-supplied 2026-08-21",,jchappell2120,5,5,construction,yes,Inferred preliminary planning scenario. Replace line-by-line with source-backed evidence when available. | Calculated monthly planning series from scenario drivers; not actual project performance.
4,Skyline Towers,High-Rise Mixed-Use Development,Preliminary Planning — High,upside,operations,SCH-OPEX-05,monthly_operating_expense,monthly operating expense — month 5,0,usd,estimated,"pasted_content_25.txt, Skyline Towers 10-Point Financial OS Design Package, user-supplied 2026-08-21",,jchappell2120,5,5,construction,yes,Inferred preliminary planning scenario. Replace line-by-line with source-backed evidence when available. | Calculated monthly planning series from scenario drivers; not actual project performance.
4,Skyline Towers,High-Rise Mixed-Use Development,Preliminary Planning — High,upside,financing,SCH-DRAW-05,monthly_debt_draw,monthly debt draw — month 5,2750000,usd,estimated,"pasted_content_25.txt, Skyline Towers 10-Point Financial OS Design Package, user-supplied 2026-08-21",,jchappell2120,5,5,construction,yes,Inferred preliminary planning scenario. Replace line-by-line with source-backed evidence when available. | Calculated monthly planning series from scenario drivers; not actual project performance.
4,Skyline Towers,High-Rise Mixed-Use Development,Preliminary Planning — High,upside,financing,SCH-INT-05,monthly_interest,monthly interest — month 5,48125,usd,estimated,"pasted_content_25.txt, Skyline Towers 10-Point Financial OS Design Package, user-supplied 2026-08-21",,jchappell2120,5,5,construction,yes,Inferred preliminary planning scenario. Replace line-by-line with source-backed evidence when available. | Calculated monthly planning series from scenario drivers; not actual project performance.
4,Skyline Towers,High-Rise Mixed-Use Development,Preliminary Planning — High,upside,cash_flow,SCH-CF-05,monthly_levered_cash_flow,monthly levered cash flow — month 5,-4423125,usd,estimated,"pasted_content_25.txt, Skyline Towers 10-Point Financial OS Design Package, user-supplied 2026-08-21",,jchappell2120,5,5,construction,yes,Inferred preliminary planning scenario. Replace line-by-line with source-backed evidence when available. | Calculated monthly planning series from scenario drivers; not actual project performance.
4,Skyline Towers,High-Rise Mixed-Use Development,Preliminary Planning — High,upside,capital_deployment,SCH-COST-06,monthly_development_spend,monthly development spend — month 6,4375000,usd,estimated,"pasted_content_25.txt, Skyline Towers 10-Point Financial OS Design Package, user-supplied 2026-08-21",,jchappell2120,6,6,construction,yes,Inferred preliminary planning scenario. Replace line-by-line with source-backed evidence when available. | Calculated monthly planning series from scenario drivers; not actual project performance.
4,Skyline Towers,High-Rise Mixed-Use Development,Preliminary Planning — High,upside,schedule,SCH-CUM-06,cumulative_deployment_bps,cumulative deployment bps — month 6,1000,percentage_bps,estimated,"pasted_content_25.txt, Skyline Towers 10-Point Financial OS Design Package, user-supplied 2026-08-21",,jchappell2120,6,6,construction,yes,Inferred preliminary planning scenario. Replace line-by-line with source-backed evidence when available. | Calculated monthly planning series from scenario drivers; not actual project performance.
4,Skyline Towers,High-Rise Mixed-Use Development,Preliminary Planning — High,upside,schedule,SCH-OCC-06,occupancy_bps,occupancy bps — month 6,0,percentage_bps,estimated,"pasted_content_25.txt, Skyline Towers 10-Point Financial OS Design Package, user-supplied 2026-08-21",,jchappell2120,6,6,construction,yes,Inferred preliminary planning scenario. Replace line-by-line with source-backed evidence when available. | Calculated monthly planning series from scenario drivers; not actual project performance.
4,Skyline Towers,High-Rise Mixed-Use Development,Preliminary Planning — High,upside,revenue,SCH-REV-06,monthly_effective_revenue,monthly effective revenue — month 6,0,usd,estimated,"pasted_content_25.txt, Skyline Towers 10-Point Financial OS Design Package, user-supplied 2026-08-21",,jchappell2120,6,6,construction,yes,Inferred preliminary planning scenario. Replace line-by-line with source-backed evidence when available. | Calculated monthly planning series from scenario drivers; not actual project performance.
4,Skyline Towers,High-Rise Mixed-Use Development,Preliminary Planning — High,upside,operations,SCH-OPEX-06,monthly_operating_expense,monthly operating expense — month 6,0,usd,estimated,"pasted_content_25.txt, Skyline Towers 10-Point Financial OS Design Package, user-supplied 2026-08-21",,jchappell2120,6,6,construction,yes,Inferred preliminary planning scenario. Replace line-by-line with source-backed evidence when available. | Calculated monthly planning series from scenario drivers; not actual project performance.
4,Skyline Towers,High-Rise Mixed-Use Development,Preliminary Planning — High,upside,financing,SCH-DRAW-06,monthly_debt_draw,monthly debt draw — month 6,2750000,usd,estimated,"pasted_content_25.txt, Skyline Towers 10-Point Financial OS Design Package, user-supplied 2026-08-21",,jchappell2120,6,6,construction,yes,Inferred preliminary planning scenario. Replace line-by-line with source-backed evidence when available. | Calculated monthly planning series from scenario drivers; not actual project performance.
4,Skyline Towers,High-Rise Mixed-Use Development,Preliminary Planning — High,upside,financing,SCH-INT-06,monthly_interest,monthly interest — month 6,64167,usd,estimated,"pasted_content_25.txt, Skyline Towers 10-Point Financial OS Design Package, user-supplied 2026-08-21",,jchappell2120,6,6,construction,yes,Inferred preliminary planning scenario. Replace line-by-line with source-backed evidence when available. | Calculated monthly planning series from scenario drivers; not actual project performance.
4,Skyline Towers,High-Rise Mixed-Use Development,Preliminary Planning — High,upside,cash_flow,SCH-CF-06,monthly_levered_cash_flow,monthly levered cash flow — month 6,-4439167,usd,estimated,"pasted_content_25.txt, Skyline Towers 10-Point Financial OS Design Package, user-supplied 2026-08-21",,jchappell2120,6,6,construction,yes,Inferred preliminary planning scenario. Replace line-by-line with source-backed evidence when available. | Calculated monthly planning series from scenario drivers; not actual project performance.
4,Skyline Towers,High-Rise Mixed-Use Development,Preliminary Planning — High,upside,capital_deployment,SCH-COST-07,monthly_development_spend,monthly development spend — month 7,4375000,usd,estimated,"pasted_content_25.txt, Skyline Towers 10-Point Financial OS Design Package, user-supplied 2026-08-21",,jchappell2120,7,7,construction,yes,Inferred preliminary planning scenario. Replace line-by-line with source-backed evidence when available. | Calculated monthly planning series from scenario drivers; not actual project performance.
4,Skyline Towers,High-Rise Mixed-Use Development,Preliminary Planning — High,upside,schedule,SCH-CUM-07,cumulative_deployment_bps,cumulative deployment bps — month 7,1250,percentage_bps,estimated,"pasted_content_25.txt, Skyline Towers 10-Point Financial OS Design Package, user-supplied 2026-08-21",,jchappell2120,7,7,construction,yes,Inferred preliminary planning scenario. Replace line-by-line with source-backed evidence when available. | Calculated monthly planning series from scenario drivers; not actual project performance.
4,Skyline Towers,High-Rise Mixed-Use Development,Preliminary Planning — High,upside,schedule,SCH-OCC-07,occupancy_bps,occupancy bps — month 7,0,percentage_bps,estimated,"pasted_content_25.txt, Skyline Towers 10-Point Financial OS Design Package, user-supplied 2026-08-21",,jchappell2120,7,7,construction,yes,Inferred preliminary planning scenario. Replace line-by-line with source-backed evidence when available. | Calculated monthly planning series from scenario drivers; not actual project performance.
4,Skyline Towers,High-Rise Mixed-Use Development,Preliminary Planning — High,upside,revenue,SCH-REV-07,monthly_effective_revenue,monthly effective revenue — month 7,0,usd,estimated,"pasted_content_25.txt, Skyline Towers 10-Point Financial OS Design Package, user-supplied 2026-08-21",,jchappell2120,7,7,construction,yes,Inferred preliminary planning scenario. Replace line-by-line with source-backed evidence when available. | Calculated monthly planning series from scenario drivers; not actual project performance.
4,Skyline Towers,High-Rise Mixed-Use Development,Preliminary Planning — High,upside,operations,SCH-OPEX-07,monthly_operating_expense,monthly operating expense — month 7,0,usd,estimated,"pasted_content_25.txt, Skyline Towers 10-Point Financial OS Design Package, user-supplied 2026-08-21",,jchappell2120,7,7,construction,yes,Inferred preliminary planning scenario. Replace line-by-line with source-backed evidence when available. | Calculated monthly planning series from scenario drivers; not actual project performance.
4,Skyline Towers,High-Rise Mixed-Use Development,Preliminary Planning — High,upside,financing,SCH-DRAW-07,monthly_debt_draw,monthly debt draw — month 7,2750000,usd,estimated,"pasted_content_25.txt, Skyline Towers 10-Point Financial OS Design Package, user-supplied 2026-08-21",,jchappell2120,7,7,construction,yes,Inferred preliminary planning scenario. Replace line-by-line with source-backed evidence when available. | Calculated monthly planning series from scenario drivers; not actual project performance.
4,Skyline Towers,High-Rise Mixed-Use Development,Preliminary Planning — High,upside,financing,SCH-INT-07,monthly_interest,monthly interest — month 7,80208,usd,estimated,"pasted_content_25.txt, Skyline Towers 10-Point Financial OS Design Package, user-supplied 2026-08-21",,jchappell2120,7,7,construction,yes,Inferred preliminary planning scenario. Replace line-by-line with source-backed evidence when available. | Calculated monthly planning series from scenario drivers; not actual project performance.
4,Skyline Towers,High-Rise Mixed-Use Development,Preliminary Planning — High,upside,cash_flow,SCH-CF-07,monthly_levered_cash_flow,monthly levered cash flow — month 7,-4455208,usd,estimated,"pasted_content_25.txt, Skyline Towers 10-Point Financial OS Design Package, user-supplied 2026-08-21",,jchappell2120,7,7,construction,yes,Inferred preliminary planning scenario. Replace line-by-line with source-backed evidence when available. | Calculated monthly planning series from scenario drivers; not actual project performance.
4,Skyline Towers,High-Rise Mixed-Use Development,Preliminary Planning — High,upside,capital_deployment,SCH-COST-08,monthly_development_spend,monthly development spend — month 8,4375000,usd,estimated,"pasted_content_25.txt, Skyline Towers 10-Point Financial OS Design Package, user-supplied 2026-08-21",,jchappell2120,8,8,construction,yes,Inferred preliminary planning scenario. Replace line-by-line with source-backed evidence when available. | Calculated monthly planning series from scenario drivers; not actual project performance.
4,Skyline Towers,High-Rise Mixed-Use Development,Preliminary Planning — High,upside,schedule,SCH-CUM-08,cumulative_deployment_bps,cumulative deployment bps — month 8,1500,percentage_bps,estimated,"pasted_content_25.txt, Skyline Towers 10-Point Financial OS Design Package, user-supplied 2026-08-21",,jchappell2120,8,8,construction,yes,Inferred preliminary planning scenario. Replace line-by-line with source-backed evidence when available. | Calculated monthly planning series from scenario drivers; not actual project performance.
4,Skyline Towers,High-Rise Mixed-Use Development,Preliminary Planning — High,upside,schedule,SCH-OCC-08,occupancy_bps,occupancy bps — month 8,0,percentage_bps,estimated,"pasted_content_25.txt, Skyline Towers 10-Point Financial OS Design Package, user-supplied 2026-08-21",,jchappell2120,8,8,construction,yes,Inferred preliminary planning scenario. Replace line-by-line with source-backed evidence when available. | Calculated monthly planning series from scenario drivers; not actual project performance.
4,Skyline Towers,High-Rise Mixed-Use Development,Preliminary Planning — High,upside,revenue,SCH-REV-08,monthly_effective_revenue,monthly effective revenue — month 8,0,usd,estimated,"pasted_content_25.txt, Skyline Towers 10-Point Financial OS Design Package, user-supplied 2026-08-21",,jchappell2120,8,8,construction,yes,Inferred preliminary planning scenario. Replace line-by-line with source-backed evidence when available. | Calculated monthly planning series from scenario drivers; not actual project performance.
4,Skyline Towers,High-Rise Mixed-Use Development,Preliminary Planning — High,upside,operations,SCH-OPEX-08,monthly_operating_expense,monthly operating expense — month 8,0,usd,estimated,"pasted_content_25.txt, Skyline Towers 10-Point Financial OS Design Package, user-supplied 2026-08-21",,jchappell2120,8,8,construction,yes,Inferred preliminary planning scenario. Replace line-by-line with source-backed evidence when available. | Calculated monthly planning series from scenario drivers; not actual project performance.
4,Skyline Towers,High-Rise Mixed-Use Development,Preliminary Planning — High,upside,financing,SCH-DRAW-08,monthly_debt_draw,monthly debt draw — month 8,2750000,usd,estimated,"pasted_content_25.txt, Skyline Towers 10-Point Financial OS Design Package, user-supplied 2026-08-21",,jchappell2120,8,8,construction,yes,Inferred preliminary planning scenario. Replace line-by-line with source-backed evidence when available. | Calculated monthly planning series from scenario drivers; not actual project performance.
4,Skyline Towers,High-Rise Mixed-Use Development,Preliminary Planning — High,upside,financing,SCH-INT-08,monthly_interest,monthly interest — month 8,96250,usd,estimated,"pasted_content_25.txt, Skyline Towers 10-Point Financial OS Design Package, user-supplied 2026-08-21",,jchappell2120,8,8,construction,yes,Inferred preliminary planning scenario. Replace line-by-line with source-backed evidence when available. | Calculated monthly planning series from scenario drivers; not actual project performance.
4,Skyline Towers,High-Rise Mixed-Use Development,Preliminary Planning — High,upside,cash_flow,SCH-CF-08,monthly_levered_cash_flow,monthly levered cash flow — month 8,-4471250,usd,estimated,"pasted_content_25.txt, Skyline Towers 10-Point Financial OS Design Package, user-supplied 2026-08-21",,jchappell2120,8,8,construction,yes,Inferred preliminary planning scenario. Replace line-by-line with source-backed evidence when available. | Calculated monthly planning series from scenario drivers; not actual project performance.
4,Skyline Towers,High-Rise Mixed-Use Development,Preliminary Planning — High,upside,capital_deployment,SCH-COST-09,monthly_development_spend,monthly development spend — month 9,7437500,usd,estimated,"pasted_content_25.txt, Skyline Towers 10-Point Financial OS Design Package, user-supplied 2026-08-21",,jchappell2120,9,9,construction,yes,Inferred preliminary planning scenario. Replace line-by-line with source-backed evidence when available. | Calculated monthly planning series from scenario drivers; not actual project performance.
4,Skyline Towers,High-Rise Mixed-Use Development,Preliminary Planning — High,upside,schedule,SCH-CUM-09,cumulative_deployment_bps,cumulative deployment bps — month 9,1925,percentage_bps,estimated,"pasted_content_25.txt, Skyline Towers 10-Point Financial OS Design Package, user-supplied 2026-08-21",,jchappell2120,9,9,construction,yes,Inferred preliminary planning scenario. Replace line-by-line with source-backed evidence when available. | Calculated monthly planning series from scenario drivers; not actual project performance.
4,Skyline Towers,High-Rise Mixed-Use Development,Preliminary Planning — High,upside,schedule,SCH-OCC-09,occupancy_bps,occupancy bps — month 9,0,percentage_bps,estimated,"pasted_content_25.txt, Skyline Towers 10-Point Financial OS Design Package, user-supplied 2026-08-21",,jchappell2120,9,9,construction,yes,Inferred preliminary planning scenario. Replace line-by-line with source-backed evidence when available. | Calculated monthly planning series from scenario drivers; not actual project performance.
4,Skyline Towers,High-Rise Mixed-Use Development,Preliminary Planning — High,upside,revenue,SCH-REV-09,monthly_effective_revenue,monthly effective revenue — month 9,0,usd,estimated,"pasted_content_25.txt, Skyline Towers 10-Point Financial OS Design Package, user-supplied 2026-08-21",,jchappell2120,9,9,construction,yes,Inferred preliminary planning scenario. Replace line-by-line with source-backed evidence when available. | Calculated monthly planning series from scenario drivers; not actual project performance.
4,Skyline Towers,High-Rise Mixed-Use Development,Preliminary Planning — High,upside,operations,SCH-OPEX-09,monthly_operating_expense,monthly operating expense — month 9,0,usd,estimated,"pasted_content_25.txt, Skyline Towers 10-Point Financial OS Design Package, user-supplied 2026-08-21",,jchappell2120,9,9,construction,yes,Inferred preliminary planning scenario. Replace line-by-line with source-backed evidence when available. | Calculated monthly planning series from scenario drivers; not actual project performance.
4,Skyline Towers,High-Rise Mixed-Use Development,Preliminary Planning — High,upside,financing,SCH-DRAW-09,monthly_debt_draw,monthly debt draw — month 9,4675000,usd,estimated,"pasted_content_25.txt, Skyline Towers 10-Point Financial OS Design Package, user-supplied 2026-08-21",,jchappell2120,9,9,construction,yes,Inferred preliminary planning scenario. Replace line-by-line with source-backed evidence when available. | Calculated monthly planning series from scenario drivers; not actual project performance.
4,Skyline Towers,High-Rise Mixed-Use Development,Preliminary Planning — High,upside,financing,SCH-INT-09,monthly_interest,monthly interest — month 9,123521,usd,estimated,"pasted_content_25.txt, Skyline Towers 10-Point Financial OS Design Package, user-supplied 2026-08-21",,jchappell2120,9,9,construction,yes,Inferred preliminary planning scenario. Replace line-by-line with source-backed evidence when available. | Calculated monthly planning series from scenario drivers; not actual project performance.
4,Skyline Towers,High-Rise Mixed-Use Development,Preliminary Planning — High,upside,cash_flow,SCH-CF-09,monthly_levered_cash_flow,monthly levered cash flow — month 9,-7561021,usd,estimated,"pasted_content_25.txt, Skyline Towers 10-Point Financial OS Design Package, user-supplied 2026-08-21",,jchappell2120,9,9,construction,yes,Inferred preliminary planning scenario. Replace line-by-line with source-backed evidence when available. | Calculated monthly planning series from scenario drivers; not actual project performance.
4,Skyline Towers,High-Rise Mixed-Use Development,Preliminary Planning — High,upside,capital_deployment,SCH-COST-10,monthly_development_spend,monthly development spend — month 10,7437500,usd,estimated,"pasted_content_25.txt, Skyline Towers 10-Point Financial OS Design Package, user-supplied 2026-08-21",,jchappell2120,10,10,construction,yes,Inferred preliminary planning scenario. Replace line-by-line with source-backed evidence when available. | Calculated monthly planning series from scenario drivers; not actual project performance.
4,Skyline Towers,High-Rise Mixed-Use Development,Preliminary Planning — High,upside,schedule,SCH-CUM-10,cumulative_deployment_bps,cumulative deployment bps — month 10,2350,percentage_bps,estimated,"pasted_content_25.txt, Skyline Towers 10-Point Financial OS Design Package, user-supplied 2026-08-21",,jchappell2120,10,10,construction,yes,Inferred preliminary planning scenario. Replace line-by-line with source-backed evidence when available. | Calculated monthly planning series from scenario drivers; not actual project performance.
4,Skyline Towers,High-Rise Mixed-Use Development,Preliminary Planning — High,upside,schedule,SCH-OCC-10,occupancy_bps,occupancy bps — month 10,0,percentage_bps,estimated,"pasted_content_25.txt, Skyline Towers 10-Point Financial OS Design Package, user-supplied 2026-08-21",,jchappell2120,10,10,construction,yes,Inferred preliminary planning scenario. Replace line-by-line with source-backed evidence when available. | Calculated monthly planning series from scenario drivers; not actual project performance.
4,Skyline Towers,High-Rise Mixed-Use Development,Preliminary Planning — High,upside,revenue,SCH-REV-10,monthly_effective_revenue,monthly effective revenue — month 10,0,usd,estimated,"pasted_content_25.txt, Skyline Towers 10-Point Financial OS Design Package, user-supplied 2026-08-21",,jchappell2120,10,10,construction,yes,Inferred preliminary planning scenario. Replace line-by-line with source-backed evidence when available. | Calculated monthly planning series from scenario drivers; not actual project performance.
4,Skyline Towers,High-Rise Mixed-Use Development,Preliminary Planning — High,upside,operations,SCH-OPEX-10,monthly_operating_expense,monthly operating expense — month 10,0,usd,estimated,"pasted_content_25.txt, Skyline Towers 10-Point Financial OS Design Package, user-supplied 2026-08-21",,jchappell2120,10,10,construction,yes,Inferred preliminary planning scenario. Replace line-by-line with source-backed evidence when available. | Calculated monthly planning series from scenario drivers; not actual project performance.
4,Skyline Towers,High-Rise Mixed-Use Development,Preliminary Planning — High,upside,financing,SCH-DRAW-10,monthly_debt_draw,monthly debt draw — month 10,4675000,usd,estimated,"pasted_content_25.txt, Skyline Towers 10-Point Financial OS Design Package, user-supplied 2026-08-21",,jchappell2120,10,10,construction,yes,Inferred preliminary planning scenario. Replace line-by-line with source-backed evidence when available. | Calculated monthly planning series from scenario drivers; not actual project performance.
4,Skyline Towers,High-Rise Mixed-Use Development,Preliminary Planning — High,upside,financing,SCH-INT-10,monthly_interest,monthly interest — month 10,150792,usd,estimated,"pasted_content_25.txt, Skyline Towers 10-Point Financial OS Design Package, user-supplied 2026-08-21",,jchappell2120,10,10,construction,yes,Inferred preliminary planning scenario. Replace line-by-line with source-backed evidence when available. | Calculated monthly planning series from scenario drivers; not actual project performance.
4,Skyline Towers,High-Rise Mixed-Use Development,Preliminary Planning — High,upside,cash_flow,SCH-CF-10,monthly_levered_cash_flow,monthly levered cash flow — month 10,-7588292,usd,estimated,"pasted_content_25.txt, Skyline Towers 10-Point Financial OS Design Package, user-supplied 2026-08-21",,jchappell2120,10,10,construction,yes,Inferred preliminary planning scenario. Replace line-by-line with source-backed evidence when available. | Calculated monthly planning series from scenario drivers; not actual project performance.
4,Skyline Towers,High-Rise Mixed-Use Development,Preliminary Planning — High,upside,capital_deployment,SCH-COST-11,monthly_development_spend,monthly development spend — month 11,7437500,usd,estimated,"pasted_content_25.txt, Skyline Towers 10-Point Financial OS Design Package, user-supplied 2026-08-21",,jchappell2120,11,11,construction,yes,Inferred preliminary planning scenario. Replace line-by-line with source-backed evidence when available. | Calculated monthly planning series from scenario drivers; not actual project performance.
4,Skyline Towers,High-Rise Mixed-Use Development,Preliminary Planning — High,upside,schedule,SCH-CUM-11,cumulative_deployment_bps,cumulative deployment bps — month 11,2775,percentage_bps,estimated,"pasted_content_25.txt, Skyline Towers 10-Point Financial OS Design Package, user-supplied 2026-08-21",,jchappell2120,11,11,construction,yes,Inferred preliminary planning scenario. Replace line-by-line with source-backed evidence when available. | Calculated monthly planning series from scenario drivers; not actual project performance.
4,Skyline Towers,High-Rise Mixed-Use Development,Preliminary Planning — High,upside,schedule,SCH-OCC-11,occupancy_bps,occupancy bps — month 11,0,percentage_bps,estimated,"pasted_content_25.txt, Skyline Towers 10-Point Financial OS Design Package, user-supplied 2026-08-21",,jchappell2120,11,11,construction,yes,Inferred preliminary planning scenario. Replace line-by-line with source-backed evidence when available. | Calculated monthly planning series from scenario drivers; not actual project performance.
4,Skyline Towers,High-Rise Mixed-Use Development,Preliminary Planning — High,upside,revenue,SCH-REV-11,monthly_effective_revenue,monthly effective revenue — month 11,0,usd,estimated,"pasted_content_25.txt, Skyline Towers 10-Point Financial OS Design Package, user-supplied 2026-08-21",,jchappell2120,11,11,construction,yes,Inferred preliminary planning scenario. Replace line-by-line with source-backed evidence when available. | Calculated monthly planning series from scenario drivers; not actual project performance.
4,Skyline Towers,High-Rise Mixed-Use Development,Preliminary Planning — High,upside,operations,SCH-OPEX-11,monthly_operating_expense,monthly operating expense — month 11,0,usd,estimated,"pasted_content_25.txt, Skyline Towers 10-Point Financial OS Design Package, user-supplied 2026-08-21",,jchappell2120,11,11,construction,yes,Inferred preliminary planning scenario. Replace line-by-line with source-backed evidence when available. | Calculated monthly planning series from scenario drivers; not actual project performance.
4,Skyline Towers,High-Rise Mixed-Use Development,Preliminary Planning — High,upside,financing,SCH-DRAW-11,monthly_debt_draw,monthly debt draw — month 11,4675000,usd,estimated,"pasted_content_25.txt, Skyline Towers 10-Point Financial OS Design Package, user-supplied 2026-08-21",,jchappell2120,11,11,construction,yes,Inferred preliminary planning scenario. Replace line-by-line with source-backed evidence when available. | Calculated monthly planning series from scenario drivers; not actual project performance.
4,Skyline Towers,High-Rise Mixed-Use Development,Preliminary Planning — High,upside,financing,SCH-INT-11,monthly_interest,monthly interest — month 11,178063,usd,estimated,"pasted_content_25.txt, Skyline Towers 10-Point Financial OS Design Package, user-supplied 2026-08-21",,jchappell2120,11,11,construction,yes,Inferred preliminary planning scenario. Replace line-by-line with source-backed evidence when available. | Calculated monthly planning series from scenario drivers; not actual project performance.
4,Skyline Towers,High-Rise Mixed-Use Development,Preliminary Planning — High,upside,cash_flow,SCH-CF-11,monthly_levered_cash_flow,monthly levered cash flow — month 11,-7615563,usd,estimated,"pasted_content_25.txt, Skyline Towers 10-Point Financial OS Design Package, user-supplied 2026-08-21",,jchappell2120,11,11,construction,yes,Inferred preliminary planning scenario. Replace line-by-line with source-backed evidence when available. | Calculated monthly planning series from scenario drivers; not actual project performance.
4,Skyline Towers,High-Rise Mixed-Use Development,Preliminary Planning — High,upside,capital_deployment,SCH-COST-12,monthly_development_spend,monthly development spend — month 12,7437500,usd,estimated,"pasted_content_25.txt, Skyline Towers 10-Point Financial OS Design Package, user-supplied 2026-08-21",,jchappell2120,12,12,construction,yes,Inferred preliminary planning scenario. Replace line-by-line with source-backed evidence when available. | Calculated monthly planning series from scenario drivers; not actual project performance.
4,Skyline Towers,High-Rise Mixed-Use Development,Preliminary Planning — High,upside,schedule,SCH-CUM-12,cumulative_deployment_bps,cumulative deployment bps — month 12,3200,percentage_bps,estimated,"pasted_content_25.txt, Skyline Towers 10-Point Financial OS Design Package, user-supplied 2026-08-21",,jchappell2120,12,12,construction,yes,Inferred preliminary planning scenario. Replace line-by-line with source-backed evidence when available. | Calculated monthly planning series from scenario drivers; not actual project performance.
4,Skyline Towers,High-Rise Mixed-Use Development,Preliminary Planning — High,upside,schedule,SCH-OCC-12,occupancy_bps,occupancy bps — month 12,0,percentage_bps,estimated,"pasted_content_25.txt, Skyline Towers 10-Point Financial OS Design Package, user-supplied 2026-08-21",,jchappell2120,12,12,construction,yes,Inferred preliminary planning scenario. Replace line-by-line with source-backed evidence when available. | Calculated monthly planning series from scenario drivers; not actual project performance.
4,Skyline Towers,High-Rise Mixed-Use Development,Preliminary Planning — High,upside,revenue,SCH-REV-12,monthly_effective_revenue,monthly effective revenue — month 12,0,usd,estimated,"pasted_content_25.txt, Skyline Towers 10-Point Financial OS Design Package, user-supplied 2026-08-21",,jchappell2120,12,12,construction,yes,Inferred preliminary planning scenario. Replace line-by-line with source-backed evidence when available. | Calculated monthly planning series from scenario drivers; not actual project performance.
4,Skyline Towers,High-Rise Mixed-Use Development,Preliminary Planning — High,upside,operations,SCH-OPEX-12,monthly_operating_expense,monthly operating expense — month 12,0,usd,estimated,"pasted_content_25.txt, Skyline Towers 10-Point Financial OS Design Package, user-supplied 2026-08-21",,jchappell2120,12,12,construction,yes,Inferred preliminary planning scenario. Replace line-by-line with source-backed evidence when available. | Calculated monthly planning series from scenario drivers; not actual project performance.
4,Skyline Towers,High-Rise Mixed-Use Development,Preliminary Planning — High,upside,financing,SCH-DRAW-12,monthly_debt_draw,monthly debt draw — month 12,4675000,usd,estimated,"pasted_content_25.txt, Skyline Towers 10-Point Financial OS Design Package, user-supplied 2026-08-21",,jchappell2120,12,12,construction,yes,Inferred preliminary planning scenario. Replace line-by-line with source-backed evidence when available. | Calculated monthly planning series from scenario drivers; not actual project performance.
4,Skyline Towers,High-Rise Mixed-Use Development,Preliminary Planning — High,upside,financing,SCH-INT-12,monthly_interest,monthly interest — month 12,205333,usd,estimated,"pasted_content_25.txt, Skyline Towers 10-Point Financial OS Design Package, user-supplied 2026-08-21",,jchappell2120,12,12,construction,yes,Inferred preliminary planning scenario. Replace line-by-line with source-backed evidence when available. | Calculated monthly planning series from scenario drivers; not actual project performance.
4,Skyline Towers,High-Rise Mixed-Use Development,Preliminary Planning — High,upside,cash_flow,SCH-CF-12,monthly_levered_cash_flow,monthly levered cash flow — month 12,-7642833,usd,estimated,"pasted_content_25.txt, Skyline Towers 10-Point Financial OS Design Package, user-supplied 2026-08-21",,jchappell2120,12,12,construction,yes,Inferred preliminary planning scenario. Replace line-by-line with source-backed evidence when available. | Calculated monthly planning series from scenario drivers; not actual project performance.
4,Skyline Towers,High-Rise Mixed-Use Development,Preliminary Planning — High,upside,capital_deployment,SCH-COST-13,monthly_development_spend,monthly development spend — month 13,7875000,usd,estimated,"pasted_content_25.txt, Skyline Towers 10-Point Financial OS Design Package, user-supplied 2026-08-21",,jchappell2120,13,13,construction,yes,Inferred preliminary planning scenario. Replace line-by-line with source-backed evidence when available. | Calculated monthly planning series from scenario drivers; not actual project performance.
4,Skyline Towers,High-Rise Mixed-Use Development,Preliminary Planning — High,upside,schedule,SCH-CUM-13,cumulative_deployment_bps,cumulative deployment bps — month 13,3650,percentage_bps,estimated,"pasted_content_25.txt, Skyline Towers 10-Point Financial OS Design Package, user-supplied 2026-08-21",,jchappell2120,13,13,construction,yes,Inferred preliminary planning scenario. Replace line-by-line with source-backed evidence when available. | Calculated monthly planning series from scenario drivers; not actual project performance.
4,Skyline Towers,High-Rise Mixed-Use Development,Preliminary Planning — High,upside,schedule,SCH-OCC-13,occupancy_bps,occupancy bps — month 13,0,percentage_bps,estimated,"pasted_content_25.txt, Skyline Towers 10-Point Financial OS Design Package, user-supplied 2026-08-21",,jchappell2120,13,13,construction,yes,Inferred preliminary planning scenario. Replace line-by-line with source-backed evidence when available. | Calculated monthly planning series from scenario drivers; not actual project performance.
4,Skyline Towers,High-Rise Mixed-Use Development,Preliminary Planning — High,upside,revenue,SCH-REV-13,monthly_effective_revenue,monthly effective revenue — month 13,0,usd,estimated,"pasted_content_25.txt, Skyline Towers 10-Point Financial OS Design Package, user-supplied 2026-08-21",,jchappell2120,13,13,construction,yes,Inferred preliminary planning scenario. Replace line-by-line with source-backed evidence when available. | Calculated monthly planning series from scenario drivers; not actual project performance.
4,Skyline Towers,High-Rise Mixed-Use Development,Preliminary Planning — High,upside,operations,SCH-OPEX-13,monthly_operating_expense,monthly operating expense — month 13,0,usd,estimated,"pasted_content_25.txt, Skyline Towers 10-Point Financial OS Design Package, user-supplied 2026-08-21",,jchappell2120,13,13,construction,yes,Inferred preliminary planning scenario. Replace line-by-line with source-backed evidence when available. | Calculated monthly planning series from scenario drivers; not actual project performance.
4,Skyline Towers,High-Rise Mixed-Use Development,Preliminary Planning — High,upside,financing,SCH-DRAW-13,monthly_debt_draw,monthly debt draw — month 13,4950000,usd,estimated,"pasted_content_25.txt, Skyline Towers 10-Point Financial OS Design Package, user-supplied 2026-08-21",,jchappell2120,13,13,construction,yes,Inferred preliminary planning scenario. Replace line-by-line with source-backed evidence when available. | Calculated monthly planning series from scenario drivers; not actual project performance.
4,Skyline Towers,High-Rise Mixed-Use Development,Preliminary Planning — High,upside,financing,SCH-INT-13,monthly_interest,monthly interest — month 13,234208,usd,estimated,"pasted_content_25.txt, Skyline Towers 10-Point Financial OS Design Package, user-supplied 2026-08-21",,jchappell2120,13,13,construction,yes,Inferred preliminary planning scenario. Replace line-by-line with source-backed evidence when available. | Calculated monthly planning series from scenario drivers; not actual project performance.
4,Skyline Towers,High-Rise Mixed-Use Development,Preliminary Planning — High,upside,cash_flow,SCH-CF-13,monthly_levered_cash_flow,monthly levered cash flow — month 13,-8109208,usd,estimated,"pasted_content_25.txt, Skyline Towers 10-Point Financial OS Design Package, user-supplied 2026-08-21",,jchappell2120,13,13,construction,yes,Inferred preliminary planning scenario. Replace line-by-line with source-backed evidence when available. | Calculated monthly planning series from scenario drivers; not actual project performance.
4,Skyline Towers,High-Rise Mixed-Use Development,Preliminary Planning — High,upside,capital_deployment,SCH-COST-14,monthly_development_spend,monthly development spend — month 14,7875000,usd,estimated,"pasted_content_25.txt, Skyline Towers 10-Point Financial OS Design Package, user-supplied 2026-08-21",,jchappell2120,14,14,construction,yes,Inferred preliminary planning scenario. Replace line-by-line with source-backed evidence when available. | Calculated monthly planning series from scenario drivers; not actual project performance.
4,Skyline Towers,High-Rise Mixed-Use Development,Preliminary Planning — High,upside,schedule,SCH-CUM-14,cumulative_deployment_bps,cumulative deployment bps — month 14,4100,percentage_bps,estimated,"pasted_content_25.txt, Skyline Towers 10-Point Financial OS Design Package, user-supplied 2026-08-21",,jchappell2120,14,14,construction,yes,Inferred preliminary planning scenario. Replace line-by-line with source-backed evidence when available. | Calculated monthly planning series from scenario drivers; not actual project performance.
4,Skyline Towers,High-Rise Mixed-Use Development,Preliminary Planning — High,upside,schedule,SCH-OCC-14,occupancy_bps,occupancy bps — month 14,0,percentage_bps,estimated,"pasted_content_25.txt, Skyline Towers 10-Point Financial OS Design Package, user-supplied 2026-08-21",,jchappell2120,14,14,construction,yes,Inferred preliminary planning scenario. Replace line-by-line with source-backed evidence when available. | Calculated monthly planning series from scenario drivers; not actual project performance.
4,Skyline Towers,High-Rise Mixed-Use Development,Preliminary Planning — High,upside,revenue,SCH-REV-14,monthly_effective_revenue,monthly effective revenue — month 14,0,usd,estimated,"pasted_content_25.txt, Skyline Towers 10-Point Financial OS Design Package, user-supplied 2026-08-21",,jchappell2120,14,14,construction,yes,Inferred preliminary planning scenario. Replace line-by-line with source-backed evidence when available. | Calculated monthly planning series from scenario drivers; not actual project performance.
4,Skyline Towers,High-Rise Mixed-Use Development,Preliminary Planning — High,upside,operations,SCH-OPEX-14,monthly_operating_expense,monthly operating expense — month 14,0,usd,estimated,"pasted_content_25.txt, Skyline Towers 10-Point Financial OS Design Package, user-supplied 2026-08-21",,jchappell2120,14,14,construction,yes,Inferred preliminary planning scenario. Replace line-by-line with source-backed evidence when available. | Calculated monthly planning series from scenario drivers; not actual project performance.
4,Skyline Towers,High-Rise Mixed-Use Development,Preliminary Planning — High,upside,financing,SCH-DRAW-14,monthly_debt_draw,monthly debt draw — month 14,4950000,usd,estimated,"pasted_content_25.txt, Skyline Towers 10-Point Financial OS Design Package, user-supplied 2026-08-21",,jchappell2120,14,14,construction,yes,Inferred preliminary planning scenario. Replace line-by-line with source-backed evidence when available. | Calculated monthly planning series from scenario drivers; not actual project performance.
4,Skyline Towers,High-Rise Mixed-Use Development,Preliminary Planning — High,upside,financing,SCH-INT-14,monthly_interest,monthly interest — month 14,263083,usd,estimated,"pasted_content_25.txt, Skyline Towers 10-Point Financial OS Design Package, user-supplied 2026-08-21",,jchappell2120,14,14,construction,yes,Inferred preliminary planning scenario. Replace line-by-line with source-backed evidence when available. | Calculated monthly planning series from scenario drivers; not actual project performance.
4,Skyline Towers,High-Rise Mixed-Use Development,Preliminary Planning — High,upside,cash_flow,SCH-CF-14,monthly_levered_cash_flow,monthly levered cash flow — month 14,-8138083,usd,estimated,"pasted_content_25.txt, Skyline Towers 10-Point Financial OS Design Package, user-supplied 2026-08-21",,jchappell2120,14,14,construction,yes,Inferred preliminary planning scenario. Replace line-by-line with source-backed evidence when available. | Calculated monthly planning series from scenario drivers; not actual project performance.
4,Skyline Towers,High-Rise Mixed-Use Development,Preliminary Planning — High,upside,capital_deployment,SCH-COST-15,monthly_development_spend,monthly development spend — month 15,7875000,usd,estimated,"pasted_content_25.txt, Skyline Towers 10-Point Financial OS Design Package, user-supplied 2026-08-21",,jchappell2120,15,15,construction,yes,Inferred preliminary planning scenario. Replace line-by-line with source-backed evidence when available. | Calculated monthly planning series from scenario drivers; not actual project performance.
4,Skyline Towers,High-Rise Mixed-Use Development,Preliminary Planning — High,upside,schedule,SCH-CUM-15,cumulative_deployment_bps,cumulative deployment bps — month 15,4550,percentage_bps,estimated,"pasted_content_25.txt, Skyline Towers 10-Point Financial OS Design Package, user-supplied 2026-08-21",,jchappell2120,15,15,construction,yes,Inferred preliminary planning scenario. Replace line-by-line with source-backed evidence when available. | Calculated monthly planning series from scenario drivers; not actual project performance.
4,Skyline Towers,High-Rise Mixed-Use Development,Preliminary Planning — High,upside,schedule,SCH-OCC-15,occupancy_bps,occupancy bps — month 15,0,percentage_bps,estimated,"pasted_content_25.txt, Skyline Towers 10-Point Financial OS Design Package, user-supplied 2026-08-21",,jchappell2120,15,15,construction,yes,Inferred preliminary planning scenario. Replace line-by-line with source-backed evidence when available. | Calculated monthly planning series from scenario drivers; not actual project performance.
4,Skyline Towers,High-Rise Mixed-Use Development,Preliminary Planning — High,upside,revenue,SCH-REV-15,monthly_effective_revenue,monthly effective revenue — month 15,0,usd,estimated,"pasted_content_25.txt, Skyline Towers 10-Point Financial OS Design Package, user-supplied 2026-08-21",,jchappell2120,15,15,construction,yes,Inferred preliminary planning scenario. Replace line-by-line with source-backed evidence when available. | Calculated monthly planning series from scenario drivers; not actual project performance.
4,Skyline Towers,High-Rise Mixed-Use Development,Preliminary Planning — High,upside,operations,SCH-OPEX-15,monthly_operating_expense,monthly operating expense — month 15,0,usd,estimated,"pasted_content_25.txt, Skyline Towers 10-Point Financial OS Design Package, user-supplied 2026-08-21",,jchappell2120,15,15,construction,yes,Inferred preliminary planning scenario. Replace line-by-line with source-backed evidence when available. | Calculated monthly planning series from scenario drivers; not actual project performance.
4,Skyline Towers,High-Rise Mixed-Use Development,Preliminary Planning — High,upside,financing,SCH-DRAW-15,monthly_debt_draw,monthly debt draw — month 15,4950000,usd,estimated,"pasted_content_25.txt, Skyline Towers 10-Point Financial OS Design Package, user-supplied 2026-08-21",,jchappell2120,15,15,construction,yes,Inferred preliminary planning scenario. Replace line-by-line with source-backed evidence when available. | Calculated monthly planning series from scenario drivers; not actual project performance.
4,Skyline Towers,High-Rise Mixed-Use Development,Preliminary Planning — High,upside,financing,SCH-INT-15,monthly_interest,monthly interest — month 15,291958,usd,estimated,"pasted_content_25.txt, Skyline Towers 10-Point Financial OS Design Package, user-supplied 2026-08-21",,jchappell2120,15,15,construction,yes,Inferred preliminary planning scenario. Replace line-by-line with source-backed evidence when available. | Calculated monthly planning series from scenario drivers; not actual project performance.
4,Skyline Towers,High-Rise Mixed-Use Development,Preliminary Planning — High,upside,cash_flow,SCH-CF-15,monthly_levered_cash_flow,monthly levered cash flow — month 15,-8166958,usd,estimated,"pasted_content_25.txt, Skyline Towers 10-Point Financial OS Design Package, user-supplied 2026-08-21",,jchappell2120,15,15,construction,yes,Inferred preliminary planning scenario. Replace line-by-line with source-backed evidence when available. | Calculated monthly planning series from scenario drivers; not actual project performance.
4,Skyline Towers,High-Rise Mixed-Use Development,Preliminary Planning — High,upside,capital_deployment,SCH-COST-16,monthly_development_spend,monthly development spend — month 16,7875000,usd,estimated,"pasted_content_25.txt, Skyline Towers 10-Point Financial OS Design Package, user-supplied 2026-08-21",,jchappell2120,16,16,construction,yes,Inferred preliminary planning scenario. Replace line-by-line with source-backed evidence when available. | Calculated monthly planning series from scenario drivers; not actual project performance.
4,Skyline Towers,High-Rise Mixed-Use Development,Preliminary Planning — High,upside,schedule,SCH-CUM-16,cumulative_deployment_bps,cumulative deployment bps — month 16,5000,percentage_bps,estimated,"pasted_content_25.txt, Skyline Towers 10-Point Financial OS Design Package, user-supplied 2026-08-21",,jchappell2120,16,16,construction,yes,Inferred preliminary planning scenario. Replace line-by-line with source-backed evidence when available. | Calculated monthly planning series from scenario drivers; not actual project performance.
4,Skyline Towers,High-Rise Mixed-Use Development,Preliminary Planning — High,upside,schedule,SCH-OCC-16,occupancy_bps,occupancy bps — month 16,0,percentage_bps,estimated,"pasted_content_25.txt, Skyline Towers 10-Point Financial OS Design Package, user-supplied 2026-08-21",,jchappell2120,16,16,construction,yes,Inferred preliminary planning scenario. Replace line-by-line with source-backed evidence when available. | Calculated monthly planning series from scenario drivers; not actual project performance.
4,Skyline Towers,High-Rise Mixed-Use Development,Preliminary Planning — High,upside,revenue,SCH-REV-16,monthly_effective_revenue,monthly effective revenue — month 16,0,usd,estimated,"pasted_content_25.txt, Skyline Towers 10-Point Financial OS Design Package, user-supplied 2026-08-21",,jchappell2120,16,16,construction,yes,Inferred preliminary planning scenario. Replace line-by-line with source-backed evidence when available. | Calculated monthly planning series from scenario drivers; not actual project performance.
4,Skyline Towers,High-Rise Mixed-Use Development,Preliminary Planning — High,upside,operations,SCH-OPEX-16,monthly_operating_expense,monthly operating expense — month 16,0,usd,estimated,"pasted_content_25.txt, Skyline Towers 10-Point Financial OS Design Package, user-supplied 2026-08-21",,jchappell2120,16,16,construction,yes,Inferred preliminary planning scenario. Replace line-by-line with source-backed evidence when available. | Calculated monthly planning series from scenario drivers; not actual project performance.
4,Skyline Towers,High-Rise Mixed-Use Development,Preliminary Planning — High,upside,financing,SCH-DRAW-16,monthly_debt_draw,monthly debt draw — month 16,4950000,usd,estimated,"pasted_content_25.txt, Skyline Towers 10-Point Financial OS Design Package, user-supplied 2026-08-21",,jchappell2120,16,16,construction,yes,Inferred preliminary planning scenario. Replace line-by-line with source-backed evidence when available. | Calculated monthly planning series from scenario drivers; not actual project performance.
4,Skyline Towers,High-Rise Mixed-Use Development,Preliminary Planning — High,upside,financing,SCH-INT-16,monthly_interest,monthly interest — month 16,320833,usd,estimated,"pasted_content_25.txt, Skyline Towers 10-Point Financial OS Design Package, user-supplied 2026-08-21",,jchappell2120,16,16,construction,yes,Inferred preliminary planning scenario. Replace line-by-line with source-backed evidence when available. | Calculated monthly planning series from scenario drivers; not actual project performance.
4,Skyline Towers,High-Rise Mixed-Use Development,Preliminary Planning — High,upside,cash_flow,SCH-CF-16,monthly_levered_cash_flow,monthly levered cash flow — month 16,-8195833,usd,estimated,"pasted_content_25.txt, Skyline Towers 10-Point Financial OS Design Package, user-supplied 2026-08-21",,jchappell2120,16,16,construction,yes,Inferred preliminary planning scenario. Replace line-by-line with source-backed evidence when available. | Calculated monthly planning series from scenario drivers; not actual project performance.
4,Skyline Towers,High-Rise Mixed-Use Development,Preliminary Planning — High,upside,capital_deployment,SCH-COST-17,monthly_development_spend,monthly development spend — month 17,7875000,usd,estimated,"pasted_content_25.txt, Skyline Towers 10-Point Financial OS Design Package, user-supplied 2026-08-21",,jchappell2120,17,17,construction,yes,Inferred preliminary planning scenario. Replace line-by-line with source-backed evidence when available. | Calculated monthly planning series from scenario drivers; not actual project performance.
4,Skyline Towers,High-Rise Mixed-Use Development,Preliminary Planning — High,upside,schedule,SCH-CUM-17,cumulative_deployment_bps,cumulative deployment bps — month 17,5450,percentage_bps,estimated,"pasted_content_25.txt, Skyline Towers 10-Point Financial OS Design Package, user-supplied 2026-08-21",,jchappell2120,17,17,construction,yes,Inferred preliminary planning scenario. Replace line-by-line with source-backed evidence when available. | Calculated monthly planning series from scenario drivers; not actual project performance.
4,Skyline Towers,High-Rise Mixed-Use Development,Preliminary Planning — High,upside,schedule,SCH-OCC-17,occupancy_bps,occupancy bps — month 17,0,percentage_bps,estimated,"pasted_content_25.txt, Skyline Towers 10-Point Financial OS Design Package, user-supplied 2026-08-21",,jchappell2120,17,17,construction,yes,Inferred preliminary planning scenario. Replace line-by-line with source-backed evidence when available. | Calculated monthly planning series from scenario drivers; not actual project performance.
4,Skyline Towers,High-Rise Mixed-Use Development,Preliminary Planning — High,upside,revenue,SCH-REV-17,monthly_effective_revenue,monthly effective revenue — month 17,0,usd,estimated,"pasted_content_25.txt, Skyline Towers 10-Point Financial OS Design Package, user-supplied 2026-08-21",,jchappell2120,17,17,construction,yes,Inferred preliminary planning scenario. Replace line-by-line with source-backed evidence when available. | Calculated monthly planning series from scenario drivers; not actual project performance.
4,Skyline Towers,High-Rise Mixed-Use Development,Preliminary Planning — High,upside,operations,SCH-OPEX-17,monthly_operating_expense,monthly operating expense — month 17,0,usd,estimated,"pasted_content_25.txt, Skyline Towers 10-Point Financial OS Design Package, user-supplied 2026-08-21",,jchappell2120,17,17,construction,yes,Inferred preliminary planning scenario. Replace line-by-line with source-backed evidence when available. | Calculated monthly planning series from scenario drivers; not actual project performance.
4,Skyline Towers,High-Rise Mixed-Use Development,Preliminary Planning — High,upside,financing,SCH-DRAW-17,monthly_debt_draw,monthly debt draw — month 17,4950000,usd,estimated,"pasted_content_25.txt, Skyline Towers 10-Point Financial OS Design Package, user-supplied 2026-08-21",,jchappell2120,17,17,construction,yes,Inferred preliminary planning scenario. Replace line-by-line with source-backed evidence when available. | Calculated monthly planning series from scenario drivers; not actual project performance.
4,Skyline Towers,High-Rise Mixed-Use Development,Preliminary Planning — High,upside,financing,SCH-INT-17,monthly_interest,monthly interest — month 17,349708,usd,estimated,"pasted_content_25.txt, Skyline Towers 10-Point Financial OS Design Package, user-supplied 2026-08-21",,jchappell2120,17,17,construction,yes,Inferred preliminary planning scenario. Replace line-by-line with source-backed evidence when available. | Calculated monthly planning series from scenario drivers; not actual project performance.
4,Skyline Towers,High-Rise Mixed-Use Development,Preliminary Planning — High,upside,cash_flow,SCH-CF-17,monthly_levered_cash_flow,monthly levered cash flow — month 17,-8224708,usd,estimated,"pasted_content_25.txt, Skyline Towers 10-Point Financial OS Design Package, user-supplied 2026-08-21",,jchappell2120,17,17,construction,yes,Inferred preliminary planning scenario. Replace line-by-line with source-backed evidence when available. | Calculated monthly planning series from scenario drivers; not actual project performance.
4,Skyline Towers,High-Rise Mixed-Use Development,Preliminary Planning — High,upside,capital_deployment,SCH-COST-18,monthly_development_spend,monthly development spend — month 18,7875000,usd,estimated,"pasted_content_25.txt, Skyline Towers 10-Point Financial OS Design Package, user-supplied 2026-08-21",,jchappell2120,18,18,construction,yes,Inferred preliminary planning scenario. Replace line-by-line with source-backed evidence when available. | Calculated monthly planning series from scenario drivers; not actual project performance.
4,Skyline Towers,High-Rise Mixed-Use Development,Preliminary Planning — High,upside,schedule,SCH-CUM-18,cumulative_deployment_bps,cumulative deployment bps — month 18,5900,percentage_bps,estimated,"pasted_content_25.txt, Skyline Towers 10-Point Financial OS Design Package, user-supplied 2026-08-21",,jchappell2120,18,18,construction,yes,Inferred preliminary planning scenario. Replace line-by-line with source-backed evidence when available. | Calculated monthly planning series from scenario drivers; not actual project performance.
4,Skyline Towers,High-Rise Mixed-Use Development,Preliminary Planning — High,upside,schedule,SCH-OCC-18,occupancy_bps,occupancy bps — month 18,0,percentage_bps,estimated,"pasted_content_25.txt, Skyline Towers 10-Point Financial OS Design Package, user-supplied 2026-08-21",,jchappell2120,18,18,construction,yes,Inferred preliminary planning scenario. Replace line-by-line with source-backed evidence when available. | Calculated monthly planning series from scenario drivers; not actual project performance.
4,Skyline Towers,High-Rise Mixed-Use Development,Preliminary Planning — High,upside,revenue,SCH-REV-18,monthly_effective_revenue,monthly effective revenue — month 18,0,usd,estimated,"pasted_content_25.txt, Skyline Towers 10-Point Financial OS Design Package, user-supplied 2026-08-21",,jchappell2120,18,18,construction,yes,Inferred preliminary planning scenario. Replace line-by-line with source-backed evidence when available. | Calculated monthly planning series from scenario drivers; not actual project performance.
4,Skyline Towers,High-Rise Mixed-Use Development,Preliminary Planning — High,upside,operations,SCH-OPEX-18,monthly_operating_expense,monthly operating expense — month 18,0,usd,estimated,"pasted_content_25.txt, Skyline Towers 10-Point Financial OS Design Package, user-supplied 2026-08-21",,jchappell2120,18,18,construction,yes,Inferred preliminary planning scenario. Replace line-by-line with source-backed evidence when available. | Calculated monthly planning series from scenario drivers; not actual project performance.
4,Skyline Towers,High-Rise Mixed-Use Development,Preliminary Planning — High,upside,financing,SCH-DRAW-18,monthly_debt_draw,monthly debt draw — month 18,4950000,usd,estimated,"pasted_content_25.txt, Skyline Towers 10-Point Financial OS Design Package, user-supplied 2026-08-21",,jchappell2120,18,18,construction,yes,Inferred preliminary planning scenario. Replace line-by-line with source-backed evidence when available. | Calculated monthly planning series from scenario drivers; not actual project performance.
4,Skyline Towers,High-Rise Mixed-Use Development,Preliminary Planning — High,upside,financing,SCH-INT-18,monthly_interest,monthly interest — month 18,378583,usd,estimated,"pasted_content_25.txt, Skyline Towers 10-Point Financial OS Design Package, user-supplied 2026-08-21",,jchappell2120,18,18,construction,yes,Inferred preliminary planning scenario. Replace line-by-line with source-backed evidence when available. | Calculated monthly planning series from scenario drivers; not actual project performance.
4,Skyline Towers,High-Rise Mixed-Use Development,Preliminary Planning — High,upside,cash_flow,SCH-CF-18,monthly_levered_cash_flow,monthly levered cash flow — month 18,-8253583,usd,estimated,"pasted_content_25.txt, Skyline Towers 10-Point Financial OS Design Package, user-supplied 2026-08-21",,jchappell2120,18,18,construction,yes,Inferred preliminary planning scenario. Replace line-by-line with source-backed evidence when available. | Calculated monthly planning series from scenario drivers; not actual project performance.
4,Skyline Towers,High-Rise Mixed-Use Development,Preliminary Planning — High,upside,capital_deployment,SCH-COST-19,monthly_development_spend,monthly development spend — month 19,7875000,usd,estimated,"pasted_content_25.txt, Skyline Towers 10-Point Financial OS Design Package, user-supplied 2026-08-21",,jchappell2120,19,19,construction,yes,Inferred preliminary planning scenario. Replace line-by-line with source-backed evidence when available. | Calculated monthly planning series from scenario drivers; not actual project performance.
4,Skyline Towers,High-Rise Mixed-Use Development,Preliminary Planning — High,upside,schedule,SCH-CUM-19,cumulative_deployment_bps,cumulative deployment bps — month 19,6350,percentage_bps,estimated,"pasted_content_25.txt, Skyline Towers 10-Point Financial OS Design Package, user-supplied 2026-08-21",,jchappell2120,19,19,construction,yes,Inferred preliminary planning scenario. Replace line-by-line with source-backed evidence when available. | Calculated monthly planning series from scenario drivers; not actual project performance.
4,Skyline Towers,High-Rise Mixed-Use Development,Preliminary Planning — High,upside,schedule,SCH-OCC-19,occupancy_bps,occupancy bps — month 19,0,percentage_bps,estimated,"pasted_content_25.txt, Skyline Towers 10-Point Financial OS Design Package, user-supplied 2026-08-21",,jchappell2120,19,19,construction,yes,Inferred preliminary planning scenario. Replace line-by-line with source-backed evidence when available. | Calculated monthly planning series from scenario drivers; not actual project performance.
4,Skyline Towers,High-Rise Mixed-Use Development,Preliminary Planning — High,upside,revenue,SCH-REV-19,monthly_effective_revenue,monthly effective revenue — month 19,0,usd,estimated,"pasted_content_25.txt, Skyline Towers 10-Point Financial OS Design Package, user-supplied 2026-08-21",,jchappell2120,19,19,construction,yes,Inferred preliminary planning scenario. Replace line-by-line with source-backed evidence when available. | Calculated monthly planning series from scenario drivers; not actual project performance.
4,Skyline Towers,High-Rise Mixed-Use Development,Preliminary Planning — High,upside,operations,SCH-OPEX-19,monthly_operating_expense,monthly operating expense — month 19,0,usd,estimated,"pasted_content_25.txt, Skyline Towers 10-Point Financial OS Design Package, user-supplied 2026-08-21",,jchappell2120,19,19,construction,yes,Inferred preliminary planning scenario. Replace line-by-line with source-backed evidence when available. | Calculated monthly planning series from scenario drivers; not actual project performance.
4,Skyline Towers,High-Rise Mixed-Use Development,Preliminary Planning — High,upside,financing,SCH-DRAW-19,monthly_debt_draw,monthly debt draw — month 19,4950000,usd,estimated,"pasted_content_25.txt, Skyline Towers 10-Point Financial OS Design Package, user-supplied 2026-08-21",,jchappell2120,19,19,construction,yes,Inferred preliminary planning scenario. Replace line-by-line with source-backed evidence when available. | Calculated monthly planning series from scenario drivers; not actual project performance.
4,Skyline Towers,High-Rise Mixed-Use Development,Preliminary Planning — High,upside,financing,SCH-INT-19,monthly_interest,monthly interest — month 19,407458,usd,estimated,"pasted_content_25.txt, Skyline Towers 10-Point Financial OS Design Package, user-supplied 2026-08-21",,jchappell2120,19,19,construction,yes,Inferred preliminary planning scenario. Replace line-by-line with source-backed evidence when available. | Calculated monthly planning series from scenario drivers; not actual project performance.
4,Skyline Towers,High-Rise Mixed-Use Development,Preliminary Planning — High,upside,cash_flow,SCH-CF-19,monthly_levered_cash_flow,monthly levered cash flow — month 19,-8282458,usd,estimated,"pasted_content_25.txt, Skyline Towers 10-Point Financial OS Design Package, user-supplied 2026-08-21",,jchappell2120,19,19,construction,yes,Inferred preliminary planning scenario. Replace line-by-line with source-backed evidence when available. | Calculated monthly planning series from scenario drivers; not actual project performance.
4,Skyline Towers,High-Rise Mixed-Use Development,Preliminary Planning — High,upside,capital_deployment,SCH-COST-20,monthly_development_spend,monthly development spend — month 20,7875000,usd,estimated,"pasted_content_25.txt, Skyline Towers 10-Point Financial OS Design Package, user-supplied 2026-08-21",,jchappell2120,20,20,construction,yes,Inferred preliminary planning scenario. Replace line-by-line with source-backed evidence when available. | Calculated monthly planning series from scenario drivers; not actual project performance.
4,Skyline Towers,High-Rise Mixed-Use Development,Preliminary Planning — High,upside,schedule,SCH-CUM-20,cumulative_deployment_bps,cumulative deployment bps — month 20,6800,percentage_bps,estimated,"pasted_content_25.txt, Skyline Towers 10-Point Financial OS Design Package, user-supplied 2026-08-21",,jchappell2120,20,20,construction,yes,Inferred preliminary planning scenario. Replace line-by-line with source-backed evidence when available. | Calculated monthly planning series from scenario drivers; not actual project performance.
4,Skyline Towers,High-Rise Mixed-Use Development,Preliminary Planning — High,upside,schedule,SCH-OCC-20,occupancy_bps,occupancy bps — month 20,0,percentage_bps,estimated,"pasted_content_25.txt, Skyline Towers 10-Point Financial OS Design Package, user-supplied 2026-08-21",,jchappell2120,20,20,construction,yes,Inferred preliminary planning scenario. Replace line-by-line with source-backed evidence when available. | Calculated monthly planning series from scenario drivers; not actual project performance.
4,Skyline Towers,High-Rise Mixed-Use Development,Preliminary Planning — High,upside,revenue,SCH-REV-20,monthly_effective_revenue,monthly effective revenue — month 20,0,usd,estimated,"pasted_content_25.txt, Skyline Towers 10-Point Financial OS Design Package, user-supplied 2026-08-21",,jchappell2120,20,20,construction,yes,Inferred preliminary planning scenario. Replace line-by-line with source-backed evidence when available. | Calculated monthly planning series from scenario drivers; not actual project performance.
4,Skyline Towers,High-Rise Mixed-Use Development,Preliminary Planning — High,upside,operations,SCH-OPEX-20,monthly_operating_expense,monthly operating expense — month 20,0,usd,estimated,"pasted_content_25.txt, Skyline Towers 10-Point Financial OS Design Package, user-supplied 2026-08-21",,jchappell2120,20,20,construction,yes,Inferred preliminary planning scenario. Replace line-by-line with source-backed evidence when available. | Calculated monthly planning series from scenario drivers; not actual project performance.
4,Skyline Towers,High-Rise Mixed-Use Development,Preliminary Planning — High,upside,financing,SCH-DRAW-20,monthly_debt_draw,monthly debt draw — month 20,4950000,usd,estimated,"pasted_content_25.txt, Skyline Towers 10-Point Financial OS Design Package, user-supplied 2026-08-21",,jchappell2120,20,20,construction,yes,Inferred preliminary planning scenario. Replace line-by-line with source-backed evidence when available. | Calculated monthly planning series from scenario drivers; not actual project performance.
4,Skyline Towers,High-Rise Mixed-Use Development,Preliminary Planning — High,upside,financing,SCH-INT-20,monthly_interest,monthly interest — month 20,436333,usd,estimated,"pasted_content_25.txt, Skyline Towers 10-Point Financial OS Design Package, user-supplied 2026-08-21",,jchappell2120,20,20,construction,yes,Inferred preliminary planning scenario. Replace line-by-line with source-backed evidence when available. | Calculated monthly planning series from scenario drivers; not actual project performance.
4,Skyline Towers,High-Rise Mixed-Use Development,Preliminary Planning — High,upside,cash_flow,SCH-CF-20,monthly_levered_cash_flow,monthly levered cash flow — month 20,-8311333,usd,estimated,"pasted_content_25.txt, Skyline Towers 10-Point Financial OS Design Package, user-supplied 2026-08-21",,jchappell2120,20,20,construction,yes,Inferred preliminary planning scenario. Replace line-by-line with source-backed evidence when available. | Calculated monthly planning series from scenario drivers; not actual project performance.
4,Skyline Towers,High-Rise Mixed-Use Development,Preliminary Planning — High,upside,capital_deployment,SCH-COST-21,monthly_development_spend,monthly development spend — month 21,6562500,usd,estimated,"pasted_content_25.txt, Skyline Towers 10-Point Financial OS Design Package, user-supplied 2026-08-21",,jchappell2120,21,21,construction,yes,Inferred preliminary planning scenario. Replace line-by-line with source-backed evidence when available. | Calculated monthly planning series from scenario drivers; not actual project performance.
4,Skyline Towers,High-Rise Mixed-Use Development,Preliminary Planning — High,upside,schedule,SCH-CUM-21,cumulative_deployment_bps,cumulative deployment bps — month 21,7175,percentage_bps,estimated,"pasted_content_25.txt, Skyline Towers 10-Point Financial OS Design Package, user-supplied 2026-08-21",,jchappell2120,21,21,construction,yes,Inferred preliminary planning scenario. Replace line-by-line with source-backed evidence when available. | Calculated monthly planning series from scenario drivers; not actual project performance.
4,Skyline Towers,High-Rise Mixed-Use Development,Preliminary Planning — High,upside,schedule,SCH-OCC-21,occupancy_bps,occupancy bps — month 21,0,percentage_bps,estimated,"pasted_content_25.txt, Skyline Towers 10-Point Financial OS Design Package, user-supplied 2026-08-21",,jchappell2120,21,21,construction,yes,Inferred preliminary planning scenario. Replace line-by-line with source-backed evidence when available. | Calculated monthly planning series from scenario drivers; not actual project performance.
4,Skyline Towers,High-Rise Mixed-Use Development,Preliminary Planning — High,upside,revenue,SCH-REV-21,monthly_effective_revenue,monthly effective revenue — month 21,0,usd,estimated,"pasted_content_25.txt, Skyline Towers 10-Point Financial OS Design Package, user-supplied 2026-08-21",,jchappell2120,21,21,construction,yes,Inferred preliminary planning scenario. Replace line-by-line with source-backed evidence when available. | Calculated monthly planning series from scenario drivers; not actual project performance.
4,Skyline Towers,High-Rise Mixed-Use Development,Preliminary Planning — High,upside,operations,SCH-OPEX-21,monthly_operating_expense,monthly operating expense — month 21,0,usd,estimated,"pasted_content_25.txt, Skyline Towers 10-Point Financial OS Design Package, user-supplied 2026-08-21",,jchappell2120,21,21,construction,yes,Inferred preliminary planning scenario. Replace line-by-line with source-backed evidence when available. | Calculated monthly planning series from scenario drivers; not actual project performance.
4,Skyline Towers,High-Rise Mixed-Use Development,Preliminary Planning — High,upside,financing,SCH-DRAW-21,monthly_debt_draw,monthly debt draw — month 21,4125000,usd,estimated,"pasted_content_25.txt, Skyline Towers 10-Point Financial OS Design Package, user-supplied 2026-08-21",,jchappell2120,21,21,construction,yes,Inferred preliminary planning scenario. Replace line-by-line with source-backed evidence when available. | Calculated monthly planning series from scenario drivers; not actual project performance.
4,Skyline Towers,High-Rise Mixed-Use Development,Preliminary Planning — High,upside,financing,SCH-INT-21,monthly_interest,monthly interest — month 21,460396,usd,estimated,"pasted_content_25.txt, Skyline Towers 10-Point Financial OS Design Package, user-supplied 2026-08-21",,jchappell2120,21,21,construction,yes,Inferred preliminary planning scenario. Replace line-by-line with source-backed evidence when available. | Calculated monthly planning series from scenario drivers; not actual project performance.
4,Skyline Towers,High-Rise Mixed-Use Development,Preliminary Planning — High,upside,cash_flow,SCH-CF-21,monthly_levered_cash_flow,monthly levered cash flow — month 21,-7022896,usd,estimated,"pasted_content_25.txt, Skyline Towers 10-Point Financial OS Design Package, user-supplied 2026-08-21",,jchappell2120,21,21,construction,yes,Inferred preliminary planning scenario. Replace line-by-line with source-backed evidence when available. | Calculated monthly planning series from scenario drivers; not actual project performance.
4,Skyline Towers,High-Rise Mixed-Use Development,Preliminary Planning — High,upside,capital_deployment,SCH-COST-22,monthly_development_spend,monthly development spend — month 22,6562500,usd,estimated,"pasted_content_25.txt, Skyline Towers 10-Point Financial OS Design Package, user-supplied 2026-08-21",,jchappell2120,22,22,construction,yes,Inferred preliminary planning scenario. Replace line-by-line with source-backed evidence when available. | Calculated monthly planning series from scenario drivers; not actual project performance.
4,Skyline Towers,High-Rise Mixed-Use Development,Preliminary Planning — High,upside,schedule,SCH-CUM-22,cumulative_deployment_bps,cumulative deployment bps — month 22,7550,percentage_bps,estimated,"pasted_content_25.txt, Skyline Towers 10-Point Financial OS Design Package, user-supplied 2026-08-21",,jchappell2120,22,22,construction,yes,Inferred preliminary planning scenario. Replace line-by-line with source-backed evidence when available. | Calculated monthly planning series from scenario drivers; not actual project performance.
4,Skyline Towers,High-Rise Mixed-Use Development,Preliminary Planning — High,upside,schedule,SCH-OCC-22,occupancy_bps,occupancy bps — month 22,0,percentage_bps,estimated,"pasted_content_25.txt, Skyline Towers 10-Point Financial OS Design Package, user-supplied 2026-08-21",,jchappell2120,22,22,construction,yes,Inferred preliminary planning scenario. Replace line-by-line with source-backed evidence when available. | Calculated monthly planning series from scenario drivers; not actual project performance.
4,Skyline Towers,High-Rise Mixed-Use Development,Preliminary Planning — High,upside,revenue,SCH-REV-22,monthly_effective_revenue,monthly effective revenue — month 22,0,usd,estimated,"pasted_content_25.txt, Skyline Towers 10-Point Financial OS Design Package, user-supplied 2026-08-21",,jchappell2120,22,22,construction,yes,Inferred preliminary planning scenario. Replace line-by-line with source-backed evidence when available. | Calculated monthly planning series from scenario drivers; not actual project performance.
4,Skyline Towers,High-Rise Mixed-Use Development,Preliminary Planning — High,upside,operations,SCH-OPEX-22,monthly_operating_expense,monthly operating expense — month 22,0,usd,estimated,"pasted_content_25.txt, Skyline Towers 10-Point Financial OS Design Package, user-supplied 2026-08-21",,jchappell2120,22,22,construction,yes,Inferred preliminary planning scenario. Replace line-by-line with source-backed evidence when available. | Calculated monthly planning series from scenario drivers; not actual project performance.
4,Skyline Towers,High-Rise Mixed-Use Development,Preliminary Planning — High,upside,financing,SCH-DRAW-22,monthly_debt_draw,monthly debt draw — month 22,4125000,usd,estimated,"pasted_content_25.txt, Skyline Towers 10-Point Financial OS Design Package, user-supplied 2026-08-21",,jchappell2120,22,22,construction,yes,Inferred preliminary planning scenario. Replace line-by-line with source-backed evidence when available. | Calculated monthly planning series from scenario drivers; not actual project performance.
4,Skyline Towers,High-Rise Mixed-Use Development,Preliminary Planning — High,upside,financing,SCH-INT-22,monthly_interest,monthly interest — month 22,484458,usd,estimated,"pasted_content_25.txt, Skyline Towers 10-Point Financial OS Design Package, user-supplied 2026-08-21",,jchappell2120,22,22,construction,yes,Inferred preliminary planning scenario. Replace line-by-line with source-backed evidence when available. | Calculated monthly planning series from scenario drivers; not actual project performance.
4,Skyline Towers,High-Rise Mixed-Use Development,Preliminary Planning — High,upside,cash_flow,SCH-CF-22,monthly_levered_cash_flow,monthly levered cash flow — month 22,-7046958,usd,estimated,"pasted_content_25.txt, Skyline Towers 10-Point Financial OS Design Package, user-supplied 2026-08-21",,jchappell2120,22,22,construction,yes,Inferred preliminary planning scenario. Replace line-by-line with source-backed evidence when available. | Calculated monthly planning series from scenario drivers; not actual project performance.
4,Skyline Towers,High-Rise Mixed-Use Development,Preliminary Planning — High,upside,capital_deployment,SCH-COST-23,monthly_development_spend,monthly development spend — month 23,6562500,usd,estimated,"pasted_content_25.txt, Skyline Towers 10-Point Financial OS Design Package, user-supplied 2026-08-21",,jchappell2120,23,23,construction,yes,Inferred preliminary planning scenario. Replace line-by-line with source-backed evidence when available. | Calculated monthly planning series from scenario drivers; not actual project performance.
4,Skyline Towers,High-Rise Mixed-Use Development,Preliminary Planning — High,upside,schedule,SCH-CUM-23,cumulative_deployment_bps,cumulative deployment bps — month 23,7925,percentage_bps,estimated,"pasted_content_25.txt, Skyline Towers 10-Point Financial OS Design Package, user-supplied 2026-08-21",,jchappell2120,23,23,construction,yes,Inferred preliminary planning scenario. Replace line-by-line with source-backed evidence when available. | Calculated monthly planning series from scenario drivers; not actual project performance.
4,Skyline Towers,High-Rise Mixed-Use Development,Preliminary Planning — High,upside,schedule,SCH-OCC-23,occupancy_bps,occupancy bps — month 23,0,percentage_bps,estimated,"pasted_content_25.txt, Skyline Towers 10-Point Financial OS Design Package, user-supplied 2026-08-21",,jchappell2120,23,23,construction,yes,Inferred preliminary planning scenario. Replace line-by-line with source-backed evidence when available. | Calculated monthly planning series from scenario drivers; not actual project performance.
4,Skyline Towers,High-Rise Mixed-Use Development,Preliminary Planning — High,upside,revenue,SCH-REV-23,monthly_effective_revenue,monthly effective revenue — month 23,0,usd,estimated,"pasted_content_25.txt, Skyline Towers 10-Point Financial OS Design Package, user-supplied 2026-08-21",,jchappell2120,23,23,construction,yes,Inferred preliminary planning scenario. Replace line-by-line with source-backed evidence when available. | Calculated monthly planning series from scenario drivers; not actual project performance.
4,Skyline Towers,High-Rise Mixed-Use Development,Preliminary Planning — High,upside,operations,SCH-OPEX-23,monthly_operating_expense,monthly operating expense — month 23,0,usd,estimated,"pasted_content_25.txt, Skyline Towers 10-Point Financial OS Design Package, user-supplied 2026-08-21",,jchappell2120,23,23,construction,yes,Inferred preliminary planning scenario. Replace line-by-line with source-backed evidence when available. | Calculated monthly planning series from scenario drivers; not actual project performance.
4,Skyline Towers,High-Rise Mixed-Use Development,Preliminary Planning — High,upside,financing,SCH-DRAW-23,monthly_debt_draw,monthly debt draw — month 23,4125000,usd,estimated,"pasted_content_25.txt, Skyline Towers 10-Point Financial OS Design Package, user-supplied 2026-08-21",,jchappell2120,23,23,construction,yes,Inferred preliminary planning scenario. Replace line-by-line with source-backed evidence when available. | Calculated monthly planning series from scenario drivers; not actual project performance.
4,Skyline Towers,High-Rise Mixed-Use Development,Preliminary Planning — High,upside,financing,SCH-INT-23,monthly_interest,monthly interest — month 23,508521,usd,estimated,"pasted_content_25.txt, Skyline Towers 10-Point Financial OS Design Package, user-supplied 2026-08-21",,jchappell2120,23,23,construction,yes,Inferred preliminary planning scenario. Replace line-by-line with source-backed evidence when available. | Calculated monthly planning series from scenario drivers; not actual project performance.
4,Skyline Towers,High-Rise Mixed-Use Development,Preliminary Planning — High,upside,cash_flow,SCH-CF-23,monthly_levered_cash_flow,monthly levered cash flow — month 23,-7071021,usd,estimated,"pasted_content_25.txt, Skyline Towers 10-Point Financial OS Design Package, user-supplied 2026-08-21",,jchappell2120,23,23,construction,yes,Inferred preliminary planning scenario. Replace line-by-line with source-backed evidence when available. | Calculated monthly planning series from scenario drivers; not actual project performance.
4,Skyline Towers,High-Rise Mixed-Use Development,Preliminary Planning — High,upside,capital_deployment,SCH-COST-24,monthly_development_spend,monthly development spend — month 24,6562500,usd,estimated,"pasted_content_25.txt, Skyline Towers 10-Point Financial OS Design Package, user-supplied 2026-08-21",,jchappell2120,24,24,construction,yes,Inferred preliminary planning scenario. Replace line-by-line with source-backed evidence when available. | Calculated monthly planning series from scenario drivers; not actual project performance.
4,Skyline Towers,High-Rise Mixed-Use Development,Preliminary Planning — High,upside,schedule,SCH-CUM-24,cumulative_deployment_bps,cumulative deployment bps — month 24,8300,percentage_bps,estimated,"pasted_content_25.txt, Skyline Towers 10-Point Financial OS Design Package, user-supplied 2026-08-21",,jchappell2120,24,24,construction,yes,Inferred preliminary planning scenario. Replace line-by-line with source-backed evidence when available. | Calculated monthly planning series from scenario drivers; not actual project performance.
4,Skyline Towers,High-Rise Mixed-Use Development,Preliminary Planning — High,upside,schedule,SCH-OCC-24,occupancy_bps,occupancy bps — month 24,0,percentage_bps,estimated,"pasted_content_25.txt, Skyline Towers 10-Point Financial OS Design Package, user-supplied 2026-08-21",,jchappell2120,24,24,construction,yes,Inferred preliminary planning scenario. Replace line-by-line with source-backed evidence when available. | Calculated monthly planning series from scenario drivers; not actual project performance.
4,Skyline Towers,High-Rise Mixed-Use Development,Preliminary Planning — High,upside,revenue,SCH-REV-24,monthly_effective_revenue,monthly effective revenue — month 24,0,usd,estimated,"pasted_content_25.txt, Skyline Towers 10-Point Financial OS Design Package, user-supplied 2026-08-21",,jchappell2120,24,24,construction,yes,Inferred preliminary planning scenario. Replace line-by-line with source-backed evidence when available. | Calculated monthly planning series from scenario drivers; not actual project performance.
4,Skyline Towers,High-Rise Mixed-Use Development,Preliminary Planning — High,upside,operations,SCH-OPEX-24,monthly_operating_expense,monthly operating expense — month 24,0,usd,estimated,"pasted_content_25.txt, Skyline Towers 10-Point Financial OS Design Package, user-supplied 2026-08-21",,jchappell2120,24,24,construction,yes,Inferred preliminary planning scenario. Replace line-by-line with source-backed evidence when available. | Calculated monthly planning series from scenario drivers; not actual project performance.
4,Skyline Towers,High-Rise Mixed-Use Development,Preliminary Planning — High,upside,financing,SCH-DRAW-24,monthly_debt_draw,monthly debt draw — month 24,4125000,usd,estimated,"pasted_content_25.txt, Skyline Towers 10-Point Financial OS Design Package, user-supplied 2026-08-21",,jchappell2120,24,24,construction,yes,Inferred preliminary planning scenario. Replace line-by-line with source-backed evidence when available. | Calculated monthly planning series from scenario drivers; not actual project performance.
4,Skyline Towers,High-Rise Mixed-Use Development,Preliminary Planning — High,upside,financing,SCH-INT-24,monthly_interest,monthly interest — month 24,532583,usd,estimated,"pasted_content_25.txt, Skyline Towers 10-Point Financial OS Design Package, user-supplied 2026-08-21",,jchappell2120,24,24,construction,yes,Inferred preliminary planning scenario. Replace line-by-line with source-backed evidence when available. | Calculated monthly planning series from scenario drivers; not actual project performance.
4,Skyline Towers,High-Rise Mixed-Use Development,Preliminary Planning — High,upside,cash_flow,SCH-CF-24,monthly_levered_cash_flow,monthly levered cash flow — month 24,-7095083,usd,estimated,"pasted_content_25.txt, Skyline Towers 10-Point Financial OS Design Package, user-supplied 2026-08-21",,jchappell2120,24,24,construction,yes,Inferred preliminary planning scenario. Replace line-by-line with source-backed evidence when available. | Calculated monthly planning series from scenario drivers; not actual project performance.
4,Skyline Towers,High-Rise Mixed-Use Development,Preliminary Planning — High,upside,capital_deployment,SCH-COST-25,monthly_development_spend,monthly development spend — month 25,5687500,usd,estimated,"pasted_content_25.txt, Skyline Towers 10-Point Financial OS Design Package, user-supplied 2026-08-21",,jchappell2120,25,25,construction,yes,Inferred preliminary planning scenario. Replace line-by-line with source-backed evidence when available. | Calculated monthly planning series from scenario drivers; not actual project performance.
4,Skyline Towers,High-Rise Mixed-Use Development,Preliminary Planning — High,upside,schedule,SCH-CUM-25,cumulative_deployment_bps,cumulative deployment bps — month 25,8625,percentage_bps,estimated,"pasted_content_25.txt, Skyline Towers 10-Point Financial OS Design Package, user-supplied 2026-08-21",,jchappell2120,25,25,construction,yes,Inferred preliminary planning scenario. Replace line-by-line with source-backed evidence when available. | Calculated monthly planning series from scenario drivers; not actual project performance.
4,Skyline Towers,High-Rise Mixed-Use Development,Preliminary Planning — High,upside,schedule,SCH-OCC-25,occupancy_bps,occupancy bps — month 25,0,percentage_bps,estimated,"pasted_content_25.txt, Skyline Towers 10-Point Financial OS Design Package, user-supplied 2026-08-21",,jchappell2120,25,25,construction,yes,Inferred preliminary planning scenario. Replace line-by-line with source-backed evidence when available. | Calculated monthly planning series from scenario drivers; not actual project performance.
4,Skyline Towers,High-Rise Mixed-Use Development,Preliminary Planning — High,upside,revenue,SCH-REV-25,monthly_effective_revenue,monthly effective revenue — month 25,0,usd,estimated,"pasted_content_25.txt, Skyline Towers 10-Point Financial OS Design Package, user-supplied 2026-08-21",,jchappell2120,25,25,construction,yes,Inferred preliminary planning scenario. Replace line-by-line with source-backed evidence when available. | Calculated monthly planning series from scenario drivers; not actual project performance.
4,Skyline Towers,High-Rise Mixed-Use Development,Preliminary Planning — High,upside,operations,SCH-OPEX-25,monthly_operating_expense,monthly operating expense — month 25,0,usd,estimated,"pasted_content_25.txt, Skyline Towers 10-Point Financial OS Design Package, user-supplied 2026-08-21",,jchappell2120,25,25,construction,yes,Inferred preliminary planning scenario. Replace line-by-line with source-backed evidence when available. | Calculated monthly planning series from scenario drivers; not actual project performance.
4,Skyline Towers,High-Rise Mixed-Use Development,Preliminary Planning — High,upside,financing,SCH-DRAW-25,monthly_debt_draw,monthly debt draw — month 25,3575000,usd,estimated,"pasted_content_25.txt, Skyline Towers 10-Point Financial OS Design Package, user-supplied 2026-08-21",,jchappell2120,25,25,construction,yes,Inferred preliminary planning scenario. Replace line-by-line with source-backed evidence when available. | Calculated monthly planning series from scenario drivers; not actual project performance.
4,Skyline Towers,High-Rise Mixed-Use Development,Preliminary Planning — High,upside,financing,SCH-INT-25,monthly_interest,monthly interest — month 25,553438,usd,estimated,"pasted_content_25.txt, Skyline Towers 10-Point Financial OS Design Package, user-supplied 2026-08-21",,jchappell2120,25,25,construction,yes,Inferred preliminary planning scenario. Replace line-by-line with source-backed evidence when available. | Calculated monthly planning series from scenario drivers; not actual project performance.
4,Skyline Towers,High-Rise Mixed-Use Development,Preliminary Planning — High,upside,cash_flow,SCH-CF-25,monthly_levered_cash_flow,monthly levered cash flow — month 25,-6240938,usd,estimated,"pasted_content_25.txt, Skyline Towers 10-Point Financial OS Design Package, user-supplied 2026-08-21",,jchappell2120,25,25,construction,yes,Inferred preliminary planning scenario. Replace line-by-line with source-backed evidence when available. | Calculated monthly planning series from scenario drivers; not actual project performance.
4,Skyline Towers,High-Rise Mixed-Use Development,Preliminary Planning — High,upside,capital_deployment,SCH-COST-26,monthly_development_spend,monthly development spend — month 26,5687500,usd,estimated,"pasted_content_25.txt, Skyline Towers 10-Point Financial OS Design Package, user-supplied 2026-08-21",,jchappell2120,26,26,construction,yes,Inferred preliminary planning scenario. Replace line-by-line with source-backed evidence when available. | Calculated monthly planning series from scenario drivers; not actual project performance.
4,Skyline Towers,High-Rise Mixed-Use Development,Preliminary Planning — High,upside,schedule,SCH-CUM-26,cumulative_deployment_bps,cumulative deployment bps — month 26,8950,percentage_bps,estimated,"pasted_content_25.txt, Skyline Towers 10-Point Financial OS Design Package, user-supplied 2026-08-21",,jchappell2120,26,26,construction,yes,Inferred preliminary planning scenario. Replace line-by-line with source-backed evidence when available. | Calculated monthly planning series from scenario drivers; not actual project performance.
4,Skyline Towers,High-Rise Mixed-Use Development,Preliminary Planning — High,upside,schedule,SCH-OCC-26,occupancy_bps,occupancy bps — month 26,0,percentage_bps,estimated,"pasted_content_25.txt, Skyline Towers 10-Point Financial OS Design Package, user-supplied 2026-08-21",,jchappell2120,26,26,construction,yes,Inferred preliminary planning scenario. Replace line-by-line with source-backed evidence when available. | Calculated monthly planning series from scenario drivers; not actual project performance.
4,Skyline Towers,High-Rise Mixed-Use Development,Preliminary Planning — High,upside,revenue,SCH-REV-26,monthly_effective_revenue,monthly effective revenue — month 26,0,usd,estimated,"pasted_content_25.txt, Skyline Towers 10-Point Financial OS Design Package, user-supplied 2026-08-21",,jchappell2120,26,26,construction,yes,Inferred preliminary planning scenario. Replace line-by-line with source-backed evidence when available. | Calculated monthly planning series from scenario drivers; not actual project performance.
4,Skyline Towers,High-Rise Mixed-Use Development,Preliminary Planning — High,upside,operations,SCH-OPEX-26,monthly_operating_expense,monthly operating expense — month 26,0,usd,estimated,"pasted_content_25.txt, Skyline Towers 10-Point Financial OS Design Package, user-supplied 2026-08-21",,jchappell2120,26,26,construction,yes,Inferred preliminary planning scenario. Replace line-by-line with source-backed evidence when available. | Calculated monthly planning series from scenario drivers; not actual project performance.
4,Skyline Towers,High-Rise Mixed-Use Development,Preliminary Planning — High,upside,financing,SCH-DRAW-26,monthly_debt_draw,monthly debt draw — month 26,3575000,usd,estimated,"pasted_content_25.txt, Skyline Towers 10-Point Financial OS Design Package, user-supplied 2026-08-21",,jchappell2120,26,26,construction,yes,Inferred preliminary planning scenario. Replace line-by-line with source-backed evidence when available. | Calculated monthly planning series from scenario drivers; not actual project performance.
4,Skyline Towers,High-Rise Mixed-Use Development,Preliminary Planning — High,upside,financing,SCH-INT-26,monthly_interest,monthly interest — month 26,574292,usd,estimated,"pasted_content_25.txt, Skyline Towers 10-Point Financial OS Design Package, user-supplied 2026-08-21",,jchappell2120,26,26,construction,yes,Inferred preliminary planning scenario. Replace line-by-line with source-backed evidence when available. | Calculated monthly planning series from scenario drivers; not actual project performance.
4,Skyline Towers,High-Rise Mixed-Use Development,Preliminary Planning — High,upside,cash_flow,SCH-CF-26,monthly_levered_cash_flow,monthly levered cash flow — month 26,-6261792,usd,estimated,"pasted_content_25.txt, Skyline Towers 10-Point Financial OS Design Package, user-supplied 2026-08-21",,jchappell2120,26,26,construction,yes,Inferred preliminary planning scenario. Replace line-by-line with source-backed evidence when available. | Calculated monthly planning series from scenario drivers; not actual project performance.
4,Skyline Towers,High-Rise Mixed-Use Development,Preliminary Planning — High,upside,capital_deployment,SCH-COST-27,monthly_development_spend,monthly development spend — month 27,5687500,usd,estimated,"pasted_content_25.txt, Skyline Towers 10-Point Financial OS Design Package, user-supplied 2026-08-21",,jchappell2120,27,27,construction,yes,Inferred preliminary planning scenario. Replace line-by-line with source-backed evidence when available. | Calculated monthly planning series from scenario drivers; not actual project performance.
4,Skyline Towers,High-Rise Mixed-Use Development,Preliminary Planning — High,upside,schedule,SCH-CUM-27,cumulative_deployment_bps,cumulative deployment bps — month 27,9275,percentage_bps,estimated,"pasted_content_25.txt, Skyline Towers 10-Point Financial OS Design Package, user-supplied 2026-08-21",,jchappell2120,27,27,construction,yes,Inferred preliminary planning scenario. Replace line-by-line with source-backed evidence when available. | Calculated monthly planning series from scenario drivers; not actual project performance.
4,Skyline Towers,High-Rise Mixed-Use Development,Preliminary Planning — High,upside,schedule,SCH-OCC-27,occupancy_bps,occupancy bps — month 27,2000,percentage_bps,estimated,"pasted_content_25.txt, Skyline Towers 10-Point Financial OS Design Package, user-supplied 2026-08-21",,jchappell2120,27,27,construction,yes,Inferred preliminary planning scenario. Replace line-by-line with source-backed evidence when available. | Calculated monthly planning series from scenario drivers; not actual project performance.
4,Skyline Towers,High-Rise Mixed-Use Development,Preliminary Planning — High,upside,revenue,SCH-REV-27,monthly_effective_revenue,monthly effective revenue — month 27,314150,usd,estimated,"pasted_content_25.txt, Skyline Towers 10-Point Financial OS Design Package, user-supplied 2026-08-21",,jchappell2120,27,27,construction,yes,Inferred preliminary planning scenario. Replace line-by-line with source-backed evidence when available. | Calculated monthly planning series from scenario drivers; not actual project performance.
4,Skyline Towers,High-Rise Mixed-Use Development,Preliminary Planning — High,upside,operations,SCH-OPEX-27,monthly_operating_expense,monthly operating expense — month 27,94245,usd,estimated,"pasted_content_25.txt, Skyline Towers 10-Point Financial OS Design Package, user-supplied 2026-08-21",,jchappell2120,27,27,construction,yes,Inferred preliminary planning scenario. Replace line-by-line with source-backed evidence when available. | Calculated monthly planning series from scenario drivers; not actual project performance.
4,Skyline Towers,High-Rise Mixed-Use Development,Preliminary Planning — High,upside,financing,SCH-DRAW-27,monthly_debt_draw,monthly debt draw — month 27,3575000,usd,estimated,"pasted_content_25.txt, Skyline Towers 10-Point Financial OS Design Package, user-supplied 2026-08-21",,jchappell2120,27,27,construction,yes,Inferred preliminary planning scenario. Replace line-by-line with source-backed evidence when available. | Calculated monthly planning series from scenario drivers; not actual project performance.
4,Skyline Towers,High-Rise Mixed-Use Development,Preliminary Planning — High,upside,financing,SCH-INT-27,monthly_interest,monthly interest — month 27,595146,usd,estimated,"pasted_content_25.txt, Skyline Towers 10-Point Financial OS Design Package, user-supplied 2026-08-21",,jchappell2120,27,27,construction,yes,Inferred preliminary planning scenario. Replace line-by-line with source-backed evidence when available. | Calculated monthly planning series from scenario drivers; not actual project performance.
4,Skyline Towers,High-Rise Mixed-Use Development,Preliminary Planning — High,upside,cash_flow,SCH-CF-27,monthly_levered_cash_flow,monthly levered cash flow — month 27,-6062741,usd,estimated,"pasted_content_25.txt, Skyline Towers 10-Point Financial OS Design Package, user-supplied 2026-08-21",,jchappell2120,27,27,construction,yes,Inferred preliminary planning scenario. Replace line-by-line with source-backed evidence when available. | Calculated monthly planning series from scenario drivers; not actual project performance.
4,Skyline Towers,High-Rise Mixed-Use Development,Preliminary Planning — High,upside,capital_deployment,SCH-COST-28,monthly_development_spend,monthly development spend — month 28,5687500,usd,estimated,"pasted_content_25.txt, Skyline Towers 10-Point Financial OS Design Package, user-supplied 2026-08-21",,jchappell2120,28,28,construction,yes,Inferred preliminary planning scenario. Replace line-by-line with source-backed evidence when available. | Calculated monthly planning series from scenario drivers; not actual project performance.
4,Skyline Towers,High-Rise Mixed-Use Development,Preliminary Planning — High,upside,schedule,SCH-CUM-28,cumulative_deployment_bps,cumulative deployment bps — month 28,9600,percentage_bps,estimated,"pasted_content_25.txt, Skyline Towers 10-Point Financial OS Design Package, user-supplied 2026-08-21",,jchappell2120,28,28,construction,yes,Inferred preliminary planning scenario. Replace line-by-line with source-backed evidence when available. | Calculated monthly planning series from scenario drivers; not actual project performance.
4,Skyline Towers,High-Rise Mixed-Use Development,Preliminary Planning — High,upside,schedule,SCH-OCC-28,occupancy_bps,occupancy bps — month 28,3500,percentage_bps,estimated,"pasted_content_25.txt, Skyline Towers 10-Point Financial OS Design Package, user-supplied 2026-08-21",,jchappell2120,28,28,construction,yes,Inferred preliminary planning scenario. Replace line-by-line with source-backed evidence when available. | Calculated monthly planning series from scenario drivers; not actual project performance.
4,Skyline Towers,High-Rise Mixed-Use Development,Preliminary Planning — High,upside,revenue,SCH-REV-28,monthly_effective_revenue,monthly effective revenue — month 28,549763,usd,estimated,"pasted_content_25.txt, Skyline Towers 10-Point Financial OS Design Package, user-supplied 2026-08-21",,jchappell2120,28,28,construction,yes,Inferred preliminary planning scenario. Replace line-by-line with source-backed evidence when available. | Calculated monthly planning series from scenario drivers; not actual project performance.
4,Skyline Towers,High-Rise Mixed-Use Development,Preliminary Planning — High,upside,operations,SCH-OPEX-28,monthly_operating_expense,monthly operating expense — month 28,164929,usd,estimated,"pasted_content_25.txt, Skyline Towers 10-Point Financial OS Design Package, user-supplied 2026-08-21",,jchappell2120,28,28,construction,yes,Inferred preliminary planning scenario. Replace line-by-line with source-backed evidence when available. | Calculated monthly planning series from scenario drivers; not actual project performance.
4,Skyline Towers,High-Rise Mixed-Use Development,Preliminary Planning — High,upside,financing,SCH-DRAW-28,monthly_debt_draw,monthly debt draw — month 28,3575000,usd,estimated,"pasted_content_25.txt, Skyline Towers 10-Point Financial OS Design Package, user-supplied 2026-08-21",,jchappell2120,28,28,construction,yes,Inferred preliminary planning scenario. Replace line-by-line with source-backed evidence when available. | Calculated monthly planning series from scenario drivers; not actual project performance.
4,Skyline Towers,High-Rise Mixed-Use Development,Preliminary Planning — High,upside,financing,SCH-INT-28,monthly_interest,monthly interest — month 28,616000,usd,estimated,"pasted_content_25.txt, Skyline Towers 10-Point Financial OS Design Package, user-supplied 2026-08-21",,jchappell2120,28,28,construction,yes,Inferred preliminary planning scenario. Replace line-by-line with source-backed evidence when available. | Calculated monthly planning series from scenario drivers; not actual project performance.
4,Skyline Towers,High-Rise Mixed-Use Development,Preliminary Planning — High,upside,cash_flow,SCH-CF-28,monthly_levered_cash_flow,monthly levered cash flow — month 28,-5918666,usd,estimated,"pasted_content_25.txt, Skyline Towers 10-Point Financial OS Design Package, user-supplied 2026-08-21",,jchappell2120,28,28,construction,yes,Inferred preliminary planning scenario. Replace line-by-line with source-backed evidence when available. | Calculated monthly planning series from scenario drivers; not actual project performance.
4,Skyline Towers,High-Rise Mixed-Use Development,Preliminary Planning — High,upside,capital_deployment,SCH-COST-29,monthly_development_spend,monthly development spend — month 29,3500000,usd,estimated,"pasted_content_25.txt, Skyline Towers 10-Point Financial OS Design Package, user-supplied 2026-08-21",,jchappell2120,29,29,construction,yes,Inferred preliminary planning scenario. Replace line-by-line with source-backed evidence when available. | Calculated monthly planning series from scenario drivers; not actual project performance.
4,Skyline Towers,High-Rise Mixed-Use Development,Preliminary Planning — High,upside,schedule,SCH-CUM-29,cumulative_deployment_bps,cumulative deployment bps — month 29,9800,percentage_bps,estimated,"pasted_content_25.txt, Skyline Towers 10-Point Financial OS Design Package, user-supplied 2026-08-21",,jchappell2120,29,29,construction,yes,Inferred preliminary planning scenario. Replace line-by-line with source-backed evidence when available. | Calculated monthly planning series from scenario drivers; not actual project performance.
4,Skyline Towers,High-Rise Mixed-Use Development,Preliminary Planning — High,upside,schedule,SCH-OCC-29,occupancy_bps,occupancy bps — month 29,5000,percentage_bps,estimated,"pasted_content_25.txt, Skyline Towers 10-Point Financial OS Design Package, user-supplied 2026-08-21",,jchappell2120,29,29,construction,yes,Inferred preliminary planning scenario. Replace line-by-line with source-backed evidence when available. | Calculated monthly planning series from scenario drivers; not actual project performance.
4,Skyline Towers,High-Rise Mixed-Use Development,Preliminary Planning — High,upside,revenue,SCH-REV-29,monthly_effective_revenue,monthly effective revenue — month 29,785375,usd,estimated,"pasted_content_25.txt, Skyline Towers 10-Point Financial OS Design Package, user-supplied 2026-08-21",,jchappell2120,29,29,construction,yes,Inferred preliminary planning scenario. Replace line-by-line with source-backed evidence when available. | Calculated monthly planning series from scenario drivers; not actual project performance.
4,Skyline Towers,High-Rise Mixed-Use Development,Preliminary Planning — High,upside,operations,SCH-OPEX-29,monthly_operating_expense,monthly operating expense — month 29,235613,usd,estimated,"pasted_content_25.txt, Skyline Towers 10-Point Financial OS Design Package, user-supplied 2026-08-21",,jchappell2120,29,29,construction,yes,Inferred preliminary planning scenario. Replace line-by-line with source-backed evidence when available. | Calculated monthly planning series from scenario drivers; not actual project performance.
4,Skyline Towers,High-Rise Mixed-Use Development,Preliminary Planning — High,upside,financing,SCH-DRAW-29,monthly_debt_draw,monthly debt draw — month 29,2200000,usd,estimated,"pasted_content_25.txt, Skyline Towers 10-Point Financial OS Design Package, user-supplied 2026-08-21",,jchappell2120,29,29,construction,yes,Inferred preliminary planning scenario. Replace line-by-line with source-backed evidence when available. | Calculated monthly planning series from scenario drivers; not actual project performance.
4,Skyline Towers,High-Rise Mixed-Use Development,Preliminary Planning — High,upside,financing,SCH-INT-29,monthly_interest,monthly interest — month 29,628833,usd,estimated,"pasted_content_25.txt, Skyline Towers 10-Point Financial OS Design Package, user-supplied 2026-08-21",,jchappell2120,29,29,construction,yes,Inferred preliminary planning scenario. Replace line-by-line with source-backed evidence when available. | Calculated monthly planning series from scenario drivers; not actual project performance.
4,Skyline Towers,High-Rise Mixed-Use Development,Preliminary Planning — High,upside,cash_flow,SCH-CF-29,monthly_levered_cash_flow,monthly levered cash flow — month 29,-3579071,usd,estimated,"pasted_content_25.txt, Skyline Towers 10-Point Financial OS Design Package, user-supplied 2026-08-21",,jchappell2120,29,29,construction,yes,Inferred preliminary planning scenario. Replace line-by-line with source-backed evidence when available. | Calculated monthly planning series from scenario drivers; not actual project performance.
4,Skyline Towers,High-Rise Mixed-Use Development,Preliminary Planning — High,upside,capital_deployment,SCH-COST-30,monthly_development_spend,monthly development spend — month 30,3500000,usd,estimated,"pasted_content_25.txt, Skyline Towers 10-Point Financial OS Design Package, user-supplied 2026-08-21",,jchappell2120,30,30,construction,yes,Inferred preliminary planning scenario. Replace line-by-line with source-backed evidence when available. | Calculated monthly planning series from scenario drivers; not actual project performance.
4,Skyline Towers,High-Rise Mixed-Use Development,Preliminary Planning — High,upside,schedule,SCH-CUM-30,cumulative_deployment_bps,cumulative deployment bps — month 30,10000,percentage_bps,estimated,"pasted_content_25.txt, Skyline Towers 10-Point Financial OS Design Package, user-supplied 2026-08-21",,jchappell2120,30,30,construction,yes,Inferred preliminary planning scenario. Replace line-by-line with source-backed evidence when available. | Calculated monthly planning series from scenario drivers; not actual project performance.
4,Skyline Towers,High-Rise Mixed-Use Development,Preliminary Planning — High,upside,schedule,SCH-OCC-30,occupancy_bps,occupancy bps — month 30,6500,percentage_bps,estimated,"pasted_content_25.txt, Skyline Towers 10-Point Financial OS Design Package, user-supplied 2026-08-21",,jchappell2120,30,30,construction,yes,Inferred preliminary planning scenario. Replace line-by-line with source-backed evidence when available. | Calculated monthly planning series from scenario drivers; not actual project performance.
4,Skyline Towers,High-Rise Mixed-Use Development,Preliminary Planning — High,upside,revenue,SCH-REV-30,monthly_effective_revenue,monthly effective revenue — month 30,1020988,usd,estimated,"pasted_content_25.txt, Skyline Towers 10-Point Financial OS Design Package, user-supplied 2026-08-21",,jchappell2120,30,30,construction,yes,Inferred preliminary planning scenario. Replace line-by-line with source-backed evidence when available. | Calculated monthly planning series from scenario drivers; not actual project performance.
4,Skyline Towers,High-Rise Mixed-Use Development,Preliminary Planning — High,upside,operations,SCH-OPEX-30,monthly_operating_expense,monthly operating expense — month 30,306296,usd,estimated,"pasted_content_25.txt, Skyline Towers 10-Point Financial OS Design Package, user-supplied 2026-08-21",,jchappell2120,30,30,construction,yes,Inferred preliminary planning scenario. Replace line-by-line with source-backed evidence when available. | Calculated monthly planning series from scenario drivers; not actual project performance.
4,Skyline Towers,High-Rise Mixed-Use Development,Preliminary Planning — High,upside,financing,SCH-DRAW-30,monthly_debt_draw,monthly debt draw — month 30,2200000,usd,estimated,"pasted_content_25.txt, Skyline Towers 10-Point Financial OS Design Package, user-supplied 2026-08-21",,jchappell2120,30,30,construction,yes,Inferred preliminary planning scenario. Replace line-by-line with source-backed evidence when available. | Calculated monthly planning series from scenario drivers; not actual project performance.
4,Skyline Towers,High-Rise Mixed-Use Development,Preliminary Planning — High,upside,financing,SCH-INT-30,monthly_interest,monthly interest — month 30,641667,usd,estimated,"pasted_content_25.txt, Skyline Towers 10-Point Financial OS Design Package, user-supplied 2026-08-21",,jchappell2120,30,30,construction,yes,Inferred preliminary planning scenario. Replace line-by-line with source-backed evidence when available. | Calculated monthly planning series from scenario drivers; not actual project performance.
4,Skyline Towers,High-Rise Mixed-Use Development,Preliminary Planning — High,upside,cash_flow,SCH-CF-30,monthly_levered_cash_flow,monthly levered cash flow — month 30,-3426975,usd,estimated,"pasted_content_25.txt, Skyline Towers 10-Point Financial OS Design Package, user-supplied 2026-08-21",,jchappell2120,30,30,construction,yes,Inferred preliminary planning scenario. Replace line-by-line with source-backed evidence when available. | Calculated monthly planning series from scenario drivers; not actual project performance.
4,Skyline Towers,High-Rise Mixed-Use Development,Preliminary Planning — High,upside,capital_deployment,SCH-COST-31,monthly_development_spend,monthly development spend — month 31,0,usd,estimated,"pasted_content_25.txt, Skyline Towers 10-Point Financial OS Design Package, user-supplied 2026-08-21",,jchappell2120,31,31,lease_up_stabilization,yes,Inferred preliminary planning scenario. Replace line-by-line with source-backed evidence when available. | Calculated monthly planning series from scenario drivers; not actual project performance.
4,Skyline Towers,High-Rise Mixed-Use Development,Preliminary Planning — High,upside,schedule,SCH-CUM-31,cumulative_deployment_bps,cumulative deployment bps — month 31,10000,percentage_bps,estimated,"pasted_content_25.txt, Skyline Towers 10-Point Financial OS Design Package, user-supplied 2026-08-21",,jchappell2120,31,31,lease_up_stabilization,yes,Inferred preliminary planning scenario. Replace line-by-line with source-backed evidence when available. | Calculated monthly planning series from scenario drivers; not actual project performance.
4,Skyline Towers,High-Rise Mixed-Use Development,Preliminary Planning — High,upside,schedule,SCH-OCC-31,occupancy_bps,occupancy bps — month 31,7700,percentage_bps,estimated,"pasted_content_25.txt, Skyline Towers 10-Point Financial OS Design Package, user-supplied 2026-08-21",,jchappell2120,31,31,lease_up_stabilization,yes,Inferred preliminary planning scenario. Replace line-by-line with source-backed evidence when available. | Calculated monthly planning series from scenario drivers; not actual project performance.
4,Skyline Towers,High-Rise Mixed-Use Development,Preliminary Planning — High,upside,revenue,SCH-REV-31,monthly_effective_revenue,monthly effective revenue — month 31,1209478,usd,estimated,"pasted_content_25.txt, Skyline Towers 10-Point Financial OS Design Package, user-supplied 2026-08-21",,jchappell2120,31,31,lease_up_stabilization,yes,Inferred preliminary planning scenario. Replace line-by-line with source-backed evidence when available. | Calculated monthly planning series from scenario drivers; not actual project performance.
4,Skyline Towers,High-Rise Mixed-Use Development,Preliminary Planning — High,upside,operations,SCH-OPEX-31,monthly_operating_expense,monthly operating expense — month 31,362843,usd,estimated,"pasted_content_25.txt, Skyline Towers 10-Point Financial OS Design Package, user-supplied 2026-08-21",,jchappell2120,31,31,lease_up_stabilization,yes,Inferred preliminary planning scenario. Replace line-by-line with source-backed evidence when available. | Calculated monthly planning series from scenario drivers; not actual project performance.
4,Skyline Towers,High-Rise Mixed-Use Development,Preliminary Planning — High,upside,financing,SCH-DRAW-31,monthly_debt_draw,monthly debt draw — month 31,0,usd,estimated,"pasted_content_25.txt, Skyline Towers 10-Point Financial OS Design Package, user-supplied 2026-08-21",,jchappell2120,31,31,lease_up_stabilization,yes,Inferred preliminary planning scenario. Replace line-by-line with source-backed evidence when available. | Calculated monthly planning series from scenario drivers; not actual project performance.
4,Skyline Towers,High-Rise Mixed-Use Development,Preliminary Planning — High,upside,financing,SCH-INT-31,monthly_interest,monthly interest — month 31,641667,usd,estimated,"pasted_content_25.txt, Skyline Towers 10-Point Financial OS Design Package, user-supplied 2026-08-21",,jchappell2120,31,31,lease_up_stabilization,yes,Inferred preliminary planning scenario. Replace line-by-line with source-backed evidence when available. | Calculated monthly planning series from scenario drivers; not actual project performance.
4,Skyline Towers,High-Rise Mixed-Use Development,Preliminary Planning — High,upside,cash_flow,SCH-CF-31,monthly_levered_cash_flow,monthly levered cash flow — month 31,204968,usd,estimated,"pasted_content_25.txt, Skyline Towers 10-Point Financial OS Design Package, user-supplied 2026-08-21",,jchappell2120,31,31,lease_up_stabilization,yes,Inferred preliminary planning scenario. Replace line-by-line with source-backed evidence when available. | Calculated monthly planning series from scenario drivers; not actual project performance.
4,Skyline Towers,High-Rise Mixed-Use Development,Preliminary Planning — High,upside,capital_deployment,SCH-COST-32,monthly_development_spend,monthly development spend — month 32,0,usd,estimated,"pasted_content_25.txt, Skyline Towers 10-Point Financial OS Design Package, user-supplied 2026-08-21",,jchappell2120,32,32,lease_up_stabilization,yes,Inferred preliminary planning scenario. Replace line-by-line with source-backed evidence when available. | Calculated monthly planning series from scenario drivers; not actual project performance.
4,Skyline Towers,High-Rise Mixed-Use Development,Preliminary Planning — High,upside,schedule,SCH-CUM-32,cumulative_deployment_bps,cumulative deployment bps — month 32,10000,percentage_bps,estimated,"pasted_content_25.txt, Skyline Towers 10-Point Financial OS Design Package, user-supplied 2026-08-21",,jchappell2120,32,32,lease_up_stabilization,yes,Inferred preliminary planning scenario. Replace line-by-line with source-backed evidence when available. | Calculated monthly planning series from scenario drivers; not actual project performance.
4,Skyline Towers,High-Rise Mixed-Use Development,Preliminary Planning — High,upside,schedule,SCH-OCC-32,occupancy_bps,occupancy bps — month 32,8500,percentage_bps,estimated,"pasted_content_25.txt, Skyline Towers 10-Point Financial OS Design Package, user-supplied 2026-08-21",,jchappell2120,32,32,lease_up_stabilization,yes,Inferred preliminary planning scenario. Replace line-by-line with source-backed evidence when available. | Calculated monthly planning series from scenario drivers; not actual project performance.
4,Skyline Towers,High-Rise Mixed-Use Development,Preliminary Planning — High,upside,revenue,SCH-REV-32,monthly_effective_revenue,monthly effective revenue — month 32,1335138,usd,estimated,"pasted_content_25.txt, Skyline Towers 10-Point Financial OS Design Package, user-supplied 2026-08-21",,jchappell2120,32,32,lease_up_stabilization,yes,Inferred preliminary planning scenario. Replace line-by-line with source-backed evidence when available. | Calculated monthly planning series from scenario drivers; not actual project performance.
4,Skyline Towers,High-Rise Mixed-Use Development,Preliminary Planning — High,upside,operations,SCH-OPEX-32,monthly_operating_expense,monthly operating expense — month 32,400541,usd,estimated,"pasted_content_25.txt, Skyline Towers 10-Point Financial OS Design Package, user-supplied 2026-08-21",,jchappell2120,32,32,lease_up_stabilization,yes,Inferred preliminary planning scenario. Replace line-by-line with source-backed evidence when available. | Calculated monthly planning series from scenario drivers; not actual project performance.
4,Skyline Towers,High-Rise Mixed-Use Development,Preliminary Planning — High,upside,financing,SCH-DRAW-32,monthly_debt_draw,monthly debt draw — month 32,0,usd,estimated,"pasted_content_25.txt, Skyline Towers 10-Point Financial OS Design Package, user-supplied 2026-08-21",,jchappell2120,32,32,lease_up_stabilization,yes,Inferred preliminary planning scenario. Replace line-by-line with source-backed evidence when available. | Calculated monthly planning series from scenario drivers; not actual project performance.
4,Skyline Towers,High-Rise Mixed-Use Development,Preliminary Planning — High,upside,financing,SCH-INT-32,monthly_interest,monthly interest — month 32,641667,usd,estimated,"pasted_content_25.txt, Skyline Towers 10-Point Financial OS Design Package, user-supplied 2026-08-21",,jchappell2120,32,32,lease_up_stabilization,yes,Inferred preliminary planning scenario. Replace line-by-line with source-backed evidence when available. | Calculated monthly planning series from scenario drivers; not actual project performance.
4,Skyline Towers,High-Rise Mixed-Use Development,Preliminary Planning — High,upside,cash_flow,SCH-CF-32,monthly_levered_cash_flow,monthly levered cash flow — month 32,292930,usd,estimated,"pasted_content_25.txt, Skyline Towers 10-Point Financial OS Design Package, user-supplied 2026-08-21",,jchappell2120,32,32,lease_up_stabilization,yes,Inferred preliminary planning scenario. Replace line-by-line with source-backed evidence when available. | Calculated monthly planning series from scenario drivers; not actual project performance.
4,Skyline Towers,High-Rise Mixed-Use Development,Preliminary Planning — High,upside,capital_deployment,SCH-COST-33,monthly_development_spend,monthly development spend — month 33,0,usd,estimated,"pasted_content_25.txt, Skyline Towers 10-Point Financial OS Design Package, user-supplied 2026-08-21",,jchappell2120,33,33,lease_up_stabilization,yes,Inferred preliminary planning scenario. Replace line-by-line with source-backed evidence when available. | Calculated monthly planning series from scenario drivers; not actual project performance.
4,Skyline Towers,High-Rise Mixed-Use Development,Preliminary Planning — High,upside,schedule,SCH-CUM-33,cumulative_deployment_bps,cumulative deployment bps — month 33,10000,percentage_bps,estimated,"pasted_content_25.txt, Skyline Towers 10-Point Financial OS Design Package, user-supplied 2026-08-21",,jchappell2120,33,33,lease_up_stabilization,yes,Inferred preliminary planning scenario. Replace line-by-line with source-backed evidence when available. | Calculated monthly planning series from scenario drivers; not actual project performance.
4,Skyline Towers,High-Rise Mixed-Use Development,Preliminary Planning — High,upside,schedule,SCH-OCC-33,occupancy_bps,occupancy bps — month 33,9000,percentage_bps,estimated,"pasted_content_25.txt, Skyline Towers 10-Point Financial OS Design Package, user-supplied 2026-08-21",,jchappell2120,33,33,lease_up_stabilization,yes,Inferred preliminary planning scenario. Replace line-by-line with source-backed evidence when available. | Calculated monthly planning series from scenario drivers; not actual project performance.
4,Skyline Towers,High-Rise Mixed-Use Development,Preliminary Planning — High,upside,revenue,SCH-REV-33,monthly_effective_revenue,monthly effective revenue — month 33,1413675,usd,estimated,"pasted_content_25.txt, Skyline Towers 10-Point Financial OS Design Package, user-supplied 2026-08-21",,jchappell2120,33,33,lease_up_stabilization,yes,Inferred preliminary planning scenario. Replace line-by-line with source-backed evidence when available. | Calculated monthly planning series from scenario drivers; not actual project performance.
4,Skyline Towers,High-Rise Mixed-Use Development,Preliminary Planning — High,upside,operations,SCH-OPEX-33,monthly_operating_expense,monthly operating expense — month 33,424103,usd,estimated,"pasted_content_25.txt, Skyline Towers 10-Point Financial OS Design Package, user-supplied 2026-08-21",,jchappell2120,33,33,lease_up_stabilization,yes,Inferred preliminary planning scenario. Replace line-by-line with source-backed evidence when available. | Calculated monthly planning series from scenario drivers; not actual project performance.
4,Skyline Towers,High-Rise Mixed-Use Development,Preliminary Planning — High,upside,financing,SCH-DRAW-33,monthly_debt_draw,monthly debt draw — month 33,0,usd,estimated,"pasted_content_25.txt, Skyline Towers 10-Point Financial OS Design Package, user-supplied 2026-08-21",,jchappell2120,33,33,lease_up_stabilization,yes,Inferred preliminary planning scenario. Replace line-by-line with source-backed evidence when available. | Calculated monthly planning series from scenario drivers; not actual project performance.
4,Skyline Towers,High-Rise Mixed-Use Development,Preliminary Planning — High,upside,financing,SCH-INT-33,monthly_interest,monthly interest — month 33,641667,usd,estimated,"pasted_content_25.txt, Skyline Towers 10-Point Financial OS Design Package, user-supplied 2026-08-21",,jchappell2120,33,33,lease_up_stabilization,yes,Inferred preliminary planning scenario. Replace line-by-line with source-backed evidence when available. | Calculated monthly planning series from scenario drivers; not actual project performance.
4,Skyline Towers,High-Rise Mixed-Use Development,Preliminary Planning — High,upside,cash_flow,SCH-CF-33,monthly_levered_cash_flow,monthly levered cash flow — month 33,347905,usd,estimated,"pasted_content_25.txt, Skyline Towers 10-Point Financial OS Design Package, user-supplied 2026-08-21",,jchappell2120,33,33,lease_up_stabilization,yes,Inferred preliminary planning scenario. Replace line-by-line with source-backed evidence when available. | Calculated monthly planning series from scenario drivers; not actual project performance.
4,Skyline Towers,High-Rise Mixed-Use Development,Preliminary Planning — High,upside,capital_deployment,SCH-COST-34,monthly_development_spend,monthly development spend — month 34,0,usd,estimated,"pasted_content_25.txt, Skyline Towers 10-Point Financial OS Design Package, user-supplied 2026-08-21",,jchappell2120,34,34,lease_up_stabilization,yes,Inferred preliminary planning scenario. Replace line-by-line with source-backed evidence when available. | Calculated monthly planning series from scenario drivers; not actual project performance.
4,Skyline Towers,High-Rise Mixed-Use Development,Preliminary Planning — High,upside,schedule,SCH-CUM-34,cumulative_deployment_bps,cumulative deployment bps — month 34,10000,percentage_bps,estimated,"pasted_content_25.txt, Skyline Towers 10-Point Financial OS Design Package, user-supplied 2026-08-21",,jchappell2120,34,34,lease_up_stabilization,yes,Inferred preliminary planning scenario. Replace line-by-line with source-backed evidence when available. | Calculated monthly planning series from scenario drivers; not actual project performance.
4,Skyline Towers,High-Rise Mixed-Use Development,Preliminary Planning — High,upside,schedule,SCH-OCC-34,occupancy_bps,occupancy bps — month 34,9300,percentage_bps,estimated,"pasted_content_25.txt, Skyline Towers 10-Point Financial OS Design Package, user-supplied 2026-08-21",,jchappell2120,34,34,lease_up_stabilization,yes,Inferred preliminary planning scenario. Replace line-by-line with source-backed evidence when available. | Calculated monthly planning series from scenario drivers; not actual project performance.
4,Skyline Towers,High-Rise Mixed-Use Development,Preliminary Planning — High,upside,revenue,SCH-REV-34,monthly_effective_revenue,monthly effective revenue — month 34,1460798,usd,estimated,"pasted_content_25.txt, Skyline Towers 10-Point Financial OS Design Package, user-supplied 2026-08-21",,jchappell2120,34,34,lease_up_stabilization,yes,Inferred preliminary planning scenario. Replace line-by-line with source-backed evidence when available. | Calculated monthly planning series from scenario drivers; not actual project performance.
4,Skyline Towers,High-Rise Mixed-Use Development,Preliminary Planning — High,upside,operations,SCH-OPEX-34,monthly_operating_expense,monthly operating expense — month 34,438239,usd,estimated,"pasted_content_25.txt, Skyline Towers 10-Point Financial OS Design Package, user-supplied 2026-08-21",,jchappell2120,34,34,lease_up_stabilization,yes,Inferred preliminary planning scenario. Replace line-by-line with source-backed evidence when available. | Calculated monthly planning series from scenario drivers; not actual project performance.
4,Skyline Towers,High-Rise Mixed-Use Development,Preliminary Planning — High,upside,financing,SCH-DRAW-34,monthly_debt_draw,monthly debt draw — month 34,0,usd,estimated,"pasted_content_25.txt, Skyline Towers 10-Point Financial OS Design Package, user-supplied 2026-08-21",,jchappell2120,34,34,lease_up_stabilization,yes,Inferred preliminary planning scenario. Replace line-by-line with source-backed evidence when available. | Calculated monthly planning series from scenario drivers; not actual project performance.
4,Skyline Towers,High-Rise Mixed-Use Development,Preliminary Planning — High,upside,financing,SCH-INT-34,monthly_interest,monthly interest — month 34,641667,usd,estimated,"pasted_content_25.txt, Skyline Towers 10-Point Financial OS Design Package, user-supplied 2026-08-21",,jchappell2120,34,34,lease_up_stabilization,yes,Inferred preliminary planning scenario. Replace line-by-line with source-backed evidence when available. | Calculated monthly planning series from scenario drivers; not actual project performance.
4,Skyline Towers,High-Rise Mixed-Use Development,Preliminary Planning — High,upside,cash_flow,SCH-CF-34,monthly_levered_cash_flow,monthly levered cash flow — month 34,380892,usd,estimated,"pasted_content_25.txt, Skyline Towers 10-Point Financial OS Design Package, user-supplied 2026-08-21",,jchappell2120,34,34,lease_up_stabilization,yes,Inferred preliminary planning scenario. Replace line-by-line with source-backed evidence when available. | Calculated monthly planning series from scenario drivers; not actual project performance.
4,Skyline Towers,High-Rise Mixed-Use Development,Preliminary Planning — High,upside,capital_deployment,SCH-COST-35,monthly_development_spend,monthly development spend — month 35,0,usd,estimated,"pasted_content_25.txt, Skyline Towers 10-Point Financial OS Design Package, user-supplied 2026-08-21",,jchappell2120,35,35,lease_up_stabilization,yes,Inferred preliminary planning scenario. Replace line-by-line with source-backed evidence when available. | Calculated monthly planning series from scenario drivers; not actual project performance.
4,Skyline Towers,High-Rise Mixed-Use Development,Preliminary Planning — High,upside,schedule,SCH-CUM-35,cumulative_deployment_bps,cumulative deployment bps — month 35,10000,percentage_bps,estimated,"pasted_content_25.txt, Skyline Towers 10-Point Financial OS Design Package, user-supplied 2026-08-21",,jchappell2120,35,35,lease_up_stabilization,yes,Inferred preliminary planning scenario. Replace line-by-line with source-backed evidence when available. | Calculated monthly planning series from scenario drivers; not actual project performance.
4,Skyline Towers,High-Rise Mixed-Use Development,Preliminary Planning — High,upside,schedule,SCH-OCC-35,occupancy_bps,occupancy bps — month 35,9700,percentage_bps,estimated,"pasted_content_25.txt, Skyline Towers 10-Point Financial OS Design Package, user-supplied 2026-08-21",,jchappell2120,35,35,lease_up_stabilization,yes,Inferred preliminary planning scenario. Replace line-by-line with source-backed evidence when available. | Calculated monthly planning series from scenario drivers; not actual project performance.
4,Skyline Towers,High-Rise Mixed-Use Development,Preliminary Planning — High,upside,revenue,SCH-REV-35,monthly_effective_revenue,monthly effective revenue — month 35,1523628,usd,estimated,"pasted_content_25.txt, Skyline Towers 10-Point Financial OS Design Package, user-supplied 2026-08-21",,jchappell2120,35,35,lease_up_stabilization,yes,Inferred preliminary planning scenario. Replace line-by-line with source-backed evidence when available. | Calculated monthly planning series from scenario drivers; not actual project performance.
4,Skyline Towers,High-Rise Mixed-Use Development,Preliminary Planning — High,upside,operations,SCH-OPEX-35,monthly_operating_expense,monthly operating expense — month 35,457088,usd,estimated,"pasted_content_25.txt, Skyline Towers 10-Point Financial OS Design Package, user-supplied 2026-08-21",,jchappell2120,35,35,lease_up_stabilization,yes,Inferred preliminary planning scenario. Replace line-by-line with source-backed evidence when available. | Calculated monthly planning series from scenario drivers; not actual project performance.
4,Skyline Towers,High-Rise Mixed-Use Development,Preliminary Planning — High,upside,financing,SCH-DRAW-35,monthly_debt_draw,monthly debt draw — month 35,0,usd,estimated,"pasted_content_25.txt, Skyline Towers 10-Point Financial OS Design Package, user-supplied 2026-08-21",,jchappell2120,35,35,lease_up_stabilization,yes,Inferred preliminary planning scenario. Replace line-by-line with source-backed evidence when available. | Calculated monthly planning series from scenario drivers; not actual project performance.
4,Skyline Towers,High-Rise Mixed-Use Development,Preliminary Planning — High,upside,financing,SCH-INT-35,monthly_interest,monthly interest — month 35,641667,usd,estimated,"pasted_content_25.txt, Skyline Towers 10-Point Financial OS Design Package, user-supplied 2026-08-21",,jchappell2120,35,35,lease_up_stabilization,yes,Inferred preliminary planning scenario. Replace line-by-line with source-backed evidence when available. | Calculated monthly planning series from scenario drivers; not actual project performance.
4,Skyline Towers,High-Rise Mixed-Use Development,Preliminary Planning — High,upside,cash_flow,SCH-CF-35,monthly_levered_cash_flow,monthly levered cash flow — month 35,424873,usd,estimated,"pasted_content_25.txt, Skyline Towers 10-Point Financial OS Design Package, user-supplied 2026-08-21",,jchappell2120,35,35,lease_up_stabilization,yes,Inferred preliminary planning scenario. Replace line-by-line with source-backed evidence when available. | Calculated monthly planning series from scenario drivers; not actual project performance.
4,Skyline Towers,High-Rise Mixed-Use Development,Preliminary Planning — High,upside,capital_deployment,SCH-COST-36,monthly_development_spend,monthly development spend — month 36,0,usd,estimated,"pasted_content_25.txt, Skyline Towers 10-Point Financial OS Design Package, user-supplied 2026-08-21",,jchappell2120,36,36,lease_up_stabilization,yes,Inferred preliminary planning scenario. Replace line-by-line with source-backed evidence when available. | Calculated monthly planning series from scenario drivers; not actual project performance.
4,Skyline Towers,High-Rise Mixed-Use Development,Preliminary Planning — High,upside,schedule,SCH-CUM-36,cumulative_deployment_bps,cumulative deployment bps — month 36,10000,percentage_bps,estimated,"pasted_content_25.txt, Skyline Towers 10-Point Financial OS Design Package, user-supplied 2026-08-21",,jchappell2120,36,36,lease_up_stabilization,yes,Inferred preliminary planning scenario. Replace line-by-line with source-backed evidence when available. | Calculated monthly planning series from scenario drivers; not actual project performance.
4,Skyline Towers,High-Rise Mixed-Use Development,Preliminary Planning — High,upside,schedule,SCH-OCC-36,occupancy_bps,occupancy bps — month 36,9700,percentage_bps,estimated,"pasted_content_25.txt, Skyline Towers 10-Point Financial OS Design Package, user-supplied 2026-08-21",,jchappell2120,36,36,lease_up_stabilization,yes,Inferred preliminary planning scenario. Replace line-by-line with source-backed evidence when available. | Calculated monthly planning series from scenario drivers; not actual project performance.
4,Skyline Towers,High-Rise Mixed-Use Development,Preliminary Planning — High,upside,revenue,SCH-REV-36,monthly_effective_revenue,monthly effective revenue — month 36,1523628,usd,estimated,"pasted_content_25.txt, Skyline Towers 10-Point Financial OS Design Package, user-supplied 2026-08-21",,jchappell2120,36,36,lease_up_stabilization,yes,Inferred preliminary planning scenario. Replace line-by-line with source-backed evidence when available. | Calculated monthly planning series from scenario drivers; not actual project performance.
4,Skyline Towers,High-Rise Mixed-Use Development,Preliminary Planning — High,upside,operations,SCH-OPEX-36,monthly_operating_expense,monthly operating expense — month 36,457088,usd,estimated,"pasted_content_25.txt, Skyline Towers 10-Point Financial OS Design Package, user-supplied 2026-08-21",,jchappell2120,36,36,lease_up_stabilization,yes,Inferred preliminary planning scenario. Replace line-by-line with source-backed evidence when available. | Calculated monthly planning series from scenario drivers; not actual project performance.
4,Skyline Towers,High-Rise Mixed-Use Development,Preliminary Planning — High,upside,financing,SCH-DRAW-36,monthly_debt_draw,monthly debt draw — month 36,0,usd,estimated,"pasted_content_25.txt, Skyline Towers 10-Point Financial OS Design Package, user-supplied 2026-08-21",,jchappell2120,36,36,lease_up_stabilization,yes,Inferred preliminary planning scenario. Replace line-by-line with source-backed evidence when available. | Calculated monthly planning series from scenario drivers; not actual project performance.
4,Skyline Towers,High-Rise Mixed-Use Development,Preliminary Planning — High,upside,financing,SCH-INT-36,monthly_interest,monthly interest — month 36,641667,usd,estimated,"pasted_content_25.txt, Skyline Towers 10-Point Financial OS Design Package, user-supplied 2026-08-21",,jchappell2120,36,36,lease_up_stabilization,yes,Inferred preliminary planning scenario. Replace line-by-line with source-backed evidence when available. | Calculated monthly planning series from scenario drivers; not actual project performance.
4,Skyline Towers,High-Rise Mixed-Use Development,Preliminary Planning — High,upside,cash_flow,SCH-CF-36,monthly_levered_cash_flow,monthly levered cash flow — month 36,424873,usd,estimated,"pasted_content_25.txt, Skyline Towers 10-Point Financial OS Design Package, user-supplied 2026-08-21",,jchappell2120,36,36,lease_up_stabilization,yes,Inferred preliminary planning scenario. Replace line-by-line with source-backed evidence when available. | Calculated monthly planning series from scenario drivers; not actual project performance.
