project_id,project_name,project_type,scenario_name,scenario_type,record_group,sku_id,metric,description,value,unit,data_state,source_reference,effective_date,owner_name,month_start,month_end,phase,include_in_model,notes
5,Chappell International Manufacturing Facility,Manufacturing / Industrial Facility,Historical Planning — Facility CapEx,custom,project_identity,IDENT-001,project_stage,project stage,development,other,estimated,"pasted_content_20.txt, CE Development Portfolio Financial Baseline, user-supplied 2026-08-21",,jchappell2120,,,,yes,Estimated/user-supplied facility CapEx scenario. The $300M broader CE scaling reference is retained separately and is not facility CapEx or funded capital.
5,Chappell International Manufacturing Facility,Manufacturing / Industrial Facility,Historical Planning — Facility CapEx,custom,project_identity,IDENT-002,program_units,program units,4,units,estimated,"pasted_content_20.txt, CE Development Portfolio Financial Baseline, user-supplied 2026-08-21",,jchappell2120,,,,yes,Estimated/user-supplied facility CapEx scenario. The $300M broader CE scaling reference is retained separately and is not facility CapEx or funded capital.
5,Chappell International Manufacturing Facility,Manufacturing / Industrial Facility,Historical Planning — Facility CapEx,custom,project_identity,IDENT-003,program_buildings,program buildings,1,units,estimated,"pasted_content_20.txt, CE Development Portfolio Financial Baseline, user-supplied 2026-08-21",,jchappell2120,,,,yes,Estimated/user-supplied facility CapEx scenario. The $300M broader CE scaling reference is retained separately and is not facility CapEx or funded capital.
5,Chappell International Manufacturing Facility,Manufacturing / Industrial Facility,Historical Planning — Facility CapEx,custom,project_identity,IDENT-004,program_residential_sf,program residential sf,100000,sf,estimated,"pasted_content_20.txt, CE Development Portfolio Financial Baseline, user-supplied 2026-08-21",,jchappell2120,,,,yes,Estimated/user-supplied facility CapEx scenario. The $300M broader CE scaling reference is retained separately and is not facility CapEx or funded capital.
5,Chappell International Manufacturing Facility,Manufacturing / Industrial Facility,Historical Planning — Facility CapEx,custom,project_identity,IDENT-005,program_gross_sf,program gross sf,100000,sf,estimated,"pasted_content_20.txt, CE Development Portfolio Financial Baseline, user-supplied 2026-08-21",,jchappell2120,,,,yes,Estimated/user-supplied facility CapEx scenario. The $300M broader CE scaling reference is retained separately and is not facility CapEx or funded capital.
5,Chappell International Manufacturing Facility,Manufacturing / Industrial Facility,Historical Planning — Facility CapEx,custom,scenario_driver,DRV-001,development_cost,development cost,41000000,usd,estimated,"pasted_content_20.txt, CE Development Portfolio Financial Baseline, user-supplied 2026-08-21",,jchappell2120,,,,yes,Estimated/user-supplied facility CapEx scenario. The $300M broader CE scaling reference is retained separately and is not facility CapEx or funded capital.
5,Chappell International Manufacturing Facility,Manufacturing / Industrial Facility,Historical Planning — Facility CapEx,custom,scenario_driver,DRV-002,development_cost_per_unit,development cost per unit,10250000,usd_per_unit,estimated,"pasted_content_20.txt, CE Development Portfolio Financial Baseline, user-supplied 2026-08-21",,jchappell2120,,,,yes,Estimated/user-supplied facility CapEx scenario. The $300M broader CE scaling reference is retained separately and is not facility CapEx or funded capital.
5,Chappell International Manufacturing Facility,Manufacturing / Industrial Facility,Historical Planning — Facility CapEx,custom,scenario_driver,DRV-003,development_cost_per_gross_sf,development cost per gross sf,410,usd_per_sf,estimated,"pasted_content_20.txt, CE Development Portfolio Financial Baseline, user-supplied 2026-08-21",,jchappell2120,,,,yes,Estimated/user-supplied facility CapEx scenario. The $300M broader CE scaling reference is retained separately and is not facility CapEx or funded capital.
5,Chappell International Manufacturing Facility,Manufacturing / Industrial Facility,Historical Planning — Facility CapEx,custom,scenario_driver,DRV-004,stabilized_occupancy_bps,stabilized occupancy bps,8500,percentage_bps,estimated,"pasted_content_20.txt, CE Development Portfolio Financial Baseline, user-supplied 2026-08-21",,jchappell2120,,,,yes,Estimated/user-supplied facility CapEx scenario. The $300M broader CE scaling reference is retained separately and is not facility CapEx or funded capital.
5,Chappell International Manufacturing Facility,Manufacturing / Industrial Facility,Historical Planning — Facility CapEx,custom,scenario_driver,DRV-005,operating_expense_ratio_bps,operating expense ratio bps,4500,percentage_bps,estimated,"pasted_content_20.txt, CE Development Portfolio Financial Baseline, user-supplied 2026-08-21",,jchappell2120,,,,yes,Estimated/user-supplied facility CapEx scenario. The $300M broader CE scaling reference is retained separately and is not facility CapEx or funded capital.
5,Chappell International Manufacturing Facility,Manufacturing / Industrial Facility,Historical Planning — Facility CapEx,custom,scenario_driver,DRV-006,construction_debt_commitment,construction debt commitment,26650000,usd,estimated,"pasted_content_20.txt, CE Development Portfolio Financial Baseline, user-supplied 2026-08-21",,jchappell2120,,,,yes,Estimated/user-supplied facility CapEx scenario. The $300M broader CE scaling reference is retained separately and is not facility CapEx or funded capital.
5,Chappell International Manufacturing Facility,Manufacturing / Industrial Facility,Historical Planning — Facility CapEx,custom,scenario_driver,DRV-007,construction_interest_rate_bps,construction interest rate bps,775,percentage_bps,estimated,"pasted_content_20.txt, CE Development Portfolio Financial Baseline, user-supplied 2026-08-21",,jchappell2120,,,,yes,Estimated/user-supplied facility CapEx scenario. The $300M broader CE scaling reference is retained separately and is not facility CapEx or funded capital.
5,Chappell International Manufacturing Facility,Manufacturing / Industrial Facility,Historical Planning — Facility CapEx,custom,scenario_driver,DRV-008,construction_interest_only_months,construction interest only months,24,months,estimated,"pasted_content_20.txt, CE Development Portfolio Financial Baseline, user-supplied 2026-08-21",,jchappell2120,,,,yes,Estimated/user-supplied facility CapEx scenario. The $300M broader CE scaling reference is retained separately and is not facility CapEx or funded capital.
5,Chappell International Manufacturing Facility,Manufacturing / Industrial Facility,Historical Planning — Facility CapEx,custom,scenario_driver,DRV-009,amortization_months,amortization months,360,months,estimated,"pasted_content_20.txt, CE Development Portfolio Financial Baseline, user-supplied 2026-08-21",,jchappell2120,,,,yes,Estimated/user-supplied facility CapEx scenario. The $300M broader CE scaling reference is retained separately and is not facility CapEx or funded capital.
5,Chappell International Manufacturing Facility,Manufacturing / Industrial Facility,Historical Planning — Facility CapEx,custom,scenario_driver,DRV-010,financing_fee_bps,financing fee bps,125,percentage_bps,estimated,"pasted_content_20.txt, CE Development Portfolio Financial Baseline, user-supplied 2026-08-21",,jchappell2120,,,,yes,Estimated/user-supplied facility CapEx scenario. The $300M broader CE scaling reference is retained separately and is not facility CapEx or funded capital.
5,Chappell International Manufacturing Facility,Manufacturing / Industrial Facility,Historical Planning — Facility CapEx,custom,scenario_driver,DRV-011,exit_cap_rate_bps,exit cap rate bps,700,percentage_bps,estimated,"pasted_content_20.txt, CE Development Portfolio Financial Baseline, user-supplied 2026-08-21",,jchappell2120,,,,yes,Estimated/user-supplied facility CapEx scenario. The $300M broader CE scaling reference is retained separately and is not facility CapEx or funded capital.
5,Chappell International Manufacturing Facility,Manufacturing / Industrial Facility,Historical Planning — Facility CapEx,custom,scenario_driver,DRV-012,sale_cost_bps,sale cost bps,300,percentage_bps,estimated,"pasted_content_20.txt, CE Development Portfolio Financial Baseline, user-supplied 2026-08-21",,jchappell2120,,,,yes,Estimated/user-supplied facility CapEx scenario. The $300M broader CE scaling reference is retained separately and is not facility CapEx or funded capital.
5,Chappell International Manufacturing Facility,Manufacturing / Industrial Facility,Historical Planning — Facility CapEx,custom,industrial_driver,IND-001,facility_capex,facility capex,41000000,usd,estimated,"pasted_content_20.txt, CE Development Portfolio Financial Baseline, user-supplied 2026-08-21",,jchappell2120,,,,yes,Estimated/user-supplied facility CapEx scenario. The $300M broader CE scaling reference is retained separately and is not facility CapEx or funded capital.
5,Chappell International Manufacturing Facility,Manufacturing / Industrial Facility,Historical Planning — Facility CapEx,custom,industrial_driver,IND-002,detailed_capex_component,detailed capex component,5840000,usd,estimated,"pasted_content_20.txt, CE Development Portfolio Financial Baseline, user-supplied 2026-08-21",,jchappell2120,,,,yes,Estimated/user-supplied facility CapEx scenario. The $300M broader CE scaling reference is retained separately and is not facility CapEx or funded capital.
5,Chappell International Manufacturing Facility,Manufacturing / Industrial Facility,Historical Planning — Facility CapEx,custom,industrial_driver,IND-003,broader_ce_financing_reference,broader ce financing reference,300000000,usd,estimated,"pasted_content_20.txt, CE Development Portfolio Financial Baseline, user-supplied 2026-08-21",,jchappell2120,,,,yes,Historical broader CE scaling reference; exclude from facility capital stack and funding totals.
5,Chappell International Manufacturing Facility,Manufacturing / Industrial Facility,Historical Planning — Facility CapEx,custom,industrial_driver,IND-004,annual_production_capacity_units,annual production capacity units,2400,units,estimated,"pasted_content_20.txt, CE Development Portfolio Financial Baseline, user-supplied 2026-08-21",,jchappell2120,,,,yes,Estimated/user-supplied facility CapEx scenario. The $300M broader CE scaling reference is retained separately and is not facility CapEx or funded capital.
5,Chappell International Manufacturing Facility,Manufacturing / Industrial Facility,Historical Planning — Facility CapEx,custom,industrial_driver,IND-005,average_revenue_per_unit,average revenue per unit,42000,usd_per_unit,estimated,"pasted_content_20.txt, CE Development Portfolio Financial Baseline, user-supplied 2026-08-21",,jchappell2120,,,,yes,Estimated/user-supplied facility CapEx scenario. The $300M broader CE scaling reference is retained separately and is not facility CapEx or funded capital.
5,Chappell International Manufacturing Facility,Manufacturing / Industrial Facility,Historical Planning — Facility CapEx,custom,industrial_driver,IND-006,annual_potential_revenue,annual potential revenue,100800000,usd,estimated,"pasted_content_20.txt, CE Development Portfolio Financial Baseline, user-supplied 2026-08-21",,jchappell2120,,,,yes,Estimated/user-supplied facility CapEx scenario. The $300M broader CE scaling reference is retained separately and is not facility CapEx or funded capital.
5,Chappell International Manufacturing Facility,Manufacturing / Industrial Facility,Historical Planning — Facility CapEx,custom,wbs_budget,WBS-001,extended_cost,Facility site / acquisition — Land acquisition consideration,3485000,usd,estimated,"pasted_content_20.txt, CE Development Portfolio Financial Baseline, user-supplied 2026-08-21",,jchappell2120,,,predevelopment,yes,Estimated/user-supplied facility CapEx scenario. The $300M broader CE scaling reference is retained separately and is not facility CapEx or funded capital. | Standardized WBS category: land_acquisition; applicability: Project-wide.
5,Chappell International Manufacturing Facility,Manufacturing / Industrial Facility,Historical Planning — Facility CapEx,custom,wbs_budget,WBS-002,extended_cost,Facility site / acquisition — Acquisition due diligence,153750,usd,estimated,"pasted_content_20.txt, CE Development Portfolio Financial Baseline, user-supplied 2026-08-21",,jchappell2120,,,predevelopment,yes,Estimated/user-supplied facility CapEx scenario. The $300M broader CE scaling reference is retained separately and is not facility CapEx or funded capital. | Standardized WBS category: land_acquisition; applicability: Project-wide.
5,Chappell International Manufacturing Facility,Manufacturing / Industrial Facility,Historical Planning — Facility CapEx,custom,wbs_budget,WBS-003,extended_cost,Facility site / acquisition — Title and escrow,51250,usd,estimated,"pasted_content_20.txt, CE Development Portfolio Financial Baseline, user-supplied 2026-08-21",,jchappell2120,,,predevelopment,yes,Estimated/user-supplied facility CapEx scenario. The $300M broader CE scaling reference is retained separately and is not facility CapEx or funded capital. | Standardized WBS category: land_acquisition; applicability: Project-wide.
5,Chappell International Manufacturing Facility,Manufacturing / Industrial Facility,Historical Planning — Facility CapEx,custom,wbs_budget,WBS-004,extended_cost,Facility site / acquisition — Acquisition legal,51250,usd,estimated,"pasted_content_20.txt, CE Development Portfolio Financial Baseline, user-supplied 2026-08-21",,jchappell2120,,,predevelopment,yes,Estimated/user-supplied facility CapEx scenario. The $300M broader CE scaling reference is retained separately and is not facility CapEx or funded capital. | Standardized WBS category: land_acquisition; applicability: Project-wide.
5,Chappell International Manufacturing Facility,Manufacturing / Industrial Facility,Historical Planning — Facility CapEx,custom,wbs_budget,WBS-005,extended_cost,Facility site / acquisition — Environmental review,51250,usd,estimated,"pasted_content_20.txt, CE Development Portfolio Financial Baseline, user-supplied 2026-08-21",,jchappell2120,,,predevelopment,yes,Estimated/user-supplied facility CapEx scenario. The $300M broader CE scaling reference is retained separately and is not facility CapEx or funded capital. | Standardized WBS category: land_acquisition; applicability: Project-wide.
5,Chappell International Manufacturing Facility,Manufacturing / Industrial Facility,Historical Planning — Facility CapEx,custom,wbs_budget,WBS-006,extended_cost,Facility site / acquisition — Boundary and topographic survey,51250,usd,estimated,"pasted_content_20.txt, CE Development Portfolio Financial Baseline, user-supplied 2026-08-21",,jchappell2120,,,predevelopment,yes,Estimated/user-supplied facility CapEx scenario. The $300M broader CE scaling reference is retained separately and is not facility CapEx or funded capital. | Standardized WBS category: land_acquisition; applicability: Project-wide.
5,Chappell International Manufacturing Facility,Manufacturing / Industrial Facility,Historical Planning — Facility CapEx,custom,wbs_budget,WBS-007,extended_cost,Facility site / acquisition — Geotechnical investigation,76875,usd,estimated,"pasted_content_20.txt, CE Development Portfolio Financial Baseline, user-supplied 2026-08-21",,jchappell2120,,,predevelopment,yes,Estimated/user-supplied facility CapEx scenario. The $300M broader CE scaling reference is retained separately and is not facility CapEx or funded capital. | Standardized WBS category: land_acquisition; applicability: Project-wide.
5,Chappell International Manufacturing Facility,Manufacturing / Industrial Facility,Historical Planning — Facility CapEx,custom,wbs_budget,WBS-008,extended_cost,Facility site / acquisition — Acquisition brokerage,51250,usd,estimated,"pasted_content_20.txt, CE Development Portfolio Financial Baseline, user-supplied 2026-08-21",,jchappell2120,,,predevelopment,yes,Estimated/user-supplied facility CapEx scenario. The $300M broader CE scaling reference is retained separately and is not facility CapEx or funded capital. | Standardized WBS category: land_acquisition; applicability: Project-wide.
5,Chappell International Manufacturing Facility,Manufacturing / Industrial Facility,Historical Planning — Facility CapEx,custom,wbs_budget,WBS-009,extended_cost,Facility site / acquisition — Demolition and clearing allowance,51250,usd,estimated,"pasted_content_20.txt, CE Development Portfolio Financial Baseline, user-supplied 2026-08-21",,jchappell2120,,,predevelopment,yes,Estimated/user-supplied facility CapEx scenario. The $300M broader CE scaling reference is retained separately and is not facility CapEx or funded capital. | Standardized WBS category: land_acquisition; applicability: Project-wide.
5,Chappell International Manufacturing Facility,Manufacturing / Industrial Facility,Historical Planning — Facility CapEx,custom,wbs_budget,WBS-010,extended_cost,Facility site / acquisition — Land closing reserve,76875,usd,estimated,"pasted_content_20.txt, CE Development Portfolio Financial Baseline, user-supplied 2026-08-21",,jchappell2120,,,predevelopment,yes,Estimated/user-supplied facility CapEx scenario. The $300M broader CE scaling reference is retained separately and is not facility CapEx or funded capital. | Standardized WBS category: land_acquisition; applicability: Project-wide.
5,Chappell International Manufacturing Facility,Manufacturing / Industrial Facility,Historical Planning — Facility CapEx,custom,wbs_budget,WBS-011,extended_cost,Manufacturing site / utilities — Mass grading,717500,usd,estimated,"pasted_content_20.txt, CE Development Portfolio Financial Baseline, user-supplied 2026-08-21",,jchappell2120,,,construction,yes,Estimated/user-supplied facility CapEx scenario. The $300M broader CE scaling reference is retained separately and is not facility CapEx or funded capital. | Standardized WBS category: site_development; applicability: Project-wide.
5,Chappell International Manufacturing Facility,Manufacturing / Industrial Facility,Historical Planning — Facility CapEx,custom,wbs_budget,WBS-012,extended_cost,Manufacturing site / utilities — Utility extension,512500,usd,estimated,"pasted_content_20.txt, CE Development Portfolio Financial Baseline, user-supplied 2026-08-21",,jchappell2120,,,construction,yes,Estimated/user-supplied facility CapEx scenario. The $300M broader CE scaling reference is retained separately and is not facility CapEx or funded capital. | Standardized WBS category: site_development; applicability: Project-wide.
5,Chappell International Manufacturing Facility,Manufacturing / Industrial Facility,Historical Planning — Facility CapEx,custom,wbs_budget,WBS-013,extended_cost,Manufacturing site / utilities — Water and sewer improvements,512500,usd,estimated,"pasted_content_20.txt, CE Development Portfolio Financial Baseline, user-supplied 2026-08-21",,jchappell2120,,,construction,yes,Estimated/user-supplied facility CapEx scenario. The $300M broader CE scaling reference is retained separately and is not facility CapEx or funded capital. | Standardized WBS category: site_development; applicability: Project-wide.
5,Chappell International Manufacturing Facility,Manufacturing / Industrial Facility,Historical Planning — Facility CapEx,custom,wbs_budget,WBS-014,extended_cost,Manufacturing site / utilities — Stormwater infrastructure,512500,usd,estimated,"pasted_content_20.txt, CE Development Portfolio Financial Baseline, user-supplied 2026-08-21",,jchappell2120,,,construction,yes,Estimated/user-supplied facility CapEx scenario. The $300M broader CE scaling reference is retained separately and is not facility CapEx or funded capital. | Standardized WBS category: site_development; applicability: Project-wide.
5,Chappell International Manufacturing Facility,Manufacturing / Industrial Facility,Historical Planning — Facility CapEx,custom,wbs_budget,WBS-015,extended_cost,"Manufacturing site / utilities — Paving, curbs, and sidewalks",461250,usd,estimated,"pasted_content_20.txt, CE Development Portfolio Financial Baseline, user-supplied 2026-08-21",,jchappell2120,,,construction,yes,Estimated/user-supplied facility CapEx scenario. The $300M broader CE scaling reference is retained separately and is not facility CapEx or funded capital. | Standardized WBS category: site_development; applicability: Project-wide.
5,Chappell International Manufacturing Facility,Manufacturing / Industrial Facility,Historical Planning — Facility CapEx,custom,wbs_budget,WBS-016,extended_cost,Manufacturing site / utilities — Landscape and irrigation,256250,usd,estimated,"pasted_content_20.txt, CE Development Portfolio Financial Baseline, user-supplied 2026-08-21",,jchappell2120,,,construction,yes,Estimated/user-supplied facility CapEx scenario. The $300M broader CE scaling reference is retained separately and is not facility CapEx or funded capital. | Standardized WBS category: site_development; applicability: Project-wide.
5,Chappell International Manufacturing Facility,Manufacturing / Industrial Facility,Historical Planning — Facility CapEx,custom,wbs_budget,WBS-017,extended_cost,Manufacturing site / utilities — Detention and retention,307500,usd,estimated,"pasted_content_20.txt, CE Development Portfolio Financial Baseline, user-supplied 2026-08-21",,jchappell2120,,,construction,yes,Estimated/user-supplied facility CapEx scenario. The $300M broader CE scaling reference is retained separately and is not facility CapEx or funded capital. | Standardized WBS category: site_development; applicability: Project-wide.
5,Chappell International Manufacturing Facility,Manufacturing / Industrial Facility,Historical Planning — Facility CapEx,custom,wbs_budget,WBS-018,extended_cost,Manufacturing site / utilities — Earthwork and import/export,307500,usd,estimated,"pasted_content_20.txt, CE Development Portfolio Financial Baseline, user-supplied 2026-08-21",,jchappell2120,,,construction,yes,Estimated/user-supplied facility CapEx scenario. The $300M broader CE scaling reference is retained separately and is not facility CapEx or funded capital. | Standardized WBS category: site_development; applicability: Project-wide.
5,Chappell International Manufacturing Facility,Manufacturing / Industrial Facility,Historical Planning — Facility CapEx,custom,wbs_budget,WBS-019,extended_cost,Manufacturing site / utilities — Temporary utilities,205000,usd,estimated,"pasted_content_20.txt, CE Development Portfolio Financial Baseline, user-supplied 2026-08-21",,jchappell2120,,,construction,yes,Estimated/user-supplied facility CapEx scenario. The $300M broader CE scaling reference is retained separately and is not facility CapEx or funded capital. | Standardized WBS category: site_development; applicability: Project-wide.
5,Chappell International Manufacturing Facility,Manufacturing / Industrial Facility,Historical Planning — Facility CapEx,custom,wbs_budget,WBS-020,extended_cost,Manufacturing site / utilities — Site development reserve,307500,usd,estimated,"pasted_content_20.txt, CE Development Portfolio Financial Baseline, user-supplied 2026-08-21",,jchappell2120,,,construction,yes,Estimated/user-supplied facility CapEx scenario. The $300M broader CE scaling reference is retained separately and is not facility CapEx or funded capital. | Standardized WBS category: site_development; applicability: Project-wide.
5,Chappell International Manufacturing Facility,Manufacturing / Industrial Facility,Historical Planning — Facility CapEx,custom,wbs_budget,WBS-021,extended_cost,"Facility shell, systems, production fit-out — LGS primary structure",1230000,usd,estimated,"pasted_content_20.txt, CE Development Portfolio Financial Baseline, user-supplied 2026-08-21",,jchappell2120,,,construction,yes,Estimated/user-supplied facility CapEx scenario. The $300M broader CE scaling reference is retained separately and is not facility CapEx or funded capital. | Standardized WBS category: building_modular; applicability: All five buildings.
5,Chappell International Manufacturing Facility,Manufacturing / Industrial Facility,Historical Planning — Facility CapEx,custom,wbs_budget,WBS-022,extended_cost,"Facility shell, systems, production fit-out — LGS secondary framing",820000,usd,estimated,"pasted_content_20.txt, CE Development Portfolio Financial Baseline, user-supplied 2026-08-21",,jchappell2120,,,construction,yes,Estimated/user-supplied facility CapEx scenario. The $300M broader CE scaling reference is retained separately and is not facility CapEx or funded capital. | Standardized WBS category: building_modular; applicability: All five buildings.
5,Chappell International Manufacturing Facility,Manufacturing / Industrial Facility,Historical Planning — Facility CapEx,custom,wbs_budget,WBS-023,extended_cost,"Facility shell, systems, production fit-out — Structural connectors and fasteners",717500,usd,estimated,"pasted_content_20.txt, CE Development Portfolio Financial Baseline, user-supplied 2026-08-21",,jchappell2120,,,construction,yes,Estimated/user-supplied facility CapEx scenario. The $300M broader CE scaling reference is retained separately and is not facility CapEx or funded capital. | Standardized WBS category: building_modular; applicability: All five buildings.
5,Chappell International Manufacturing Facility,Manufacturing / Industrial Facility,Historical Planning — Facility CapEx,custom,wbs_budget,WBS-024,extended_cost,"Facility shell, systems, production fit-out — Structural engineering coordination",512500,usd,estimated,"pasted_content_20.txt, CE Development Portfolio Financial Baseline, user-supplied 2026-08-21",,jchappell2120,,,construction,yes,Estimated/user-supplied facility CapEx scenario. The $300M broader CE scaling reference is retained separately and is not facility CapEx or funded capital. | Standardized WBS category: building_modular; applicability: All five buildings.
5,Chappell International Manufacturing Facility,Manufacturing / Industrial Facility,Historical Planning — Facility CapEx,custom,wbs_budget,WBS-025,extended_cost,"Facility shell, systems, production fit-out — Structural fabrication reserve",389500,usd,estimated,"pasted_content_20.txt, CE Development Portfolio Financial Baseline, user-supplied 2026-08-21",,jchappell2120,,,construction,yes,Estimated/user-supplied facility CapEx scenario. The $300M broader CE scaling reference is retained separately and is not facility CapEx or funded capital. | Standardized WBS category: building_modular; applicability: All five buildings.
5,Chappell International Manufacturing Facility,Manufacturing / Industrial Facility,Historical Planning — Facility CapEx,custom,wbs_budget,WBS-026,extended_cost,"Facility shell, systems, production fit-out — Exterior wall assemblies",717500,usd,estimated,"pasted_content_20.txt, CE Development Portfolio Financial Baseline, user-supplied 2026-08-21",,jchappell2120,,,construction,yes,Estimated/user-supplied facility CapEx scenario. The $300M broader CE scaling reference is retained separately and is not facility CapEx or funded capital. | Standardized WBS category: building_modular; applicability: All five buildings.
5,Chappell International Manufacturing Facility,Manufacturing / Industrial Facility,Historical Planning — Facility CapEx,custom,wbs_budget,WBS-027,extended_cost,"Facility shell, systems, production fit-out — Exterior cladding",512500,usd,estimated,"pasted_content_20.txt, CE Development Portfolio Financial Baseline, user-supplied 2026-08-21",,jchappell2120,,,construction,yes,Estimated/user-supplied facility CapEx scenario. The $300M broader CE scaling reference is retained separately and is not facility CapEx or funded capital. | Standardized WBS category: building_modular; applicability: All five buildings.
5,Chappell International Manufacturing Facility,Manufacturing / Industrial Facility,Historical Planning — Facility CapEx,custom,wbs_budget,WBS-028,extended_cost,"Facility shell, systems, production fit-out — Air and water barrier",512500,usd,estimated,"pasted_content_20.txt, CE Development Portfolio Financial Baseline, user-supplied 2026-08-21",,jchappell2120,,,construction,yes,Estimated/user-supplied facility CapEx scenario. The $300M broader CE scaling reference is retained separately and is not facility CapEx or funded capital. | Standardized WBS category: building_modular; applicability: All five buildings.
5,Chappell International Manufacturing Facility,Manufacturing / Industrial Facility,Historical Planning — Facility CapEx,custom,wbs_budget,WBS-029,extended_cost,"Facility shell, systems, production fit-out — Insulation systems",471500,usd,estimated,"pasted_content_20.txt, CE Development Portfolio Financial Baseline, user-supplied 2026-08-21",,jchappell2120,,,construction,yes,Estimated/user-supplied facility CapEx scenario. The $300M broader CE scaling reference is retained separately and is not facility CapEx or funded capital. | Standardized WBS category: building_modular; applicability: All five buildings.
5,Chappell International Manufacturing Facility,Manufacturing / Industrial Facility,Historical Planning — Facility CapEx,custom,wbs_budget,WBS-030,extended_cost,"Facility shell, systems, production fit-out — Exterior finish reserve",410000,usd,estimated,"pasted_content_20.txt, CE Development Portfolio Financial Baseline, user-supplied 2026-08-21",,jchappell2120,,,construction,yes,Estimated/user-supplied facility CapEx scenario. The $300M broader CE scaling reference is retained separately and is not facility CapEx or funded capital. | Standardized WBS category: building_modular; applicability: All five buildings.
5,Chappell International Manufacturing Facility,Manufacturing / Industrial Facility,Historical Planning — Facility CapEx,custom,wbs_budget,WBS-031,extended_cost,"Facility shell, systems, production fit-out — Plumbing rough-in",922500,usd,estimated,"pasted_content_20.txt, CE Development Portfolio Financial Baseline, user-supplied 2026-08-21",,jchappell2120,,,construction,yes,Estimated/user-supplied facility CapEx scenario. The $300M broader CE scaling reference is retained separately and is not facility CapEx or funded capital. | Standardized WBS category: building_modular; applicability: All five buildings.
5,Chappell International Manufacturing Facility,Manufacturing / Industrial Facility,Historical Planning — Facility CapEx,custom,wbs_budget,WBS-032,extended_cost,"Facility shell, systems, production fit-out — Electrical rough-in",922500,usd,estimated,"pasted_content_20.txt, CE Development Portfolio Financial Baseline, user-supplied 2026-08-21",,jchappell2120,,,construction,yes,Estimated/user-supplied facility CapEx scenario. The $300M broader CE scaling reference is retained separately and is not facility CapEx or funded capital. | Standardized WBS category: building_modular; applicability: All five buildings.
5,Chappell International Manufacturing Facility,Manufacturing / Industrial Facility,Historical Planning — Facility CapEx,custom,wbs_budget,WBS-033,extended_cost,"Facility shell, systems, production fit-out — HVAC equipment and distribution",922500,usd,estimated,"pasted_content_20.txt, CE Development Portfolio Financial Baseline, user-supplied 2026-08-21",,jchappell2120,,,construction,yes,Estimated/user-supplied facility CapEx scenario. The $300M broader CE scaling reference is retained separately and is not facility CapEx or funded capital. | Standardized WBS category: building_modular; applicability: All five buildings.
5,Chappell International Manufacturing Facility,Manufacturing / Industrial Facility,Historical Planning — Facility CapEx,custom,wbs_budget,WBS-034,extended_cost,"Facility shell, systems, production fit-out — Fire protection",563750,usd,estimated,"pasted_content_20.txt, CE Development Portfolio Financial Baseline, user-supplied 2026-08-21",,jchappell2120,,,construction,yes,Estimated/user-supplied facility CapEx scenario. The $300M broader CE scaling reference is retained separately and is not facility CapEx or funded capital. | Standardized WBS category: building_modular; applicability: All five buildings.
5,Chappell International Manufacturing Facility,Manufacturing / Industrial Facility,Historical Planning — Facility CapEx,custom,wbs_budget,WBS-035,extended_cost,"Facility shell, systems, production fit-out — Low-voltage and controls",358750,usd,estimated,"pasted_content_20.txt, CE Development Portfolio Financial Baseline, user-supplied 2026-08-21",,jchappell2120,,,construction,yes,Estimated/user-supplied facility CapEx scenario. The $300M broader CE scaling reference is retained separately and is not facility CapEx or funded capital. | Standardized WBS category: building_modular; applicability: All five buildings.
5,Chappell International Manufacturing Facility,Manufacturing / Industrial Facility,Historical Planning — Facility CapEx,custom,wbs_budget,WBS-036,extended_cost,"Facility shell, systems, production fit-out — Metering and service equipment",205000,usd,estimated,"pasted_content_20.txt, CE Development Portfolio Financial Baseline, user-supplied 2026-08-21",,jchappell2120,,,construction,yes,Estimated/user-supplied facility CapEx scenario. The $300M broader CE scaling reference is retained separately and is not facility CapEx or funded capital. | Standardized WBS category: building_modular; applicability: All five buildings.
5,Chappell International Manufacturing Facility,Manufacturing / Industrial Facility,Historical Planning — Facility CapEx,custom,wbs_budget,WBS-037,extended_cost,"Facility shell, systems, production fit-out — MEP design coordination",666250,usd,estimated,"pasted_content_20.txt, CE Development Portfolio Financial Baseline, user-supplied 2026-08-21",,jchappell2120,,,construction,yes,Estimated/user-supplied facility CapEx scenario. The $300M broader CE scaling reference is retained separately and is not facility CapEx or funded capital. | Standardized WBS category: building_modular; applicability: All five buildings.
5,Chappell International Manufacturing Facility,Manufacturing / Industrial Facility,Historical Planning — Facility CapEx,custom,wbs_budget,WBS-038,extended_cost,"Facility shell, systems, production fit-out — MEP integration reserve",686750,usd,estimated,"pasted_content_20.txt, CE Development Portfolio Financial Baseline, user-supplied 2026-08-21",,jchappell2120,,,construction,yes,Estimated/user-supplied facility CapEx scenario. The $300M broader CE scaling reference is retained separately and is not facility CapEx or funded capital. | Standardized WBS category: building_modular; applicability: All five buildings.
5,Chappell International Manufacturing Facility,Manufacturing / Industrial Facility,Historical Planning — Facility CapEx,custom,wbs_budget,WBS-039,extended_cost,"Facility shell, systems, production fit-out — Unit framing and partitions",717500,usd,estimated,"pasted_content_20.txt, CE Development Portfolio Financial Baseline, user-supplied 2026-08-21",,jchappell2120,,,construction,yes,Estimated/user-supplied facility CapEx scenario. The $300M broader CE scaling reference is retained separately and is not facility CapEx or funded capital. | Standardized WBS category: building_modular; applicability: All five buildings.
5,Chappell International Manufacturing Facility,Manufacturing / Industrial Facility,Historical Planning — Facility CapEx,custom,wbs_budget,WBS-040,extended_cost,"Facility shell, systems, production fit-out — Drywall and finish prep",717500,usd,estimated,"pasted_content_20.txt, CE Development Portfolio Financial Baseline, user-supplied 2026-08-21",,jchappell2120,,,construction,yes,Estimated/user-supplied facility CapEx scenario. The $300M broader CE scaling reference is retained separately and is not facility CapEx or funded capital. | Standardized WBS category: building_modular; applicability: All five buildings.
5,Chappell International Manufacturing Facility,Manufacturing / Industrial Facility,Historical Planning — Facility CapEx,custom,wbs_budget,WBS-041,extended_cost,"Facility shell, systems, production fit-out — Interior paint",410000,usd,estimated,"pasted_content_20.txt, CE Development Portfolio Financial Baseline, user-supplied 2026-08-21",,jchappell2120,,,construction,yes,Estimated/user-supplied facility CapEx scenario. The $300M broader CE scaling reference is retained separately and is not facility CapEx or funded capital. | Standardized WBS category: building_modular; applicability: All five buildings.
5,Chappell International Manufacturing Facility,Manufacturing / Industrial Facility,Historical Planning — Facility CapEx,custom,wbs_budget,WBS-042,extended_cost,"Facility shell, systems, production fit-out — Flooring",820000,usd,estimated,"pasted_content_20.txt, CE Development Portfolio Financial Baseline, user-supplied 2026-08-21",,jchappell2120,,,construction,yes,Estimated/user-supplied facility CapEx scenario. The $300M broader CE scaling reference is retained separately and is not facility CapEx or funded capital. | Standardized WBS category: building_modular; applicability: All five buildings.
5,Chappell International Manufacturing Facility,Manufacturing / Industrial Facility,Historical Planning — Facility CapEx,custom,wbs_budget,WBS-043,extended_cost,"Facility shell, systems, production fit-out — Cabinets and countertops",922500,usd,estimated,"pasted_content_20.txt, CE Development Portfolio Financial Baseline, user-supplied 2026-08-21",,jchappell2120,,,construction,yes,Estimated/user-supplied facility CapEx scenario. The $300M broader CE scaling reference is retained separately and is not facility CapEx or funded capital. | Standardized WBS category: building_modular; applicability: All five buildings.
5,Chappell International Manufacturing Facility,Manufacturing / Industrial Facility,Historical Planning — Facility CapEx,custom,wbs_budget,WBS-044,extended_cost,"Facility shell, systems, production fit-out — Millwork",615000,usd,estimated,"pasted_content_20.txt, CE Development Portfolio Financial Baseline, user-supplied 2026-08-21",,jchappell2120,,,construction,yes,Estimated/user-supplied facility CapEx scenario. The $300M broader CE scaling reference is retained separately and is not facility CapEx or funded capital. | Standardized WBS category: building_modular; applicability: All five buildings.
5,Chappell International Manufacturing Facility,Manufacturing / Industrial Facility,Historical Planning — Facility CapEx,custom,wbs_budget,WBS-045,extended_cost,"Facility shell, systems, production fit-out — Bathroom finishes",820000,usd,estimated,"pasted_content_20.txt, CE Development Portfolio Financial Baseline, user-supplied 2026-08-21",,jchappell2120,,,construction,yes,Estimated/user-supplied facility CapEx scenario. The $300M broader CE scaling reference is retained separately and is not facility CapEx or funded capital. | Standardized WBS category: building_modular; applicability: All five buildings.
5,Chappell International Manufacturing Facility,Manufacturing / Industrial Facility,Historical Planning — Facility CapEx,custom,wbs_budget,WBS-046,extended_cost,"Facility shell, systems, production fit-out — Interior doors and hardware",512500,usd,estimated,"pasted_content_20.txt, CE Development Portfolio Financial Baseline, user-supplied 2026-08-21",,jchappell2120,,,construction,yes,Estimated/user-supplied facility CapEx scenario. The $300M broader CE scaling reference is retained separately and is not facility CapEx or funded capital. | Standardized WBS category: building_modular; applicability: All five buildings.
5,Chappell International Manufacturing Facility,Manufacturing / Industrial Facility,Historical Planning — Facility CapEx,custom,wbs_budget,WBS-047,extended_cost,"Facility shell, systems, production fit-out — Roofing membrane",820000,usd,estimated,"pasted_content_20.txt, CE Development Portfolio Financial Baseline, user-supplied 2026-08-21",,jchappell2120,,,construction,yes,Estimated/user-supplied facility CapEx scenario. The $300M broader CE scaling reference is retained separately and is not facility CapEx or funded capital. | Standardized WBS category: building_modular; applicability: All five buildings.
5,Chappell International Manufacturing Facility,Manufacturing / Industrial Facility,Historical Planning — Facility CapEx,custom,wbs_budget,WBS-048,extended_cost,"Facility shell, systems, production fit-out — Roof insulation and accessories",492000,usd,estimated,"pasted_content_20.txt, CE Development Portfolio Financial Baseline, user-supplied 2026-08-21",,jchappell2120,,,construction,yes,Estimated/user-supplied facility CapEx scenario. The $300M broader CE scaling reference is retained separately and is not facility CapEx or funded capital. | Standardized WBS category: building_modular; applicability: All five buildings.
5,Chappell International Manufacturing Facility,Manufacturing / Industrial Facility,Historical Planning — Facility CapEx,custom,wbs_budget,WBS-049,extended_cost,"Facility shell, systems, production fit-out — Windows",1127500,usd,estimated,"pasted_content_20.txt, CE Development Portfolio Financial Baseline, user-supplied 2026-08-21",,jchappell2120,,,construction,yes,Estimated/user-supplied facility CapEx scenario. The $300M broader CE scaling reference is retained separately and is not facility CapEx or funded capital. | Standardized WBS category: building_modular; applicability: All five buildings.
5,Chappell International Manufacturing Facility,Manufacturing / Industrial Facility,Historical Planning — Facility CapEx,custom,wbs_budget,WBS-050,extended_cost,"Facility shell, systems, production fit-out — Exterior doors and glazing",451000,usd,estimated,"pasted_content_20.txt, CE Development Portfolio Financial Baseline, user-supplied 2026-08-21",,jchappell2120,,,construction,yes,Estimated/user-supplied facility CapEx scenario. The $300M broader CE scaling reference is retained separately and is not facility CapEx or funded capital. | Standardized WBS category: building_modular; applicability: All five buildings.
5,Chappell International Manufacturing Facility,Manufacturing / Industrial Facility,Historical Planning — Facility CapEx,custom,wbs_budget,WBS-051,extended_cost,"Facility shell, systems, production fit-out — Appliances",512500,usd,estimated,"pasted_content_20.txt, CE Development Portfolio Financial Baseline, user-supplied 2026-08-21",,jchappell2120,,,construction,yes,Estimated/user-supplied facility CapEx scenario. The $300M broader CE scaling reference is retained separately and is not facility CapEx or funded capital. | Standardized WBS category: building_modular; applicability: All five buildings.
5,Chappell International Manufacturing Facility,Manufacturing / Industrial Facility,Historical Planning — Facility CapEx,custom,wbs_budget,WBS-052,extended_cost,"Facility shell, systems, production fit-out — Plumbing fixtures",410000,usd,estimated,"pasted_content_20.txt, CE Development Portfolio Financial Baseline, user-supplied 2026-08-21",,jchappell2120,,,construction,yes,Estimated/user-supplied facility CapEx scenario. The $300M broader CE scaling reference is retained separately and is not facility CapEx or funded capital. | Standardized WBS category: building_modular; applicability: All five buildings.
5,Chappell International Manufacturing Facility,Manufacturing / Industrial Facility,Historical Planning — Facility CapEx,custom,wbs_budget,WBS-053,extended_cost,"Facility shell, systems, production fit-out — Electrical fixtures",389500,usd,estimated,"pasted_content_20.txt, CE Development Portfolio Financial Baseline, user-supplied 2026-08-21",,jchappell2120,,,construction,yes,Estimated/user-supplied facility CapEx scenario. The $300M broader CE scaling reference is retained separately and is not facility CapEx or funded capital. | Standardized WBS category: building_modular; applicability: All five buildings.
5,Chappell International Manufacturing Facility,Manufacturing / Industrial Facility,Historical Planning — Facility CapEx,custom,wbs_budget,WBS-054,extended_cost,"Facility shell, systems, production fit-out — Common-area finishes",717500,usd,estimated,"pasted_content_20.txt, CE Development Portfolio Financial Baseline, user-supplied 2026-08-21",,jchappell2120,,,construction,yes,Estimated/user-supplied facility CapEx scenario. The $300M broader CE scaling reference is retained separately and is not facility CapEx or funded capital. | Standardized WBS category: building_modular; applicability: All five buildings.
5,Chappell International Manufacturing Facility,Manufacturing / Industrial Facility,Historical Planning — Facility CapEx,custom,wbs_budget,WBS-055,extended_cost,"Facility shell, systems, production fit-out — Amenity equipment",512500,usd,estimated,"pasted_content_20.txt, CE Development Portfolio Financial Baseline, user-supplied 2026-08-21",,jchappell2120,,,construction,yes,Estimated/user-supplied facility CapEx scenario. The $300M broader CE scaling reference is retained separately and is not facility CapEx or funded capital. | Standardized WBS category: building_modular; applicability: Project-wide.
5,Chappell International Manufacturing Facility,Manufacturing / Industrial Facility,Historical Planning — Facility CapEx,custom,wbs_budget,WBS-056,extended_cost,"Facility shell, systems, production fit-out — Common-area furnishings allowance",348500,usd,estimated,"pasted_content_20.txt, CE Development Portfolio Financial Baseline, user-supplied 2026-08-21",,jchappell2120,,,construction,yes,Estimated/user-supplied facility CapEx scenario. The $300M broader CE scaling reference is retained separately and is not facility CapEx or funded capital. | Standardized WBS category: building_modular; applicability: Project-wide.
5,Chappell International Manufacturing Facility,Manufacturing / Industrial Facility,Historical Planning — Facility CapEx,custom,wbs_budget,WBS-057,extended_cost,"Facility shell, systems, production fit-out — QA/QC inspection",768750,usd,estimated,"pasted_content_20.txt, CE Development Portfolio Financial Baseline, user-supplied 2026-08-21",,jchappell2120,,,commissioning,yes,Estimated/user-supplied facility CapEx scenario. The $300M broader CE scaling reference is retained separately and is not facility CapEx or funded capital. | Standardized WBS category: building_modular; applicability: All five buildings.
5,Chappell International Manufacturing Facility,Manufacturing / Industrial Facility,Historical Planning — Facility CapEx,custom,wbs_budget,WBS-058,extended_cost,"Facility shell, systems, production fit-out — Building commissioning",512500,usd,estimated,"pasted_content_20.txt, CE Development Portfolio Financial Baseline, user-supplied 2026-08-21",,jchappell2120,,,commissioning,yes,Estimated/user-supplied facility CapEx scenario. The $300M broader CE scaling reference is retained separately and is not facility CapEx or funded capital. | Standardized WBS category: building_modular; applicability: All five buildings.
5,Chappell International Manufacturing Facility,Manufacturing / Industrial Facility,Historical Planning — Facility CapEx,custom,wbs_budget,WBS-059,extended_cost,"Facility shell, systems, production fit-out — Punch and turnover",512500,usd,estimated,"pasted_content_20.txt, CE Development Portfolio Financial Baseline, user-supplied 2026-08-21",,jchappell2120,,,building_completion,yes,Estimated/user-supplied facility CapEx scenario. The $300M broader CE scaling reference is retained separately and is not facility CapEx or funded capital. | Standardized WBS category: building_modular; applicability: All five buildings.
5,Chappell International Manufacturing Facility,Manufacturing / Industrial Facility,Historical Planning — Facility CapEx,custom,wbs_budget,WBS-060,extended_cost,"Facility shell, systems, production fit-out — Building completion reserve",1588750,usd,estimated,"pasted_content_20.txt, CE Development Portfolio Financial Baseline, user-supplied 2026-08-21",,jchappell2120,,,building_completion,yes,Estimated/user-supplied facility CapEx scenario. The $300M broader CE scaling reference is retained separately and is not facility CapEx or funded capital. | Standardized WBS category: building_modular; applicability: All five buildings.
5,Chappell International Manufacturing Facility,Manufacturing / Industrial Facility,Historical Planning — Facility CapEx,custom,wbs_budget,WBS-061,extended_cost,"Production logistics, material flow, installation — Factory production setup",205000,usd,estimated,"pasted_content_20.txt, CE Development Portfolio Financial Baseline, user-supplied 2026-08-21",,jchappell2120,,,factory_production,yes,Estimated/user-supplied facility CapEx scenario. The $300M broader CE scaling reference is retained separately and is not facility CapEx or funded capital. | Standardized WBS category: factory_logistics_installation; applicability: All five buildings.
5,Chappell International Manufacturing Facility,Manufacturing / Industrial Facility,Historical Planning — Facility CapEx,custom,wbs_budget,WBS-062,extended_cost,"Production logistics, material flow, installation — Panel and module assembly",184500,usd,estimated,"pasted_content_20.txt, CE Development Portfolio Financial Baseline, user-supplied 2026-08-21",,jchappell2120,,,factory_production,yes,Estimated/user-supplied facility CapEx scenario. The $300M broader CE scaling reference is retained separately and is not facility CapEx or funded capital. | Standardized WBS category: factory_logistics_installation; applicability: All five buildings.
5,Chappell International Manufacturing Facility,Manufacturing / Industrial Facility,Historical Planning — Facility CapEx,custom,wbs_budget,WBS-063,extended_cost,"Production logistics, material flow, installation — Factory labor coordination",184500,usd,estimated,"pasted_content_20.txt, CE Development Portfolio Financial Baseline, user-supplied 2026-08-21",,jchappell2120,,,factory_production,yes,Estimated/user-supplied facility CapEx scenario. The $300M broader CE scaling reference is retained separately and is not facility CapEx or funded capital. | Standardized WBS category: factory_logistics_installation; applicability: All five buildings.
5,Chappell International Manufacturing Facility,Manufacturing / Industrial Facility,Historical Planning — Facility CapEx,custom,wbs_budget,WBS-064,extended_cost,"Production logistics, material flow, installation — Factory QA hold points",102500,usd,estimated,"pasted_content_20.txt, CE Development Portfolio Financial Baseline, user-supplied 2026-08-21",,jchappell2120,,,factory_production,yes,Estimated/user-supplied facility CapEx scenario. The $300M broader CE scaling reference is retained separately and is not facility CapEx or funded capital. | Standardized WBS category: factory_logistics_installation; applicability: All five buildings.
5,Chappell International Manufacturing Facility,Manufacturing / Industrial Facility,Historical Planning — Facility CapEx,custom,wbs_budget,WBS-065,extended_cost,"Production logistics, material flow, installation — Packaging and protection",82000,usd,estimated,"pasted_content_20.txt, CE Development Portfolio Financial Baseline, user-supplied 2026-08-21",,jchappell2120,,,factory_production,yes,Estimated/user-supplied facility CapEx scenario. The $300M broader CE scaling reference is retained separately and is not facility CapEx or funded capital. | Standardized WBS category: factory_logistics_installation; applicability: All five buildings.
5,Chappell International Manufacturing Facility,Manufacturing / Industrial Facility,Historical Planning — Facility CapEx,custom,wbs_budget,WBS-066,extended_cost,"Production logistics, material flow, installation — Staging and handling",102500,usd,estimated,"pasted_content_20.txt, CE Development Portfolio Financial Baseline, user-supplied 2026-08-21",,jchappell2120,,,logistics,yes,Estimated/user-supplied facility CapEx scenario. The $300M broader CE scaling reference is retained separately and is not facility CapEx or funded capital. | Standardized WBS category: factory_logistics_installation; applicability: All five buildings.
5,Chappell International Manufacturing Facility,Manufacturing / Industrial Facility,Historical Planning — Facility CapEx,custom,wbs_budget,WBS-067,extended_cost,"Production logistics, material flow, installation — Transportation",256250,usd,estimated,"pasted_content_20.txt, CE Development Portfolio Financial Baseline, user-supplied 2026-08-21",,jchappell2120,,,transportation,yes,Estimated/user-supplied facility CapEx scenario. The $300M broader CE scaling reference is retained separately and is not facility CapEx or funded capital. | Standardized WBS category: factory_logistics_installation; applicability: All five buildings.
5,Chappell International Manufacturing Facility,Manufacturing / Industrial Facility,Historical Planning — Facility CapEx,custom,wbs_budget,WBS-068,extended_cost,"Production logistics, material flow, installation — Route and permit coordination",51250,usd,estimated,"pasted_content_20.txt, CE Development Portfolio Financial Baseline, user-supplied 2026-08-21",,jchappell2120,,,transportation,yes,Estimated/user-supplied facility CapEx scenario. The $300M broader CE scaling reference is retained separately and is not facility CapEx or funded capital. | Standardized WBS category: factory_logistics_installation; applicability: All five buildings.
5,Chappell International Manufacturing Facility,Manufacturing / Industrial Facility,Historical Planning — Facility CapEx,custom,wbs_budget,WBS-069,extended_cost,"Production logistics, material flow, installation — Transit insurance allowance",51250,usd,estimated,"pasted_content_20.txt, CE Development Portfolio Financial Baseline, user-supplied 2026-08-21",,jchappell2120,,,transportation,yes,Estimated/user-supplied facility CapEx scenario. The $300M broader CE scaling reference is retained separately and is not facility CapEx or funded capital. | Standardized WBS category: factory_logistics_installation; applicability: All five buildings.
5,Chappell International Manufacturing Facility,Manufacturing / Industrial Facility,Historical Planning — Facility CapEx,custom,wbs_budget,WBS-070,extended_cost,"Production logistics, material flow, installation — Site receiving",102500,usd,estimated,"pasted_content_20.txt, CE Development Portfolio Financial Baseline, user-supplied 2026-08-21",,jchappell2120,,,site_installation,yes,Estimated/user-supplied facility CapEx scenario. The $300M broader CE scaling reference is retained separately and is not facility CapEx or funded capital. | Standardized WBS category: factory_logistics_installation; applicability: All five buildings.
5,Chappell International Manufacturing Facility,Manufacturing / Industrial Facility,Historical Planning — Facility CapEx,custom,wbs_budget,WBS-071,extended_cost,"Production logistics, material flow, installation — Crane and lifting",205000,usd,estimated,"pasted_content_20.txt, CE Development Portfolio Financial Baseline, user-supplied 2026-08-21",,jchappell2120,,,site_installation,yes,Estimated/user-supplied facility CapEx scenario. The $300M broader CE scaling reference is retained separately and is not facility CapEx or funded capital. | Standardized WBS category: factory_logistics_installation; applicability: All five buildings.
5,Chappell International Manufacturing Facility,Manufacturing / Industrial Facility,Historical Planning — Facility CapEx,custom,wbs_budget,WBS-072,extended_cost,"Production logistics, material flow, installation — Set and alignment",153750,usd,estimated,"pasted_content_20.txt, CE Development Portfolio Financial Baseline, user-supplied 2026-08-21",,jchappell2120,,,site_installation,yes,Estimated/user-supplied facility CapEx scenario. The $300M broader CE scaling reference is retained separately and is not facility CapEx or funded capital. | Standardized WBS category: factory_logistics_installation; applicability: All five buildings.
5,Chappell International Manufacturing Facility,Manufacturing / Industrial Facility,Historical Planning — Facility CapEx,custom,wbs_budget,WBS-073,extended_cost,"Production logistics, material flow, installation — Installation coordination",102500,usd,estimated,"pasted_content_20.txt, CE Development Portfolio Financial Baseline, user-supplied 2026-08-21",,jchappell2120,,,site_installation,yes,Estimated/user-supplied facility CapEx scenario. The $300M broader CE scaling reference is retained separately and is not facility CapEx or funded capital. | Standardized WBS category: factory_logistics_installation; applicability: All five buildings.
5,Chappell International Manufacturing Facility,Manufacturing / Industrial Facility,Historical Planning — Facility CapEx,custom,wbs_budget,WBS-074,extended_cost,"Production logistics, material flow, installation — Temporary weather protection",82000,usd,estimated,"pasted_content_20.txt, CE Development Portfolio Financial Baseline, user-supplied 2026-08-21",,jchappell2120,,,site_installation,yes,Estimated/user-supplied facility CapEx scenario. The $300M broader CE scaling reference is retained separately and is not facility CapEx or funded capital. | Standardized WBS category: factory_logistics_installation; applicability: All five buildings.
5,Chappell International Manufacturing Facility,Manufacturing / Industrial Facility,Historical Planning — Facility CapEx,custom,wbs_budget,WBS-075,extended_cost,"Production logistics, material flow, installation — Logistics reserve",184500,usd,estimated,"pasted_content_20.txt, CE Development Portfolio Financial Baseline, user-supplied 2026-08-21",,jchappell2120,,,site_installation,yes,Estimated/user-supplied facility CapEx scenario. The $300M broader CE scaling reference is retained separately and is not facility CapEx or funded capital. | Standardized WBS category: factory_logistics_installation; applicability: All five buildings.
5,Chappell International Manufacturing Facility,Manufacturing / Industrial Facility,Historical Planning — Facility CapEx,custom,wbs_budget,WBS-076,extended_cost,"Facility design, engineering, professional services — Architecture",307500,usd,estimated,"pasted_content_20.txt, CE Development Portfolio Financial Baseline, user-supplied 2026-08-21",,jchappell2120,,,design_entitlement,yes,Estimated/user-supplied facility CapEx scenario. The $300M broader CE scaling reference is retained separately and is not facility CapEx or funded capital. | Standardized WBS category: professional_soft_costs; applicability: Project-wide.
5,Chappell International Manufacturing Facility,Manufacturing / Industrial Facility,Historical Planning — Facility CapEx,custom,wbs_budget,WBS-077,extended_cost,"Facility design, engineering, professional services — Structural engineering",205000,usd,estimated,"pasted_content_20.txt, CE Development Portfolio Financial Baseline, user-supplied 2026-08-21",,jchappell2120,,,design_entitlement,yes,Estimated/user-supplied facility CapEx scenario. The $300M broader CE scaling reference is retained separately and is not facility CapEx or funded capital. | Standardized WBS category: professional_soft_costs; applicability: Project-wide.
5,Chappell International Manufacturing Facility,Manufacturing / Industrial Facility,Historical Planning — Facility CapEx,custom,wbs_budget,WBS-078,extended_cost,"Facility design, engineering, professional services — MEP engineering",205000,usd,estimated,"pasted_content_20.txt, CE Development Portfolio Financial Baseline, user-supplied 2026-08-21",,jchappell2120,,,design_entitlement,yes,Estimated/user-supplied facility CapEx scenario. The $300M broader CE scaling reference is retained separately and is not facility CapEx or funded capital. | Standardized WBS category: professional_soft_costs; applicability: Project-wide.
5,Chappell International Manufacturing Facility,Manufacturing / Industrial Facility,Historical Planning — Facility CapEx,custom,wbs_budget,WBS-079,extended_cost,"Facility design, engineering, professional services — Civil engineering",153750,usd,estimated,"pasted_content_20.txt, CE Development Portfolio Financial Baseline, user-supplied 2026-08-21",,jchappell2120,,,design_entitlement,yes,Estimated/user-supplied facility CapEx scenario. The $300M broader CE scaling reference is retained separately and is not facility CapEx or funded capital. | Standardized WBS category: professional_soft_costs; applicability: Project-wide.
5,Chappell International Manufacturing Facility,Manufacturing / Industrial Facility,Historical Planning — Facility CapEx,custom,wbs_budget,WBS-080,extended_cost,"Facility design, engineering, professional services — Permitting and entitlement",102500,usd,estimated,"pasted_content_20.txt, CE Development Portfolio Financial Baseline, user-supplied 2026-08-21",,jchappell2120,,,design_entitlement,yes,Estimated/user-supplied facility CapEx scenario. The $300M broader CE scaling reference is retained separately and is not facility CapEx or funded capital. | Standardized WBS category: professional_soft_costs; applicability: Project-wide.
5,Chappell International Manufacturing Facility,Manufacturing / Industrial Facility,Historical Planning — Facility CapEx,custom,wbs_budget,WBS-081,extended_cost,"Facility design, engineering, professional services — Project management",307500,usd,estimated,"pasted_content_20.txt, CE Development Portfolio Financial Baseline, user-supplied 2026-08-21",,jchappell2120,,,construction,yes,Estimated/user-supplied facility CapEx scenario. The $300M broader CE scaling reference is retained separately and is not facility CapEx or funded capital. | Standardized WBS category: professional_soft_costs; applicability: Project-wide.
5,Chappell International Manufacturing Facility,Manufacturing / Industrial Facility,Historical Planning — Facility CapEx,custom,wbs_budget,WBS-082,extended_cost,"Facility design, engineering, professional services — Legal",153750,usd,estimated,"pasted_content_20.txt, CE Development Portfolio Financial Baseline, user-supplied 2026-08-21",,jchappell2120,,,predevelopment,yes,Estimated/user-supplied facility CapEx scenario. The $300M broader CE scaling reference is retained separately and is not facility CapEx or funded capital. | Standardized WBS category: professional_soft_costs; applicability: Project-wide.
5,Chappell International Manufacturing Facility,Manufacturing / Industrial Facility,Historical Planning — Facility CapEx,custom,wbs_budget,WBS-083,extended_cost,"Facility design, engineering, professional services — Accounting and tax",102500,usd,estimated,"pasted_content_20.txt, CE Development Portfolio Financial Baseline, user-supplied 2026-08-21",,jchappell2120,,,predevelopment,yes,Estimated/user-supplied facility CapEx scenario. The $300M broader CE scaling reference is retained separately and is not facility CapEx or funded capital. | Standardized WBS category: professional_soft_costs; applicability: Project-wide.
5,Chappell International Manufacturing Facility,Manufacturing / Industrial Facility,Historical Planning — Facility CapEx,custom,wbs_budget,WBS-084,extended_cost,"Facility design, engineering, professional services — Builder's risk insurance",153750,usd,estimated,"pasted_content_20.txt, CE Development Portfolio Financial Baseline, user-supplied 2026-08-21",,jchappell2120,,,construction,yes,Estimated/user-supplied facility CapEx scenario. The $300M broader CE scaling reference is retained separately and is not facility CapEx or funded capital. | Standardized WBS category: professional_soft_costs; applicability: Project-wide.
5,Chappell International Manufacturing Facility,Manufacturing / Industrial Facility,Historical Planning — Facility CapEx,custom,wbs_budget,WBS-085,extended_cost,"Facility design, engineering, professional services — Marketing",153750,usd,estimated,"pasted_content_20.txt, CE Development Portfolio Financial Baseline, user-supplied 2026-08-21",,jchappell2120,,,lease_up_stabilization,yes,Estimated/user-supplied facility CapEx scenario. The $300M broader CE scaling reference is retained separately and is not facility CapEx or funded capital. | Standardized WBS category: professional_soft_costs; applicability: Project-wide.
5,Chappell International Manufacturing Facility,Manufacturing / Industrial Facility,Historical Planning — Facility CapEx,custom,wbs_budget,WBS-086,extended_cost,"Facility design, engineering, professional services — Leasing",153750,usd,estimated,"pasted_content_20.txt, CE Development Portfolio Financial Baseline, user-supplied 2026-08-21",,jchappell2120,,,lease_up_stabilization,yes,Estimated/user-supplied facility CapEx scenario. The $300M broader CE scaling reference is retained separately and is not facility CapEx or funded capital. | Standardized WBS category: professional_soft_costs; applicability: Project-wide.
5,Chappell International Manufacturing Facility,Manufacturing / Industrial Facility,Historical Planning — Facility CapEx,custom,wbs_budget,WBS-087,extended_cost,"Facility design, engineering, professional services — Leasing commissions",205000,usd,estimated,"pasted_content_20.txt, CE Development Portfolio Financial Baseline, user-supplied 2026-08-21",,jchappell2120,,,lease_up_stabilization,yes,Estimated/user-supplied facility CapEx scenario. The $300M broader CE scaling reference is retained separately and is not facility CapEx or funded capital. | Standardized WBS category: professional_soft_costs; applicability: Project-wide.
5,Chappell International Manufacturing Facility,Manufacturing / Industrial Facility,Historical Planning — Facility CapEx,custom,wbs_budget,WBS-088,extended_cost,"Facility design, engineering, professional services — Owner administration reserve",256250,usd,estimated,"pasted_content_20.txt, CE Development Portfolio Financial Baseline, user-supplied 2026-08-21",,jchappell2120,,,predevelopment,yes,Estimated/user-supplied facility CapEx scenario. The $300M broader CE scaling reference is retained separately and is not facility CapEx or funded capital. | Standardized WBS category: professional_soft_costs; applicability: Project-wide.
5,Chappell International Manufacturing Facility,Manufacturing / Industrial Facility,Historical Planning — Facility CapEx,custom,wbs_budget,WBS-089,extended_cost,Facility financing and carrying — Loan origination,358750,usd,estimated,"pasted_content_20.txt, CE Development Portfolio Financial Baseline, user-supplied 2026-08-21",,jchappell2120,,,predevelopment,yes,Estimated/user-supplied facility CapEx scenario. The $300M broader CE scaling reference is retained separately and is not facility CapEx or funded capital. | Standardized WBS category: financing_carry; applicability: Project-wide.
5,Chappell International Manufacturing Facility,Manufacturing / Industrial Facility,Historical Planning — Facility CapEx,custom,wbs_budget,WBS-090,extended_cost,Facility financing and carrying — Interest carry,410000,usd,estimated,"pasted_content_20.txt, CE Development Portfolio Financial Baseline, user-supplied 2026-08-21",,jchappell2120,,,construction,yes,Estimated/user-supplied facility CapEx scenario. The $300M broader CE scaling reference is retained separately and is not facility CapEx or funded capital. | Standardized WBS category: financing_carry; applicability: Project-wide.
5,Chappell International Manufacturing Facility,Manufacturing / Industrial Facility,Historical Planning — Facility CapEx,custom,wbs_budget,WBS-091,extended_cost,Facility financing and carrying — Lender legal and diligence,102500,usd,estimated,"pasted_content_20.txt, CE Development Portfolio Financial Baseline, user-supplied 2026-08-21",,jchappell2120,,,predevelopment,yes,Estimated/user-supplied facility CapEx scenario. The $300M broader CE scaling reference is retained separately and is not facility CapEx or funded capital. | Standardized WBS category: financing_carry; applicability: Project-wide.
5,Chappell International Manufacturing Facility,Manufacturing / Industrial Facility,Historical Planning — Facility CapEx,custom,wbs_budget,WBS-092,extended_cost,Facility financing and carrying — Loan administration,102500,usd,estimated,"pasted_content_20.txt, CE Development Portfolio Financial Baseline, user-supplied 2026-08-21",,jchappell2120,,,construction,yes,Estimated/user-supplied facility CapEx scenario. The $300M broader CE scaling reference is retained separately and is not facility CapEx or funded capital. | Standardized WBS category: financing_carry; applicability: Project-wide.
5,Chappell International Manufacturing Facility,Manufacturing / Industrial Facility,Historical Planning — Facility CapEx,custom,wbs_budget,WBS-093,extended_cost,Facility financing and carrying — Interest reserve,153750,usd,estimated,"pasted_content_20.txt, CE Development Portfolio Financial Baseline, user-supplied 2026-08-21",,jchappell2120,,,construction,yes,Estimated/user-supplied facility CapEx scenario. The $300M broader CE scaling reference is retained separately and is not facility CapEx or funded capital. | Standardized WBS category: financing_carry; applicability: Project-wide.
5,Chappell International Manufacturing Facility,Manufacturing / Industrial Facility,Historical Planning — Facility CapEx,custom,wbs_budget,WBS-094,extended_cost,Facility financing and carrying — Extension reserve,102500,usd,estimated,"pasted_content_20.txt, CE Development Portfolio Financial Baseline, user-supplied 2026-08-21",,jchappell2120,,,construction,yes,Estimated/user-supplied facility CapEx scenario. The $300M broader CE scaling reference is retained separately and is not facility CapEx or funded capital. | Standardized WBS category: financing_carry; applicability: Project-wide.
5,Chappell International Manufacturing Facility,Manufacturing / Industrial Facility,Historical Planning — Facility CapEx,custom,wbs_budget,WBS-095,extended_cost,Facility contingency — Construction contingency,307500,usd,estimated,"pasted_content_20.txt, CE Development Portfolio Financial Baseline, user-supplied 2026-08-21",,jchappell2120,,,construction,yes,Estimated/user-supplied facility CapEx scenario. The $300M broader CE scaling reference is retained separately and is not facility CapEx or funded capital. | Standardized WBS category: contingency; applicability: All five buildings.
5,Chappell International Manufacturing Facility,Manufacturing / Industrial Facility,Historical Planning — Facility CapEx,custom,wbs_budget,WBS-096,extended_cost,Facility contingency — Site contingency,102500,usd,estimated,"pasted_content_20.txt, CE Development Portfolio Financial Baseline, user-supplied 2026-08-21",,jchappell2120,,,construction,yes,Estimated/user-supplied facility CapEx scenario. The $300M broader CE scaling reference is retained separately and is not facility CapEx or funded capital. | Standardized WBS category: contingency; applicability: Project-wide.
5,Chappell International Manufacturing Facility,Manufacturing / Industrial Facility,Historical Planning — Facility CapEx,custom,wbs_budget,WBS-097,extended_cost,Facility contingency — Materials contingency,102500,usd,estimated,"pasted_content_20.txt, CE Development Portfolio Financial Baseline, user-supplied 2026-08-21",,jchappell2120,,,construction,yes,Estimated/user-supplied facility CapEx scenario. The $300M broader CE scaling reference is retained separately and is not facility CapEx or funded capital. | Standardized WBS category: contingency; applicability: All five buildings.
5,Chappell International Manufacturing Facility,Manufacturing / Industrial Facility,Historical Planning — Facility CapEx,custom,wbs_budget,WBS-098,extended_cost,Facility contingency — Factory contingency,102500,usd,estimated,"pasted_content_20.txt, CE Development Portfolio Financial Baseline, user-supplied 2026-08-21",,jchappell2120,,,factory_production,yes,Estimated/user-supplied facility CapEx scenario. The $300M broader CE scaling reference is retained separately and is not facility CapEx or funded capital. | Standardized WBS category: contingency; applicability: All five buildings.
5,Chappell International Manufacturing Facility,Manufacturing / Industrial Facility,Historical Planning — Facility CapEx,custom,wbs_budget,WBS-099,extended_cost,Facility contingency — Schedule contingency,102500,usd,estimated,"pasted_content_20.txt, CE Development Portfolio Financial Baseline, user-supplied 2026-08-21",,jchappell2120,,,construction,yes,Estimated/user-supplied facility CapEx scenario. The $300M broader CE scaling reference is retained separately and is not facility CapEx or funded capital. | Standardized WBS category: contingency; applicability: Project-wide.
5,Chappell International Manufacturing Facility,Manufacturing / Industrial Facility,Historical Planning — Facility CapEx,custom,wbs_budget,WBS-100,extended_cost,Facility contingency — Closeout contingency,102500,usd,estimated,"pasted_content_20.txt, CE Development Portfolio Financial Baseline, user-supplied 2026-08-21",,jchappell2120,,,building_completion,yes,Estimated/user-supplied facility CapEx scenario. The $300M broader CE scaling reference is retained separately and is not facility CapEx or funded capital. | Standardized WBS category: contingency; applicability: Project-wide.
5,Chappell International Manufacturing Facility,Manufacturing / Industrial Facility,Historical Planning — Facility CapEx,custom,capital_deployment,SCH-COST-01,monthly_development_spend,monthly development spend — month 1,717500,usd,estimated,"pasted_content_20.txt, CE Development Portfolio Financial Baseline, user-supplied 2026-08-21",,jchappell2120,1,1,predevelopment,yes,Estimated/user-supplied facility CapEx scenario. The $300M broader CE scaling reference is retained separately and is not facility CapEx or funded capital. | Calculated monthly planning series from scenario drivers; not actual project performance.
5,Chappell International Manufacturing Facility,Manufacturing / Industrial Facility,Historical Planning — Facility CapEx,custom,schedule,SCH-CUM-01,cumulative_deployment_bps,cumulative deployment bps — month 1,175,percentage_bps,estimated,"pasted_content_20.txt, CE Development Portfolio Financial Baseline, user-supplied 2026-08-21",,jchappell2120,1,1,predevelopment,yes,Estimated/user-supplied facility CapEx scenario. The $300M broader CE scaling reference is retained separately and is not facility CapEx or funded capital. | Calculated monthly planning series from scenario drivers; not actual project performance.
5,Chappell International Manufacturing Facility,Manufacturing / Industrial Facility,Historical Planning — Facility CapEx,custom,schedule,SCH-OCC-01,occupancy_bps,occupancy bps — month 1,0,percentage_bps,estimated,"pasted_content_20.txt, CE Development Portfolio Financial Baseline, user-supplied 2026-08-21",,jchappell2120,1,1,predevelopment,yes,Estimated/user-supplied facility CapEx scenario. The $300M broader CE scaling reference is retained separately and is not facility CapEx or funded capital. | Calculated monthly planning series from scenario drivers; not actual project performance.
5,Chappell International Manufacturing Facility,Manufacturing / Industrial Facility,Historical Planning — Facility CapEx,custom,revenue,SCH-REV-01,monthly_effective_revenue,monthly effective revenue — month 1,0,usd,estimated,"pasted_content_20.txt, CE Development Portfolio Financial Baseline, user-supplied 2026-08-21",,jchappell2120,1,1,predevelopment,yes,Estimated/user-supplied facility CapEx scenario. The $300M broader CE scaling reference is retained separately and is not facility CapEx or funded capital. | Calculated monthly planning series from scenario drivers; not actual project performance.
5,Chappell International Manufacturing Facility,Manufacturing / Industrial Facility,Historical Planning — Facility CapEx,custom,operations,SCH-OPEX-01,monthly_operating_expense,monthly operating expense — month 1,0,usd,estimated,"pasted_content_20.txt, CE Development Portfolio Financial Baseline, user-supplied 2026-08-21",,jchappell2120,1,1,predevelopment,yes,Estimated/user-supplied facility CapEx scenario. The $300M broader CE scaling reference is retained separately and is not facility CapEx or funded capital. | Calculated monthly planning series from scenario drivers; not actual project performance.
5,Chappell International Manufacturing Facility,Manufacturing / Industrial Facility,Historical Planning — Facility CapEx,custom,financing,SCH-DRAW-01,monthly_debt_draw,monthly debt draw — month 1,466375,usd,estimated,"pasted_content_20.txt, CE Development Portfolio Financial Baseline, user-supplied 2026-08-21",,jchappell2120,1,1,predevelopment,yes,Estimated/user-supplied facility CapEx scenario. The $300M broader CE scaling reference is retained separately and is not facility CapEx or funded capital. | Calculated monthly planning series from scenario drivers; not actual project performance.
5,Chappell International Manufacturing Facility,Manufacturing / Industrial Facility,Historical Planning — Facility CapEx,custom,financing,SCH-INT-01,monthly_interest,monthly interest — month 1,3012,usd,estimated,"pasted_content_20.txt, CE Development Portfolio Financial Baseline, user-supplied 2026-08-21",,jchappell2120,1,1,predevelopment,yes,Estimated/user-supplied facility CapEx scenario. The $300M broader CE scaling reference is retained separately and is not facility CapEx or funded capital. | Calculated monthly planning series from scenario drivers; not actual project performance.
5,Chappell International Manufacturing Facility,Manufacturing / Industrial Facility,Historical Planning — Facility CapEx,custom,cash_flow,SCH-CF-01,monthly_levered_cash_flow,monthly levered cash flow — month 1,-720512,usd,estimated,"pasted_content_20.txt, CE Development Portfolio Financial Baseline, user-supplied 2026-08-21",,jchappell2120,1,1,predevelopment,yes,Estimated/user-supplied facility CapEx scenario. The $300M broader CE scaling reference is retained separately and is not facility CapEx or funded capital. | Calculated monthly planning series from scenario drivers; not actual project performance.
5,Chappell International Manufacturing Facility,Manufacturing / Industrial Facility,Historical Planning — Facility CapEx,custom,capital_deployment,SCH-COST-02,monthly_development_spend,monthly development spend — month 2,717500,usd,estimated,"pasted_content_20.txt, CE Development Portfolio Financial Baseline, user-supplied 2026-08-21",,jchappell2120,2,2,predevelopment,yes,Estimated/user-supplied facility CapEx scenario. The $300M broader CE scaling reference is retained separately and is not facility CapEx or funded capital. | Calculated monthly planning series from scenario drivers; not actual project performance.
5,Chappell International Manufacturing Facility,Manufacturing / Industrial Facility,Historical Planning — Facility CapEx,custom,schedule,SCH-CUM-02,cumulative_deployment_bps,cumulative deployment bps — month 2,350,percentage_bps,estimated,"pasted_content_20.txt, CE Development Portfolio Financial Baseline, user-supplied 2026-08-21",,jchappell2120,2,2,predevelopment,yes,Estimated/user-supplied facility CapEx scenario. The $300M broader CE scaling reference is retained separately and is not facility CapEx or funded capital. | Calculated monthly planning series from scenario drivers; not actual project performance.
5,Chappell International Manufacturing Facility,Manufacturing / Industrial Facility,Historical Planning — Facility CapEx,custom,schedule,SCH-OCC-02,occupancy_bps,occupancy bps — month 2,0,percentage_bps,estimated,"pasted_content_20.txt, CE Development Portfolio Financial Baseline, user-supplied 2026-08-21",,jchappell2120,2,2,predevelopment,yes,Estimated/user-supplied facility CapEx scenario. The $300M broader CE scaling reference is retained separately and is not facility CapEx or funded capital. | Calculated monthly planning series from scenario drivers; not actual project performance.
5,Chappell International Manufacturing Facility,Manufacturing / Industrial Facility,Historical Planning — Facility CapEx,custom,revenue,SCH-REV-02,monthly_effective_revenue,monthly effective revenue — month 2,0,usd,estimated,"pasted_content_20.txt, CE Development Portfolio Financial Baseline, user-supplied 2026-08-21",,jchappell2120,2,2,predevelopment,yes,Estimated/user-supplied facility CapEx scenario. The $300M broader CE scaling reference is retained separately and is not facility CapEx or funded capital. | Calculated monthly planning series from scenario drivers; not actual project performance.
5,Chappell International Manufacturing Facility,Manufacturing / Industrial Facility,Historical Planning — Facility CapEx,custom,operations,SCH-OPEX-02,monthly_operating_expense,monthly operating expense — month 2,0,usd,estimated,"pasted_content_20.txt, CE Development Portfolio Financial Baseline, user-supplied 2026-08-21",,jchappell2120,2,2,predevelopment,yes,Estimated/user-supplied facility CapEx scenario. The $300M broader CE scaling reference is retained separately and is not facility CapEx or funded capital. | Calculated monthly planning series from scenario drivers; not actual project performance.
5,Chappell International Manufacturing Facility,Manufacturing / Industrial Facility,Historical Planning — Facility CapEx,custom,financing,SCH-DRAW-02,monthly_debt_draw,monthly debt draw — month 2,466375,usd,estimated,"pasted_content_20.txt, CE Development Portfolio Financial Baseline, user-supplied 2026-08-21",,jchappell2120,2,2,predevelopment,yes,Estimated/user-supplied facility CapEx scenario. The $300M broader CE scaling reference is retained separately and is not facility CapEx or funded capital. | Calculated monthly planning series from scenario drivers; not actual project performance.
5,Chappell International Manufacturing Facility,Manufacturing / Industrial Facility,Historical Planning — Facility CapEx,custom,financing,SCH-INT-02,monthly_interest,monthly interest — month 2,6024,usd,estimated,"pasted_content_20.txt, CE Development Portfolio Financial Baseline, user-supplied 2026-08-21",,jchappell2120,2,2,predevelopment,yes,Estimated/user-supplied facility CapEx scenario. The $300M broader CE scaling reference is retained separately and is not facility CapEx or funded capital. | Calculated monthly planning series from scenario drivers; not actual project performance.
5,Chappell International Manufacturing Facility,Manufacturing / Industrial Facility,Historical Planning — Facility CapEx,custom,cash_flow,SCH-CF-02,monthly_levered_cash_flow,monthly levered cash flow — month 2,-723524,usd,estimated,"pasted_content_20.txt, CE Development Portfolio Financial Baseline, user-supplied 2026-08-21",,jchappell2120,2,2,predevelopment,yes,Estimated/user-supplied facility CapEx scenario. The $300M broader CE scaling reference is retained separately and is not facility CapEx or funded capital. | Calculated monthly planning series from scenario drivers; not actual project performance.
5,Chappell International Manufacturing Facility,Manufacturing / Industrial Facility,Historical Planning — Facility CapEx,custom,capital_deployment,SCH-COST-03,monthly_development_spend,monthly development spend — month 3,717500,usd,estimated,"pasted_content_20.txt, CE Development Portfolio Financial Baseline, user-supplied 2026-08-21",,jchappell2120,3,3,predevelopment,yes,Estimated/user-supplied facility CapEx scenario. The $300M broader CE scaling reference is retained separately and is not facility CapEx or funded capital. | Calculated monthly planning series from scenario drivers; not actual project performance.
5,Chappell International Manufacturing Facility,Manufacturing / Industrial Facility,Historical Planning — Facility CapEx,custom,schedule,SCH-CUM-03,cumulative_deployment_bps,cumulative deployment bps — month 3,525,percentage_bps,estimated,"pasted_content_20.txt, CE Development Portfolio Financial Baseline, user-supplied 2026-08-21",,jchappell2120,3,3,predevelopment,yes,Estimated/user-supplied facility CapEx scenario. The $300M broader CE scaling reference is retained separately and is not facility CapEx or funded capital. | Calculated monthly planning series from scenario drivers; not actual project performance.
5,Chappell International Manufacturing Facility,Manufacturing / Industrial Facility,Historical Planning — Facility CapEx,custom,schedule,SCH-OCC-03,occupancy_bps,occupancy bps — month 3,0,percentage_bps,estimated,"pasted_content_20.txt, CE Development Portfolio Financial Baseline, user-supplied 2026-08-21",,jchappell2120,3,3,predevelopment,yes,Estimated/user-supplied facility CapEx scenario. The $300M broader CE scaling reference is retained separately and is not facility CapEx or funded capital. | Calculated monthly planning series from scenario drivers; not actual project performance.
5,Chappell International Manufacturing Facility,Manufacturing / Industrial Facility,Historical Planning — Facility CapEx,custom,revenue,SCH-REV-03,monthly_effective_revenue,monthly effective revenue — month 3,0,usd,estimated,"pasted_content_20.txt, CE Development Portfolio Financial Baseline, user-supplied 2026-08-21",,jchappell2120,3,3,predevelopment,yes,Estimated/user-supplied facility CapEx scenario. The $300M broader CE scaling reference is retained separately and is not facility CapEx or funded capital. | Calculated monthly planning series from scenario drivers; not actual project performance.
5,Chappell International Manufacturing Facility,Manufacturing / Industrial Facility,Historical Planning — Facility CapEx,custom,operations,SCH-OPEX-03,monthly_operating_expense,monthly operating expense — month 3,0,usd,estimated,"pasted_content_20.txt, CE Development Portfolio Financial Baseline, user-supplied 2026-08-21",,jchappell2120,3,3,predevelopment,yes,Estimated/user-supplied facility CapEx scenario. The $300M broader CE scaling reference is retained separately and is not facility CapEx or funded capital. | Calculated monthly planning series from scenario drivers; not actual project performance.
5,Chappell International Manufacturing Facility,Manufacturing / Industrial Facility,Historical Planning — Facility CapEx,custom,financing,SCH-DRAW-03,monthly_debt_draw,monthly debt draw — month 3,466375,usd,estimated,"pasted_content_20.txt, CE Development Portfolio Financial Baseline, user-supplied 2026-08-21",,jchappell2120,3,3,predevelopment,yes,Estimated/user-supplied facility CapEx scenario. The $300M broader CE scaling reference is retained separately and is not facility CapEx or funded capital. | Calculated monthly planning series from scenario drivers; not actual project performance.
5,Chappell International Manufacturing Facility,Manufacturing / Industrial Facility,Historical Planning — Facility CapEx,custom,financing,SCH-INT-03,monthly_interest,monthly interest — month 3,9036,usd,estimated,"pasted_content_20.txt, CE Development Portfolio Financial Baseline, user-supplied 2026-08-21",,jchappell2120,3,3,predevelopment,yes,Estimated/user-supplied facility CapEx scenario. The $300M broader CE scaling reference is retained separately and is not facility CapEx or funded capital. | Calculated monthly planning series from scenario drivers; not actual project performance.
5,Chappell International Manufacturing Facility,Manufacturing / Industrial Facility,Historical Planning — Facility CapEx,custom,cash_flow,SCH-CF-03,monthly_levered_cash_flow,monthly levered cash flow — month 3,-726536,usd,estimated,"pasted_content_20.txt, CE Development Portfolio Financial Baseline, user-supplied 2026-08-21",,jchappell2120,3,3,predevelopment,yes,Estimated/user-supplied facility CapEx scenario. The $300M broader CE scaling reference is retained separately and is not facility CapEx or funded capital. | Calculated monthly planning series from scenario drivers; not actual project performance.
5,Chappell International Manufacturing Facility,Manufacturing / Industrial Facility,Historical Planning — Facility CapEx,custom,capital_deployment,SCH-COST-04,monthly_development_spend,monthly development spend — month 4,717500,usd,estimated,"pasted_content_20.txt, CE Development Portfolio Financial Baseline, user-supplied 2026-08-21",,jchappell2120,4,4,predevelopment,yes,Estimated/user-supplied facility CapEx scenario. The $300M broader CE scaling reference is retained separately and is not facility CapEx or funded capital. | Calculated monthly planning series from scenario drivers; not actual project performance.
5,Chappell International Manufacturing Facility,Manufacturing / Industrial Facility,Historical Planning — Facility CapEx,custom,schedule,SCH-CUM-04,cumulative_deployment_bps,cumulative deployment bps — month 4,700,percentage_bps,estimated,"pasted_content_20.txt, CE Development Portfolio Financial Baseline, user-supplied 2026-08-21",,jchappell2120,4,4,predevelopment,yes,Estimated/user-supplied facility CapEx scenario. The $300M broader CE scaling reference is retained separately and is not facility CapEx or funded capital. | Calculated monthly planning series from scenario drivers; not actual project performance.
5,Chappell International Manufacturing Facility,Manufacturing / Industrial Facility,Historical Planning — Facility CapEx,custom,schedule,SCH-OCC-04,occupancy_bps,occupancy bps — month 4,0,percentage_bps,estimated,"pasted_content_20.txt, CE Development Portfolio Financial Baseline, user-supplied 2026-08-21",,jchappell2120,4,4,predevelopment,yes,Estimated/user-supplied facility CapEx scenario. The $300M broader CE scaling reference is retained separately and is not facility CapEx or funded capital. | Calculated monthly planning series from scenario drivers; not actual project performance.
5,Chappell International Manufacturing Facility,Manufacturing / Industrial Facility,Historical Planning — Facility CapEx,custom,revenue,SCH-REV-04,monthly_effective_revenue,monthly effective revenue — month 4,0,usd,estimated,"pasted_content_20.txt, CE Development Portfolio Financial Baseline, user-supplied 2026-08-21",,jchappell2120,4,4,predevelopment,yes,Estimated/user-supplied facility CapEx scenario. The $300M broader CE scaling reference is retained separately and is not facility CapEx or funded capital. | Calculated monthly planning series from scenario drivers; not actual project performance.
5,Chappell International Manufacturing Facility,Manufacturing / Industrial Facility,Historical Planning — Facility CapEx,custom,operations,SCH-OPEX-04,monthly_operating_expense,monthly operating expense — month 4,0,usd,estimated,"pasted_content_20.txt, CE Development Portfolio Financial Baseline, user-supplied 2026-08-21",,jchappell2120,4,4,predevelopment,yes,Estimated/user-supplied facility CapEx scenario. The $300M broader CE scaling reference is retained separately and is not facility CapEx or funded capital. | Calculated monthly planning series from scenario drivers; not actual project performance.
5,Chappell International Manufacturing Facility,Manufacturing / Industrial Facility,Historical Planning — Facility CapEx,custom,financing,SCH-DRAW-04,monthly_debt_draw,monthly debt draw — month 4,466375,usd,estimated,"pasted_content_20.txt, CE Development Portfolio Financial Baseline, user-supplied 2026-08-21",,jchappell2120,4,4,predevelopment,yes,Estimated/user-supplied facility CapEx scenario. The $300M broader CE scaling reference is retained separately and is not facility CapEx or funded capital. | Calculated monthly planning series from scenario drivers; not actual project performance.
5,Chappell International Manufacturing Facility,Manufacturing / Industrial Facility,Historical Planning — Facility CapEx,custom,financing,SCH-INT-04,monthly_interest,monthly interest — month 4,12048,usd,estimated,"pasted_content_20.txt, CE Development Portfolio Financial Baseline, user-supplied 2026-08-21",,jchappell2120,4,4,predevelopment,yes,Estimated/user-supplied facility CapEx scenario. The $300M broader CE scaling reference is retained separately and is not facility CapEx or funded capital. | Calculated monthly planning series from scenario drivers; not actual project performance.
5,Chappell International Manufacturing Facility,Manufacturing / Industrial Facility,Historical Planning — Facility CapEx,custom,cash_flow,SCH-CF-04,monthly_levered_cash_flow,monthly levered cash flow — month 4,-729548,usd,estimated,"pasted_content_20.txt, CE Development Portfolio Financial Baseline, user-supplied 2026-08-21",,jchappell2120,4,4,predevelopment,yes,Estimated/user-supplied facility CapEx scenario. The $300M broader CE scaling reference is retained separately and is not facility CapEx or funded capital. | Calculated monthly planning series from scenario drivers; not actual project performance.
5,Chappell International Manufacturing Facility,Manufacturing / Industrial Facility,Historical Planning — Facility CapEx,custom,capital_deployment,SCH-COST-05,monthly_development_spend,monthly development spend — month 5,1845000,usd,estimated,"pasted_content_20.txt, CE Development Portfolio Financial Baseline, user-supplied 2026-08-21",,jchappell2120,5,5,construction,yes,Estimated/user-supplied facility CapEx scenario. The $300M broader CE scaling reference is retained separately and is not facility CapEx or funded capital. | Calculated monthly planning series from scenario drivers; not actual project performance.
5,Chappell International Manufacturing Facility,Manufacturing / Industrial Facility,Historical Planning — Facility CapEx,custom,schedule,SCH-CUM-05,cumulative_deployment_bps,cumulative deployment bps — month 5,1150,percentage_bps,estimated,"pasted_content_20.txt, CE Development Portfolio Financial Baseline, user-supplied 2026-08-21",,jchappell2120,5,5,construction,yes,Estimated/user-supplied facility CapEx scenario. The $300M broader CE scaling reference is retained separately and is not facility CapEx or funded capital. | Calculated monthly planning series from scenario drivers; not actual project performance.
5,Chappell International Manufacturing Facility,Manufacturing / Industrial Facility,Historical Planning — Facility CapEx,custom,schedule,SCH-OCC-05,occupancy_bps,occupancy bps — month 5,0,percentage_bps,estimated,"pasted_content_20.txt, CE Development Portfolio Financial Baseline, user-supplied 2026-08-21",,jchappell2120,5,5,construction,yes,Estimated/user-supplied facility CapEx scenario. The $300M broader CE scaling reference is retained separately and is not facility CapEx or funded capital. | Calculated monthly planning series from scenario drivers; not actual project performance.
5,Chappell International Manufacturing Facility,Manufacturing / Industrial Facility,Historical Planning — Facility CapEx,custom,revenue,SCH-REV-05,monthly_effective_revenue,monthly effective revenue — month 5,0,usd,estimated,"pasted_content_20.txt, CE Development Portfolio Financial Baseline, user-supplied 2026-08-21",,jchappell2120,5,5,construction,yes,Estimated/user-supplied facility CapEx scenario. The $300M broader CE scaling reference is retained separately and is not facility CapEx or funded capital. | Calculated monthly planning series from scenario drivers; not actual project performance.
5,Chappell International Manufacturing Facility,Manufacturing / Industrial Facility,Historical Planning — Facility CapEx,custom,operations,SCH-OPEX-05,monthly_operating_expense,monthly operating expense — month 5,0,usd,estimated,"pasted_content_20.txt, CE Development Portfolio Financial Baseline, user-supplied 2026-08-21",,jchappell2120,5,5,construction,yes,Estimated/user-supplied facility CapEx scenario. The $300M broader CE scaling reference is retained separately and is not facility CapEx or funded capital. | Calculated monthly planning series from scenario drivers; not actual project performance.
5,Chappell International Manufacturing Facility,Manufacturing / Industrial Facility,Historical Planning — Facility CapEx,custom,financing,SCH-DRAW-05,monthly_debt_draw,monthly debt draw — month 5,1199250,usd,estimated,"pasted_content_20.txt, CE Development Portfolio Financial Baseline, user-supplied 2026-08-21",,jchappell2120,5,5,construction,yes,Estimated/user-supplied facility CapEx scenario. The $300M broader CE scaling reference is retained separately and is not facility CapEx or funded capital. | Calculated monthly planning series from scenario drivers; not actual project performance.
5,Chappell International Manufacturing Facility,Manufacturing / Industrial Facility,Historical Planning — Facility CapEx,custom,financing,SCH-INT-05,monthly_interest,monthly interest — month 5,19793,usd,estimated,"pasted_content_20.txt, CE Development Portfolio Financial Baseline, user-supplied 2026-08-21",,jchappell2120,5,5,construction,yes,Estimated/user-supplied facility CapEx scenario. The $300M broader CE scaling reference is retained separately and is not facility CapEx or funded capital. | Calculated monthly planning series from scenario drivers; not actual project performance.
5,Chappell International Manufacturing Facility,Manufacturing / Industrial Facility,Historical Planning — Facility CapEx,custom,cash_flow,SCH-CF-05,monthly_levered_cash_flow,monthly levered cash flow — month 5,-1864793,usd,estimated,"pasted_content_20.txt, CE Development Portfolio Financial Baseline, user-supplied 2026-08-21",,jchappell2120,5,5,construction,yes,Estimated/user-supplied facility CapEx scenario. The $300M broader CE scaling reference is retained separately and is not facility CapEx or funded capital. | Calculated monthly planning series from scenario drivers; not actual project performance.
5,Chappell International Manufacturing Facility,Manufacturing / Industrial Facility,Historical Planning — Facility CapEx,custom,capital_deployment,SCH-COST-06,monthly_development_spend,monthly development spend — month 6,1845000,usd,estimated,"pasted_content_20.txt, CE Development Portfolio Financial Baseline, user-supplied 2026-08-21",,jchappell2120,6,6,construction,yes,Estimated/user-supplied facility CapEx scenario. The $300M broader CE scaling reference is retained separately and is not facility CapEx or funded capital. | Calculated monthly planning series from scenario drivers; not actual project performance.
5,Chappell International Manufacturing Facility,Manufacturing / Industrial Facility,Historical Planning — Facility CapEx,custom,schedule,SCH-CUM-06,cumulative_deployment_bps,cumulative deployment bps — month 6,1600,percentage_bps,estimated,"pasted_content_20.txt, CE Development Portfolio Financial Baseline, user-supplied 2026-08-21",,jchappell2120,6,6,construction,yes,Estimated/user-supplied facility CapEx scenario. The $300M broader CE scaling reference is retained separately and is not facility CapEx or funded capital. | Calculated monthly planning series from scenario drivers; not actual project performance.
5,Chappell International Manufacturing Facility,Manufacturing / Industrial Facility,Historical Planning — Facility CapEx,custom,schedule,SCH-OCC-06,occupancy_bps,occupancy bps — month 6,0,percentage_bps,estimated,"pasted_content_20.txt, CE Development Portfolio Financial Baseline, user-supplied 2026-08-21",,jchappell2120,6,6,construction,yes,Estimated/user-supplied facility CapEx scenario. The $300M broader CE scaling reference is retained separately and is not facility CapEx or funded capital. | Calculated monthly planning series from scenario drivers; not actual project performance.
5,Chappell International Manufacturing Facility,Manufacturing / Industrial Facility,Historical Planning — Facility CapEx,custom,revenue,SCH-REV-06,monthly_effective_revenue,monthly effective revenue — month 6,0,usd,estimated,"pasted_content_20.txt, CE Development Portfolio Financial Baseline, user-supplied 2026-08-21",,jchappell2120,6,6,construction,yes,Estimated/user-supplied facility CapEx scenario. The $300M broader CE scaling reference is retained separately and is not facility CapEx or funded capital. | Calculated monthly planning series from scenario drivers; not actual project performance.
5,Chappell International Manufacturing Facility,Manufacturing / Industrial Facility,Historical Planning — Facility CapEx,custom,operations,SCH-OPEX-06,monthly_operating_expense,monthly operating expense — month 6,0,usd,estimated,"pasted_content_20.txt, CE Development Portfolio Financial Baseline, user-supplied 2026-08-21",,jchappell2120,6,6,construction,yes,Estimated/user-supplied facility CapEx scenario. The $300M broader CE scaling reference is retained separately and is not facility CapEx or funded capital. | Calculated monthly planning series from scenario drivers; not actual project performance.
5,Chappell International Manufacturing Facility,Manufacturing / Industrial Facility,Historical Planning — Facility CapEx,custom,financing,SCH-DRAW-06,monthly_debt_draw,monthly debt draw — month 6,1199250,usd,estimated,"pasted_content_20.txt, CE Development Portfolio Financial Baseline, user-supplied 2026-08-21",,jchappell2120,6,6,construction,yes,Estimated/user-supplied facility CapEx scenario. The $300M broader CE scaling reference is retained separately and is not facility CapEx or funded capital. | Calculated monthly planning series from scenario drivers; not actual project performance.
5,Chappell International Manufacturing Facility,Manufacturing / Industrial Facility,Historical Planning — Facility CapEx,custom,financing,SCH-INT-06,monthly_interest,monthly interest — month 6,27538,usd,estimated,"pasted_content_20.txt, CE Development Portfolio Financial Baseline, user-supplied 2026-08-21",,jchappell2120,6,6,construction,yes,Estimated/user-supplied facility CapEx scenario. The $300M broader CE scaling reference is retained separately and is not facility CapEx or funded capital. | Calculated monthly planning series from scenario drivers; not actual project performance.
5,Chappell International Manufacturing Facility,Manufacturing / Industrial Facility,Historical Planning — Facility CapEx,custom,cash_flow,SCH-CF-06,monthly_levered_cash_flow,monthly levered cash flow — month 6,-1872538,usd,estimated,"pasted_content_20.txt, CE Development Portfolio Financial Baseline, user-supplied 2026-08-21",,jchappell2120,6,6,construction,yes,Estimated/user-supplied facility CapEx scenario. The $300M broader CE scaling reference is retained separately and is not facility CapEx or funded capital. | Calculated monthly planning series from scenario drivers; not actual project performance.
5,Chappell International Manufacturing Facility,Manufacturing / Industrial Facility,Historical Planning — Facility CapEx,custom,capital_deployment,SCH-COST-07,monthly_development_spend,monthly development spend — month 7,1845000,usd,estimated,"pasted_content_20.txt, CE Development Portfolio Financial Baseline, user-supplied 2026-08-21",,jchappell2120,7,7,construction,yes,Estimated/user-supplied facility CapEx scenario. The $300M broader CE scaling reference is retained separately and is not facility CapEx or funded capital. | Calculated monthly planning series from scenario drivers; not actual project performance.
5,Chappell International Manufacturing Facility,Manufacturing / Industrial Facility,Historical Planning — Facility CapEx,custom,schedule,SCH-CUM-07,cumulative_deployment_bps,cumulative deployment bps — month 7,2050,percentage_bps,estimated,"pasted_content_20.txt, CE Development Portfolio Financial Baseline, user-supplied 2026-08-21",,jchappell2120,7,7,construction,yes,Estimated/user-supplied facility CapEx scenario. The $300M broader CE scaling reference is retained separately and is not facility CapEx or funded capital. | Calculated monthly planning series from scenario drivers; not actual project performance.
5,Chappell International Manufacturing Facility,Manufacturing / Industrial Facility,Historical Planning — Facility CapEx,custom,schedule,SCH-OCC-07,occupancy_bps,occupancy bps — month 7,0,percentage_bps,estimated,"pasted_content_20.txt, CE Development Portfolio Financial Baseline, user-supplied 2026-08-21",,jchappell2120,7,7,construction,yes,Estimated/user-supplied facility CapEx scenario. The $300M broader CE scaling reference is retained separately and is not facility CapEx or funded capital. | Calculated monthly planning series from scenario drivers; not actual project performance.
5,Chappell International Manufacturing Facility,Manufacturing / Industrial Facility,Historical Planning — Facility CapEx,custom,revenue,SCH-REV-07,monthly_effective_revenue,monthly effective revenue — month 7,0,usd,estimated,"pasted_content_20.txt, CE Development Portfolio Financial Baseline, user-supplied 2026-08-21",,jchappell2120,7,7,construction,yes,Estimated/user-supplied facility CapEx scenario. The $300M broader CE scaling reference is retained separately and is not facility CapEx or funded capital. | Calculated monthly planning series from scenario drivers; not actual project performance.
5,Chappell International Manufacturing Facility,Manufacturing / Industrial Facility,Historical Planning — Facility CapEx,custom,operations,SCH-OPEX-07,monthly_operating_expense,monthly operating expense — month 7,0,usd,estimated,"pasted_content_20.txt, CE Development Portfolio Financial Baseline, user-supplied 2026-08-21",,jchappell2120,7,7,construction,yes,Estimated/user-supplied facility CapEx scenario. The $300M broader CE scaling reference is retained separately and is not facility CapEx or funded capital. | Calculated monthly planning series from scenario drivers; not actual project performance.
5,Chappell International Manufacturing Facility,Manufacturing / Industrial Facility,Historical Planning — Facility CapEx,custom,financing,SCH-DRAW-07,monthly_debt_draw,monthly debt draw — month 7,1199250,usd,estimated,"pasted_content_20.txt, CE Development Portfolio Financial Baseline, user-supplied 2026-08-21",,jchappell2120,7,7,construction,yes,Estimated/user-supplied facility CapEx scenario. The $300M broader CE scaling reference is retained separately and is not facility CapEx or funded capital. | Calculated monthly planning series from scenario drivers; not actual project performance.
5,Chappell International Manufacturing Facility,Manufacturing / Industrial Facility,Historical Planning — Facility CapEx,custom,financing,SCH-INT-07,monthly_interest,monthly interest — month 7,35283,usd,estimated,"pasted_content_20.txt, CE Development Portfolio Financial Baseline, user-supplied 2026-08-21",,jchappell2120,7,7,construction,yes,Estimated/user-supplied facility CapEx scenario. The $300M broader CE scaling reference is retained separately and is not facility CapEx or funded capital. | Calculated monthly planning series from scenario drivers; not actual project performance.
5,Chappell International Manufacturing Facility,Manufacturing / Industrial Facility,Historical Planning — Facility CapEx,custom,cash_flow,SCH-CF-07,monthly_levered_cash_flow,monthly levered cash flow — month 7,-1880283,usd,estimated,"pasted_content_20.txt, CE Development Portfolio Financial Baseline, user-supplied 2026-08-21",,jchappell2120,7,7,construction,yes,Estimated/user-supplied facility CapEx scenario. The $300M broader CE scaling reference is retained separately and is not facility CapEx or funded capital. | Calculated monthly planning series from scenario drivers; not actual project performance.
5,Chappell International Manufacturing Facility,Manufacturing / Industrial Facility,Historical Planning — Facility CapEx,custom,capital_deployment,SCH-COST-08,monthly_development_spend,monthly development spend — month 8,1845000,usd,estimated,"pasted_content_20.txt, CE Development Portfolio Financial Baseline, user-supplied 2026-08-21",,jchappell2120,8,8,construction,yes,Estimated/user-supplied facility CapEx scenario. The $300M broader CE scaling reference is retained separately and is not facility CapEx or funded capital. | Calculated monthly planning series from scenario drivers; not actual project performance.
5,Chappell International Manufacturing Facility,Manufacturing / Industrial Facility,Historical Planning — Facility CapEx,custom,schedule,SCH-CUM-08,cumulative_deployment_bps,cumulative deployment bps — month 8,2500,percentage_bps,estimated,"pasted_content_20.txt, CE Development Portfolio Financial Baseline, user-supplied 2026-08-21",,jchappell2120,8,8,construction,yes,Estimated/user-supplied facility CapEx scenario. The $300M broader CE scaling reference is retained separately and is not facility CapEx or funded capital. | Calculated monthly planning series from scenario drivers; not actual project performance.
5,Chappell International Manufacturing Facility,Manufacturing / Industrial Facility,Historical Planning — Facility CapEx,custom,schedule,SCH-OCC-08,occupancy_bps,occupancy bps — month 8,0,percentage_bps,estimated,"pasted_content_20.txt, CE Development Portfolio Financial Baseline, user-supplied 2026-08-21",,jchappell2120,8,8,construction,yes,Estimated/user-supplied facility CapEx scenario. The $300M broader CE scaling reference is retained separately and is not facility CapEx or funded capital. | Calculated monthly planning series from scenario drivers; not actual project performance.
5,Chappell International Manufacturing Facility,Manufacturing / Industrial Facility,Historical Planning — Facility CapEx,custom,revenue,SCH-REV-08,monthly_effective_revenue,monthly effective revenue — month 8,0,usd,estimated,"pasted_content_20.txt, CE Development Portfolio Financial Baseline, user-supplied 2026-08-21",,jchappell2120,8,8,construction,yes,Estimated/user-supplied facility CapEx scenario. The $300M broader CE scaling reference is retained separately and is not facility CapEx or funded capital. | Calculated monthly planning series from scenario drivers; not actual project performance.
5,Chappell International Manufacturing Facility,Manufacturing / Industrial Facility,Historical Planning — Facility CapEx,custom,operations,SCH-OPEX-08,monthly_operating_expense,monthly operating expense — month 8,0,usd,estimated,"pasted_content_20.txt, CE Development Portfolio Financial Baseline, user-supplied 2026-08-21",,jchappell2120,8,8,construction,yes,Estimated/user-supplied facility CapEx scenario. The $300M broader CE scaling reference is retained separately and is not facility CapEx or funded capital. | Calculated monthly planning series from scenario drivers; not actual project performance.
5,Chappell International Manufacturing Facility,Manufacturing / Industrial Facility,Historical Planning — Facility CapEx,custom,financing,SCH-DRAW-08,monthly_debt_draw,monthly debt draw — month 8,1199250,usd,estimated,"pasted_content_20.txt, CE Development Portfolio Financial Baseline, user-supplied 2026-08-21",,jchappell2120,8,8,construction,yes,Estimated/user-supplied facility CapEx scenario. The $300M broader CE scaling reference is retained separately and is not facility CapEx or funded capital. | Calculated monthly planning series from scenario drivers; not actual project performance.
5,Chappell International Manufacturing Facility,Manufacturing / Industrial Facility,Historical Planning — Facility CapEx,custom,financing,SCH-INT-08,monthly_interest,monthly interest — month 8,43029,usd,estimated,"pasted_content_20.txt, CE Development Portfolio Financial Baseline, user-supplied 2026-08-21",,jchappell2120,8,8,construction,yes,Estimated/user-supplied facility CapEx scenario. The $300M broader CE scaling reference is retained separately and is not facility CapEx or funded capital. | Calculated monthly planning series from scenario drivers; not actual project performance.
5,Chappell International Manufacturing Facility,Manufacturing / Industrial Facility,Historical Planning — Facility CapEx,custom,cash_flow,SCH-CF-08,monthly_levered_cash_flow,monthly levered cash flow — month 8,-1888029,usd,estimated,"pasted_content_20.txt, CE Development Portfolio Financial Baseline, user-supplied 2026-08-21",,jchappell2120,8,8,construction,yes,Estimated/user-supplied facility CapEx scenario. The $300M broader CE scaling reference is retained separately and is not facility CapEx or funded capital. | Calculated monthly planning series from scenario drivers; not actual project performance.
5,Chappell International Manufacturing Facility,Manufacturing / Industrial Facility,Historical Planning — Facility CapEx,custom,capital_deployment,SCH-COST-09,monthly_development_spend,monthly development spend — month 9,2562500,usd,estimated,"pasted_content_20.txt, CE Development Portfolio Financial Baseline, user-supplied 2026-08-21",,jchappell2120,9,9,construction,yes,Estimated/user-supplied facility CapEx scenario. The $300M broader CE scaling reference is retained separately and is not facility CapEx or funded capital. | Calculated monthly planning series from scenario drivers; not actual project performance.
5,Chappell International Manufacturing Facility,Manufacturing / Industrial Facility,Historical Planning — Facility CapEx,custom,schedule,SCH-CUM-09,cumulative_deployment_bps,cumulative deployment bps — month 9,3125,percentage_bps,estimated,"pasted_content_20.txt, CE Development Portfolio Financial Baseline, user-supplied 2026-08-21",,jchappell2120,9,9,construction,yes,Estimated/user-supplied facility CapEx scenario. The $300M broader CE scaling reference is retained separately and is not facility CapEx or funded capital. | Calculated monthly planning series from scenario drivers; not actual project performance.
5,Chappell International Manufacturing Facility,Manufacturing / Industrial Facility,Historical Planning — Facility CapEx,custom,schedule,SCH-OCC-09,occupancy_bps,occupancy bps — month 9,0,percentage_bps,estimated,"pasted_content_20.txt, CE Development Portfolio Financial Baseline, user-supplied 2026-08-21",,jchappell2120,9,9,construction,yes,Estimated/user-supplied facility CapEx scenario. The $300M broader CE scaling reference is retained separately and is not facility CapEx or funded capital. | Calculated monthly planning series from scenario drivers; not actual project performance.
5,Chappell International Manufacturing Facility,Manufacturing / Industrial Facility,Historical Planning — Facility CapEx,custom,revenue,SCH-REV-09,monthly_effective_revenue,monthly effective revenue — month 9,0,usd,estimated,"pasted_content_20.txt, CE Development Portfolio Financial Baseline, user-supplied 2026-08-21",,jchappell2120,9,9,construction,yes,Estimated/user-supplied facility CapEx scenario. The $300M broader CE scaling reference is retained separately and is not facility CapEx or funded capital. | Calculated monthly planning series from scenario drivers; not actual project performance.
5,Chappell International Manufacturing Facility,Manufacturing / Industrial Facility,Historical Planning — Facility CapEx,custom,operations,SCH-OPEX-09,monthly_operating_expense,monthly operating expense — month 9,0,usd,estimated,"pasted_content_20.txt, CE Development Portfolio Financial Baseline, user-supplied 2026-08-21",,jchappell2120,9,9,construction,yes,Estimated/user-supplied facility CapEx scenario. The $300M broader CE scaling reference is retained separately and is not facility CapEx or funded capital. | Calculated monthly planning series from scenario drivers; not actual project performance.
5,Chappell International Manufacturing Facility,Manufacturing / Industrial Facility,Historical Planning — Facility CapEx,custom,financing,SCH-DRAW-09,monthly_debt_draw,monthly debt draw — month 9,1665625,usd,estimated,"pasted_content_20.txt, CE Development Portfolio Financial Baseline, user-supplied 2026-08-21",,jchappell2120,9,9,construction,yes,Estimated/user-supplied facility CapEx scenario. The $300M broader CE scaling reference is retained separately and is not facility CapEx or funded capital. | Calculated monthly planning series from scenario drivers; not actual project performance.
5,Chappell International Manufacturing Facility,Manufacturing / Industrial Facility,Historical Planning — Facility CapEx,custom,financing,SCH-INT-09,monthly_interest,monthly interest — month 9,53786,usd,estimated,"pasted_content_20.txt, CE Development Portfolio Financial Baseline, user-supplied 2026-08-21",,jchappell2120,9,9,construction,yes,Estimated/user-supplied facility CapEx scenario. The $300M broader CE scaling reference is retained separately and is not facility CapEx or funded capital. | Calculated monthly planning series from scenario drivers; not actual project performance.
5,Chappell International Manufacturing Facility,Manufacturing / Industrial Facility,Historical Planning — Facility CapEx,custom,cash_flow,SCH-CF-09,monthly_levered_cash_flow,monthly levered cash flow — month 9,-2616286,usd,estimated,"pasted_content_20.txt, CE Development Portfolio Financial Baseline, user-supplied 2026-08-21",,jchappell2120,9,9,construction,yes,Estimated/user-supplied facility CapEx scenario. The $300M broader CE scaling reference is retained separately and is not facility CapEx or funded capital. | Calculated monthly planning series from scenario drivers; not actual project performance.
5,Chappell International Manufacturing Facility,Manufacturing / Industrial Facility,Historical Planning — Facility CapEx,custom,capital_deployment,SCH-COST-10,monthly_development_spend,monthly development spend — month 10,2562500,usd,estimated,"pasted_content_20.txt, CE Development Portfolio Financial Baseline, user-supplied 2026-08-21",,jchappell2120,10,10,construction,yes,Estimated/user-supplied facility CapEx scenario. The $300M broader CE scaling reference is retained separately and is not facility CapEx or funded capital. | Calculated monthly planning series from scenario drivers; not actual project performance.
5,Chappell International Manufacturing Facility,Manufacturing / Industrial Facility,Historical Planning — Facility CapEx,custom,schedule,SCH-CUM-10,cumulative_deployment_bps,cumulative deployment bps — month 10,3750,percentage_bps,estimated,"pasted_content_20.txt, CE Development Portfolio Financial Baseline, user-supplied 2026-08-21",,jchappell2120,10,10,construction,yes,Estimated/user-supplied facility CapEx scenario. The $300M broader CE scaling reference is retained separately and is not facility CapEx or funded capital. | Calculated monthly planning series from scenario drivers; not actual project performance.
5,Chappell International Manufacturing Facility,Manufacturing / Industrial Facility,Historical Planning — Facility CapEx,custom,schedule,SCH-OCC-10,occupancy_bps,occupancy bps — month 10,0,percentage_bps,estimated,"pasted_content_20.txt, CE Development Portfolio Financial Baseline, user-supplied 2026-08-21",,jchappell2120,10,10,construction,yes,Estimated/user-supplied facility CapEx scenario. The $300M broader CE scaling reference is retained separately and is not facility CapEx or funded capital. | Calculated monthly planning series from scenario drivers; not actual project performance.
5,Chappell International Manufacturing Facility,Manufacturing / Industrial Facility,Historical Planning — Facility CapEx,custom,revenue,SCH-REV-10,monthly_effective_revenue,monthly effective revenue — month 10,0,usd,estimated,"pasted_content_20.txt, CE Development Portfolio Financial Baseline, user-supplied 2026-08-21",,jchappell2120,10,10,construction,yes,Estimated/user-supplied facility CapEx scenario. The $300M broader CE scaling reference is retained separately and is not facility CapEx or funded capital. | Calculated monthly planning series from scenario drivers; not actual project performance.
5,Chappell International Manufacturing Facility,Manufacturing / Industrial Facility,Historical Planning — Facility CapEx,custom,operations,SCH-OPEX-10,monthly_operating_expense,monthly operating expense — month 10,0,usd,estimated,"pasted_content_20.txt, CE Development Portfolio Financial Baseline, user-supplied 2026-08-21",,jchappell2120,10,10,construction,yes,Estimated/user-supplied facility CapEx scenario. The $300M broader CE scaling reference is retained separately and is not facility CapEx or funded capital. | Calculated monthly planning series from scenario drivers; not actual project performance.
5,Chappell International Manufacturing Facility,Manufacturing / Industrial Facility,Historical Planning — Facility CapEx,custom,financing,SCH-DRAW-10,monthly_debt_draw,monthly debt draw — month 10,1665625,usd,estimated,"pasted_content_20.txt, CE Development Portfolio Financial Baseline, user-supplied 2026-08-21",,jchappell2120,10,10,construction,yes,Estimated/user-supplied facility CapEx scenario. The $300M broader CE scaling reference is retained separately and is not facility CapEx or funded capital. | Calculated monthly planning series from scenario drivers; not actual project performance.
5,Chappell International Manufacturing Facility,Manufacturing / Industrial Facility,Historical Planning — Facility CapEx,custom,financing,SCH-INT-10,monthly_interest,monthly interest — month 10,64543,usd,estimated,"pasted_content_20.txt, CE Development Portfolio Financial Baseline, user-supplied 2026-08-21",,jchappell2120,10,10,construction,yes,Estimated/user-supplied facility CapEx scenario. The $300M broader CE scaling reference is retained separately and is not facility CapEx or funded capital. | Calculated monthly planning series from scenario drivers; not actual project performance.
5,Chappell International Manufacturing Facility,Manufacturing / Industrial Facility,Historical Planning — Facility CapEx,custom,cash_flow,SCH-CF-10,monthly_levered_cash_flow,monthly levered cash flow — month 10,-2627043,usd,estimated,"pasted_content_20.txt, CE Development Portfolio Financial Baseline, user-supplied 2026-08-21",,jchappell2120,10,10,construction,yes,Estimated/user-supplied facility CapEx scenario. The $300M broader CE scaling reference is retained separately and is not facility CapEx or funded capital. | Calculated monthly planning series from scenario drivers; not actual project performance.
5,Chappell International Manufacturing Facility,Manufacturing / Industrial Facility,Historical Planning — Facility CapEx,custom,capital_deployment,SCH-COST-11,monthly_development_spend,monthly development spend — month 11,2562500,usd,estimated,"pasted_content_20.txt, CE Development Portfolio Financial Baseline, user-supplied 2026-08-21",,jchappell2120,11,11,construction,yes,Estimated/user-supplied facility CapEx scenario. The $300M broader CE scaling reference is retained separately and is not facility CapEx or funded capital. | Calculated monthly planning series from scenario drivers; not actual project performance.
5,Chappell International Manufacturing Facility,Manufacturing / Industrial Facility,Historical Planning — Facility CapEx,custom,schedule,SCH-CUM-11,cumulative_deployment_bps,cumulative deployment bps — month 11,4375,percentage_bps,estimated,"pasted_content_20.txt, CE Development Portfolio Financial Baseline, user-supplied 2026-08-21",,jchappell2120,11,11,construction,yes,Estimated/user-supplied facility CapEx scenario. The $300M broader CE scaling reference is retained separately and is not facility CapEx or funded capital. | Calculated monthly planning series from scenario drivers; not actual project performance.
5,Chappell International Manufacturing Facility,Manufacturing / Industrial Facility,Historical Planning — Facility CapEx,custom,schedule,SCH-OCC-11,occupancy_bps,occupancy bps — month 11,0,percentage_bps,estimated,"pasted_content_20.txt, CE Development Portfolio Financial Baseline, user-supplied 2026-08-21",,jchappell2120,11,11,construction,yes,Estimated/user-supplied facility CapEx scenario. The $300M broader CE scaling reference is retained separately and is not facility CapEx or funded capital. | Calculated monthly planning series from scenario drivers; not actual project performance.
5,Chappell International Manufacturing Facility,Manufacturing / Industrial Facility,Historical Planning — Facility CapEx,custom,revenue,SCH-REV-11,monthly_effective_revenue,monthly effective revenue — month 11,0,usd,estimated,"pasted_content_20.txt, CE Development Portfolio Financial Baseline, user-supplied 2026-08-21",,jchappell2120,11,11,construction,yes,Estimated/user-supplied facility CapEx scenario. The $300M broader CE scaling reference is retained separately and is not facility CapEx or funded capital. | Calculated monthly planning series from scenario drivers; not actual project performance.
5,Chappell International Manufacturing Facility,Manufacturing / Industrial Facility,Historical Planning — Facility CapEx,custom,operations,SCH-OPEX-11,monthly_operating_expense,monthly operating expense — month 11,0,usd,estimated,"pasted_content_20.txt, CE Development Portfolio Financial Baseline, user-supplied 2026-08-21",,jchappell2120,11,11,construction,yes,Estimated/user-supplied facility CapEx scenario. The $300M broader CE scaling reference is retained separately and is not facility CapEx or funded capital. | Calculated monthly planning series from scenario drivers; not actual project performance.
5,Chappell International Manufacturing Facility,Manufacturing / Industrial Facility,Historical Planning — Facility CapEx,custom,financing,SCH-DRAW-11,monthly_debt_draw,monthly debt draw — month 11,1665625,usd,estimated,"pasted_content_20.txt, CE Development Portfolio Financial Baseline, user-supplied 2026-08-21",,jchappell2120,11,11,construction,yes,Estimated/user-supplied facility CapEx scenario. The $300M broader CE scaling reference is retained separately and is not facility CapEx or funded capital. | Calculated monthly planning series from scenario drivers; not actual project performance.
5,Chappell International Manufacturing Facility,Manufacturing / Industrial Facility,Historical Planning — Facility CapEx,custom,financing,SCH-INT-11,monthly_interest,monthly interest — month 11,75300,usd,estimated,"pasted_content_20.txt, CE Development Portfolio Financial Baseline, user-supplied 2026-08-21",,jchappell2120,11,11,construction,yes,Estimated/user-supplied facility CapEx scenario. The $300M broader CE scaling reference is retained separately and is not facility CapEx or funded capital. | Calculated monthly planning series from scenario drivers; not actual project performance.
5,Chappell International Manufacturing Facility,Manufacturing / Industrial Facility,Historical Planning — Facility CapEx,custom,cash_flow,SCH-CF-11,monthly_levered_cash_flow,monthly levered cash flow — month 11,-2637800,usd,estimated,"pasted_content_20.txt, CE Development Portfolio Financial Baseline, user-supplied 2026-08-21",,jchappell2120,11,11,construction,yes,Estimated/user-supplied facility CapEx scenario. The $300M broader CE scaling reference is retained separately and is not facility CapEx or funded capital. | Calculated monthly planning series from scenario drivers; not actual project performance.
5,Chappell International Manufacturing Facility,Manufacturing / Industrial Facility,Historical Planning — Facility CapEx,custom,capital_deployment,SCH-COST-12,monthly_development_spend,monthly development spend — month 12,2562500,usd,estimated,"pasted_content_20.txt, CE Development Portfolio Financial Baseline, user-supplied 2026-08-21",,jchappell2120,12,12,construction,yes,Estimated/user-supplied facility CapEx scenario. The $300M broader CE scaling reference is retained separately and is not facility CapEx or funded capital. | Calculated monthly planning series from scenario drivers; not actual project performance.
5,Chappell International Manufacturing Facility,Manufacturing / Industrial Facility,Historical Planning — Facility CapEx,custom,schedule,SCH-CUM-12,cumulative_deployment_bps,cumulative deployment bps — month 12,5000,percentage_bps,estimated,"pasted_content_20.txt, CE Development Portfolio Financial Baseline, user-supplied 2026-08-21",,jchappell2120,12,12,construction,yes,Estimated/user-supplied facility CapEx scenario. The $300M broader CE scaling reference is retained separately and is not facility CapEx or funded capital. | Calculated monthly planning series from scenario drivers; not actual project performance.
5,Chappell International Manufacturing Facility,Manufacturing / Industrial Facility,Historical Planning — Facility CapEx,custom,schedule,SCH-OCC-12,occupancy_bps,occupancy bps — month 12,0,percentage_bps,estimated,"pasted_content_20.txt, CE Development Portfolio Financial Baseline, user-supplied 2026-08-21",,jchappell2120,12,12,construction,yes,Estimated/user-supplied facility CapEx scenario. The $300M broader CE scaling reference is retained separately and is not facility CapEx or funded capital. | Calculated monthly planning series from scenario drivers; not actual project performance.
5,Chappell International Manufacturing Facility,Manufacturing / Industrial Facility,Historical Planning — Facility CapEx,custom,revenue,SCH-REV-12,monthly_effective_revenue,monthly effective revenue — month 12,0,usd,estimated,"pasted_content_20.txt, CE Development Portfolio Financial Baseline, user-supplied 2026-08-21",,jchappell2120,12,12,construction,yes,Estimated/user-supplied facility CapEx scenario. The $300M broader CE scaling reference is retained separately and is not facility CapEx or funded capital. | Calculated monthly planning series from scenario drivers; not actual project performance.
5,Chappell International Manufacturing Facility,Manufacturing / Industrial Facility,Historical Planning — Facility CapEx,custom,operations,SCH-OPEX-12,monthly_operating_expense,monthly operating expense — month 12,0,usd,estimated,"pasted_content_20.txt, CE Development Portfolio Financial Baseline, user-supplied 2026-08-21",,jchappell2120,12,12,construction,yes,Estimated/user-supplied facility CapEx scenario. The $300M broader CE scaling reference is retained separately and is not facility CapEx or funded capital. | Calculated monthly planning series from scenario drivers; not actual project performance.
5,Chappell International Manufacturing Facility,Manufacturing / Industrial Facility,Historical Planning — Facility CapEx,custom,financing,SCH-DRAW-12,monthly_debt_draw,monthly debt draw — month 12,1665625,usd,estimated,"pasted_content_20.txt, CE Development Portfolio Financial Baseline, user-supplied 2026-08-21",,jchappell2120,12,12,construction,yes,Estimated/user-supplied facility CapEx scenario. The $300M broader CE scaling reference is retained separately and is not facility CapEx or funded capital. | Calculated monthly planning series from scenario drivers; not actual project performance.
5,Chappell International Manufacturing Facility,Manufacturing / Industrial Facility,Historical Planning — Facility CapEx,custom,financing,SCH-INT-12,monthly_interest,monthly interest — month 12,86057,usd,estimated,"pasted_content_20.txt, CE Development Portfolio Financial Baseline, user-supplied 2026-08-21",,jchappell2120,12,12,construction,yes,Estimated/user-supplied facility CapEx scenario. The $300M broader CE scaling reference is retained separately and is not facility CapEx or funded capital. | Calculated monthly planning series from scenario drivers; not actual project performance.
5,Chappell International Manufacturing Facility,Manufacturing / Industrial Facility,Historical Planning — Facility CapEx,custom,cash_flow,SCH-CF-12,monthly_levered_cash_flow,monthly levered cash flow — month 12,-2648557,usd,estimated,"pasted_content_20.txt, CE Development Portfolio Financial Baseline, user-supplied 2026-08-21",,jchappell2120,12,12,construction,yes,Estimated/user-supplied facility CapEx scenario. The $300M broader CE scaling reference is retained separately and is not facility CapEx or funded capital. | Calculated monthly planning series from scenario drivers; not actual project performance.
5,Chappell International Manufacturing Facility,Manufacturing / Industrial Facility,Historical Planning — Facility CapEx,custom,capital_deployment,SCH-COST-13,monthly_development_spend,monthly development spend — month 13,2357500,usd,estimated,"pasted_content_20.txt, CE Development Portfolio Financial Baseline, user-supplied 2026-08-21",,jchappell2120,13,13,construction,yes,Estimated/user-supplied facility CapEx scenario. The $300M broader CE scaling reference is retained separately and is not facility CapEx or funded capital. | Calculated monthly planning series from scenario drivers; not actual project performance.
5,Chappell International Manufacturing Facility,Manufacturing / Industrial Facility,Historical Planning — Facility CapEx,custom,schedule,SCH-CUM-13,cumulative_deployment_bps,cumulative deployment bps — month 13,5575,percentage_bps,estimated,"pasted_content_20.txt, CE Development Portfolio Financial Baseline, user-supplied 2026-08-21",,jchappell2120,13,13,construction,yes,Estimated/user-supplied facility CapEx scenario. The $300M broader CE scaling reference is retained separately and is not facility CapEx or funded capital. | Calculated monthly planning series from scenario drivers; not actual project performance.
5,Chappell International Manufacturing Facility,Manufacturing / Industrial Facility,Historical Planning — Facility CapEx,custom,schedule,SCH-OCC-13,occupancy_bps,occupancy bps — month 13,0,percentage_bps,estimated,"pasted_content_20.txt, CE Development Portfolio Financial Baseline, user-supplied 2026-08-21",,jchappell2120,13,13,construction,yes,Estimated/user-supplied facility CapEx scenario. The $300M broader CE scaling reference is retained separately and is not facility CapEx or funded capital. | Calculated monthly planning series from scenario drivers; not actual project performance.
5,Chappell International Manufacturing Facility,Manufacturing / Industrial Facility,Historical Planning — Facility CapEx,custom,revenue,SCH-REV-13,monthly_effective_revenue,monthly effective revenue — month 13,0,usd,estimated,"pasted_content_20.txt, CE Development Portfolio Financial Baseline, user-supplied 2026-08-21",,jchappell2120,13,13,construction,yes,Estimated/user-supplied facility CapEx scenario. The $300M broader CE scaling reference is retained separately and is not facility CapEx or funded capital. | Calculated monthly planning series from scenario drivers; not actual project performance.
5,Chappell International Manufacturing Facility,Manufacturing / Industrial Facility,Historical Planning — Facility CapEx,custom,operations,SCH-OPEX-13,monthly_operating_expense,monthly operating expense — month 13,0,usd,estimated,"pasted_content_20.txt, CE Development Portfolio Financial Baseline, user-supplied 2026-08-21",,jchappell2120,13,13,construction,yes,Estimated/user-supplied facility CapEx scenario. The $300M broader CE scaling reference is retained separately and is not facility CapEx or funded capital. | Calculated monthly planning series from scenario drivers; not actual project performance.
5,Chappell International Manufacturing Facility,Manufacturing / Industrial Facility,Historical Planning — Facility CapEx,custom,financing,SCH-DRAW-13,monthly_debt_draw,monthly debt draw — month 13,1532375,usd,estimated,"pasted_content_20.txt, CE Development Portfolio Financial Baseline, user-supplied 2026-08-21",,jchappell2120,13,13,construction,yes,Estimated/user-supplied facility CapEx scenario. The $300M broader CE scaling reference is retained separately and is not facility CapEx or funded capital. | Calculated monthly planning series from scenario drivers; not actual project performance.
5,Chappell International Manufacturing Facility,Manufacturing / Industrial Facility,Historical Planning — Facility CapEx,custom,financing,SCH-INT-13,monthly_interest,monthly interest — month 13,95954,usd,estimated,"pasted_content_20.txt, CE Development Portfolio Financial Baseline, user-supplied 2026-08-21",,jchappell2120,13,13,construction,yes,Estimated/user-supplied facility CapEx scenario. The $300M broader CE scaling reference is retained separately and is not facility CapEx or funded capital. | Calculated monthly planning series from scenario drivers; not actual project performance.
5,Chappell International Manufacturing Facility,Manufacturing / Industrial Facility,Historical Planning — Facility CapEx,custom,cash_flow,SCH-CF-13,monthly_levered_cash_flow,monthly levered cash flow — month 13,-2453454,usd,estimated,"pasted_content_20.txt, CE Development Portfolio Financial Baseline, user-supplied 2026-08-21",,jchappell2120,13,13,construction,yes,Estimated/user-supplied facility CapEx scenario. The $300M broader CE scaling reference is retained separately and is not facility CapEx or funded capital. | Calculated monthly planning series from scenario drivers; not actual project performance.
5,Chappell International Manufacturing Facility,Manufacturing / Industrial Facility,Historical Planning — Facility CapEx,custom,capital_deployment,SCH-COST-14,monthly_development_spend,monthly development spend — month 14,2357500,usd,estimated,"pasted_content_20.txt, CE Development Portfolio Financial Baseline, user-supplied 2026-08-21",,jchappell2120,14,14,construction,yes,Estimated/user-supplied facility CapEx scenario. The $300M broader CE scaling reference is retained separately and is not facility CapEx or funded capital. | Calculated monthly planning series from scenario drivers; not actual project performance.
5,Chappell International Manufacturing Facility,Manufacturing / Industrial Facility,Historical Planning — Facility CapEx,custom,schedule,SCH-CUM-14,cumulative_deployment_bps,cumulative deployment bps — month 14,6150,percentage_bps,estimated,"pasted_content_20.txt, CE Development Portfolio Financial Baseline, user-supplied 2026-08-21",,jchappell2120,14,14,construction,yes,Estimated/user-supplied facility CapEx scenario. The $300M broader CE scaling reference is retained separately and is not facility CapEx or funded capital. | Calculated monthly planning series from scenario drivers; not actual project performance.
5,Chappell International Manufacturing Facility,Manufacturing / Industrial Facility,Historical Planning — Facility CapEx,custom,schedule,SCH-OCC-14,occupancy_bps,occupancy bps — month 14,0,percentage_bps,estimated,"pasted_content_20.txt, CE Development Portfolio Financial Baseline, user-supplied 2026-08-21",,jchappell2120,14,14,construction,yes,Estimated/user-supplied facility CapEx scenario. The $300M broader CE scaling reference is retained separately and is not facility CapEx or funded capital. | Calculated monthly planning series from scenario drivers; not actual project performance.
5,Chappell International Manufacturing Facility,Manufacturing / Industrial Facility,Historical Planning — Facility CapEx,custom,revenue,SCH-REV-14,monthly_effective_revenue,monthly effective revenue — month 14,0,usd,estimated,"pasted_content_20.txt, CE Development Portfolio Financial Baseline, user-supplied 2026-08-21",,jchappell2120,14,14,construction,yes,Estimated/user-supplied facility CapEx scenario. The $300M broader CE scaling reference is retained separately and is not facility CapEx or funded capital. | Calculated monthly planning series from scenario drivers; not actual project performance.
5,Chappell International Manufacturing Facility,Manufacturing / Industrial Facility,Historical Planning — Facility CapEx,custom,operations,SCH-OPEX-14,monthly_operating_expense,monthly operating expense — month 14,0,usd,estimated,"pasted_content_20.txt, CE Development Portfolio Financial Baseline, user-supplied 2026-08-21",,jchappell2120,14,14,construction,yes,Estimated/user-supplied facility CapEx scenario. The $300M broader CE scaling reference is retained separately and is not facility CapEx or funded capital. | Calculated monthly planning series from scenario drivers; not actual project performance.
5,Chappell International Manufacturing Facility,Manufacturing / Industrial Facility,Historical Planning — Facility CapEx,custom,financing,SCH-DRAW-14,monthly_debt_draw,monthly debt draw — month 14,1532375,usd,estimated,"pasted_content_20.txt, CE Development Portfolio Financial Baseline, user-supplied 2026-08-21",,jchappell2120,14,14,construction,yes,Estimated/user-supplied facility CapEx scenario. The $300M broader CE scaling reference is retained separately and is not facility CapEx or funded capital. | Calculated monthly planning series from scenario drivers; not actual project performance.
5,Chappell International Manufacturing Facility,Manufacturing / Industrial Facility,Historical Planning — Facility CapEx,custom,financing,SCH-INT-14,monthly_interest,monthly interest — month 14,105850,usd,estimated,"pasted_content_20.txt, CE Development Portfolio Financial Baseline, user-supplied 2026-08-21",,jchappell2120,14,14,construction,yes,Estimated/user-supplied facility CapEx scenario. The $300M broader CE scaling reference is retained separately and is not facility CapEx or funded capital. | Calculated monthly planning series from scenario drivers; not actual project performance.
5,Chappell International Manufacturing Facility,Manufacturing / Industrial Facility,Historical Planning — Facility CapEx,custom,cash_flow,SCH-CF-14,monthly_levered_cash_flow,monthly levered cash flow — month 14,-2463350,usd,estimated,"pasted_content_20.txt, CE Development Portfolio Financial Baseline, user-supplied 2026-08-21",,jchappell2120,14,14,construction,yes,Estimated/user-supplied facility CapEx scenario. The $300M broader CE scaling reference is retained separately and is not facility CapEx or funded capital. | Calculated monthly planning series from scenario drivers; not actual project performance.
5,Chappell International Manufacturing Facility,Manufacturing / Industrial Facility,Historical Planning — Facility CapEx,custom,capital_deployment,SCH-COST-15,monthly_development_spend,monthly development spend — month 15,2357500,usd,estimated,"pasted_content_20.txt, CE Development Portfolio Financial Baseline, user-supplied 2026-08-21",,jchappell2120,15,15,construction,yes,Estimated/user-supplied facility CapEx scenario. The $300M broader CE scaling reference is retained separately and is not facility CapEx or funded capital. | Calculated monthly planning series from scenario drivers; not actual project performance.
5,Chappell International Manufacturing Facility,Manufacturing / Industrial Facility,Historical Planning — Facility CapEx,custom,schedule,SCH-CUM-15,cumulative_deployment_bps,cumulative deployment bps — month 15,6725,percentage_bps,estimated,"pasted_content_20.txt, CE Development Portfolio Financial Baseline, user-supplied 2026-08-21",,jchappell2120,15,15,construction,yes,Estimated/user-supplied facility CapEx scenario. The $300M broader CE scaling reference is retained separately and is not facility CapEx or funded capital. | Calculated monthly planning series from scenario drivers; not actual project performance.
5,Chappell International Manufacturing Facility,Manufacturing / Industrial Facility,Historical Planning — Facility CapEx,custom,schedule,SCH-OCC-15,occupancy_bps,occupancy bps — month 15,0,percentage_bps,estimated,"pasted_content_20.txt, CE Development Portfolio Financial Baseline, user-supplied 2026-08-21",,jchappell2120,15,15,construction,yes,Estimated/user-supplied facility CapEx scenario. The $300M broader CE scaling reference is retained separately and is not facility CapEx or funded capital. | Calculated monthly planning series from scenario drivers; not actual project performance.
5,Chappell International Manufacturing Facility,Manufacturing / Industrial Facility,Historical Planning — Facility CapEx,custom,revenue,SCH-REV-15,monthly_effective_revenue,monthly effective revenue — month 15,0,usd,estimated,"pasted_content_20.txt, CE Development Portfolio Financial Baseline, user-supplied 2026-08-21",,jchappell2120,15,15,construction,yes,Estimated/user-supplied facility CapEx scenario. The $300M broader CE scaling reference is retained separately and is not facility CapEx or funded capital. | Calculated monthly planning series from scenario drivers; not actual project performance.
5,Chappell International Manufacturing Facility,Manufacturing / Industrial Facility,Historical Planning — Facility CapEx,custom,operations,SCH-OPEX-15,monthly_operating_expense,monthly operating expense — month 15,0,usd,estimated,"pasted_content_20.txt, CE Development Portfolio Financial Baseline, user-supplied 2026-08-21",,jchappell2120,15,15,construction,yes,Estimated/user-supplied facility CapEx scenario. The $300M broader CE scaling reference is retained separately and is not facility CapEx or funded capital. | Calculated monthly planning series from scenario drivers; not actual project performance.
5,Chappell International Manufacturing Facility,Manufacturing / Industrial Facility,Historical Planning — Facility CapEx,custom,financing,SCH-DRAW-15,monthly_debt_draw,monthly debt draw — month 15,1532375,usd,estimated,"pasted_content_20.txt, CE Development Portfolio Financial Baseline, user-supplied 2026-08-21",,jchappell2120,15,15,construction,yes,Estimated/user-supplied facility CapEx scenario. The $300M broader CE scaling reference is retained separately and is not facility CapEx or funded capital. | Calculated monthly planning series from scenario drivers; not actual project performance.
5,Chappell International Manufacturing Facility,Manufacturing / Industrial Facility,Historical Planning — Facility CapEx,custom,financing,SCH-INT-15,monthly_interest,monthly interest — month 15,115747,usd,estimated,"pasted_content_20.txt, CE Development Portfolio Financial Baseline, user-supplied 2026-08-21",,jchappell2120,15,15,construction,yes,Estimated/user-supplied facility CapEx scenario. The $300M broader CE scaling reference is retained separately and is not facility CapEx or funded capital. | Calculated monthly planning series from scenario drivers; not actual project performance.
5,Chappell International Manufacturing Facility,Manufacturing / Industrial Facility,Historical Planning — Facility CapEx,custom,cash_flow,SCH-CF-15,monthly_levered_cash_flow,monthly levered cash flow — month 15,-2473247,usd,estimated,"pasted_content_20.txt, CE Development Portfolio Financial Baseline, user-supplied 2026-08-21",,jchappell2120,15,15,construction,yes,Estimated/user-supplied facility CapEx scenario. The $300M broader CE scaling reference is retained separately and is not facility CapEx or funded capital. | Calculated monthly planning series from scenario drivers; not actual project performance.
5,Chappell International Manufacturing Facility,Manufacturing / Industrial Facility,Historical Planning — Facility CapEx,custom,capital_deployment,SCH-COST-16,monthly_development_spend,monthly development spend — month 16,2357500,usd,estimated,"pasted_content_20.txt, CE Development Portfolio Financial Baseline, user-supplied 2026-08-21",,jchappell2120,16,16,construction,yes,Estimated/user-supplied facility CapEx scenario. The $300M broader CE scaling reference is retained separately and is not facility CapEx or funded capital. | Calculated monthly planning series from scenario drivers; not actual project performance.
5,Chappell International Manufacturing Facility,Manufacturing / Industrial Facility,Historical Planning — Facility CapEx,custom,schedule,SCH-CUM-16,cumulative_deployment_bps,cumulative deployment bps — month 16,7300,percentage_bps,estimated,"pasted_content_20.txt, CE Development Portfolio Financial Baseline, user-supplied 2026-08-21",,jchappell2120,16,16,construction,yes,Estimated/user-supplied facility CapEx scenario. The $300M broader CE scaling reference is retained separately and is not facility CapEx or funded capital. | Calculated monthly planning series from scenario drivers; not actual project performance.
5,Chappell International Manufacturing Facility,Manufacturing / Industrial Facility,Historical Planning — Facility CapEx,custom,schedule,SCH-OCC-16,occupancy_bps,occupancy bps — month 16,0,percentage_bps,estimated,"pasted_content_20.txt, CE Development Portfolio Financial Baseline, user-supplied 2026-08-21",,jchappell2120,16,16,construction,yes,Estimated/user-supplied facility CapEx scenario. The $300M broader CE scaling reference is retained separately and is not facility CapEx or funded capital. | Calculated monthly planning series from scenario drivers; not actual project performance.
5,Chappell International Manufacturing Facility,Manufacturing / Industrial Facility,Historical Planning — Facility CapEx,custom,revenue,SCH-REV-16,monthly_effective_revenue,monthly effective revenue — month 16,0,usd,estimated,"pasted_content_20.txt, CE Development Portfolio Financial Baseline, user-supplied 2026-08-21",,jchappell2120,16,16,construction,yes,Estimated/user-supplied facility CapEx scenario. The $300M broader CE scaling reference is retained separately and is not facility CapEx or funded capital. | Calculated monthly planning series from scenario drivers; not actual project performance.
5,Chappell International Manufacturing Facility,Manufacturing / Industrial Facility,Historical Planning — Facility CapEx,custom,operations,SCH-OPEX-16,monthly_operating_expense,monthly operating expense — month 16,0,usd,estimated,"pasted_content_20.txt, CE Development Portfolio Financial Baseline, user-supplied 2026-08-21",,jchappell2120,16,16,construction,yes,Estimated/user-supplied facility CapEx scenario. The $300M broader CE scaling reference is retained separately and is not facility CapEx or funded capital. | Calculated monthly planning series from scenario drivers; not actual project performance.
5,Chappell International Manufacturing Facility,Manufacturing / Industrial Facility,Historical Planning — Facility CapEx,custom,financing,SCH-DRAW-16,monthly_debt_draw,monthly debt draw — month 16,1532375,usd,estimated,"pasted_content_20.txt, CE Development Portfolio Financial Baseline, user-supplied 2026-08-21",,jchappell2120,16,16,construction,yes,Estimated/user-supplied facility CapEx scenario. The $300M broader CE scaling reference is retained separately and is not facility CapEx or funded capital. | Calculated monthly planning series from scenario drivers; not actual project performance.
5,Chappell International Manufacturing Facility,Manufacturing / Industrial Facility,Historical Planning — Facility CapEx,custom,financing,SCH-INT-16,monthly_interest,monthly interest — month 16,125644,usd,estimated,"pasted_content_20.txt, CE Development Portfolio Financial Baseline, user-supplied 2026-08-21",,jchappell2120,16,16,construction,yes,Estimated/user-supplied facility CapEx scenario. The $300M broader CE scaling reference is retained separately and is not facility CapEx or funded capital. | Calculated monthly planning series from scenario drivers; not actual project performance.
5,Chappell International Manufacturing Facility,Manufacturing / Industrial Facility,Historical Planning — Facility CapEx,custom,cash_flow,SCH-CF-16,monthly_levered_cash_flow,monthly levered cash flow — month 16,-2483144,usd,estimated,"pasted_content_20.txt, CE Development Portfolio Financial Baseline, user-supplied 2026-08-21",,jchappell2120,16,16,construction,yes,Estimated/user-supplied facility CapEx scenario. The $300M broader CE scaling reference is retained separately and is not facility CapEx or funded capital. | Calculated monthly planning series from scenario drivers; not actual project performance.
5,Chappell International Manufacturing Facility,Manufacturing / Industrial Facility,Historical Planning — Facility CapEx,custom,capital_deployment,SCH-COST-17,monthly_development_spend,monthly development spend — month 17,1742500,usd,estimated,"pasted_content_20.txt, CE Development Portfolio Financial Baseline, user-supplied 2026-08-21",,jchappell2120,17,17,construction,yes,Estimated/user-supplied facility CapEx scenario. The $300M broader CE scaling reference is retained separately and is not facility CapEx or funded capital. | Calculated monthly planning series from scenario drivers; not actual project performance.
5,Chappell International Manufacturing Facility,Manufacturing / Industrial Facility,Historical Planning — Facility CapEx,custom,schedule,SCH-CUM-17,cumulative_deployment_bps,cumulative deployment bps — month 17,7725,percentage_bps,estimated,"pasted_content_20.txt, CE Development Portfolio Financial Baseline, user-supplied 2026-08-21",,jchappell2120,17,17,construction,yes,Estimated/user-supplied facility CapEx scenario. The $300M broader CE scaling reference is retained separately and is not facility CapEx or funded capital. | Calculated monthly planning series from scenario drivers; not actual project performance.
5,Chappell International Manufacturing Facility,Manufacturing / Industrial Facility,Historical Planning — Facility CapEx,custom,schedule,SCH-OCC-17,occupancy_bps,occupancy bps — month 17,0,percentage_bps,estimated,"pasted_content_20.txt, CE Development Portfolio Financial Baseline, user-supplied 2026-08-21",,jchappell2120,17,17,construction,yes,Estimated/user-supplied facility CapEx scenario. The $300M broader CE scaling reference is retained separately and is not facility CapEx or funded capital. | Calculated monthly planning series from scenario drivers; not actual project performance.
5,Chappell International Manufacturing Facility,Manufacturing / Industrial Facility,Historical Planning — Facility CapEx,custom,revenue,SCH-REV-17,monthly_effective_revenue,monthly effective revenue — month 17,0,usd,estimated,"pasted_content_20.txt, CE Development Portfolio Financial Baseline, user-supplied 2026-08-21",,jchappell2120,17,17,construction,yes,Estimated/user-supplied facility CapEx scenario. The $300M broader CE scaling reference is retained separately and is not facility CapEx or funded capital. | Calculated monthly planning series from scenario drivers; not actual project performance.
5,Chappell International Manufacturing Facility,Manufacturing / Industrial Facility,Historical Planning — Facility CapEx,custom,operations,SCH-OPEX-17,monthly_operating_expense,monthly operating expense — month 17,0,usd,estimated,"pasted_content_20.txt, CE Development Portfolio Financial Baseline, user-supplied 2026-08-21",,jchappell2120,17,17,construction,yes,Estimated/user-supplied facility CapEx scenario. The $300M broader CE scaling reference is retained separately and is not facility CapEx or funded capital. | Calculated monthly planning series from scenario drivers; not actual project performance.
5,Chappell International Manufacturing Facility,Manufacturing / Industrial Facility,Historical Planning — Facility CapEx,custom,financing,SCH-DRAW-17,monthly_debt_draw,monthly debt draw — month 17,1132625,usd,estimated,"pasted_content_20.txt, CE Development Portfolio Financial Baseline, user-supplied 2026-08-21",,jchappell2120,17,17,construction,yes,Estimated/user-supplied facility CapEx scenario. The $300M broader CE scaling reference is retained separately and is not facility CapEx or funded capital. | Calculated monthly planning series from scenario drivers; not actual project performance.
5,Chappell International Manufacturing Facility,Manufacturing / Industrial Facility,Historical Planning — Facility CapEx,custom,financing,SCH-INT-17,monthly_interest,monthly interest — month 17,132959,usd,estimated,"pasted_content_20.txt, CE Development Portfolio Financial Baseline, user-supplied 2026-08-21",,jchappell2120,17,17,construction,yes,Estimated/user-supplied facility CapEx scenario. The $300M broader CE scaling reference is retained separately and is not facility CapEx or funded capital. | Calculated monthly planning series from scenario drivers; not actual project performance.
5,Chappell International Manufacturing Facility,Manufacturing / Industrial Facility,Historical Planning — Facility CapEx,custom,cash_flow,SCH-CF-17,monthly_levered_cash_flow,monthly levered cash flow — month 17,-1875459,usd,estimated,"pasted_content_20.txt, CE Development Portfolio Financial Baseline, user-supplied 2026-08-21",,jchappell2120,17,17,construction,yes,Estimated/user-supplied facility CapEx scenario. The $300M broader CE scaling reference is retained separately and is not facility CapEx or funded capital. | Calculated monthly planning series from scenario drivers; not actual project performance.
5,Chappell International Manufacturing Facility,Manufacturing / Industrial Facility,Historical Planning — Facility CapEx,custom,capital_deployment,SCH-COST-18,monthly_development_spend,monthly development spend — month 18,1742500,usd,estimated,"pasted_content_20.txt, CE Development Portfolio Financial Baseline, user-supplied 2026-08-21",,jchappell2120,18,18,construction,yes,Estimated/user-supplied facility CapEx scenario. The $300M broader CE scaling reference is retained separately and is not facility CapEx or funded capital. | Calculated monthly planning series from scenario drivers; not actual project performance.
5,Chappell International Manufacturing Facility,Manufacturing / Industrial Facility,Historical Planning — Facility CapEx,custom,schedule,SCH-CUM-18,cumulative_deployment_bps,cumulative deployment bps — month 18,8150,percentage_bps,estimated,"pasted_content_20.txt, CE Development Portfolio Financial Baseline, user-supplied 2026-08-21",,jchappell2120,18,18,construction,yes,Estimated/user-supplied facility CapEx scenario. The $300M broader CE scaling reference is retained separately and is not facility CapEx or funded capital. | Calculated monthly planning series from scenario drivers; not actual project performance.
5,Chappell International Manufacturing Facility,Manufacturing / Industrial Facility,Historical Planning — Facility CapEx,custom,schedule,SCH-OCC-18,occupancy_bps,occupancy bps — month 18,0,percentage_bps,estimated,"pasted_content_20.txt, CE Development Portfolio Financial Baseline, user-supplied 2026-08-21",,jchappell2120,18,18,construction,yes,Estimated/user-supplied facility CapEx scenario. The $300M broader CE scaling reference is retained separately and is not facility CapEx or funded capital. | Calculated monthly planning series from scenario drivers; not actual project performance.
5,Chappell International Manufacturing Facility,Manufacturing / Industrial Facility,Historical Planning — Facility CapEx,custom,revenue,SCH-REV-18,monthly_effective_revenue,monthly effective revenue — month 18,0,usd,estimated,"pasted_content_20.txt, CE Development Portfolio Financial Baseline, user-supplied 2026-08-21",,jchappell2120,18,18,construction,yes,Estimated/user-supplied facility CapEx scenario. The $300M broader CE scaling reference is retained separately and is not facility CapEx or funded capital. | Calculated monthly planning series from scenario drivers; not actual project performance.
5,Chappell International Manufacturing Facility,Manufacturing / Industrial Facility,Historical Planning — Facility CapEx,custom,operations,SCH-OPEX-18,monthly_operating_expense,monthly operating expense — month 18,0,usd,estimated,"pasted_content_20.txt, CE Development Portfolio Financial Baseline, user-supplied 2026-08-21",,jchappell2120,18,18,construction,yes,Estimated/user-supplied facility CapEx scenario. The $300M broader CE scaling reference is retained separately and is not facility CapEx or funded capital. | Calculated monthly planning series from scenario drivers; not actual project performance.
5,Chappell International Manufacturing Facility,Manufacturing / Industrial Facility,Historical Planning — Facility CapEx,custom,financing,SCH-DRAW-18,monthly_debt_draw,monthly debt draw — month 18,1132625,usd,estimated,"pasted_content_20.txt, CE Development Portfolio Financial Baseline, user-supplied 2026-08-21",,jchappell2120,18,18,construction,yes,Estimated/user-supplied facility CapEx scenario. The $300M broader CE scaling reference is retained separately and is not facility CapEx or funded capital. | Calculated monthly planning series from scenario drivers; not actual project performance.
5,Chappell International Manufacturing Facility,Manufacturing / Industrial Facility,Historical Planning — Facility CapEx,custom,financing,SCH-INT-18,monthly_interest,monthly interest — month 18,140273,usd,estimated,"pasted_content_20.txt, CE Development Portfolio Financial Baseline, user-supplied 2026-08-21",,jchappell2120,18,18,construction,yes,Estimated/user-supplied facility CapEx scenario. The $300M broader CE scaling reference is retained separately and is not facility CapEx or funded capital. | Calculated monthly planning series from scenario drivers; not actual project performance.
5,Chappell International Manufacturing Facility,Manufacturing / Industrial Facility,Historical Planning — Facility CapEx,custom,cash_flow,SCH-CF-18,monthly_levered_cash_flow,monthly levered cash flow — month 18,-1882773,usd,estimated,"pasted_content_20.txt, CE Development Portfolio Financial Baseline, user-supplied 2026-08-21",,jchappell2120,18,18,construction,yes,Estimated/user-supplied facility CapEx scenario. The $300M broader CE scaling reference is retained separately and is not facility CapEx or funded capital. | Calculated monthly planning series from scenario drivers; not actual project performance.
5,Chappell International Manufacturing Facility,Manufacturing / Industrial Facility,Historical Planning — Facility CapEx,custom,capital_deployment,SCH-COST-19,monthly_development_spend,monthly development spend — month 19,1742500,usd,estimated,"pasted_content_20.txt, CE Development Portfolio Financial Baseline, user-supplied 2026-08-21",,jchappell2120,19,19,construction,yes,Estimated/user-supplied facility CapEx scenario. The $300M broader CE scaling reference is retained separately and is not facility CapEx or funded capital. | Calculated monthly planning series from scenario drivers; not actual project performance.
5,Chappell International Manufacturing Facility,Manufacturing / Industrial Facility,Historical Planning — Facility CapEx,custom,schedule,SCH-CUM-19,cumulative_deployment_bps,cumulative deployment bps — month 19,8575,percentage_bps,estimated,"pasted_content_20.txt, CE Development Portfolio Financial Baseline, user-supplied 2026-08-21",,jchappell2120,19,19,construction,yes,Estimated/user-supplied facility CapEx scenario. The $300M broader CE scaling reference is retained separately and is not facility CapEx or funded capital. | Calculated monthly planning series from scenario drivers; not actual project performance.
5,Chappell International Manufacturing Facility,Manufacturing / Industrial Facility,Historical Planning — Facility CapEx,custom,schedule,SCH-OCC-19,occupancy_bps,occupancy bps — month 19,0,percentage_bps,estimated,"pasted_content_20.txt, CE Development Portfolio Financial Baseline, user-supplied 2026-08-21",,jchappell2120,19,19,construction,yes,Estimated/user-supplied facility CapEx scenario. The $300M broader CE scaling reference is retained separately and is not facility CapEx or funded capital. | Calculated monthly planning series from scenario drivers; not actual project performance.
5,Chappell International Manufacturing Facility,Manufacturing / Industrial Facility,Historical Planning — Facility CapEx,custom,revenue,SCH-REV-19,monthly_effective_revenue,monthly effective revenue — month 19,0,usd,estimated,"pasted_content_20.txt, CE Development Portfolio Financial Baseline, user-supplied 2026-08-21",,jchappell2120,19,19,construction,yes,Estimated/user-supplied facility CapEx scenario. The $300M broader CE scaling reference is retained separately and is not facility CapEx or funded capital. | Calculated monthly planning series from scenario drivers; not actual project performance.
5,Chappell International Manufacturing Facility,Manufacturing / Industrial Facility,Historical Planning — Facility CapEx,custom,operations,SCH-OPEX-19,monthly_operating_expense,monthly operating expense — month 19,0,usd,estimated,"pasted_content_20.txt, CE Development Portfolio Financial Baseline, user-supplied 2026-08-21",,jchappell2120,19,19,construction,yes,Estimated/user-supplied facility CapEx scenario. The $300M broader CE scaling reference is retained separately and is not facility CapEx or funded capital. | Calculated monthly planning series from scenario drivers; not actual project performance.
5,Chappell International Manufacturing Facility,Manufacturing / Industrial Facility,Historical Planning — Facility CapEx,custom,financing,SCH-DRAW-19,monthly_debt_draw,monthly debt draw — month 19,1132625,usd,estimated,"pasted_content_20.txt, CE Development Portfolio Financial Baseline, user-supplied 2026-08-21",,jchappell2120,19,19,construction,yes,Estimated/user-supplied facility CapEx scenario. The $300M broader CE scaling reference is retained separately and is not facility CapEx or funded capital. | Calculated monthly planning series from scenario drivers; not actual project performance.
5,Chappell International Manufacturing Facility,Manufacturing / Industrial Facility,Historical Planning — Facility CapEx,custom,financing,SCH-INT-19,monthly_interest,monthly interest — month 19,147588,usd,estimated,"pasted_content_20.txt, CE Development Portfolio Financial Baseline, user-supplied 2026-08-21",,jchappell2120,19,19,construction,yes,Estimated/user-supplied facility CapEx scenario. The $300M broader CE scaling reference is retained separately and is not facility CapEx or funded capital. | Calculated monthly planning series from scenario drivers; not actual project performance.
5,Chappell International Manufacturing Facility,Manufacturing / Industrial Facility,Historical Planning — Facility CapEx,custom,cash_flow,SCH-CF-19,monthly_levered_cash_flow,monthly levered cash flow — month 19,-1890088,usd,estimated,"pasted_content_20.txt, CE Development Portfolio Financial Baseline, user-supplied 2026-08-21",,jchappell2120,19,19,construction,yes,Estimated/user-supplied facility CapEx scenario. The $300M broader CE scaling reference is retained separately and is not facility CapEx or funded capital. | Calculated monthly planning series from scenario drivers; not actual project performance.
5,Chappell International Manufacturing Facility,Manufacturing / Industrial Facility,Historical Planning — Facility CapEx,custom,capital_deployment,SCH-COST-20,monthly_development_spend,monthly development spend — month 20,1742500,usd,estimated,"pasted_content_20.txt, CE Development Portfolio Financial Baseline, user-supplied 2026-08-21",,jchappell2120,20,20,construction,yes,Estimated/user-supplied facility CapEx scenario. The $300M broader CE scaling reference is retained separately and is not facility CapEx or funded capital. | Calculated monthly planning series from scenario drivers; not actual project performance.
5,Chappell International Manufacturing Facility,Manufacturing / Industrial Facility,Historical Planning — Facility CapEx,custom,schedule,SCH-CUM-20,cumulative_deployment_bps,cumulative deployment bps — month 20,9000,percentage_bps,estimated,"pasted_content_20.txt, CE Development Portfolio Financial Baseline, user-supplied 2026-08-21",,jchappell2120,20,20,construction,yes,Estimated/user-supplied facility CapEx scenario. The $300M broader CE scaling reference is retained separately and is not facility CapEx or funded capital. | Calculated monthly planning series from scenario drivers; not actual project performance.
5,Chappell International Manufacturing Facility,Manufacturing / Industrial Facility,Historical Planning — Facility CapEx,custom,schedule,SCH-OCC-20,occupancy_bps,occupancy bps — month 20,0,percentage_bps,estimated,"pasted_content_20.txt, CE Development Portfolio Financial Baseline, user-supplied 2026-08-21",,jchappell2120,20,20,construction,yes,Estimated/user-supplied facility CapEx scenario. The $300M broader CE scaling reference is retained separately and is not facility CapEx or funded capital. | Calculated monthly planning series from scenario drivers; not actual project performance.
5,Chappell International Manufacturing Facility,Manufacturing / Industrial Facility,Historical Planning — Facility CapEx,custom,revenue,SCH-REV-20,monthly_effective_revenue,monthly effective revenue — month 20,0,usd,estimated,"pasted_content_20.txt, CE Development Portfolio Financial Baseline, user-supplied 2026-08-21",,jchappell2120,20,20,construction,yes,Estimated/user-supplied facility CapEx scenario. The $300M broader CE scaling reference is retained separately and is not facility CapEx or funded capital. | Calculated monthly planning series from scenario drivers; not actual project performance.
5,Chappell International Manufacturing Facility,Manufacturing / Industrial Facility,Historical Planning — Facility CapEx,custom,operations,SCH-OPEX-20,monthly_operating_expense,monthly operating expense — month 20,0,usd,estimated,"pasted_content_20.txt, CE Development Portfolio Financial Baseline, user-supplied 2026-08-21",,jchappell2120,20,20,construction,yes,Estimated/user-supplied facility CapEx scenario. The $300M broader CE scaling reference is retained separately and is not facility CapEx or funded capital. | Calculated monthly planning series from scenario drivers; not actual project performance.
5,Chappell International Manufacturing Facility,Manufacturing / Industrial Facility,Historical Planning — Facility CapEx,custom,financing,SCH-DRAW-20,monthly_debt_draw,monthly debt draw — month 20,1132625,usd,estimated,"pasted_content_20.txt, CE Development Portfolio Financial Baseline, user-supplied 2026-08-21",,jchappell2120,20,20,construction,yes,Estimated/user-supplied facility CapEx scenario. The $300M broader CE scaling reference is retained separately and is not facility CapEx or funded capital. | Calculated monthly planning series from scenario drivers; not actual project performance.
5,Chappell International Manufacturing Facility,Manufacturing / Industrial Facility,Historical Planning — Facility CapEx,custom,financing,SCH-INT-20,monthly_interest,monthly interest — month 20,154903,usd,estimated,"pasted_content_20.txt, CE Development Portfolio Financial Baseline, user-supplied 2026-08-21",,jchappell2120,20,20,construction,yes,Estimated/user-supplied facility CapEx scenario. The $300M broader CE scaling reference is retained separately and is not facility CapEx or funded capital. | Calculated monthly planning series from scenario drivers; not actual project performance.
5,Chappell International Manufacturing Facility,Manufacturing / Industrial Facility,Historical Planning — Facility CapEx,custom,cash_flow,SCH-CF-20,monthly_levered_cash_flow,monthly levered cash flow — month 20,-1897403,usd,estimated,"pasted_content_20.txt, CE Development Portfolio Financial Baseline, user-supplied 2026-08-21",,jchappell2120,20,20,construction,yes,Estimated/user-supplied facility CapEx scenario. The $300M broader CE scaling reference is retained separately and is not facility CapEx or funded capital. | Calculated monthly planning series from scenario drivers; not actual project performance.
5,Chappell International Manufacturing Facility,Manufacturing / Industrial Facility,Historical Planning — Facility CapEx,custom,capital_deployment,SCH-COST-21,monthly_development_spend,monthly development spend — month 21,1025000,usd,estimated,"pasted_content_20.txt, CE Development Portfolio Financial Baseline, user-supplied 2026-08-21",,jchappell2120,21,21,construction,yes,Estimated/user-supplied facility CapEx scenario. The $300M broader CE scaling reference is retained separately and is not facility CapEx or funded capital. | Calculated monthly planning series from scenario drivers; not actual project performance.
5,Chappell International Manufacturing Facility,Manufacturing / Industrial Facility,Historical Planning — Facility CapEx,custom,schedule,SCH-CUM-21,cumulative_deployment_bps,cumulative deployment bps — month 21,9250,percentage_bps,estimated,"pasted_content_20.txt, CE Development Portfolio Financial Baseline, user-supplied 2026-08-21",,jchappell2120,21,21,construction,yes,Estimated/user-supplied facility CapEx scenario. The $300M broader CE scaling reference is retained separately and is not facility CapEx or funded capital. | Calculated monthly planning series from scenario drivers; not actual project performance.
5,Chappell International Manufacturing Facility,Manufacturing / Industrial Facility,Historical Planning — Facility CapEx,custom,schedule,SCH-OCC-21,occupancy_bps,occupancy bps — month 21,0,percentage_bps,estimated,"pasted_content_20.txt, CE Development Portfolio Financial Baseline, user-supplied 2026-08-21",,jchappell2120,21,21,construction,yes,Estimated/user-supplied facility CapEx scenario. The $300M broader CE scaling reference is retained separately and is not facility CapEx or funded capital. | Calculated monthly planning series from scenario drivers; not actual project performance.
5,Chappell International Manufacturing Facility,Manufacturing / Industrial Facility,Historical Planning — Facility CapEx,custom,revenue,SCH-REV-21,monthly_effective_revenue,monthly effective revenue — month 21,0,usd,estimated,"pasted_content_20.txt, CE Development Portfolio Financial Baseline, user-supplied 2026-08-21",,jchappell2120,21,21,construction,yes,Estimated/user-supplied facility CapEx scenario. The $300M broader CE scaling reference is retained separately and is not facility CapEx or funded capital. | Calculated monthly planning series from scenario drivers; not actual project performance.
5,Chappell International Manufacturing Facility,Manufacturing / Industrial Facility,Historical Planning — Facility CapEx,custom,operations,SCH-OPEX-21,monthly_operating_expense,monthly operating expense — month 21,0,usd,estimated,"pasted_content_20.txt, CE Development Portfolio Financial Baseline, user-supplied 2026-08-21",,jchappell2120,21,21,construction,yes,Estimated/user-supplied facility CapEx scenario. The $300M broader CE scaling reference is retained separately and is not facility CapEx or funded capital. | Calculated monthly planning series from scenario drivers; not actual project performance.
5,Chappell International Manufacturing Facility,Manufacturing / Industrial Facility,Historical Planning — Facility CapEx,custom,financing,SCH-DRAW-21,monthly_debt_draw,monthly debt draw — month 21,666250,usd,estimated,"pasted_content_20.txt, CE Development Portfolio Financial Baseline, user-supplied 2026-08-21",,jchappell2120,21,21,construction,yes,Estimated/user-supplied facility CapEx scenario. The $300M broader CE scaling reference is retained separately and is not facility CapEx or funded capital. | Calculated monthly planning series from scenario drivers; not actual project performance.
5,Chappell International Manufacturing Facility,Manufacturing / Industrial Facility,Historical Planning — Facility CapEx,custom,financing,SCH-INT-21,monthly_interest,monthly interest — month 21,159206,usd,estimated,"pasted_content_20.txt, CE Development Portfolio Financial Baseline, user-supplied 2026-08-21",,jchappell2120,21,21,construction,yes,Estimated/user-supplied facility CapEx scenario. The $300M broader CE scaling reference is retained separately and is not facility CapEx or funded capital. | Calculated monthly planning series from scenario drivers; not actual project performance.
5,Chappell International Manufacturing Facility,Manufacturing / Industrial Facility,Historical Planning — Facility CapEx,custom,cash_flow,SCH-CF-21,monthly_levered_cash_flow,monthly levered cash flow — month 21,-1184206,usd,estimated,"pasted_content_20.txt, CE Development Portfolio Financial Baseline, user-supplied 2026-08-21",,jchappell2120,21,21,construction,yes,Estimated/user-supplied facility CapEx scenario. The $300M broader CE scaling reference is retained separately and is not facility CapEx or funded capital. | Calculated monthly planning series from scenario drivers; not actual project performance.
5,Chappell International Manufacturing Facility,Manufacturing / Industrial Facility,Historical Planning — Facility CapEx,custom,capital_deployment,SCH-COST-22,monthly_development_spend,monthly development spend — month 22,1025000,usd,estimated,"pasted_content_20.txt, CE Development Portfolio Financial Baseline, user-supplied 2026-08-21",,jchappell2120,22,22,construction,yes,Estimated/user-supplied facility CapEx scenario. The $300M broader CE scaling reference is retained separately and is not facility CapEx or funded capital. | Calculated monthly planning series from scenario drivers; not actual project performance.
5,Chappell International Manufacturing Facility,Manufacturing / Industrial Facility,Historical Planning — Facility CapEx,custom,schedule,SCH-CUM-22,cumulative_deployment_bps,cumulative deployment bps — month 22,9500,percentage_bps,estimated,"pasted_content_20.txt, CE Development Portfolio Financial Baseline, user-supplied 2026-08-21",,jchappell2120,22,22,construction,yes,Estimated/user-supplied facility CapEx scenario. The $300M broader CE scaling reference is retained separately and is not facility CapEx or funded capital. | Calculated monthly planning series from scenario drivers; not actual project performance.
5,Chappell International Manufacturing Facility,Manufacturing / Industrial Facility,Historical Planning — Facility CapEx,custom,schedule,SCH-OCC-22,occupancy_bps,occupancy bps — month 22,0,percentage_bps,estimated,"pasted_content_20.txt, CE Development Portfolio Financial Baseline, user-supplied 2026-08-21",,jchappell2120,22,22,construction,yes,Estimated/user-supplied facility CapEx scenario. The $300M broader CE scaling reference is retained separately and is not facility CapEx or funded capital. | Calculated monthly planning series from scenario drivers; not actual project performance.
5,Chappell International Manufacturing Facility,Manufacturing / Industrial Facility,Historical Planning — Facility CapEx,custom,revenue,SCH-REV-22,monthly_effective_revenue,monthly effective revenue — month 22,0,usd,estimated,"pasted_content_20.txt, CE Development Portfolio Financial Baseline, user-supplied 2026-08-21",,jchappell2120,22,22,construction,yes,Estimated/user-supplied facility CapEx scenario. The $300M broader CE scaling reference is retained separately and is not facility CapEx or funded capital. | Calculated monthly planning series from scenario drivers; not actual project performance.
5,Chappell International Manufacturing Facility,Manufacturing / Industrial Facility,Historical Planning — Facility CapEx,custom,operations,SCH-OPEX-22,monthly_operating_expense,monthly operating expense — month 22,0,usd,estimated,"pasted_content_20.txt, CE Development Portfolio Financial Baseline, user-supplied 2026-08-21",,jchappell2120,22,22,construction,yes,Estimated/user-supplied facility CapEx scenario. The $300M broader CE scaling reference is retained separately and is not facility CapEx or funded capital. | Calculated monthly planning series from scenario drivers; not actual project performance.
5,Chappell International Manufacturing Facility,Manufacturing / Industrial Facility,Historical Planning — Facility CapEx,custom,financing,SCH-DRAW-22,monthly_debt_draw,monthly debt draw — month 22,666250,usd,estimated,"pasted_content_20.txt, CE Development Portfolio Financial Baseline, user-supplied 2026-08-21",,jchappell2120,22,22,construction,yes,Estimated/user-supplied facility CapEx scenario. The $300M broader CE scaling reference is retained separately and is not facility CapEx or funded capital. | Calculated monthly planning series from scenario drivers; not actual project performance.
5,Chappell International Manufacturing Facility,Manufacturing / Industrial Facility,Historical Planning — Facility CapEx,custom,financing,SCH-INT-22,monthly_interest,monthly interest — month 22,163509,usd,estimated,"pasted_content_20.txt, CE Development Portfolio Financial Baseline, user-supplied 2026-08-21",,jchappell2120,22,22,construction,yes,Estimated/user-supplied facility CapEx scenario. The $300M broader CE scaling reference is retained separately and is not facility CapEx or funded capital. | Calculated monthly planning series from scenario drivers; not actual project performance.
5,Chappell International Manufacturing Facility,Manufacturing / Industrial Facility,Historical Planning — Facility CapEx,custom,cash_flow,SCH-CF-22,monthly_levered_cash_flow,monthly levered cash flow — month 22,-1188509,usd,estimated,"pasted_content_20.txt, CE Development Portfolio Financial Baseline, user-supplied 2026-08-21",,jchappell2120,22,22,construction,yes,Estimated/user-supplied facility CapEx scenario. The $300M broader CE scaling reference is retained separately and is not facility CapEx or funded capital. | Calculated monthly planning series from scenario drivers; not actual project performance.
5,Chappell International Manufacturing Facility,Manufacturing / Industrial Facility,Historical Planning — Facility CapEx,custom,capital_deployment,SCH-COST-23,monthly_development_spend,monthly development spend — month 23,1025000,usd,estimated,"pasted_content_20.txt, CE Development Portfolio Financial Baseline, user-supplied 2026-08-21",,jchappell2120,23,23,construction,yes,Estimated/user-supplied facility CapEx scenario. The $300M broader CE scaling reference is retained separately and is not facility CapEx or funded capital. | Calculated monthly planning series from scenario drivers; not actual project performance.
5,Chappell International Manufacturing Facility,Manufacturing / Industrial Facility,Historical Planning — Facility CapEx,custom,schedule,SCH-CUM-23,cumulative_deployment_bps,cumulative deployment bps — month 23,9750,percentage_bps,estimated,"pasted_content_20.txt, CE Development Portfolio Financial Baseline, user-supplied 2026-08-21",,jchappell2120,23,23,construction,yes,Estimated/user-supplied facility CapEx scenario. The $300M broader CE scaling reference is retained separately and is not facility CapEx or funded capital. | Calculated monthly planning series from scenario drivers; not actual project performance.
5,Chappell International Manufacturing Facility,Manufacturing / Industrial Facility,Historical Planning — Facility CapEx,custom,schedule,SCH-OCC-23,occupancy_bps,occupancy bps — month 23,0,percentage_bps,estimated,"pasted_content_20.txt, CE Development Portfolio Financial Baseline, user-supplied 2026-08-21",,jchappell2120,23,23,construction,yes,Estimated/user-supplied facility CapEx scenario. The $300M broader CE scaling reference is retained separately and is not facility CapEx or funded capital. | Calculated monthly planning series from scenario drivers; not actual project performance.
5,Chappell International Manufacturing Facility,Manufacturing / Industrial Facility,Historical Planning — Facility CapEx,custom,revenue,SCH-REV-23,monthly_effective_revenue,monthly effective revenue — month 23,0,usd,estimated,"pasted_content_20.txt, CE Development Portfolio Financial Baseline, user-supplied 2026-08-21",,jchappell2120,23,23,construction,yes,Estimated/user-supplied facility CapEx scenario. The $300M broader CE scaling reference is retained separately and is not facility CapEx or funded capital. | Calculated monthly planning series from scenario drivers; not actual project performance.
5,Chappell International Manufacturing Facility,Manufacturing / Industrial Facility,Historical Planning — Facility CapEx,custom,operations,SCH-OPEX-23,monthly_operating_expense,monthly operating expense — month 23,0,usd,estimated,"pasted_content_20.txt, CE Development Portfolio Financial Baseline, user-supplied 2026-08-21",,jchappell2120,23,23,construction,yes,Estimated/user-supplied facility CapEx scenario. The $300M broader CE scaling reference is retained separately and is not facility CapEx or funded capital. | Calculated monthly planning series from scenario drivers; not actual project performance.
5,Chappell International Manufacturing Facility,Manufacturing / Industrial Facility,Historical Planning — Facility CapEx,custom,financing,SCH-DRAW-23,monthly_debt_draw,monthly debt draw — month 23,666250,usd,estimated,"pasted_content_20.txt, CE Development Portfolio Financial Baseline, user-supplied 2026-08-21",,jchappell2120,23,23,construction,yes,Estimated/user-supplied facility CapEx scenario. The $300M broader CE scaling reference is retained separately and is not facility CapEx or funded capital. | Calculated monthly planning series from scenario drivers; not actual project performance.
5,Chappell International Manufacturing Facility,Manufacturing / Industrial Facility,Historical Planning — Facility CapEx,custom,financing,SCH-INT-23,monthly_interest,monthly interest — month 23,167812,usd,estimated,"pasted_content_20.txt, CE Development Portfolio Financial Baseline, user-supplied 2026-08-21",,jchappell2120,23,23,construction,yes,Estimated/user-supplied facility CapEx scenario. The $300M broader CE scaling reference is retained separately and is not facility CapEx or funded capital. | Calculated monthly planning series from scenario drivers; not actual project performance.
5,Chappell International Manufacturing Facility,Manufacturing / Industrial Facility,Historical Planning — Facility CapEx,custom,cash_flow,SCH-CF-23,monthly_levered_cash_flow,monthly levered cash flow — month 23,-1192812,usd,estimated,"pasted_content_20.txt, CE Development Portfolio Financial Baseline, user-supplied 2026-08-21",,jchappell2120,23,23,construction,yes,Estimated/user-supplied facility CapEx scenario. The $300M broader CE scaling reference is retained separately and is not facility CapEx or funded capital. | Calculated monthly planning series from scenario drivers; not actual project performance.
5,Chappell International Manufacturing Facility,Manufacturing / Industrial Facility,Historical Planning — Facility CapEx,custom,capital_deployment,SCH-COST-24,monthly_development_spend,monthly development spend — month 24,1025000,usd,estimated,"pasted_content_20.txt, CE Development Portfolio Financial Baseline, user-supplied 2026-08-21",,jchappell2120,24,24,construction,yes,Estimated/user-supplied facility CapEx scenario. The $300M broader CE scaling reference is retained separately and is not facility CapEx or funded capital. | Calculated monthly planning series from scenario drivers; not actual project performance.
5,Chappell International Manufacturing Facility,Manufacturing / Industrial Facility,Historical Planning — Facility CapEx,custom,schedule,SCH-CUM-24,cumulative_deployment_bps,cumulative deployment bps — month 24,10000,percentage_bps,estimated,"pasted_content_20.txt, CE Development Portfolio Financial Baseline, user-supplied 2026-08-21",,jchappell2120,24,24,construction,yes,Estimated/user-supplied facility CapEx scenario. The $300M broader CE scaling reference is retained separately and is not facility CapEx or funded capital. | Calculated monthly planning series from scenario drivers; not actual project performance.
5,Chappell International Manufacturing Facility,Manufacturing / Industrial Facility,Historical Planning — Facility CapEx,custom,schedule,SCH-OCC-24,occupancy_bps,occupancy bps — month 24,0,percentage_bps,estimated,"pasted_content_20.txt, CE Development Portfolio Financial Baseline, user-supplied 2026-08-21",,jchappell2120,24,24,construction,yes,Estimated/user-supplied facility CapEx scenario. The $300M broader CE scaling reference is retained separately and is not facility CapEx or funded capital. | Calculated monthly planning series from scenario drivers; not actual project performance.
5,Chappell International Manufacturing Facility,Manufacturing / Industrial Facility,Historical Planning — Facility CapEx,custom,revenue,SCH-REV-24,monthly_effective_revenue,monthly effective revenue — month 24,0,usd,estimated,"pasted_content_20.txt, CE Development Portfolio Financial Baseline, user-supplied 2026-08-21",,jchappell2120,24,24,construction,yes,Estimated/user-supplied facility CapEx scenario. The $300M broader CE scaling reference is retained separately and is not facility CapEx or funded capital. | Calculated monthly planning series from scenario drivers; not actual project performance.
5,Chappell International Manufacturing Facility,Manufacturing / Industrial Facility,Historical Planning — Facility CapEx,custom,operations,SCH-OPEX-24,monthly_operating_expense,monthly operating expense — month 24,0,usd,estimated,"pasted_content_20.txt, CE Development Portfolio Financial Baseline, user-supplied 2026-08-21",,jchappell2120,24,24,construction,yes,Estimated/user-supplied facility CapEx scenario. The $300M broader CE scaling reference is retained separately and is not facility CapEx or funded capital. | Calculated monthly planning series from scenario drivers; not actual project performance.
5,Chappell International Manufacturing Facility,Manufacturing / Industrial Facility,Historical Planning — Facility CapEx,custom,financing,SCH-DRAW-24,monthly_debt_draw,monthly debt draw — month 24,666250,usd,estimated,"pasted_content_20.txt, CE Development Portfolio Financial Baseline, user-supplied 2026-08-21",,jchappell2120,24,24,construction,yes,Estimated/user-supplied facility CapEx scenario. The $300M broader CE scaling reference is retained separately and is not facility CapEx or funded capital. | Calculated monthly planning series from scenario drivers; not actual project performance.
5,Chappell International Manufacturing Facility,Manufacturing / Industrial Facility,Historical Planning — Facility CapEx,custom,financing,SCH-INT-24,monthly_interest,monthly interest — month 24,172115,usd,estimated,"pasted_content_20.txt, CE Development Portfolio Financial Baseline, user-supplied 2026-08-21",,jchappell2120,24,24,construction,yes,Estimated/user-supplied facility CapEx scenario. The $300M broader CE scaling reference is retained separately and is not facility CapEx or funded capital. | Calculated monthly planning series from scenario drivers; not actual project performance.
5,Chappell International Manufacturing Facility,Manufacturing / Industrial Facility,Historical Planning — Facility CapEx,custom,cash_flow,SCH-CF-24,monthly_levered_cash_flow,monthly levered cash flow — month 24,-1197115,usd,estimated,"pasted_content_20.txt, CE Development Portfolio Financial Baseline, user-supplied 2026-08-21",,jchappell2120,24,24,construction,yes,Estimated/user-supplied facility CapEx scenario. The $300M broader CE scaling reference is retained separately and is not facility CapEx or funded capital. | Calculated monthly planning series from scenario drivers; not actual project performance.
5,Chappell International Manufacturing Facility,Manufacturing / Industrial Facility,Historical Planning — Facility CapEx,custom,capital_deployment,SCH-COST-25,monthly_development_spend,monthly development spend — month 25,0,usd,estimated,"pasted_content_20.txt, CE Development Portfolio Financial Baseline, user-supplied 2026-08-21",,jchappell2120,25,25,lease_up_stabilization,yes,Estimated/user-supplied facility CapEx scenario. The $300M broader CE scaling reference is retained separately and is not facility CapEx or funded capital. | Calculated monthly planning series from scenario drivers; not actual project performance.
5,Chappell International Manufacturing Facility,Manufacturing / Industrial Facility,Historical Planning — Facility CapEx,custom,schedule,SCH-CUM-25,cumulative_deployment_bps,cumulative deployment bps — month 25,10000,percentage_bps,estimated,"pasted_content_20.txt, CE Development Portfolio Financial Baseline, user-supplied 2026-08-21",,jchappell2120,25,25,lease_up_stabilization,yes,Estimated/user-supplied facility CapEx scenario. The $300M broader CE scaling reference is retained separately and is not facility CapEx or funded capital. | Calculated monthly planning series from scenario drivers; not actual project performance.
5,Chappell International Manufacturing Facility,Manufacturing / Industrial Facility,Historical Planning — Facility CapEx,custom,schedule,SCH-OCC-25,occupancy_bps,occupancy bps — month 25,2500,percentage_bps,estimated,"pasted_content_20.txt, CE Development Portfolio Financial Baseline, user-supplied 2026-08-21",,jchappell2120,25,25,lease_up_stabilization,yes,Estimated/user-supplied facility CapEx scenario. The $300M broader CE scaling reference is retained separately and is not facility CapEx or funded capital. | Calculated monthly planning series from scenario drivers; not actual project performance.
5,Chappell International Manufacturing Facility,Manufacturing / Industrial Facility,Historical Planning — Facility CapEx,custom,revenue,SCH-REV-25,monthly_effective_revenue,monthly effective revenue — month 25,2100000,usd,estimated,"pasted_content_20.txt, CE Development Portfolio Financial Baseline, user-supplied 2026-08-21",,jchappell2120,25,25,lease_up_stabilization,yes,Estimated/user-supplied facility CapEx scenario. The $300M broader CE scaling reference is retained separately and is not facility CapEx or funded capital. | Calculated monthly planning series from scenario drivers; not actual project performance.
5,Chappell International Manufacturing Facility,Manufacturing / Industrial Facility,Historical Planning — Facility CapEx,custom,operations,SCH-OPEX-25,monthly_operating_expense,monthly operating expense — month 25,945000,usd,estimated,"pasted_content_20.txt, CE Development Portfolio Financial Baseline, user-supplied 2026-08-21",,jchappell2120,25,25,lease_up_stabilization,yes,Estimated/user-supplied facility CapEx scenario. The $300M broader CE scaling reference is retained separately and is not facility CapEx or funded capital. | Calculated monthly planning series from scenario drivers; not actual project performance.
5,Chappell International Manufacturing Facility,Manufacturing / Industrial Facility,Historical Planning — Facility CapEx,custom,financing,SCH-DRAW-25,monthly_debt_draw,monthly debt draw — month 25,0,usd,estimated,"pasted_content_20.txt, CE Development Portfolio Financial Baseline, user-supplied 2026-08-21",,jchappell2120,25,25,lease_up_stabilization,yes,Estimated/user-supplied facility CapEx scenario. The $300M broader CE scaling reference is retained separately and is not facility CapEx or funded capital. | Calculated monthly planning series from scenario drivers; not actual project performance.
5,Chappell International Manufacturing Facility,Manufacturing / Industrial Facility,Historical Planning — Facility CapEx,custom,financing,SCH-INT-25,monthly_interest,monthly interest — month 25,172115,usd,estimated,"pasted_content_20.txt, CE Development Portfolio Financial Baseline, user-supplied 2026-08-21",,jchappell2120,25,25,lease_up_stabilization,yes,Estimated/user-supplied facility CapEx scenario. The $300M broader CE scaling reference is retained separately and is not facility CapEx or funded capital. | Calculated monthly planning series from scenario drivers; not actual project performance.
5,Chappell International Manufacturing Facility,Manufacturing / Industrial Facility,Historical Planning — Facility CapEx,custom,cash_flow,SCH-CF-25,monthly_levered_cash_flow,monthly levered cash flow — month 25,982885,usd,estimated,"pasted_content_20.txt, CE Development Portfolio Financial Baseline, user-supplied 2026-08-21",,jchappell2120,25,25,lease_up_stabilization,yes,Estimated/user-supplied facility CapEx scenario. The $300M broader CE scaling reference is retained separately and is not facility CapEx or funded capital. | Calculated monthly planning series from scenario drivers; not actual project performance.
5,Chappell International Manufacturing Facility,Manufacturing / Industrial Facility,Historical Planning — Facility CapEx,custom,capital_deployment,SCH-COST-26,monthly_development_spend,monthly development spend — month 26,0,usd,estimated,"pasted_content_20.txt, CE Development Portfolio Financial Baseline, user-supplied 2026-08-21",,jchappell2120,26,26,lease_up_stabilization,yes,Estimated/user-supplied facility CapEx scenario. The $300M broader CE scaling reference is retained separately and is not facility CapEx or funded capital. | Calculated monthly planning series from scenario drivers; not actual project performance.
5,Chappell International Manufacturing Facility,Manufacturing / Industrial Facility,Historical Planning — Facility CapEx,custom,schedule,SCH-CUM-26,cumulative_deployment_bps,cumulative deployment bps — month 26,10000,percentage_bps,estimated,"pasted_content_20.txt, CE Development Portfolio Financial Baseline, user-supplied 2026-08-21",,jchappell2120,26,26,lease_up_stabilization,yes,Estimated/user-supplied facility CapEx scenario. The $300M broader CE scaling reference is retained separately and is not facility CapEx or funded capital. | Calculated monthly planning series from scenario drivers; not actual project performance.
5,Chappell International Manufacturing Facility,Manufacturing / Industrial Facility,Historical Planning — Facility CapEx,custom,schedule,SCH-OCC-26,occupancy_bps,occupancy bps — month 26,4500,percentage_bps,estimated,"pasted_content_20.txt, CE Development Portfolio Financial Baseline, user-supplied 2026-08-21",,jchappell2120,26,26,lease_up_stabilization,yes,Estimated/user-supplied facility CapEx scenario. The $300M broader CE scaling reference is retained separately and is not facility CapEx or funded capital. | Calculated monthly planning series from scenario drivers; not actual project performance.
5,Chappell International Manufacturing Facility,Manufacturing / Industrial Facility,Historical Planning — Facility CapEx,custom,revenue,SCH-REV-26,monthly_effective_revenue,monthly effective revenue — month 26,3780000,usd,estimated,"pasted_content_20.txt, CE Development Portfolio Financial Baseline, user-supplied 2026-08-21",,jchappell2120,26,26,lease_up_stabilization,yes,Estimated/user-supplied facility CapEx scenario. The $300M broader CE scaling reference is retained separately and is not facility CapEx or funded capital. | Calculated monthly planning series from scenario drivers; not actual project performance.
5,Chappell International Manufacturing Facility,Manufacturing / Industrial Facility,Historical Planning — Facility CapEx,custom,operations,SCH-OPEX-26,monthly_operating_expense,monthly operating expense — month 26,1701000,usd,estimated,"pasted_content_20.txt, CE Development Portfolio Financial Baseline, user-supplied 2026-08-21",,jchappell2120,26,26,lease_up_stabilization,yes,Estimated/user-supplied facility CapEx scenario. The $300M broader CE scaling reference is retained separately and is not facility CapEx or funded capital. | Calculated monthly planning series from scenario drivers; not actual project performance.
5,Chappell International Manufacturing Facility,Manufacturing / Industrial Facility,Historical Planning — Facility CapEx,custom,financing,SCH-DRAW-26,monthly_debt_draw,monthly debt draw — month 26,0,usd,estimated,"pasted_content_20.txt, CE Development Portfolio Financial Baseline, user-supplied 2026-08-21",,jchappell2120,26,26,lease_up_stabilization,yes,Estimated/user-supplied facility CapEx scenario. The $300M broader CE scaling reference is retained separately and is not facility CapEx or funded capital. | Calculated monthly planning series from scenario drivers; not actual project performance.
5,Chappell International Manufacturing Facility,Manufacturing / Industrial Facility,Historical Planning — Facility CapEx,custom,financing,SCH-INT-26,monthly_interest,monthly interest — month 26,172115,usd,estimated,"pasted_content_20.txt, CE Development Portfolio Financial Baseline, user-supplied 2026-08-21",,jchappell2120,26,26,lease_up_stabilization,yes,Estimated/user-supplied facility CapEx scenario. The $300M broader CE scaling reference is retained separately and is not facility CapEx or funded capital. | Calculated monthly planning series from scenario drivers; not actual project performance.
5,Chappell International Manufacturing Facility,Manufacturing / Industrial Facility,Historical Planning — Facility CapEx,custom,cash_flow,SCH-CF-26,monthly_levered_cash_flow,monthly levered cash flow — month 26,1906885,usd,estimated,"pasted_content_20.txt, CE Development Portfolio Financial Baseline, user-supplied 2026-08-21",,jchappell2120,26,26,lease_up_stabilization,yes,Estimated/user-supplied facility CapEx scenario. The $300M broader CE scaling reference is retained separately and is not facility CapEx or funded capital. | Calculated monthly planning series from scenario drivers; not actual project performance.
5,Chappell International Manufacturing Facility,Manufacturing / Industrial Facility,Historical Planning — Facility CapEx,custom,capital_deployment,SCH-COST-27,monthly_development_spend,monthly development spend — month 27,0,usd,estimated,"pasted_content_20.txt, CE Development Portfolio Financial Baseline, user-supplied 2026-08-21",,jchappell2120,27,27,lease_up_stabilization,yes,Estimated/user-supplied facility CapEx scenario. The $300M broader CE scaling reference is retained separately and is not facility CapEx or funded capital. | Calculated monthly planning series from scenario drivers; not actual project performance.
5,Chappell International Manufacturing Facility,Manufacturing / Industrial Facility,Historical Planning — Facility CapEx,custom,schedule,SCH-CUM-27,cumulative_deployment_bps,cumulative deployment bps — month 27,10000,percentage_bps,estimated,"pasted_content_20.txt, CE Development Portfolio Financial Baseline, user-supplied 2026-08-21",,jchappell2120,27,27,lease_up_stabilization,yes,Estimated/user-supplied facility CapEx scenario. The $300M broader CE scaling reference is retained separately and is not facility CapEx or funded capital. | Calculated monthly planning series from scenario drivers; not actual project performance.
5,Chappell International Manufacturing Facility,Manufacturing / Industrial Facility,Historical Planning — Facility CapEx,custom,schedule,SCH-OCC-27,occupancy_bps,occupancy bps — month 27,6000,percentage_bps,estimated,"pasted_content_20.txt, CE Development Portfolio Financial Baseline, user-supplied 2026-08-21",,jchappell2120,27,27,lease_up_stabilization,yes,Estimated/user-supplied facility CapEx scenario. The $300M broader CE scaling reference is retained separately and is not facility CapEx or funded capital. | Calculated monthly planning series from scenario drivers; not actual project performance.
5,Chappell International Manufacturing Facility,Manufacturing / Industrial Facility,Historical Planning — Facility CapEx,custom,revenue,SCH-REV-27,monthly_effective_revenue,monthly effective revenue — month 27,5040000,usd,estimated,"pasted_content_20.txt, CE Development Portfolio Financial Baseline, user-supplied 2026-08-21",,jchappell2120,27,27,lease_up_stabilization,yes,Estimated/user-supplied facility CapEx scenario. The $300M broader CE scaling reference is retained separately and is not facility CapEx or funded capital. | Calculated monthly planning series from scenario drivers; not actual project performance.
5,Chappell International Manufacturing Facility,Manufacturing / Industrial Facility,Historical Planning — Facility CapEx,custom,operations,SCH-OPEX-27,monthly_operating_expense,monthly operating expense — month 27,2268000,usd,estimated,"pasted_content_20.txt, CE Development Portfolio Financial Baseline, user-supplied 2026-08-21",,jchappell2120,27,27,lease_up_stabilization,yes,Estimated/user-supplied facility CapEx scenario. The $300M broader CE scaling reference is retained separately and is not facility CapEx or funded capital. | Calculated monthly planning series from scenario drivers; not actual project performance.
5,Chappell International Manufacturing Facility,Manufacturing / Industrial Facility,Historical Planning — Facility CapEx,custom,financing,SCH-DRAW-27,monthly_debt_draw,monthly debt draw — month 27,0,usd,estimated,"pasted_content_20.txt, CE Development Portfolio Financial Baseline, user-supplied 2026-08-21",,jchappell2120,27,27,lease_up_stabilization,yes,Estimated/user-supplied facility CapEx scenario. The $300M broader CE scaling reference is retained separately and is not facility CapEx or funded capital. | Calculated monthly planning series from scenario drivers; not actual project performance.
5,Chappell International Manufacturing Facility,Manufacturing / Industrial Facility,Historical Planning — Facility CapEx,custom,financing,SCH-INT-27,monthly_interest,monthly interest — month 27,172115,usd,estimated,"pasted_content_20.txt, CE Development Portfolio Financial Baseline, user-supplied 2026-08-21",,jchappell2120,27,27,lease_up_stabilization,yes,Estimated/user-supplied facility CapEx scenario. The $300M broader CE scaling reference is retained separately and is not facility CapEx or funded capital. | Calculated monthly planning series from scenario drivers; not actual project performance.
5,Chappell International Manufacturing Facility,Manufacturing / Industrial Facility,Historical Planning — Facility CapEx,custom,cash_flow,SCH-CF-27,monthly_levered_cash_flow,monthly levered cash flow — month 27,2599885,usd,estimated,"pasted_content_20.txt, CE Development Portfolio Financial Baseline, user-supplied 2026-08-21",,jchappell2120,27,27,lease_up_stabilization,yes,Estimated/user-supplied facility CapEx scenario. The $300M broader CE scaling reference is retained separately and is not facility CapEx or funded capital. | Calculated monthly planning series from scenario drivers; not actual project performance.
5,Chappell International Manufacturing Facility,Manufacturing / Industrial Facility,Historical Planning — Facility CapEx,custom,capital_deployment,SCH-COST-28,monthly_development_spend,monthly development spend — month 28,0,usd,estimated,"pasted_content_20.txt, CE Development Portfolio Financial Baseline, user-supplied 2026-08-21",,jchappell2120,28,28,lease_up_stabilization,yes,Estimated/user-supplied facility CapEx scenario. The $300M broader CE scaling reference is retained separately and is not facility CapEx or funded capital. | Calculated monthly planning series from scenario drivers; not actual project performance.
5,Chappell International Manufacturing Facility,Manufacturing / Industrial Facility,Historical Planning — Facility CapEx,custom,schedule,SCH-CUM-28,cumulative_deployment_bps,cumulative deployment bps — month 28,10000,percentage_bps,estimated,"pasted_content_20.txt, CE Development Portfolio Financial Baseline, user-supplied 2026-08-21",,jchappell2120,28,28,lease_up_stabilization,yes,Estimated/user-supplied facility CapEx scenario. The $300M broader CE scaling reference is retained separately and is not facility CapEx or funded capital. | Calculated monthly planning series from scenario drivers; not actual project performance.
5,Chappell International Manufacturing Facility,Manufacturing / Industrial Facility,Historical Planning — Facility CapEx,custom,schedule,SCH-OCC-28,occupancy_bps,occupancy bps — month 28,7000,percentage_bps,estimated,"pasted_content_20.txt, CE Development Portfolio Financial Baseline, user-supplied 2026-08-21",,jchappell2120,28,28,lease_up_stabilization,yes,Estimated/user-supplied facility CapEx scenario. The $300M broader CE scaling reference is retained separately and is not facility CapEx or funded capital. | Calculated monthly planning series from scenario drivers; not actual project performance.
5,Chappell International Manufacturing Facility,Manufacturing / Industrial Facility,Historical Planning — Facility CapEx,custom,revenue,SCH-REV-28,monthly_effective_revenue,monthly effective revenue — month 28,5880000,usd,estimated,"pasted_content_20.txt, CE Development Portfolio Financial Baseline, user-supplied 2026-08-21",,jchappell2120,28,28,lease_up_stabilization,yes,Estimated/user-supplied facility CapEx scenario. The $300M broader CE scaling reference is retained separately and is not facility CapEx or funded capital. | Calculated monthly planning series from scenario drivers; not actual project performance.
5,Chappell International Manufacturing Facility,Manufacturing / Industrial Facility,Historical Planning — Facility CapEx,custom,operations,SCH-OPEX-28,monthly_operating_expense,monthly operating expense — month 28,2646000,usd,estimated,"pasted_content_20.txt, CE Development Portfolio Financial Baseline, user-supplied 2026-08-21",,jchappell2120,28,28,lease_up_stabilization,yes,Estimated/user-supplied facility CapEx scenario. The $300M broader CE scaling reference is retained separately and is not facility CapEx or funded capital. | Calculated monthly planning series from scenario drivers; not actual project performance.
5,Chappell International Manufacturing Facility,Manufacturing / Industrial Facility,Historical Planning — Facility CapEx,custom,financing,SCH-DRAW-28,monthly_debt_draw,monthly debt draw — month 28,0,usd,estimated,"pasted_content_20.txt, CE Development Portfolio Financial Baseline, user-supplied 2026-08-21",,jchappell2120,28,28,lease_up_stabilization,yes,Estimated/user-supplied facility CapEx scenario. The $300M broader CE scaling reference is retained separately and is not facility CapEx or funded capital. | Calculated monthly planning series from scenario drivers; not actual project performance.
5,Chappell International Manufacturing Facility,Manufacturing / Industrial Facility,Historical Planning — Facility CapEx,custom,financing,SCH-INT-28,monthly_interest,monthly interest — month 28,172115,usd,estimated,"pasted_content_20.txt, CE Development Portfolio Financial Baseline, user-supplied 2026-08-21",,jchappell2120,28,28,lease_up_stabilization,yes,Estimated/user-supplied facility CapEx scenario. The $300M broader CE scaling reference is retained separately and is not facility CapEx or funded capital. | Calculated monthly planning series from scenario drivers; not actual project performance.
5,Chappell International Manufacturing Facility,Manufacturing / Industrial Facility,Historical Planning — Facility CapEx,custom,cash_flow,SCH-CF-28,monthly_levered_cash_flow,monthly levered cash flow — month 28,3061885,usd,estimated,"pasted_content_20.txt, CE Development Portfolio Financial Baseline, user-supplied 2026-08-21",,jchappell2120,28,28,lease_up_stabilization,yes,Estimated/user-supplied facility CapEx scenario. The $300M broader CE scaling reference is retained separately and is not facility CapEx or funded capital. | Calculated monthly planning series from scenario drivers; not actual project performance.
5,Chappell International Manufacturing Facility,Manufacturing / Industrial Facility,Historical Planning — Facility CapEx,custom,capital_deployment,SCH-COST-29,monthly_development_spend,monthly development spend — month 29,0,usd,estimated,"pasted_content_20.txt, CE Development Portfolio Financial Baseline, user-supplied 2026-08-21",,jchappell2120,29,29,lease_up_stabilization,yes,Estimated/user-supplied facility CapEx scenario. The $300M broader CE scaling reference is retained separately and is not facility CapEx or funded capital. | Calculated monthly planning series from scenario drivers; not actual project performance.
5,Chappell International Manufacturing Facility,Manufacturing / Industrial Facility,Historical Planning — Facility CapEx,custom,schedule,SCH-CUM-29,cumulative_deployment_bps,cumulative deployment bps — month 29,10000,percentage_bps,estimated,"pasted_content_20.txt, CE Development Portfolio Financial Baseline, user-supplied 2026-08-21",,jchappell2120,29,29,lease_up_stabilization,yes,Estimated/user-supplied facility CapEx scenario. The $300M broader CE scaling reference is retained separately and is not facility CapEx or funded capital. | Calculated monthly planning series from scenario drivers; not actual project performance.
5,Chappell International Manufacturing Facility,Manufacturing / Industrial Facility,Historical Planning — Facility CapEx,custom,schedule,SCH-OCC-29,occupancy_bps,occupancy bps — month 29,7800,percentage_bps,estimated,"pasted_content_20.txt, CE Development Portfolio Financial Baseline, user-supplied 2026-08-21",,jchappell2120,29,29,lease_up_stabilization,yes,Estimated/user-supplied facility CapEx scenario. The $300M broader CE scaling reference is retained separately and is not facility CapEx or funded capital. | Calculated monthly planning series from scenario drivers; not actual project performance.
5,Chappell International Manufacturing Facility,Manufacturing / Industrial Facility,Historical Planning — Facility CapEx,custom,revenue,SCH-REV-29,monthly_effective_revenue,monthly effective revenue — month 29,6552000,usd,estimated,"pasted_content_20.txt, CE Development Portfolio Financial Baseline, user-supplied 2026-08-21",,jchappell2120,29,29,lease_up_stabilization,yes,Estimated/user-supplied facility CapEx scenario. The $300M broader CE scaling reference is retained separately and is not facility CapEx or funded capital. | Calculated monthly planning series from scenario drivers; not actual project performance.
5,Chappell International Manufacturing Facility,Manufacturing / Industrial Facility,Historical Planning — Facility CapEx,custom,operations,SCH-OPEX-29,monthly_operating_expense,monthly operating expense — month 29,2948400,usd,estimated,"pasted_content_20.txt, CE Development Portfolio Financial Baseline, user-supplied 2026-08-21",,jchappell2120,29,29,lease_up_stabilization,yes,Estimated/user-supplied facility CapEx scenario. The $300M broader CE scaling reference is retained separately and is not facility CapEx or funded capital. | Calculated monthly planning series from scenario drivers; not actual project performance.
5,Chappell International Manufacturing Facility,Manufacturing / Industrial Facility,Historical Planning — Facility CapEx,custom,financing,SCH-DRAW-29,monthly_debt_draw,monthly debt draw — month 29,0,usd,estimated,"pasted_content_20.txt, CE Development Portfolio Financial Baseline, user-supplied 2026-08-21",,jchappell2120,29,29,lease_up_stabilization,yes,Estimated/user-supplied facility CapEx scenario. The $300M broader CE scaling reference is retained separately and is not facility CapEx or funded capital. | Calculated monthly planning series from scenario drivers; not actual project performance.
5,Chappell International Manufacturing Facility,Manufacturing / Industrial Facility,Historical Planning — Facility CapEx,custom,financing,SCH-INT-29,monthly_interest,monthly interest — month 29,172115,usd,estimated,"pasted_content_20.txt, CE Development Portfolio Financial Baseline, user-supplied 2026-08-21",,jchappell2120,29,29,lease_up_stabilization,yes,Estimated/user-supplied facility CapEx scenario. The $300M broader CE scaling reference is retained separately and is not facility CapEx or funded capital. | Calculated monthly planning series from scenario drivers; not actual project performance.
5,Chappell International Manufacturing Facility,Manufacturing / Industrial Facility,Historical Planning — Facility CapEx,custom,cash_flow,SCH-CF-29,monthly_levered_cash_flow,monthly levered cash flow — month 29,3431485,usd,estimated,"pasted_content_20.txt, CE Development Portfolio Financial Baseline, user-supplied 2026-08-21",,jchappell2120,29,29,lease_up_stabilization,yes,Estimated/user-supplied facility CapEx scenario. The $300M broader CE scaling reference is retained separately and is not facility CapEx or funded capital. | Calculated monthly planning series from scenario drivers; not actual project performance.
5,Chappell International Manufacturing Facility,Manufacturing / Industrial Facility,Historical Planning — Facility CapEx,custom,capital_deployment,SCH-COST-30,monthly_development_spend,monthly development spend — month 30,0,usd,estimated,"pasted_content_20.txt, CE Development Portfolio Financial Baseline, user-supplied 2026-08-21",,jchappell2120,30,30,lease_up_stabilization,yes,Estimated/user-supplied facility CapEx scenario. The $300M broader CE scaling reference is retained separately and is not facility CapEx or funded capital. | Calculated monthly planning series from scenario drivers; not actual project performance.
5,Chappell International Manufacturing Facility,Manufacturing / Industrial Facility,Historical Planning — Facility CapEx,custom,schedule,SCH-CUM-30,cumulative_deployment_bps,cumulative deployment bps — month 30,10000,percentage_bps,estimated,"pasted_content_20.txt, CE Development Portfolio Financial Baseline, user-supplied 2026-08-21",,jchappell2120,30,30,lease_up_stabilization,yes,Estimated/user-supplied facility CapEx scenario. The $300M broader CE scaling reference is retained separately and is not facility CapEx or funded capital. | Calculated monthly planning series from scenario drivers; not actual project performance.
5,Chappell International Manufacturing Facility,Manufacturing / Industrial Facility,Historical Planning — Facility CapEx,custom,schedule,SCH-OCC-30,occupancy_bps,occupancy bps — month 30,8200,percentage_bps,estimated,"pasted_content_20.txt, CE Development Portfolio Financial Baseline, user-supplied 2026-08-21",,jchappell2120,30,30,lease_up_stabilization,yes,Estimated/user-supplied facility CapEx scenario. The $300M broader CE scaling reference is retained separately and is not facility CapEx or funded capital. | Calculated monthly planning series from scenario drivers; not actual project performance.
5,Chappell International Manufacturing Facility,Manufacturing / Industrial Facility,Historical Planning — Facility CapEx,custom,revenue,SCH-REV-30,monthly_effective_revenue,monthly effective revenue — month 30,6888000,usd,estimated,"pasted_content_20.txt, CE Development Portfolio Financial Baseline, user-supplied 2026-08-21",,jchappell2120,30,30,lease_up_stabilization,yes,Estimated/user-supplied facility CapEx scenario. The $300M broader CE scaling reference is retained separately and is not facility CapEx or funded capital. | Calculated monthly planning series from scenario drivers; not actual project performance.
5,Chappell International Manufacturing Facility,Manufacturing / Industrial Facility,Historical Planning — Facility CapEx,custom,operations,SCH-OPEX-30,monthly_operating_expense,monthly operating expense — month 30,3099600,usd,estimated,"pasted_content_20.txt, CE Development Portfolio Financial Baseline, user-supplied 2026-08-21",,jchappell2120,30,30,lease_up_stabilization,yes,Estimated/user-supplied facility CapEx scenario. The $300M broader CE scaling reference is retained separately and is not facility CapEx or funded capital. | Calculated monthly planning series from scenario drivers; not actual project performance.
5,Chappell International Manufacturing Facility,Manufacturing / Industrial Facility,Historical Planning — Facility CapEx,custom,financing,SCH-DRAW-30,monthly_debt_draw,monthly debt draw — month 30,0,usd,estimated,"pasted_content_20.txt, CE Development Portfolio Financial Baseline, user-supplied 2026-08-21",,jchappell2120,30,30,lease_up_stabilization,yes,Estimated/user-supplied facility CapEx scenario. The $300M broader CE scaling reference is retained separately and is not facility CapEx or funded capital. | Calculated monthly planning series from scenario drivers; not actual project performance.
5,Chappell International Manufacturing Facility,Manufacturing / Industrial Facility,Historical Planning — Facility CapEx,custom,financing,SCH-INT-30,monthly_interest,monthly interest — month 30,172115,usd,estimated,"pasted_content_20.txt, CE Development Portfolio Financial Baseline, user-supplied 2026-08-21",,jchappell2120,30,30,lease_up_stabilization,yes,Estimated/user-supplied facility CapEx scenario. The $300M broader CE scaling reference is retained separately and is not facility CapEx or funded capital. | Calculated monthly planning series from scenario drivers; not actual project performance.
5,Chappell International Manufacturing Facility,Manufacturing / Industrial Facility,Historical Planning — Facility CapEx,custom,cash_flow,SCH-CF-30,monthly_levered_cash_flow,monthly levered cash flow — month 30,3616285,usd,estimated,"pasted_content_20.txt, CE Development Portfolio Financial Baseline, user-supplied 2026-08-21",,jchappell2120,30,30,lease_up_stabilization,yes,Estimated/user-supplied facility CapEx scenario. The $300M broader CE scaling reference is retained separately and is not facility CapEx or funded capital. | Calculated monthly planning series from scenario drivers; not actual project performance.
5,Chappell International Manufacturing Facility,Manufacturing / Industrial Facility,Historical Planning — Facility CapEx,custom,capital_deployment,SCH-COST-31,monthly_development_spend,monthly development spend — month 31,0,usd,estimated,"pasted_content_20.txt, CE Development Portfolio Financial Baseline, user-supplied 2026-08-21",,jchappell2120,31,31,lease_up_stabilization,yes,Estimated/user-supplied facility CapEx scenario. The $300M broader CE scaling reference is retained separately and is not facility CapEx or funded capital. | Calculated monthly planning series from scenario drivers; not actual project performance.
5,Chappell International Manufacturing Facility,Manufacturing / Industrial Facility,Historical Planning — Facility CapEx,custom,schedule,SCH-CUM-31,cumulative_deployment_bps,cumulative deployment bps — month 31,10000,percentage_bps,estimated,"pasted_content_20.txt, CE Development Portfolio Financial Baseline, user-supplied 2026-08-21",,jchappell2120,31,31,lease_up_stabilization,yes,Estimated/user-supplied facility CapEx scenario. The $300M broader CE scaling reference is retained separately and is not facility CapEx or funded capital. | Calculated monthly planning series from scenario drivers; not actual project performance.
5,Chappell International Manufacturing Facility,Manufacturing / Industrial Facility,Historical Planning — Facility CapEx,custom,schedule,SCH-OCC-31,occupancy_bps,occupancy bps — month 31,8500,percentage_bps,estimated,"pasted_content_20.txt, CE Development Portfolio Financial Baseline, user-supplied 2026-08-21",,jchappell2120,31,31,lease_up_stabilization,yes,Estimated/user-supplied facility CapEx scenario. The $300M broader CE scaling reference is retained separately and is not facility CapEx or funded capital. | Calculated monthly planning series from scenario drivers; not actual project performance.
5,Chappell International Manufacturing Facility,Manufacturing / Industrial Facility,Historical Planning — Facility CapEx,custom,revenue,SCH-REV-31,monthly_effective_revenue,monthly effective revenue — month 31,7140000,usd,estimated,"pasted_content_20.txt, CE Development Portfolio Financial Baseline, user-supplied 2026-08-21",,jchappell2120,31,31,lease_up_stabilization,yes,Estimated/user-supplied facility CapEx scenario. The $300M broader CE scaling reference is retained separately and is not facility CapEx or funded capital. | Calculated monthly planning series from scenario drivers; not actual project performance.
5,Chappell International Manufacturing Facility,Manufacturing / Industrial Facility,Historical Planning — Facility CapEx,custom,operations,SCH-OPEX-31,monthly_operating_expense,monthly operating expense — month 31,3213000,usd,estimated,"pasted_content_20.txt, CE Development Portfolio Financial Baseline, user-supplied 2026-08-21",,jchappell2120,31,31,lease_up_stabilization,yes,Estimated/user-supplied facility CapEx scenario. The $300M broader CE scaling reference is retained separately and is not facility CapEx or funded capital. | Calculated monthly planning series from scenario drivers; not actual project performance.
5,Chappell International Manufacturing Facility,Manufacturing / Industrial Facility,Historical Planning — Facility CapEx,custom,financing,SCH-DRAW-31,monthly_debt_draw,monthly debt draw — month 31,0,usd,estimated,"pasted_content_20.txt, CE Development Portfolio Financial Baseline, user-supplied 2026-08-21",,jchappell2120,31,31,lease_up_stabilization,yes,Estimated/user-supplied facility CapEx scenario. The $300M broader CE scaling reference is retained separately and is not facility CapEx or funded capital. | Calculated monthly planning series from scenario drivers; not actual project performance.
5,Chappell International Manufacturing Facility,Manufacturing / Industrial Facility,Historical Planning — Facility CapEx,custom,financing,SCH-INT-31,monthly_interest,monthly interest — month 31,172115,usd,estimated,"pasted_content_20.txt, CE Development Portfolio Financial Baseline, user-supplied 2026-08-21",,jchappell2120,31,31,lease_up_stabilization,yes,Estimated/user-supplied facility CapEx scenario. The $300M broader CE scaling reference is retained separately and is not facility CapEx or funded capital. | Calculated monthly planning series from scenario drivers; not actual project performance.
5,Chappell International Manufacturing Facility,Manufacturing / Industrial Facility,Historical Planning — Facility CapEx,custom,cash_flow,SCH-CF-31,monthly_levered_cash_flow,monthly levered cash flow — month 31,3754885,usd,estimated,"pasted_content_20.txt, CE Development Portfolio Financial Baseline, user-supplied 2026-08-21",,jchappell2120,31,31,lease_up_stabilization,yes,Estimated/user-supplied facility CapEx scenario. The $300M broader CE scaling reference is retained separately and is not facility CapEx or funded capital. | Calculated monthly planning series from scenario drivers; not actual project performance.
5,Chappell International Manufacturing Facility,Manufacturing / Industrial Facility,Historical Planning — Facility CapEx,custom,capital_deployment,SCH-COST-32,monthly_development_spend,monthly development spend — month 32,0,usd,estimated,"pasted_content_20.txt, CE Development Portfolio Financial Baseline, user-supplied 2026-08-21",,jchappell2120,32,32,lease_up_stabilization,yes,Estimated/user-supplied facility CapEx scenario. The $300M broader CE scaling reference is retained separately and is not facility CapEx or funded capital. | Calculated monthly planning series from scenario drivers; not actual project performance.
5,Chappell International Manufacturing Facility,Manufacturing / Industrial Facility,Historical Planning — Facility CapEx,custom,schedule,SCH-CUM-32,cumulative_deployment_bps,cumulative deployment bps — month 32,10000,percentage_bps,estimated,"pasted_content_20.txt, CE Development Portfolio Financial Baseline, user-supplied 2026-08-21",,jchappell2120,32,32,lease_up_stabilization,yes,Estimated/user-supplied facility CapEx scenario. The $300M broader CE scaling reference is retained separately and is not facility CapEx or funded capital. | Calculated monthly planning series from scenario drivers; not actual project performance.
5,Chappell International Manufacturing Facility,Manufacturing / Industrial Facility,Historical Planning — Facility CapEx,custom,schedule,SCH-OCC-32,occupancy_bps,occupancy bps — month 32,8500,percentage_bps,estimated,"pasted_content_20.txt, CE Development Portfolio Financial Baseline, user-supplied 2026-08-21",,jchappell2120,32,32,lease_up_stabilization,yes,Estimated/user-supplied facility CapEx scenario. The $300M broader CE scaling reference is retained separately and is not facility CapEx or funded capital. | Calculated monthly planning series from scenario drivers; not actual project performance.
5,Chappell International Manufacturing Facility,Manufacturing / Industrial Facility,Historical Planning — Facility CapEx,custom,revenue,SCH-REV-32,monthly_effective_revenue,monthly effective revenue — month 32,7140000,usd,estimated,"pasted_content_20.txt, CE Development Portfolio Financial Baseline, user-supplied 2026-08-21",,jchappell2120,32,32,lease_up_stabilization,yes,Estimated/user-supplied facility CapEx scenario. The $300M broader CE scaling reference is retained separately and is not facility CapEx or funded capital. | Calculated monthly planning series from scenario drivers; not actual project performance.
5,Chappell International Manufacturing Facility,Manufacturing / Industrial Facility,Historical Planning — Facility CapEx,custom,operations,SCH-OPEX-32,monthly_operating_expense,monthly operating expense — month 32,3213000,usd,estimated,"pasted_content_20.txt, CE Development Portfolio Financial Baseline, user-supplied 2026-08-21",,jchappell2120,32,32,lease_up_stabilization,yes,Estimated/user-supplied facility CapEx scenario. The $300M broader CE scaling reference is retained separately and is not facility CapEx or funded capital. | Calculated monthly planning series from scenario drivers; not actual project performance.
5,Chappell International Manufacturing Facility,Manufacturing / Industrial Facility,Historical Planning — Facility CapEx,custom,financing,SCH-DRAW-32,monthly_debt_draw,monthly debt draw — month 32,0,usd,estimated,"pasted_content_20.txt, CE Development Portfolio Financial Baseline, user-supplied 2026-08-21",,jchappell2120,32,32,lease_up_stabilization,yes,Estimated/user-supplied facility CapEx scenario. The $300M broader CE scaling reference is retained separately and is not facility CapEx or funded capital. | Calculated monthly planning series from scenario drivers; not actual project performance.
5,Chappell International Manufacturing Facility,Manufacturing / Industrial Facility,Historical Planning — Facility CapEx,custom,financing,SCH-INT-32,monthly_interest,monthly interest — month 32,172115,usd,estimated,"pasted_content_20.txt, CE Development Portfolio Financial Baseline, user-supplied 2026-08-21",,jchappell2120,32,32,lease_up_stabilization,yes,Estimated/user-supplied facility CapEx scenario. The $300M broader CE scaling reference is retained separately and is not facility CapEx or funded capital. | Calculated monthly planning series from scenario drivers; not actual project performance.
5,Chappell International Manufacturing Facility,Manufacturing / Industrial Facility,Historical Planning — Facility CapEx,custom,cash_flow,SCH-CF-32,monthly_levered_cash_flow,monthly levered cash flow — month 32,3754885,usd,estimated,"pasted_content_20.txt, CE Development Portfolio Financial Baseline, user-supplied 2026-08-21",,jchappell2120,32,32,lease_up_stabilization,yes,Estimated/user-supplied facility CapEx scenario. The $300M broader CE scaling reference is retained separately and is not facility CapEx or funded capital. | Calculated monthly planning series from scenario drivers; not actual project performance.
5,Chappell International Manufacturing Facility,Manufacturing / Industrial Facility,Historical Planning — Facility CapEx,custom,capital_deployment,SCH-COST-33,monthly_development_spend,monthly development spend — month 33,0,usd,estimated,"pasted_content_20.txt, CE Development Portfolio Financial Baseline, user-supplied 2026-08-21",,jchappell2120,33,33,lease_up_stabilization,yes,Estimated/user-supplied facility CapEx scenario. The $300M broader CE scaling reference is retained separately and is not facility CapEx or funded capital. | Calculated monthly planning series from scenario drivers; not actual project performance.
5,Chappell International Manufacturing Facility,Manufacturing / Industrial Facility,Historical Planning — Facility CapEx,custom,schedule,SCH-CUM-33,cumulative_deployment_bps,cumulative deployment bps — month 33,10000,percentage_bps,estimated,"pasted_content_20.txt, CE Development Portfolio Financial Baseline, user-supplied 2026-08-21",,jchappell2120,33,33,lease_up_stabilization,yes,Estimated/user-supplied facility CapEx scenario. The $300M broader CE scaling reference is retained separately and is not facility CapEx or funded capital. | Calculated monthly planning series from scenario drivers; not actual project performance.
5,Chappell International Manufacturing Facility,Manufacturing / Industrial Facility,Historical Planning — Facility CapEx,custom,schedule,SCH-OCC-33,occupancy_bps,occupancy bps — month 33,8500,percentage_bps,estimated,"pasted_content_20.txt, CE Development Portfolio Financial Baseline, user-supplied 2026-08-21",,jchappell2120,33,33,lease_up_stabilization,yes,Estimated/user-supplied facility CapEx scenario. The $300M broader CE scaling reference is retained separately and is not facility CapEx or funded capital. | Calculated monthly planning series from scenario drivers; not actual project performance.
5,Chappell International Manufacturing Facility,Manufacturing / Industrial Facility,Historical Planning — Facility CapEx,custom,revenue,SCH-REV-33,monthly_effective_revenue,monthly effective revenue — month 33,7140000,usd,estimated,"pasted_content_20.txt, CE Development Portfolio Financial Baseline, user-supplied 2026-08-21",,jchappell2120,33,33,lease_up_stabilization,yes,Estimated/user-supplied facility CapEx scenario. The $300M broader CE scaling reference is retained separately and is not facility CapEx or funded capital. | Calculated monthly planning series from scenario drivers; not actual project performance.
5,Chappell International Manufacturing Facility,Manufacturing / Industrial Facility,Historical Planning — Facility CapEx,custom,operations,SCH-OPEX-33,monthly_operating_expense,monthly operating expense — month 33,3213000,usd,estimated,"pasted_content_20.txt, CE Development Portfolio Financial Baseline, user-supplied 2026-08-21",,jchappell2120,33,33,lease_up_stabilization,yes,Estimated/user-supplied facility CapEx scenario. The $300M broader CE scaling reference is retained separately and is not facility CapEx or funded capital. | Calculated monthly planning series from scenario drivers; not actual project performance.
5,Chappell International Manufacturing Facility,Manufacturing / Industrial Facility,Historical Planning — Facility CapEx,custom,financing,SCH-DRAW-33,monthly_debt_draw,monthly debt draw — month 33,0,usd,estimated,"pasted_content_20.txt, CE Development Portfolio Financial Baseline, user-supplied 2026-08-21",,jchappell2120,33,33,lease_up_stabilization,yes,Estimated/user-supplied facility CapEx scenario. The $300M broader CE scaling reference is retained separately and is not facility CapEx or funded capital. | Calculated monthly planning series from scenario drivers; not actual project performance.
5,Chappell International Manufacturing Facility,Manufacturing / Industrial Facility,Historical Planning — Facility CapEx,custom,financing,SCH-INT-33,monthly_interest,monthly interest — month 33,172115,usd,estimated,"pasted_content_20.txt, CE Development Portfolio Financial Baseline, user-supplied 2026-08-21",,jchappell2120,33,33,lease_up_stabilization,yes,Estimated/user-supplied facility CapEx scenario. The $300M broader CE scaling reference is retained separately and is not facility CapEx or funded capital. | Calculated monthly planning series from scenario drivers; not actual project performance.
5,Chappell International Manufacturing Facility,Manufacturing / Industrial Facility,Historical Planning — Facility CapEx,custom,cash_flow,SCH-CF-33,monthly_levered_cash_flow,monthly levered cash flow — month 33,3754885,usd,estimated,"pasted_content_20.txt, CE Development Portfolio Financial Baseline, user-supplied 2026-08-21",,jchappell2120,33,33,lease_up_stabilization,yes,Estimated/user-supplied facility CapEx scenario. The $300M broader CE scaling reference is retained separately and is not facility CapEx or funded capital. | Calculated monthly planning series from scenario drivers; not actual project performance.
5,Chappell International Manufacturing Facility,Manufacturing / Industrial Facility,Historical Planning — Facility CapEx,custom,capital_deployment,SCH-COST-34,monthly_development_spend,monthly development spend — month 34,0,usd,estimated,"pasted_content_20.txt, CE Development Portfolio Financial Baseline, user-supplied 2026-08-21",,jchappell2120,34,34,lease_up_stabilization,yes,Estimated/user-supplied facility CapEx scenario. The $300M broader CE scaling reference is retained separately and is not facility CapEx or funded capital. | Calculated monthly planning series from scenario drivers; not actual project performance.
5,Chappell International Manufacturing Facility,Manufacturing / Industrial Facility,Historical Planning — Facility CapEx,custom,schedule,SCH-CUM-34,cumulative_deployment_bps,cumulative deployment bps — month 34,10000,percentage_bps,estimated,"pasted_content_20.txt, CE Development Portfolio Financial Baseline, user-supplied 2026-08-21",,jchappell2120,34,34,lease_up_stabilization,yes,Estimated/user-supplied facility CapEx scenario. The $300M broader CE scaling reference is retained separately and is not facility CapEx or funded capital. | Calculated monthly planning series from scenario drivers; not actual project performance.
5,Chappell International Manufacturing Facility,Manufacturing / Industrial Facility,Historical Planning — Facility CapEx,custom,schedule,SCH-OCC-34,occupancy_bps,occupancy bps — month 34,8500,percentage_bps,estimated,"pasted_content_20.txt, CE Development Portfolio Financial Baseline, user-supplied 2026-08-21",,jchappell2120,34,34,lease_up_stabilization,yes,Estimated/user-supplied facility CapEx scenario. The $300M broader CE scaling reference is retained separately and is not facility CapEx or funded capital. | Calculated monthly planning series from scenario drivers; not actual project performance.
5,Chappell International Manufacturing Facility,Manufacturing / Industrial Facility,Historical Planning — Facility CapEx,custom,revenue,SCH-REV-34,monthly_effective_revenue,monthly effective revenue — month 34,7140000,usd,estimated,"pasted_content_20.txt, CE Development Portfolio Financial Baseline, user-supplied 2026-08-21",,jchappell2120,34,34,lease_up_stabilization,yes,Estimated/user-supplied facility CapEx scenario. The $300M broader CE scaling reference is retained separately and is not facility CapEx or funded capital. | Calculated monthly planning series from scenario drivers; not actual project performance.
5,Chappell International Manufacturing Facility,Manufacturing / Industrial Facility,Historical Planning — Facility CapEx,custom,operations,SCH-OPEX-34,monthly_operating_expense,monthly operating expense — month 34,3213000,usd,estimated,"pasted_content_20.txt, CE Development Portfolio Financial Baseline, user-supplied 2026-08-21",,jchappell2120,34,34,lease_up_stabilization,yes,Estimated/user-supplied facility CapEx scenario. The $300M broader CE scaling reference is retained separately and is not facility CapEx or funded capital. | Calculated monthly planning series from scenario drivers; not actual project performance.
5,Chappell International Manufacturing Facility,Manufacturing / Industrial Facility,Historical Planning — Facility CapEx,custom,financing,SCH-DRAW-34,monthly_debt_draw,monthly debt draw — month 34,0,usd,estimated,"pasted_content_20.txt, CE Development Portfolio Financial Baseline, user-supplied 2026-08-21",,jchappell2120,34,34,lease_up_stabilization,yes,Estimated/user-supplied facility CapEx scenario. The $300M broader CE scaling reference is retained separately and is not facility CapEx or funded capital. | Calculated monthly planning series from scenario drivers; not actual project performance.
5,Chappell International Manufacturing Facility,Manufacturing / Industrial Facility,Historical Planning — Facility CapEx,custom,financing,SCH-INT-34,monthly_interest,monthly interest — month 34,172115,usd,estimated,"pasted_content_20.txt, CE Development Portfolio Financial Baseline, user-supplied 2026-08-21",,jchappell2120,34,34,lease_up_stabilization,yes,Estimated/user-supplied facility CapEx scenario. The $300M broader CE scaling reference is retained separately and is not facility CapEx or funded capital. | Calculated monthly planning series from scenario drivers; not actual project performance.
5,Chappell International Manufacturing Facility,Manufacturing / Industrial Facility,Historical Planning — Facility CapEx,custom,cash_flow,SCH-CF-34,monthly_levered_cash_flow,monthly levered cash flow — month 34,3754885,usd,estimated,"pasted_content_20.txt, CE Development Portfolio Financial Baseline, user-supplied 2026-08-21",,jchappell2120,34,34,lease_up_stabilization,yes,Estimated/user-supplied facility CapEx scenario. The $300M broader CE scaling reference is retained separately and is not facility CapEx or funded capital. | Calculated monthly planning series from scenario drivers; not actual project performance.
5,Chappell International Manufacturing Facility,Manufacturing / Industrial Facility,Historical Planning — Facility CapEx,custom,capital_deployment,SCH-COST-35,monthly_development_spend,monthly development spend — month 35,0,usd,estimated,"pasted_content_20.txt, CE Development Portfolio Financial Baseline, user-supplied 2026-08-21",,jchappell2120,35,35,lease_up_stabilization,yes,Estimated/user-supplied facility CapEx scenario. The $300M broader CE scaling reference is retained separately and is not facility CapEx or funded capital. | Calculated monthly planning series from scenario drivers; not actual project performance.
5,Chappell International Manufacturing Facility,Manufacturing / Industrial Facility,Historical Planning — Facility CapEx,custom,schedule,SCH-CUM-35,cumulative_deployment_bps,cumulative deployment bps — month 35,10000,percentage_bps,estimated,"pasted_content_20.txt, CE Development Portfolio Financial Baseline, user-supplied 2026-08-21",,jchappell2120,35,35,lease_up_stabilization,yes,Estimated/user-supplied facility CapEx scenario. The $300M broader CE scaling reference is retained separately and is not facility CapEx or funded capital. | Calculated monthly planning series from scenario drivers; not actual project performance.
5,Chappell International Manufacturing Facility,Manufacturing / Industrial Facility,Historical Planning — Facility CapEx,custom,schedule,SCH-OCC-35,occupancy_bps,occupancy bps — month 35,8500,percentage_bps,estimated,"pasted_content_20.txt, CE Development Portfolio Financial Baseline, user-supplied 2026-08-21",,jchappell2120,35,35,lease_up_stabilization,yes,Estimated/user-supplied facility CapEx scenario. The $300M broader CE scaling reference is retained separately and is not facility CapEx or funded capital. | Calculated monthly planning series from scenario drivers; not actual project performance.
5,Chappell International Manufacturing Facility,Manufacturing / Industrial Facility,Historical Planning — Facility CapEx,custom,revenue,SCH-REV-35,monthly_effective_revenue,monthly effective revenue — month 35,7140000,usd,estimated,"pasted_content_20.txt, CE Development Portfolio Financial Baseline, user-supplied 2026-08-21",,jchappell2120,35,35,lease_up_stabilization,yes,Estimated/user-supplied facility CapEx scenario. The $300M broader CE scaling reference is retained separately and is not facility CapEx or funded capital. | Calculated monthly planning series from scenario drivers; not actual project performance.
5,Chappell International Manufacturing Facility,Manufacturing / Industrial Facility,Historical Planning — Facility CapEx,custom,operations,SCH-OPEX-35,monthly_operating_expense,monthly operating expense — month 35,3213000,usd,estimated,"pasted_content_20.txt, CE Development Portfolio Financial Baseline, user-supplied 2026-08-21",,jchappell2120,35,35,lease_up_stabilization,yes,Estimated/user-supplied facility CapEx scenario. The $300M broader CE scaling reference is retained separately and is not facility CapEx or funded capital. | Calculated monthly planning series from scenario drivers; not actual project performance.
5,Chappell International Manufacturing Facility,Manufacturing / Industrial Facility,Historical Planning — Facility CapEx,custom,financing,SCH-DRAW-35,monthly_debt_draw,monthly debt draw — month 35,0,usd,estimated,"pasted_content_20.txt, CE Development Portfolio Financial Baseline, user-supplied 2026-08-21",,jchappell2120,35,35,lease_up_stabilization,yes,Estimated/user-supplied facility CapEx scenario. The $300M broader CE scaling reference is retained separately and is not facility CapEx or funded capital. | Calculated monthly planning series from scenario drivers; not actual project performance.
5,Chappell International Manufacturing Facility,Manufacturing / Industrial Facility,Historical Planning — Facility CapEx,custom,financing,SCH-INT-35,monthly_interest,monthly interest — month 35,172115,usd,estimated,"pasted_content_20.txt, CE Development Portfolio Financial Baseline, user-supplied 2026-08-21",,jchappell2120,35,35,lease_up_stabilization,yes,Estimated/user-supplied facility CapEx scenario. The $300M broader CE scaling reference is retained separately and is not facility CapEx or funded capital. | Calculated monthly planning series from scenario drivers; not actual project performance.
5,Chappell International Manufacturing Facility,Manufacturing / Industrial Facility,Historical Planning — Facility CapEx,custom,cash_flow,SCH-CF-35,monthly_levered_cash_flow,monthly levered cash flow — month 35,3754885,usd,estimated,"pasted_content_20.txt, CE Development Portfolio Financial Baseline, user-supplied 2026-08-21",,jchappell2120,35,35,lease_up_stabilization,yes,Estimated/user-supplied facility CapEx scenario. The $300M broader CE scaling reference is retained separately and is not facility CapEx or funded capital. | Calculated monthly planning series from scenario drivers; not actual project performance.
5,Chappell International Manufacturing Facility,Manufacturing / Industrial Facility,Historical Planning — Facility CapEx,custom,capital_deployment,SCH-COST-36,monthly_development_spend,monthly development spend — month 36,0,usd,estimated,"pasted_content_20.txt, CE Development Portfolio Financial Baseline, user-supplied 2026-08-21",,jchappell2120,36,36,lease_up_stabilization,yes,Estimated/user-supplied facility CapEx scenario. The $300M broader CE scaling reference is retained separately and is not facility CapEx or funded capital. | Calculated monthly planning series from scenario drivers; not actual project performance.
5,Chappell International Manufacturing Facility,Manufacturing / Industrial Facility,Historical Planning — Facility CapEx,custom,schedule,SCH-CUM-36,cumulative_deployment_bps,cumulative deployment bps — month 36,10000,percentage_bps,estimated,"pasted_content_20.txt, CE Development Portfolio Financial Baseline, user-supplied 2026-08-21",,jchappell2120,36,36,lease_up_stabilization,yes,Estimated/user-supplied facility CapEx scenario. The $300M broader CE scaling reference is retained separately and is not facility CapEx or funded capital. | Calculated monthly planning series from scenario drivers; not actual project performance.
5,Chappell International Manufacturing Facility,Manufacturing / Industrial Facility,Historical Planning — Facility CapEx,custom,schedule,SCH-OCC-36,occupancy_bps,occupancy bps — month 36,8500,percentage_bps,estimated,"pasted_content_20.txt, CE Development Portfolio Financial Baseline, user-supplied 2026-08-21",,jchappell2120,36,36,lease_up_stabilization,yes,Estimated/user-supplied facility CapEx scenario. The $300M broader CE scaling reference is retained separately and is not facility CapEx or funded capital. | Calculated monthly planning series from scenario drivers; not actual project performance.
5,Chappell International Manufacturing Facility,Manufacturing / Industrial Facility,Historical Planning — Facility CapEx,custom,revenue,SCH-REV-36,monthly_effective_revenue,monthly effective revenue — month 36,7140000,usd,estimated,"pasted_content_20.txt, CE Development Portfolio Financial Baseline, user-supplied 2026-08-21",,jchappell2120,36,36,lease_up_stabilization,yes,Estimated/user-supplied facility CapEx scenario. The $300M broader CE scaling reference is retained separately and is not facility CapEx or funded capital. | Calculated monthly planning series from scenario drivers; not actual project performance.
5,Chappell International Manufacturing Facility,Manufacturing / Industrial Facility,Historical Planning — Facility CapEx,custom,operations,SCH-OPEX-36,monthly_operating_expense,monthly operating expense — month 36,3213000,usd,estimated,"pasted_content_20.txt, CE Development Portfolio Financial Baseline, user-supplied 2026-08-21",,jchappell2120,36,36,lease_up_stabilization,yes,Estimated/user-supplied facility CapEx scenario. The $300M broader CE scaling reference is retained separately and is not facility CapEx or funded capital. | Calculated monthly planning series from scenario drivers; not actual project performance.
5,Chappell International Manufacturing Facility,Manufacturing / Industrial Facility,Historical Planning — Facility CapEx,custom,financing,SCH-DRAW-36,monthly_debt_draw,monthly debt draw — month 36,0,usd,estimated,"pasted_content_20.txt, CE Development Portfolio Financial Baseline, user-supplied 2026-08-21",,jchappell2120,36,36,lease_up_stabilization,yes,Estimated/user-supplied facility CapEx scenario. The $300M broader CE scaling reference is retained separately and is not facility CapEx or funded capital. | Calculated monthly planning series from scenario drivers; not actual project performance.
5,Chappell International Manufacturing Facility,Manufacturing / Industrial Facility,Historical Planning — Facility CapEx,custom,financing,SCH-INT-36,monthly_interest,monthly interest — month 36,172115,usd,estimated,"pasted_content_20.txt, CE Development Portfolio Financial Baseline, user-supplied 2026-08-21",,jchappell2120,36,36,lease_up_stabilization,yes,Estimated/user-supplied facility CapEx scenario. The $300M broader CE scaling reference is retained separately and is not facility CapEx or funded capital. | Calculated monthly planning series from scenario drivers; not actual project performance.
5,Chappell International Manufacturing Facility,Manufacturing / Industrial Facility,Historical Planning — Facility CapEx,custom,cash_flow,SCH-CF-36,monthly_levered_cash_flow,monthly levered cash flow — month 36,3754885,usd,estimated,"pasted_content_20.txt, CE Development Portfolio Financial Baseline, user-supplied 2026-08-21",,jchappell2120,36,36,lease_up_stabilization,yes,Estimated/user-supplied facility CapEx scenario. The $300M broader CE scaling reference is retained separately and is not facility CapEx or funded capital. | Calculated monthly planning series from scenario drivers; not actual project performance.
