project_id,project_name,project_type,scenario_name,scenario_type,record_group,sku_id,metric,description,value,unit,data_state,source_reference,effective_date,owner_name,month_start,month_end,phase,include_in_model,notes
6,Garden Haven,Single-Family Residential Development,Preliminary Planning — Low,downside,project_identity,IDENT-001,project_stage,project stage,development,other,estimated,"pasted_content_20.txt, CE Development Portfolio Financial Baseline, user-supplied 2026-08-21",,jchappell2120,,,,yes,Inferred preliminary planning assumption anchored to the $11.5M historical planning figure.
6,Garden Haven,Single-Family Residential Development,Preliminary Planning — Low,downside,project_identity,IDENT-002,program_units,program units,100,units,estimated,"pasted_content_20.txt, CE Development Portfolio Financial Baseline, user-supplied 2026-08-21",,jchappell2120,,,,yes,Inferred preliminary planning assumption anchored to the $11.5M historical planning figure.
6,Garden Haven,Single-Family Residential Development,Preliminary Planning — Low,downside,project_identity,IDENT-003,program_buildings,program buildings,100,units,estimated,"pasted_content_20.txt, CE Development Portfolio Financial Baseline, user-supplied 2026-08-21",,jchappell2120,,,,yes,Inferred preliminary planning assumption anchored to the $11.5M historical planning figure.
6,Garden Haven,Single-Family Residential Development,Preliminary Planning — Low,downside,project_identity,IDENT-004,program_residential_sf,program residential sf,190000,sf,estimated,"pasted_content_20.txt, CE Development Portfolio Financial Baseline, user-supplied 2026-08-21",,jchappell2120,,,,yes,Inferred preliminary planning assumption anchored to the $11.5M historical planning figure.
6,Garden Haven,Single-Family Residential Development,Preliminary Planning — Low,downside,project_identity,IDENT-005,program_gross_sf,program gross sf,210000,sf,estimated,"pasted_content_20.txt, CE Development Portfolio Financial Baseline, user-supplied 2026-08-21",,jchappell2120,,,,yes,Inferred preliminary planning assumption anchored to the $11.5M historical planning figure.
6,Garden Haven,Single-Family Residential Development,Preliminary Planning — Low,downside,scenario_driver,DRV-001,development_cost,development cost,13200000,usd,estimated,"pasted_content_20.txt, CE Development Portfolio Financial Baseline, user-supplied 2026-08-21",,jchappell2120,,,,yes,Inferred preliminary planning assumption anchored to the $11.5M historical planning figure.
6,Garden Haven,Single-Family Residential Development,Preliminary Planning — Low,downside,scenario_driver,DRV-002,development_cost_per_unit,development cost per unit,132000,usd_per_unit,estimated,"pasted_content_20.txt, CE Development Portfolio Financial Baseline, user-supplied 2026-08-21",,jchappell2120,,,,yes,Inferred preliminary planning assumption anchored to the $11.5M historical planning figure.
6,Garden Haven,Single-Family Residential Development,Preliminary Planning — Low,downside,scenario_driver,DRV-003,development_cost_per_gross_sf,development cost per gross sf,63,usd_per_sf,estimated,"pasted_content_20.txt, CE Development Portfolio Financial Baseline, user-supplied 2026-08-21",,jchappell2120,,,,yes,Inferred preliminary planning assumption anchored to the $11.5M historical planning figure.
6,Garden Haven,Single-Family Residential Development,Preliminary Planning — Low,downside,scenario_driver,DRV-004,stabilized_occupancy_bps,stabilized occupancy bps,10000,percentage_bps,estimated,"pasted_content_20.txt, CE Development Portfolio Financial Baseline, user-supplied 2026-08-21",,jchappell2120,,,,yes,Inferred preliminary planning assumption anchored to the $11.5M historical planning figure.
6,Garden Haven,Single-Family Residential Development,Preliminary Planning — Low,downside,scenario_driver,DRV-005,operating_expense_ratio_bps,operating expense ratio bps,0,percentage_bps,estimated,"pasted_content_20.txt, CE Development Portfolio Financial Baseline, user-supplied 2026-08-21",,jchappell2120,,,,yes,Inferred preliminary planning assumption anchored to the $11.5M historical planning figure.
6,Garden Haven,Single-Family Residential Development,Preliminary Planning — Low,downside,scenario_driver,DRV-006,construction_debt_commitment,construction debt commitment,8580000,usd,estimated,"pasted_content_20.txt, CE Development Portfolio Financial Baseline, user-supplied 2026-08-21",,jchappell2120,,,,yes,Inferred preliminary planning assumption anchored to the $11.5M historical planning figure.
6,Garden Haven,Single-Family Residential Development,Preliminary Planning — Low,downside,scenario_driver,DRV-007,construction_interest_rate_bps,construction interest rate bps,825,percentage_bps,estimated,"pasted_content_20.txt, CE Development Portfolio Financial Baseline, user-supplied 2026-08-21",,jchappell2120,,,,yes,Inferred preliminary planning assumption anchored to the $11.5M historical planning figure.
6,Garden Haven,Single-Family Residential Development,Preliminary Planning — Low,downside,scenario_driver,DRV-008,construction_interest_only_months,construction interest only months,24,months,estimated,"pasted_content_20.txt, CE Development Portfolio Financial Baseline, user-supplied 2026-08-21",,jchappell2120,,,,yes,Inferred preliminary planning assumption anchored to the $11.5M historical planning figure.
6,Garden Haven,Single-Family Residential Development,Preliminary Planning — Low,downside,scenario_driver,DRV-009,amortization_months,amortization months,360,months,estimated,"pasted_content_20.txt, CE Development Portfolio Financial Baseline, user-supplied 2026-08-21",,jchappell2120,,,,yes,Inferred preliminary planning assumption anchored to the $11.5M historical planning figure.
6,Garden Haven,Single-Family Residential Development,Preliminary Planning — Low,downside,scenario_driver,DRV-010,financing_fee_bps,financing fee bps,125,percentage_bps,estimated,"pasted_content_20.txt, CE Development Portfolio Financial Baseline, user-supplied 2026-08-21",,jchappell2120,,,,yes,Inferred preliminary planning assumption anchored to the $11.5M historical planning figure.
6,Garden Haven,Single-Family Residential Development,Preliminary Planning — Low,downside,scenario_driver,DRV-011,exit_cap_rate_bps,exit cap rate bps,0,percentage_bps,estimated,"pasted_content_20.txt, CE Development Portfolio Financial Baseline, user-supplied 2026-08-21",,jchappell2120,,,,yes,Inferred preliminary planning assumption anchored to the $11.5M historical planning figure.
6,Garden Haven,Single-Family Residential Development,Preliminary Planning — Low,downside,scenario_driver,DRV-012,sale_cost_bps,sale cost bps,0,percentage_bps,estimated,"pasted_content_20.txt, CE Development Portfolio Financial Baseline, user-supplied 2026-08-21",,jchappell2120,,,,yes,Inferred preliminary planning assumption anchored to the $11.5M historical planning figure.
6,Garden Haven,Single-Family Residential Development,Preliminary Planning — Low,downside,sales_program,SALE-001,home_count,home count,100,units,estimated,"pasted_content_20.txt, CE Development Portfolio Financial Baseline, user-supplied 2026-08-21",,jchappell2120,,,,yes,Inferred preliminary planning assumption anchored to the $11.5M historical planning figure.
6,Garden Haven,Single-Family Residential Development,Preliminary Planning — Low,downside,sales_program,SALE-002,average_selling_price,average selling price,210000,usd_per_unit,estimated,"pasted_content_20.txt, CE Development Portfolio Financial Baseline, user-supplied 2026-08-21",,jchappell2120,,,,yes,Inferred preliminary planning assumption anchored to the $11.5M historical planning figure.
6,Garden Haven,Single-Family Residential Development,Preliminary Planning — Low,downside,sales_program,SALE-003,gross_sales_revenue,gross sales revenue,21000000,usd,estimated,"pasted_content_20.txt, CE Development Portfolio Financial Baseline, user-supplied 2026-08-21",,jchappell2120,,,,yes,Inferred preliminary planning assumption anchored to the $11.5M historical planning figure.
6,Garden Haven,Single-Family Residential Development,Preliminary Planning — Low,downside,sales_program,SALE-004,project_result,project result,7800000,usd,estimated,"pasted_content_20.txt, CE Development Portfolio Financial Baseline, user-supplied 2026-08-21",,jchappell2120,,,,yes,Inferred preliminary planning assumption anchored to the $11.5M historical planning figure.
6,Garden Haven,Single-Family Residential Development,Preliminary Planning — Low,downside,budget_summary,BUD-001,extended_cost,Historical planning reference,11500000,usd,estimated,"pasted_content_20.txt, CE Development Portfolio Financial Baseline, user-supplied 2026-08-21",,jchappell2120,,,,yes,Inferred preliminary planning assumption anchored to the $11.5M historical planning figure.
6,Garden Haven,Single-Family Residential Development,Preliminary Planning — Low,downside,wbs_budget,WBS-001,extended_cost,Residential subdivision / home delivery — Land acquisition consideration,1122000,usd,estimated,"pasted_content_20.txt, CE Development Portfolio Financial Baseline, user-supplied 2026-08-21",,jchappell2120,,,predevelopment,yes,Inferred preliminary planning assumption anchored to the $11.5M historical planning figure. | Standardized WBS category: land_acquisition; applicability: Project-wide.
6,Garden Haven,Single-Family Residential Development,Preliminary Planning — Low,downside,wbs_budget,WBS-002,extended_cost,Residential subdivision / home delivery — Acquisition due diligence,49500,usd,estimated,"pasted_content_20.txt, CE Development Portfolio Financial Baseline, user-supplied 2026-08-21",,jchappell2120,,,predevelopment,yes,Inferred preliminary planning assumption anchored to the $11.5M historical planning figure. | Standardized WBS category: land_acquisition; applicability: Project-wide.
6,Garden Haven,Single-Family Residential Development,Preliminary Planning — Low,downside,wbs_budget,WBS-003,extended_cost,Residential subdivision / home delivery — Title and escrow,16500,usd,estimated,"pasted_content_20.txt, CE Development Portfolio Financial Baseline, user-supplied 2026-08-21",,jchappell2120,,,predevelopment,yes,Inferred preliminary planning assumption anchored to the $11.5M historical planning figure. | Standardized WBS category: land_acquisition; applicability: Project-wide.
6,Garden Haven,Single-Family Residential Development,Preliminary Planning — Low,downside,wbs_budget,WBS-004,extended_cost,Residential subdivision / home delivery — Acquisition legal,16500,usd,estimated,"pasted_content_20.txt, CE Development Portfolio Financial Baseline, user-supplied 2026-08-21",,jchappell2120,,,predevelopment,yes,Inferred preliminary planning assumption anchored to the $11.5M historical planning figure. | Standardized WBS category: land_acquisition; applicability: Project-wide.
6,Garden Haven,Single-Family Residential Development,Preliminary Planning — Low,downside,wbs_budget,WBS-005,extended_cost,Residential subdivision / home delivery — Environmental review,16500,usd,estimated,"pasted_content_20.txt, CE Development Portfolio Financial Baseline, user-supplied 2026-08-21",,jchappell2120,,,predevelopment,yes,Inferred preliminary planning assumption anchored to the $11.5M historical planning figure. | Standardized WBS category: land_acquisition; applicability: Project-wide.
6,Garden Haven,Single-Family Residential Development,Preliminary Planning — Low,downside,wbs_budget,WBS-006,extended_cost,Residential subdivision / home delivery — Boundary and topographic survey,16500,usd,estimated,"pasted_content_20.txt, CE Development Portfolio Financial Baseline, user-supplied 2026-08-21",,jchappell2120,,,predevelopment,yes,Inferred preliminary planning assumption anchored to the $11.5M historical planning figure. | Standardized WBS category: land_acquisition; applicability: Project-wide.
6,Garden Haven,Single-Family Residential Development,Preliminary Planning — Low,downside,wbs_budget,WBS-007,extended_cost,Residential subdivision / home delivery — Geotechnical investigation,24750,usd,estimated,"pasted_content_20.txt, CE Development Portfolio Financial Baseline, user-supplied 2026-08-21",,jchappell2120,,,predevelopment,yes,Inferred preliminary planning assumption anchored to the $11.5M historical planning figure. | Standardized WBS category: land_acquisition; applicability: Project-wide.
6,Garden Haven,Single-Family Residential Development,Preliminary Planning — Low,downside,wbs_budget,WBS-008,extended_cost,Residential subdivision / home delivery — Acquisition brokerage,16500,usd,estimated,"pasted_content_20.txt, CE Development Portfolio Financial Baseline, user-supplied 2026-08-21",,jchappell2120,,,predevelopment,yes,Inferred preliminary planning assumption anchored to the $11.5M historical planning figure. | Standardized WBS category: land_acquisition; applicability: Project-wide.
6,Garden Haven,Single-Family Residential Development,Preliminary Planning — Low,downside,wbs_budget,WBS-009,extended_cost,Residential subdivision / home delivery — Demolition and clearing allowance,16500,usd,estimated,"pasted_content_20.txt, CE Development Portfolio Financial Baseline, user-supplied 2026-08-21",,jchappell2120,,,predevelopment,yes,Inferred preliminary planning assumption anchored to the $11.5M historical planning figure. | Standardized WBS category: land_acquisition; applicability: Project-wide.
6,Garden Haven,Single-Family Residential Development,Preliminary Planning — Low,downside,wbs_budget,WBS-010,extended_cost,Residential subdivision / home delivery — Land closing reserve,24750,usd,estimated,"pasted_content_20.txt, CE Development Portfolio Financial Baseline, user-supplied 2026-08-21",,jchappell2120,,,predevelopment,yes,Inferred preliminary planning assumption anchored to the $11.5M historical planning figure. | Standardized WBS category: land_acquisition; applicability: Project-wide.
6,Garden Haven,Single-Family Residential Development,Preliminary Planning — Low,downside,wbs_budget,WBS-011,extended_cost,Residential subdivision / home delivery — Mass grading,231000,usd,estimated,"pasted_content_20.txt, CE Development Portfolio Financial Baseline, user-supplied 2026-08-21",,jchappell2120,,,construction,yes,Inferred preliminary planning assumption anchored to the $11.5M historical planning figure. | Standardized WBS category: site_development; applicability: Project-wide.
6,Garden Haven,Single-Family Residential Development,Preliminary Planning — Low,downside,wbs_budget,WBS-012,extended_cost,Residential subdivision / home delivery — Utility extension,165000,usd,estimated,"pasted_content_20.txt, CE Development Portfolio Financial Baseline, user-supplied 2026-08-21",,jchappell2120,,,construction,yes,Inferred preliminary planning assumption anchored to the $11.5M historical planning figure. | Standardized WBS category: site_development; applicability: Project-wide.
6,Garden Haven,Single-Family Residential Development,Preliminary Planning — Low,downside,wbs_budget,WBS-013,extended_cost,Residential subdivision / home delivery — Water and sewer improvements,165000,usd,estimated,"pasted_content_20.txt, CE Development Portfolio Financial Baseline, user-supplied 2026-08-21",,jchappell2120,,,construction,yes,Inferred preliminary planning assumption anchored to the $11.5M historical planning figure. | Standardized WBS category: site_development; applicability: Project-wide.
6,Garden Haven,Single-Family Residential Development,Preliminary Planning — Low,downside,wbs_budget,WBS-014,extended_cost,Residential subdivision / home delivery — Stormwater infrastructure,165000,usd,estimated,"pasted_content_20.txt, CE Development Portfolio Financial Baseline, user-supplied 2026-08-21",,jchappell2120,,,construction,yes,Inferred preliminary planning assumption anchored to the $11.5M historical planning figure. | Standardized WBS category: site_development; applicability: Project-wide.
6,Garden Haven,Single-Family Residential Development,Preliminary Planning — Low,downside,wbs_budget,WBS-015,extended_cost,"Residential subdivision / home delivery — Paving, curbs, and sidewalks",148500,usd,estimated,"pasted_content_20.txt, CE Development Portfolio Financial Baseline, user-supplied 2026-08-21",,jchappell2120,,,construction,yes,Inferred preliminary planning assumption anchored to the $11.5M historical planning figure. | Standardized WBS category: site_development; applicability: Project-wide.
6,Garden Haven,Single-Family Residential Development,Preliminary Planning — Low,downside,wbs_budget,WBS-016,extended_cost,Residential subdivision / home delivery — Landscape and irrigation,82500,usd,estimated,"pasted_content_20.txt, CE Development Portfolio Financial Baseline, user-supplied 2026-08-21",,jchappell2120,,,construction,yes,Inferred preliminary planning assumption anchored to the $11.5M historical planning figure. | Standardized WBS category: site_development; applicability: Project-wide.
6,Garden Haven,Single-Family Residential Development,Preliminary Planning — Low,downside,wbs_budget,WBS-017,extended_cost,Residential subdivision / home delivery — Detention and retention,99000,usd,estimated,"pasted_content_20.txt, CE Development Portfolio Financial Baseline, user-supplied 2026-08-21",,jchappell2120,,,construction,yes,Inferred preliminary planning assumption anchored to the $11.5M historical planning figure. | Standardized WBS category: site_development; applicability: Project-wide.
6,Garden Haven,Single-Family Residential Development,Preliminary Planning — Low,downside,wbs_budget,WBS-018,extended_cost,Residential subdivision / home delivery — Earthwork and import/export,99000,usd,estimated,"pasted_content_20.txt, CE Development Portfolio Financial Baseline, user-supplied 2026-08-21",,jchappell2120,,,construction,yes,Inferred preliminary planning assumption anchored to the $11.5M historical planning figure. | Standardized WBS category: site_development; applicability: Project-wide.
6,Garden Haven,Single-Family Residential Development,Preliminary Planning — Low,downside,wbs_budget,WBS-019,extended_cost,Residential subdivision / home delivery — Temporary utilities,66000,usd,estimated,"pasted_content_20.txt, CE Development Portfolio Financial Baseline, user-supplied 2026-08-21",,jchappell2120,,,construction,yes,Inferred preliminary planning assumption anchored to the $11.5M historical planning figure. | Standardized WBS category: site_development; applicability: Project-wide.
6,Garden Haven,Single-Family Residential Development,Preliminary Planning — Low,downside,wbs_budget,WBS-020,extended_cost,Residential subdivision / home delivery — Site development reserve,99000,usd,estimated,"pasted_content_20.txt, CE Development Portfolio Financial Baseline, user-supplied 2026-08-21",,jchappell2120,,,construction,yes,Inferred preliminary planning assumption anchored to the $11.5M historical planning figure. | Standardized WBS category: site_development; applicability: Project-wide.
6,Garden Haven,Single-Family Residential Development,Preliminary Planning — Low,downside,wbs_budget,WBS-021,extended_cost,Residential subdivision / home delivery — LGS primary structure,396000,usd,estimated,"pasted_content_20.txt, CE Development Portfolio Financial Baseline, user-supplied 2026-08-21",,jchappell2120,,,construction,yes,Inferred preliminary planning assumption anchored to the $11.5M historical planning figure. | Standardized WBS category: building_modular; applicability: All five buildings.
6,Garden Haven,Single-Family Residential Development,Preliminary Planning — Low,downside,wbs_budget,WBS-022,extended_cost,Residential subdivision / home delivery — LGS secondary framing,264000,usd,estimated,"pasted_content_20.txt, CE Development Portfolio Financial Baseline, user-supplied 2026-08-21",,jchappell2120,,,construction,yes,Inferred preliminary planning assumption anchored to the $11.5M historical planning figure. | Standardized WBS category: building_modular; applicability: All five buildings.
6,Garden Haven,Single-Family Residential Development,Preliminary Planning — Low,downside,wbs_budget,WBS-023,extended_cost,Residential subdivision / home delivery — Structural connectors and fasteners,231000,usd,estimated,"pasted_content_20.txt, CE Development Portfolio Financial Baseline, user-supplied 2026-08-21",,jchappell2120,,,construction,yes,Inferred preliminary planning assumption anchored to the $11.5M historical planning figure. | Standardized WBS category: building_modular; applicability: All five buildings.
6,Garden Haven,Single-Family Residential Development,Preliminary Planning — Low,downside,wbs_budget,WBS-024,extended_cost,Residential subdivision / home delivery — Structural engineering coordination,165000,usd,estimated,"pasted_content_20.txt, CE Development Portfolio Financial Baseline, user-supplied 2026-08-21",,jchappell2120,,,construction,yes,Inferred preliminary planning assumption anchored to the $11.5M historical planning figure. | Standardized WBS category: building_modular; applicability: All five buildings.
6,Garden Haven,Single-Family Residential Development,Preliminary Planning — Low,downside,wbs_budget,WBS-025,extended_cost,Residential subdivision / home delivery — Structural fabrication reserve,125400,usd,estimated,"pasted_content_20.txt, CE Development Portfolio Financial Baseline, user-supplied 2026-08-21",,jchappell2120,,,construction,yes,Inferred preliminary planning assumption anchored to the $11.5M historical planning figure. | Standardized WBS category: building_modular; applicability: All five buildings.
6,Garden Haven,Single-Family Residential Development,Preliminary Planning — Low,downside,wbs_budget,WBS-026,extended_cost,Residential subdivision / home delivery — Exterior wall assemblies,231000,usd,estimated,"pasted_content_20.txt, CE Development Portfolio Financial Baseline, user-supplied 2026-08-21",,jchappell2120,,,construction,yes,Inferred preliminary planning assumption anchored to the $11.5M historical planning figure. | Standardized WBS category: building_modular; applicability: All five buildings.
6,Garden Haven,Single-Family Residential Development,Preliminary Planning — Low,downside,wbs_budget,WBS-027,extended_cost,Residential subdivision / home delivery — Exterior cladding,165000,usd,estimated,"pasted_content_20.txt, CE Development Portfolio Financial Baseline, user-supplied 2026-08-21",,jchappell2120,,,construction,yes,Inferred preliminary planning assumption anchored to the $11.5M historical planning figure. | Standardized WBS category: building_modular; applicability: All five buildings.
6,Garden Haven,Single-Family Residential Development,Preliminary Planning — Low,downside,wbs_budget,WBS-028,extended_cost,Residential subdivision / home delivery — Air and water barrier,165000,usd,estimated,"pasted_content_20.txt, CE Development Portfolio Financial Baseline, user-supplied 2026-08-21",,jchappell2120,,,construction,yes,Inferred preliminary planning assumption anchored to the $11.5M historical planning figure. | Standardized WBS category: building_modular; applicability: All five buildings.
6,Garden Haven,Single-Family Residential Development,Preliminary Planning — Low,downside,wbs_budget,WBS-029,extended_cost,Residential subdivision / home delivery — Insulation systems,151800,usd,estimated,"pasted_content_20.txt, CE Development Portfolio Financial Baseline, user-supplied 2026-08-21",,jchappell2120,,,construction,yes,Inferred preliminary planning assumption anchored to the $11.5M historical planning figure. | Standardized WBS category: building_modular; applicability: All five buildings.
6,Garden Haven,Single-Family Residential Development,Preliminary Planning — Low,downside,wbs_budget,WBS-030,extended_cost,Residential subdivision / home delivery — Exterior finish reserve,132000,usd,estimated,"pasted_content_20.txt, CE Development Portfolio Financial Baseline, user-supplied 2026-08-21",,jchappell2120,,,construction,yes,Inferred preliminary planning assumption anchored to the $11.5M historical planning figure. | Standardized WBS category: building_modular; applicability: All five buildings.
6,Garden Haven,Single-Family Residential Development,Preliminary Planning — Low,downside,wbs_budget,WBS-031,extended_cost,Residential subdivision / home delivery — Plumbing rough-in,297000,usd,estimated,"pasted_content_20.txt, CE Development Portfolio Financial Baseline, user-supplied 2026-08-21",,jchappell2120,,,construction,yes,Inferred preliminary planning assumption anchored to the $11.5M historical planning figure. | Standardized WBS category: building_modular; applicability: All five buildings.
6,Garden Haven,Single-Family Residential Development,Preliminary Planning — Low,downside,wbs_budget,WBS-032,extended_cost,Residential subdivision / home delivery — Electrical rough-in,297000,usd,estimated,"pasted_content_20.txt, CE Development Portfolio Financial Baseline, user-supplied 2026-08-21",,jchappell2120,,,construction,yes,Inferred preliminary planning assumption anchored to the $11.5M historical planning figure. | Standardized WBS category: building_modular; applicability: All five buildings.
6,Garden Haven,Single-Family Residential Development,Preliminary Planning — Low,downside,wbs_budget,WBS-033,extended_cost,Residential subdivision / home delivery — HVAC equipment and distribution,297000,usd,estimated,"pasted_content_20.txt, CE Development Portfolio Financial Baseline, user-supplied 2026-08-21",,jchappell2120,,,construction,yes,Inferred preliminary planning assumption anchored to the $11.5M historical planning figure. | Standardized WBS category: building_modular; applicability: All five buildings.
6,Garden Haven,Single-Family Residential Development,Preliminary Planning — Low,downside,wbs_budget,WBS-034,extended_cost,Residential subdivision / home delivery — Fire protection,181500,usd,estimated,"pasted_content_20.txt, CE Development Portfolio Financial Baseline, user-supplied 2026-08-21",,jchappell2120,,,construction,yes,Inferred preliminary planning assumption anchored to the $11.5M historical planning figure. | Standardized WBS category: building_modular; applicability: All five buildings.
6,Garden Haven,Single-Family Residential Development,Preliminary Planning — Low,downside,wbs_budget,WBS-035,extended_cost,Residential subdivision / home delivery — Low-voltage and controls,115500,usd,estimated,"pasted_content_20.txt, CE Development Portfolio Financial Baseline, user-supplied 2026-08-21",,jchappell2120,,,construction,yes,Inferred preliminary planning assumption anchored to the $11.5M historical planning figure. | Standardized WBS category: building_modular; applicability: All five buildings.
6,Garden Haven,Single-Family Residential Development,Preliminary Planning — Low,downside,wbs_budget,WBS-036,extended_cost,Residential subdivision / home delivery — Metering and service equipment,66000,usd,estimated,"pasted_content_20.txt, CE Development Portfolio Financial Baseline, user-supplied 2026-08-21",,jchappell2120,,,construction,yes,Inferred preliminary planning assumption anchored to the $11.5M historical planning figure. | Standardized WBS category: building_modular; applicability: All five buildings.
6,Garden Haven,Single-Family Residential Development,Preliminary Planning — Low,downside,wbs_budget,WBS-037,extended_cost,Residential subdivision / home delivery — MEP design coordination,214500,usd,estimated,"pasted_content_20.txt, CE Development Portfolio Financial Baseline, user-supplied 2026-08-21",,jchappell2120,,,construction,yes,Inferred preliminary planning assumption anchored to the $11.5M historical planning figure. | Standardized WBS category: building_modular; applicability: All five buildings.
6,Garden Haven,Single-Family Residential Development,Preliminary Planning — Low,downside,wbs_budget,WBS-038,extended_cost,Residential subdivision / home delivery — MEP integration reserve,221100,usd,estimated,"pasted_content_20.txt, CE Development Portfolio Financial Baseline, user-supplied 2026-08-21",,jchappell2120,,,construction,yes,Inferred preliminary planning assumption anchored to the $11.5M historical planning figure. | Standardized WBS category: building_modular; applicability: All five buildings.
6,Garden Haven,Single-Family Residential Development,Preliminary Planning — Low,downside,wbs_budget,WBS-039,extended_cost,Residential subdivision / home delivery — Unit framing and partitions,231000,usd,estimated,"pasted_content_20.txt, CE Development Portfolio Financial Baseline, user-supplied 2026-08-21",,jchappell2120,,,construction,yes,Inferred preliminary planning assumption anchored to the $11.5M historical planning figure. | Standardized WBS category: building_modular; applicability: All five buildings.
6,Garden Haven,Single-Family Residential Development,Preliminary Planning — Low,downside,wbs_budget,WBS-040,extended_cost,Residential subdivision / home delivery — Drywall and finish prep,231000,usd,estimated,"pasted_content_20.txt, CE Development Portfolio Financial Baseline, user-supplied 2026-08-21",,jchappell2120,,,construction,yes,Inferred preliminary planning assumption anchored to the $11.5M historical planning figure. | Standardized WBS category: building_modular; applicability: All five buildings.
6,Garden Haven,Single-Family Residential Development,Preliminary Planning — Low,downside,wbs_budget,WBS-041,extended_cost,Residential subdivision / home delivery — Interior paint,132000,usd,estimated,"pasted_content_20.txt, CE Development Portfolio Financial Baseline, user-supplied 2026-08-21",,jchappell2120,,,construction,yes,Inferred preliminary planning assumption anchored to the $11.5M historical planning figure. | Standardized WBS category: building_modular; applicability: All five buildings.
6,Garden Haven,Single-Family Residential Development,Preliminary Planning — Low,downside,wbs_budget,WBS-042,extended_cost,Residential subdivision / home delivery — Flooring,264000,usd,estimated,"pasted_content_20.txt, CE Development Portfolio Financial Baseline, user-supplied 2026-08-21",,jchappell2120,,,construction,yes,Inferred preliminary planning assumption anchored to the $11.5M historical planning figure. | Standardized WBS category: building_modular; applicability: All five buildings.
6,Garden Haven,Single-Family Residential Development,Preliminary Planning — Low,downside,wbs_budget,WBS-043,extended_cost,Residential subdivision / home delivery — Cabinets and countertops,297000,usd,estimated,"pasted_content_20.txt, CE Development Portfolio Financial Baseline, user-supplied 2026-08-21",,jchappell2120,,,construction,yes,Inferred preliminary planning assumption anchored to the $11.5M historical planning figure. | Standardized WBS category: building_modular; applicability: All five buildings.
6,Garden Haven,Single-Family Residential Development,Preliminary Planning — Low,downside,wbs_budget,WBS-044,extended_cost,Residential subdivision / home delivery — Millwork,198000,usd,estimated,"pasted_content_20.txt, CE Development Portfolio Financial Baseline, user-supplied 2026-08-21",,jchappell2120,,,construction,yes,Inferred preliminary planning assumption anchored to the $11.5M historical planning figure. | Standardized WBS category: building_modular; applicability: All five buildings.
6,Garden Haven,Single-Family Residential Development,Preliminary Planning — Low,downside,wbs_budget,WBS-045,extended_cost,Residential subdivision / home delivery — Bathroom finishes,264000,usd,estimated,"pasted_content_20.txt, CE Development Portfolio Financial Baseline, user-supplied 2026-08-21",,jchappell2120,,,construction,yes,Inferred preliminary planning assumption anchored to the $11.5M historical planning figure. | Standardized WBS category: building_modular; applicability: All five buildings.
6,Garden Haven,Single-Family Residential Development,Preliminary Planning — Low,downside,wbs_budget,WBS-046,extended_cost,Residential subdivision / home delivery — Interior doors and hardware,165000,usd,estimated,"pasted_content_20.txt, CE Development Portfolio Financial Baseline, user-supplied 2026-08-21",,jchappell2120,,,construction,yes,Inferred preliminary planning assumption anchored to the $11.5M historical planning figure. | Standardized WBS category: building_modular; applicability: All five buildings.
6,Garden Haven,Single-Family Residential Development,Preliminary Planning — Low,downside,wbs_budget,WBS-047,extended_cost,Residential subdivision / home delivery — Roofing membrane,264000,usd,estimated,"pasted_content_20.txt, CE Development Portfolio Financial Baseline, user-supplied 2026-08-21",,jchappell2120,,,construction,yes,Inferred preliminary planning assumption anchored to the $11.5M historical planning figure. | Standardized WBS category: building_modular; applicability: All five buildings.
6,Garden Haven,Single-Family Residential Development,Preliminary Planning — Low,downside,wbs_budget,WBS-048,extended_cost,Residential subdivision / home delivery — Roof insulation and accessories,158400,usd,estimated,"pasted_content_20.txt, CE Development Portfolio Financial Baseline, user-supplied 2026-08-21",,jchappell2120,,,construction,yes,Inferred preliminary planning assumption anchored to the $11.5M historical planning figure. | Standardized WBS category: building_modular; applicability: All five buildings.
6,Garden Haven,Single-Family Residential Development,Preliminary Planning — Low,downside,wbs_budget,WBS-049,extended_cost,Residential subdivision / home delivery — Windows,363000,usd,estimated,"pasted_content_20.txt, CE Development Portfolio Financial Baseline, user-supplied 2026-08-21",,jchappell2120,,,construction,yes,Inferred preliminary planning assumption anchored to the $11.5M historical planning figure. | Standardized WBS category: building_modular; applicability: All five buildings.
6,Garden Haven,Single-Family Residential Development,Preliminary Planning — Low,downside,wbs_budget,WBS-050,extended_cost,Residential subdivision / home delivery — Exterior doors and glazing,145200,usd,estimated,"pasted_content_20.txt, CE Development Portfolio Financial Baseline, user-supplied 2026-08-21",,jchappell2120,,,construction,yes,Inferred preliminary planning assumption anchored to the $11.5M historical planning figure. | Standardized WBS category: building_modular; applicability: All five buildings.
6,Garden Haven,Single-Family Residential Development,Preliminary Planning — Low,downside,wbs_budget,WBS-051,extended_cost,Residential subdivision / home delivery — Appliances,165000,usd,estimated,"pasted_content_20.txt, CE Development Portfolio Financial Baseline, user-supplied 2026-08-21",,jchappell2120,,,construction,yes,Inferred preliminary planning assumption anchored to the $11.5M historical planning figure. | Standardized WBS category: building_modular; applicability: All five buildings.
6,Garden Haven,Single-Family Residential Development,Preliminary Planning — Low,downside,wbs_budget,WBS-052,extended_cost,Residential subdivision / home delivery — Plumbing fixtures,132000,usd,estimated,"pasted_content_20.txt, CE Development Portfolio Financial Baseline, user-supplied 2026-08-21",,jchappell2120,,,construction,yes,Inferred preliminary planning assumption anchored to the $11.5M historical planning figure. | Standardized WBS category: building_modular; applicability: All five buildings.
6,Garden Haven,Single-Family Residential Development,Preliminary Planning — Low,downside,wbs_budget,WBS-053,extended_cost,Residential subdivision / home delivery — Electrical fixtures,125400,usd,estimated,"pasted_content_20.txt, CE Development Portfolio Financial Baseline, user-supplied 2026-08-21",,jchappell2120,,,construction,yes,Inferred preliminary planning assumption anchored to the $11.5M historical planning figure. | Standardized WBS category: building_modular; applicability: All five buildings.
6,Garden Haven,Single-Family Residential Development,Preliminary Planning — Low,downside,wbs_budget,WBS-054,extended_cost,Residential subdivision / home delivery — Common-area finishes,231000,usd,estimated,"pasted_content_20.txt, CE Development Portfolio Financial Baseline, user-supplied 2026-08-21",,jchappell2120,,,construction,yes,Inferred preliminary planning assumption anchored to the $11.5M historical planning figure. | Standardized WBS category: building_modular; applicability: All five buildings.
6,Garden Haven,Single-Family Residential Development,Preliminary Planning — Low,downside,wbs_budget,WBS-055,extended_cost,Residential subdivision / home delivery — Amenity equipment,165000,usd,estimated,"pasted_content_20.txt, CE Development Portfolio Financial Baseline, user-supplied 2026-08-21",,jchappell2120,,,construction,yes,Inferred preliminary planning assumption anchored to the $11.5M historical planning figure. | Standardized WBS category: building_modular; applicability: Project-wide.
6,Garden Haven,Single-Family Residential Development,Preliminary Planning — Low,downside,wbs_budget,WBS-056,extended_cost,Residential subdivision / home delivery — Common-area furnishings allowance,112200,usd,estimated,"pasted_content_20.txt, CE Development Portfolio Financial Baseline, user-supplied 2026-08-21",,jchappell2120,,,construction,yes,Inferred preliminary planning assumption anchored to the $11.5M historical planning figure. | Standardized WBS category: building_modular; applicability: Project-wide.
6,Garden Haven,Single-Family Residential Development,Preliminary Planning — Low,downside,wbs_budget,WBS-057,extended_cost,Residential subdivision / home delivery — QA/QC inspection,247500,usd,estimated,"pasted_content_20.txt, CE Development Portfolio Financial Baseline, user-supplied 2026-08-21",,jchappell2120,,,commissioning,yes,Inferred preliminary planning assumption anchored to the $11.5M historical planning figure. | Standardized WBS category: building_modular; applicability: All five buildings.
6,Garden Haven,Single-Family Residential Development,Preliminary Planning — Low,downside,wbs_budget,WBS-058,extended_cost,Residential subdivision / home delivery — Building commissioning,165000,usd,estimated,"pasted_content_20.txt, CE Development Portfolio Financial Baseline, user-supplied 2026-08-21",,jchappell2120,,,commissioning,yes,Inferred preliminary planning assumption anchored to the $11.5M historical planning figure. | Standardized WBS category: building_modular; applicability: All five buildings.
6,Garden Haven,Single-Family Residential Development,Preliminary Planning — Low,downside,wbs_budget,WBS-059,extended_cost,Residential subdivision / home delivery — Punch and turnover,165000,usd,estimated,"pasted_content_20.txt, CE Development Portfolio Financial Baseline, user-supplied 2026-08-21",,jchappell2120,,,building_completion,yes,Inferred preliminary planning assumption anchored to the $11.5M historical planning figure. | Standardized WBS category: building_modular; applicability: All five buildings.
6,Garden Haven,Single-Family Residential Development,Preliminary Planning — Low,downside,wbs_budget,WBS-060,extended_cost,Residential subdivision / home delivery — Building completion reserve,511500,usd,estimated,"pasted_content_20.txt, CE Development Portfolio Financial Baseline, user-supplied 2026-08-21",,jchappell2120,,,building_completion,yes,Inferred preliminary planning assumption anchored to the $11.5M historical planning figure. | Standardized WBS category: building_modular; applicability: All five buildings.
6,Garden Haven,Single-Family Residential Development,Preliminary Planning — Low,downside,wbs_budget,WBS-061,extended_cost,Residential subdivision / home delivery — Factory production setup,66000,usd,estimated,"pasted_content_20.txt, CE Development Portfolio Financial Baseline, user-supplied 2026-08-21",,jchappell2120,,,factory_production,yes,Inferred preliminary planning assumption anchored to the $11.5M historical planning figure. | Standardized WBS category: factory_logistics_installation; applicability: All five buildings.
6,Garden Haven,Single-Family Residential Development,Preliminary Planning — Low,downside,wbs_budget,WBS-062,extended_cost,Residential subdivision / home delivery — Panel and module assembly,59400,usd,estimated,"pasted_content_20.txt, CE Development Portfolio Financial Baseline, user-supplied 2026-08-21",,jchappell2120,,,factory_production,yes,Inferred preliminary planning assumption anchored to the $11.5M historical planning figure. | Standardized WBS category: factory_logistics_installation; applicability: All five buildings.
6,Garden Haven,Single-Family Residential Development,Preliminary Planning — Low,downside,wbs_budget,WBS-063,extended_cost,Residential subdivision / home delivery — Factory labor coordination,59400,usd,estimated,"pasted_content_20.txt, CE Development Portfolio Financial Baseline, user-supplied 2026-08-21",,jchappell2120,,,factory_production,yes,Inferred preliminary planning assumption anchored to the $11.5M historical planning figure. | Standardized WBS category: factory_logistics_installation; applicability: All five buildings.
6,Garden Haven,Single-Family Residential Development,Preliminary Planning — Low,downside,wbs_budget,WBS-064,extended_cost,Residential subdivision / home delivery — Factory QA hold points,33000,usd,estimated,"pasted_content_20.txt, CE Development Portfolio Financial Baseline, user-supplied 2026-08-21",,jchappell2120,,,factory_production,yes,Inferred preliminary planning assumption anchored to the $11.5M historical planning figure. | Standardized WBS category: factory_logistics_installation; applicability: All five buildings.
6,Garden Haven,Single-Family Residential Development,Preliminary Planning — Low,downside,wbs_budget,WBS-065,extended_cost,Residential subdivision / home delivery — Packaging and protection,26400,usd,estimated,"pasted_content_20.txt, CE Development Portfolio Financial Baseline, user-supplied 2026-08-21",,jchappell2120,,,factory_production,yes,Inferred preliminary planning assumption anchored to the $11.5M historical planning figure. | Standardized WBS category: factory_logistics_installation; applicability: All five buildings.
6,Garden Haven,Single-Family Residential Development,Preliminary Planning — Low,downside,wbs_budget,WBS-066,extended_cost,Residential subdivision / home delivery — Staging and handling,33000,usd,estimated,"pasted_content_20.txt, CE Development Portfolio Financial Baseline, user-supplied 2026-08-21",,jchappell2120,,,logistics,yes,Inferred preliminary planning assumption anchored to the $11.5M historical planning figure. | Standardized WBS category: factory_logistics_installation; applicability: All five buildings.
6,Garden Haven,Single-Family Residential Development,Preliminary Planning — Low,downside,wbs_budget,WBS-067,extended_cost,Residential subdivision / home delivery — Transportation,82500,usd,estimated,"pasted_content_20.txt, CE Development Portfolio Financial Baseline, user-supplied 2026-08-21",,jchappell2120,,,transportation,yes,Inferred preliminary planning assumption anchored to the $11.5M historical planning figure. | Standardized WBS category: factory_logistics_installation; applicability: All five buildings.
6,Garden Haven,Single-Family Residential Development,Preliminary Planning — Low,downside,wbs_budget,WBS-068,extended_cost,Residential subdivision / home delivery — Route and permit coordination,16500,usd,estimated,"pasted_content_20.txt, CE Development Portfolio Financial Baseline, user-supplied 2026-08-21",,jchappell2120,,,transportation,yes,Inferred preliminary planning assumption anchored to the $11.5M historical planning figure. | Standardized WBS category: factory_logistics_installation; applicability: All five buildings.
6,Garden Haven,Single-Family Residential Development,Preliminary Planning — Low,downside,wbs_budget,WBS-069,extended_cost,Residential subdivision / home delivery — Transit insurance allowance,16500,usd,estimated,"pasted_content_20.txt, CE Development Portfolio Financial Baseline, user-supplied 2026-08-21",,jchappell2120,,,transportation,yes,Inferred preliminary planning assumption anchored to the $11.5M historical planning figure. | Standardized WBS category: factory_logistics_installation; applicability: All five buildings.
6,Garden Haven,Single-Family Residential Development,Preliminary Planning — Low,downside,wbs_budget,WBS-070,extended_cost,Residential subdivision / home delivery — Site receiving,33000,usd,estimated,"pasted_content_20.txt, CE Development Portfolio Financial Baseline, user-supplied 2026-08-21",,jchappell2120,,,site_installation,yes,Inferred preliminary planning assumption anchored to the $11.5M historical planning figure. | Standardized WBS category: factory_logistics_installation; applicability: All five buildings.
6,Garden Haven,Single-Family Residential Development,Preliminary Planning — Low,downside,wbs_budget,WBS-071,extended_cost,Residential subdivision / home delivery — Crane and lifting,66000,usd,estimated,"pasted_content_20.txt, CE Development Portfolio Financial Baseline, user-supplied 2026-08-21",,jchappell2120,,,site_installation,yes,Inferred preliminary planning assumption anchored to the $11.5M historical planning figure. | Standardized WBS category: factory_logistics_installation; applicability: All five buildings.
6,Garden Haven,Single-Family Residential Development,Preliminary Planning — Low,downside,wbs_budget,WBS-072,extended_cost,Residential subdivision / home delivery — Set and alignment,49500,usd,estimated,"pasted_content_20.txt, CE Development Portfolio Financial Baseline, user-supplied 2026-08-21",,jchappell2120,,,site_installation,yes,Inferred preliminary planning assumption anchored to the $11.5M historical planning figure. | Standardized WBS category: factory_logistics_installation; applicability: All five buildings.
6,Garden Haven,Single-Family Residential Development,Preliminary Planning — Low,downside,wbs_budget,WBS-073,extended_cost,Residential subdivision / home delivery — Installation coordination,33000,usd,estimated,"pasted_content_20.txt, CE Development Portfolio Financial Baseline, user-supplied 2026-08-21",,jchappell2120,,,site_installation,yes,Inferred preliminary planning assumption anchored to the $11.5M historical planning figure. | Standardized WBS category: factory_logistics_installation; applicability: All five buildings.
6,Garden Haven,Single-Family Residential Development,Preliminary Planning — Low,downside,wbs_budget,WBS-074,extended_cost,Residential subdivision / home delivery — Temporary weather protection,26400,usd,estimated,"pasted_content_20.txt, CE Development Portfolio Financial Baseline, user-supplied 2026-08-21",,jchappell2120,,,site_installation,yes,Inferred preliminary planning assumption anchored to the $11.5M historical planning figure. | Standardized WBS category: factory_logistics_installation; applicability: All five buildings.
6,Garden Haven,Single-Family Residential Development,Preliminary Planning — Low,downside,wbs_budget,WBS-075,extended_cost,Residential subdivision / home delivery — Logistics reserve,59400,usd,estimated,"pasted_content_20.txt, CE Development Portfolio Financial Baseline, user-supplied 2026-08-21",,jchappell2120,,,site_installation,yes,Inferred preliminary planning assumption anchored to the $11.5M historical planning figure. | Standardized WBS category: factory_logistics_installation; applicability: All five buildings.
6,Garden Haven,Single-Family Residential Development,Preliminary Planning — Low,downside,wbs_budget,WBS-076,extended_cost,Residential subdivision / home delivery — Architecture,99000,usd,estimated,"pasted_content_20.txt, CE Development Portfolio Financial Baseline, user-supplied 2026-08-21",,jchappell2120,,,design_entitlement,yes,Inferred preliminary planning assumption anchored to the $11.5M historical planning figure. | Standardized WBS category: professional_soft_costs; applicability: Project-wide.
6,Garden Haven,Single-Family Residential Development,Preliminary Planning — Low,downside,wbs_budget,WBS-077,extended_cost,Residential subdivision / home delivery — Structural engineering,66000,usd,estimated,"pasted_content_20.txt, CE Development Portfolio Financial Baseline, user-supplied 2026-08-21",,jchappell2120,,,design_entitlement,yes,Inferred preliminary planning assumption anchored to the $11.5M historical planning figure. | Standardized WBS category: professional_soft_costs; applicability: Project-wide.
6,Garden Haven,Single-Family Residential Development,Preliminary Planning — Low,downside,wbs_budget,WBS-078,extended_cost,Residential subdivision / home delivery — MEP engineering,66000,usd,estimated,"pasted_content_20.txt, CE Development Portfolio Financial Baseline, user-supplied 2026-08-21",,jchappell2120,,,design_entitlement,yes,Inferred preliminary planning assumption anchored to the $11.5M historical planning figure. | Standardized WBS category: professional_soft_costs; applicability: Project-wide.
6,Garden Haven,Single-Family Residential Development,Preliminary Planning — Low,downside,wbs_budget,WBS-079,extended_cost,Residential subdivision / home delivery — Civil engineering,49500,usd,estimated,"pasted_content_20.txt, CE Development Portfolio Financial Baseline, user-supplied 2026-08-21",,jchappell2120,,,design_entitlement,yes,Inferred preliminary planning assumption anchored to the $11.5M historical planning figure. | Standardized WBS category: professional_soft_costs; applicability: Project-wide.
6,Garden Haven,Single-Family Residential Development,Preliminary Planning — Low,downside,wbs_budget,WBS-080,extended_cost,Residential subdivision / home delivery — Permitting and entitlement,33000,usd,estimated,"pasted_content_20.txt, CE Development Portfolio Financial Baseline, user-supplied 2026-08-21",,jchappell2120,,,design_entitlement,yes,Inferred preliminary planning assumption anchored to the $11.5M historical planning figure. | Standardized WBS category: professional_soft_costs; applicability: Project-wide.
6,Garden Haven,Single-Family Residential Development,Preliminary Planning — Low,downside,wbs_budget,WBS-081,extended_cost,Residential subdivision / home delivery — Project management,99000,usd,estimated,"pasted_content_20.txt, CE Development Portfolio Financial Baseline, user-supplied 2026-08-21",,jchappell2120,,,construction,yes,Inferred preliminary planning assumption anchored to the $11.5M historical planning figure. | Standardized WBS category: professional_soft_costs; applicability: Project-wide.
6,Garden Haven,Single-Family Residential Development,Preliminary Planning — Low,downside,wbs_budget,WBS-082,extended_cost,Residential subdivision / home delivery — Legal,49500,usd,estimated,"pasted_content_20.txt, CE Development Portfolio Financial Baseline, user-supplied 2026-08-21",,jchappell2120,,,predevelopment,yes,Inferred preliminary planning assumption anchored to the $11.5M historical planning figure. | Standardized WBS category: professional_soft_costs; applicability: Project-wide.
6,Garden Haven,Single-Family Residential Development,Preliminary Planning — Low,downside,wbs_budget,WBS-083,extended_cost,Residential subdivision / home delivery — Accounting and tax,33000,usd,estimated,"pasted_content_20.txt, CE Development Portfolio Financial Baseline, user-supplied 2026-08-21",,jchappell2120,,,predevelopment,yes,Inferred preliminary planning assumption anchored to the $11.5M historical planning figure. | Standardized WBS category: professional_soft_costs; applicability: Project-wide.
6,Garden Haven,Single-Family Residential Development,Preliminary Planning — Low,downside,wbs_budget,WBS-084,extended_cost,Residential subdivision / home delivery — Builder's risk insurance,49500,usd,estimated,"pasted_content_20.txt, CE Development Portfolio Financial Baseline, user-supplied 2026-08-21",,jchappell2120,,,construction,yes,Inferred preliminary planning assumption anchored to the $11.5M historical planning figure. | Standardized WBS category: professional_soft_costs; applicability: Project-wide.
6,Garden Haven,Single-Family Residential Development,Preliminary Planning — Low,downside,wbs_budget,WBS-085,extended_cost,Residential subdivision / home delivery — Marketing,49500,usd,estimated,"pasted_content_20.txt, CE Development Portfolio Financial Baseline, user-supplied 2026-08-21",,jchappell2120,,,lease_up_stabilization,yes,Inferred preliminary planning assumption anchored to the $11.5M historical planning figure. | Standardized WBS category: professional_soft_costs; applicability: Project-wide.
6,Garden Haven,Single-Family Residential Development,Preliminary Planning — Low,downside,wbs_budget,WBS-086,extended_cost,Residential subdivision / home delivery — Leasing,49500,usd,estimated,"pasted_content_20.txt, CE Development Portfolio Financial Baseline, user-supplied 2026-08-21",,jchappell2120,,,lease_up_stabilization,yes,Inferred preliminary planning assumption anchored to the $11.5M historical planning figure. | Standardized WBS category: professional_soft_costs; applicability: Project-wide.
6,Garden Haven,Single-Family Residential Development,Preliminary Planning — Low,downside,wbs_budget,WBS-087,extended_cost,Residential subdivision / home delivery — Leasing commissions,66000,usd,estimated,"pasted_content_20.txt, CE Development Portfolio Financial Baseline, user-supplied 2026-08-21",,jchappell2120,,,lease_up_stabilization,yes,Inferred preliminary planning assumption anchored to the $11.5M historical planning figure. | Standardized WBS category: professional_soft_costs; applicability: Project-wide.
6,Garden Haven,Single-Family Residential Development,Preliminary Planning — Low,downside,wbs_budget,WBS-088,extended_cost,Residential subdivision / home delivery — Owner administration reserve,82500,usd,estimated,"pasted_content_20.txt, CE Development Portfolio Financial Baseline, user-supplied 2026-08-21",,jchappell2120,,,predevelopment,yes,Inferred preliminary planning assumption anchored to the $11.5M historical planning figure. | Standardized WBS category: professional_soft_costs; applicability: Project-wide.
6,Garden Haven,Single-Family Residential Development,Preliminary Planning — Low,downside,wbs_budget,WBS-089,extended_cost,Residential subdivision / home delivery — Loan origination,115500,usd,estimated,"pasted_content_20.txt, CE Development Portfolio Financial Baseline, user-supplied 2026-08-21",,jchappell2120,,,predevelopment,yes,Inferred preliminary planning assumption anchored to the $11.5M historical planning figure. | Standardized WBS category: financing_carry; applicability: Project-wide.
6,Garden Haven,Single-Family Residential Development,Preliminary Planning — Low,downside,wbs_budget,WBS-090,extended_cost,Residential subdivision / home delivery — Interest carry,132000,usd,estimated,"pasted_content_20.txt, CE Development Portfolio Financial Baseline, user-supplied 2026-08-21",,jchappell2120,,,construction,yes,Inferred preliminary planning assumption anchored to the $11.5M historical planning figure. | Standardized WBS category: financing_carry; applicability: Project-wide.
6,Garden Haven,Single-Family Residential Development,Preliminary Planning — Low,downside,wbs_budget,WBS-091,extended_cost,Residential subdivision / home delivery — Lender legal and diligence,33000,usd,estimated,"pasted_content_20.txt, CE Development Portfolio Financial Baseline, user-supplied 2026-08-21",,jchappell2120,,,predevelopment,yes,Inferred preliminary planning assumption anchored to the $11.5M historical planning figure. | Standardized WBS category: financing_carry; applicability: Project-wide.
6,Garden Haven,Single-Family Residential Development,Preliminary Planning — Low,downside,wbs_budget,WBS-092,extended_cost,Residential subdivision / home delivery — Loan administration,33000,usd,estimated,"pasted_content_20.txt, CE Development Portfolio Financial Baseline, user-supplied 2026-08-21",,jchappell2120,,,construction,yes,Inferred preliminary planning assumption anchored to the $11.5M historical planning figure. | Standardized WBS category: financing_carry; applicability: Project-wide.
6,Garden Haven,Single-Family Residential Development,Preliminary Planning — Low,downside,wbs_budget,WBS-093,extended_cost,Residential subdivision / home delivery — Interest reserve,49500,usd,estimated,"pasted_content_20.txt, CE Development Portfolio Financial Baseline, user-supplied 2026-08-21",,jchappell2120,,,construction,yes,Inferred preliminary planning assumption anchored to the $11.5M historical planning figure. | Standardized WBS category: financing_carry; applicability: Project-wide.
6,Garden Haven,Single-Family Residential Development,Preliminary Planning — Low,downside,wbs_budget,WBS-094,extended_cost,Residential subdivision / home delivery — Extension reserve,33000,usd,estimated,"pasted_content_20.txt, CE Development Portfolio Financial Baseline, user-supplied 2026-08-21",,jchappell2120,,,construction,yes,Inferred preliminary planning assumption anchored to the $11.5M historical planning figure. | Standardized WBS category: financing_carry; applicability: Project-wide.
6,Garden Haven,Single-Family Residential Development,Preliminary Planning — Low,downside,wbs_budget,WBS-095,extended_cost,Residential subdivision / home delivery — Construction contingency,99000,usd,estimated,"pasted_content_20.txt, CE Development Portfolio Financial Baseline, user-supplied 2026-08-21",,jchappell2120,,,construction,yes,Inferred preliminary planning assumption anchored to the $11.5M historical planning figure. | Standardized WBS category: contingency; applicability: All five buildings.
6,Garden Haven,Single-Family Residential Development,Preliminary Planning — Low,downside,wbs_budget,WBS-096,extended_cost,Residential subdivision / home delivery — Site contingency,33000,usd,estimated,"pasted_content_20.txt, CE Development Portfolio Financial Baseline, user-supplied 2026-08-21",,jchappell2120,,,construction,yes,Inferred preliminary planning assumption anchored to the $11.5M historical planning figure. | Standardized WBS category: contingency; applicability: Project-wide.
6,Garden Haven,Single-Family Residential Development,Preliminary Planning — Low,downside,wbs_budget,WBS-097,extended_cost,Residential subdivision / home delivery — Materials contingency,33000,usd,estimated,"pasted_content_20.txt, CE Development Portfolio Financial Baseline, user-supplied 2026-08-21",,jchappell2120,,,construction,yes,Inferred preliminary planning assumption anchored to the $11.5M historical planning figure. | Standardized WBS category: contingency; applicability: All five buildings.
6,Garden Haven,Single-Family Residential Development,Preliminary Planning — Low,downside,wbs_budget,WBS-098,extended_cost,Residential subdivision / home delivery — Factory contingency,33000,usd,estimated,"pasted_content_20.txt, CE Development Portfolio Financial Baseline, user-supplied 2026-08-21",,jchappell2120,,,factory_production,yes,Inferred preliminary planning assumption anchored to the $11.5M historical planning figure. | Standardized WBS category: contingency; applicability: All five buildings.
6,Garden Haven,Single-Family Residential Development,Preliminary Planning — Low,downside,wbs_budget,WBS-099,extended_cost,Residential subdivision / home delivery — Schedule contingency,33000,usd,estimated,"pasted_content_20.txt, CE Development Portfolio Financial Baseline, user-supplied 2026-08-21",,jchappell2120,,,construction,yes,Inferred preliminary planning assumption anchored to the $11.5M historical planning figure. | Standardized WBS category: contingency; applicability: Project-wide.
6,Garden Haven,Single-Family Residential Development,Preliminary Planning — Low,downside,wbs_budget,WBS-100,extended_cost,Residential subdivision / home delivery — Closeout contingency,33000,usd,estimated,"pasted_content_20.txt, CE Development Portfolio Financial Baseline, user-supplied 2026-08-21",,jchappell2120,,,building_completion,yes,Inferred preliminary planning assumption anchored to the $11.5M historical planning figure. | Standardized WBS category: contingency; applicability: Project-wide.
6,Garden Haven,Single-Family Residential Development,Preliminary Planning — Low,downside,capital_deployment,SCH-COST-01,monthly_development_spend,monthly development spend — month 1,330000,usd,estimated,"pasted_content_20.txt, CE Development Portfolio Financial Baseline, user-supplied 2026-08-21",,jchappell2120,1,1,predevelopment,yes,Inferred preliminary planning assumption anchored to the $11.5M historical planning figure. | Calculated monthly planning series from scenario drivers; not actual project performance.
6,Garden Haven,Single-Family Residential Development,Preliminary Planning — Low,downside,schedule,SCH-CUM-01,cumulative_deployment_bps,cumulative deployment bps — month 1,250,percentage_bps,estimated,"pasted_content_20.txt, CE Development Portfolio Financial Baseline, user-supplied 2026-08-21",,jchappell2120,1,1,predevelopment,yes,Inferred preliminary planning assumption anchored to the $11.5M historical planning figure. | Calculated monthly planning series from scenario drivers; not actual project performance.
6,Garden Haven,Single-Family Residential Development,Preliminary Planning — Low,downside,schedule,SCH-OCC-01,occupancy_bps,occupancy bps — month 1,0,percentage_bps,estimated,"pasted_content_20.txt, CE Development Portfolio Financial Baseline, user-supplied 2026-08-21",,jchappell2120,1,1,predevelopment,yes,Inferred preliminary planning assumption anchored to the $11.5M historical planning figure. | Calculated monthly planning series from scenario drivers; not actual project performance.
6,Garden Haven,Single-Family Residential Development,Preliminary Planning — Low,downside,revenue,SCH-REV-01,monthly_effective_revenue,monthly effective revenue — month 1,0,usd,estimated,"pasted_content_20.txt, CE Development Portfolio Financial Baseline, user-supplied 2026-08-21",,jchappell2120,1,1,predevelopment,yes,Inferred preliminary planning assumption anchored to the $11.5M historical planning figure. | Calculated monthly planning series from scenario drivers; not actual project performance.
6,Garden Haven,Single-Family Residential Development,Preliminary Planning — Low,downside,operations,SCH-OPEX-01,monthly_operating_expense,monthly operating expense — month 1,0,usd,estimated,"pasted_content_20.txt, CE Development Portfolio Financial Baseline, user-supplied 2026-08-21",,jchappell2120,1,1,predevelopment,yes,Inferred preliminary planning assumption anchored to the $11.5M historical planning figure. | Calculated monthly planning series from scenario drivers; not actual project performance.
6,Garden Haven,Single-Family Residential Development,Preliminary Planning — Low,downside,financing,SCH-DRAW-01,monthly_debt_draw,monthly debt draw — month 1,214500,usd,estimated,"pasted_content_20.txt, CE Development Portfolio Financial Baseline, user-supplied 2026-08-21",,jchappell2120,1,1,predevelopment,yes,Inferred preliminary planning assumption anchored to the $11.5M historical planning figure. | Calculated monthly planning series from scenario drivers; not actual project performance.
6,Garden Haven,Single-Family Residential Development,Preliminary Planning — Low,downside,financing,SCH-INT-01,monthly_interest,monthly interest — month 1,1475,usd,estimated,"pasted_content_20.txt, CE Development Portfolio Financial Baseline, user-supplied 2026-08-21",,jchappell2120,1,1,predevelopment,yes,Inferred preliminary planning assumption anchored to the $11.5M historical planning figure. | Calculated monthly planning series from scenario drivers; not actual project performance.
6,Garden Haven,Single-Family Residential Development,Preliminary Planning — Low,downside,cash_flow,SCH-CF-01,monthly_levered_cash_flow,monthly levered cash flow — month 1,-331475,usd,estimated,"pasted_content_20.txt, CE Development Portfolio Financial Baseline, user-supplied 2026-08-21",,jchappell2120,1,1,predevelopment,yes,Inferred preliminary planning assumption anchored to the $11.5M historical planning figure. | Calculated monthly planning series from scenario drivers; not actual project performance.
6,Garden Haven,Single-Family Residential Development,Preliminary Planning — Low,downside,capital_deployment,SCH-COST-02,monthly_development_spend,monthly development spend — month 2,330000,usd,estimated,"pasted_content_20.txt, CE Development Portfolio Financial Baseline, user-supplied 2026-08-21",,jchappell2120,2,2,predevelopment,yes,Inferred preliminary planning assumption anchored to the $11.5M historical planning figure. | Calculated monthly planning series from scenario drivers; not actual project performance.
6,Garden Haven,Single-Family Residential Development,Preliminary Planning — Low,downside,schedule,SCH-CUM-02,cumulative_deployment_bps,cumulative deployment bps — month 2,500,percentage_bps,estimated,"pasted_content_20.txt, CE Development Portfolio Financial Baseline, user-supplied 2026-08-21",,jchappell2120,2,2,predevelopment,yes,Inferred preliminary planning assumption anchored to the $11.5M historical planning figure. | Calculated monthly planning series from scenario drivers; not actual project performance.
6,Garden Haven,Single-Family Residential Development,Preliminary Planning — Low,downside,schedule,SCH-OCC-02,occupancy_bps,occupancy bps — month 2,286,percentage_bps,estimated,"pasted_content_20.txt, CE Development Portfolio Financial Baseline, user-supplied 2026-08-21",,jchappell2120,2,2,predevelopment,yes,Inferred preliminary planning assumption anchored to the $11.5M historical planning figure. | Calculated monthly planning series from scenario drivers; not actual project performance.
6,Garden Haven,Single-Family Residential Development,Preliminary Planning — Low,downside,revenue,SCH-REV-02,monthly_effective_revenue,monthly effective revenue — month 2,16683,usd,estimated,"pasted_content_20.txt, CE Development Portfolio Financial Baseline, user-supplied 2026-08-21",,jchappell2120,2,2,predevelopment,yes,Inferred preliminary planning assumption anchored to the $11.5M historical planning figure. | Calculated monthly planning series from scenario drivers; not actual project performance.
6,Garden Haven,Single-Family Residential Development,Preliminary Planning — Low,downside,operations,SCH-OPEX-02,monthly_operating_expense,monthly operating expense — month 2,0,usd,estimated,"pasted_content_20.txt, CE Development Portfolio Financial Baseline, user-supplied 2026-08-21",,jchappell2120,2,2,predevelopment,yes,Inferred preliminary planning assumption anchored to the $11.5M historical planning figure. | Calculated monthly planning series from scenario drivers; not actual project performance.
6,Garden Haven,Single-Family Residential Development,Preliminary Planning — Low,downside,financing,SCH-DRAW-02,monthly_debt_draw,monthly debt draw — month 2,214500,usd,estimated,"pasted_content_20.txt, CE Development Portfolio Financial Baseline, user-supplied 2026-08-21",,jchappell2120,2,2,predevelopment,yes,Inferred preliminary planning assumption anchored to the $11.5M historical planning figure. | Calculated monthly planning series from scenario drivers; not actual project performance.
6,Garden Haven,Single-Family Residential Development,Preliminary Planning — Low,downside,financing,SCH-INT-02,monthly_interest,monthly interest — month 2,2949,usd,estimated,"pasted_content_20.txt, CE Development Portfolio Financial Baseline, user-supplied 2026-08-21",,jchappell2120,2,2,predevelopment,yes,Inferred preliminary planning assumption anchored to the $11.5M historical planning figure. | Calculated monthly planning series from scenario drivers; not actual project performance.
6,Garden Haven,Single-Family Residential Development,Preliminary Planning — Low,downside,cash_flow,SCH-CF-02,monthly_levered_cash_flow,monthly levered cash flow — month 2,-316266,usd,estimated,"pasted_content_20.txt, CE Development Portfolio Financial Baseline, user-supplied 2026-08-21",,jchappell2120,2,2,predevelopment,yes,Inferred preliminary planning assumption anchored to the $11.5M historical planning figure. | Calculated monthly planning series from scenario drivers; not actual project performance.
6,Garden Haven,Single-Family Residential Development,Preliminary Planning — Low,downside,capital_deployment,SCH-COST-03,monthly_development_spend,monthly development spend — month 3,330000,usd,estimated,"pasted_content_20.txt, CE Development Portfolio Financial Baseline, user-supplied 2026-08-21",,jchappell2120,3,3,predevelopment,yes,Inferred preliminary planning assumption anchored to the $11.5M historical planning figure. | Calculated monthly planning series from scenario drivers; not actual project performance.
6,Garden Haven,Single-Family Residential Development,Preliminary Planning — Low,downside,schedule,SCH-CUM-03,cumulative_deployment_bps,cumulative deployment bps — month 3,750,percentage_bps,estimated,"pasted_content_20.txt, CE Development Portfolio Financial Baseline, user-supplied 2026-08-21",,jchappell2120,3,3,predevelopment,yes,Inferred preliminary planning assumption anchored to the $11.5M historical planning figure. | Calculated monthly planning series from scenario drivers; not actual project performance.
6,Garden Haven,Single-Family Residential Development,Preliminary Planning — Low,downside,schedule,SCH-OCC-03,occupancy_bps,occupancy bps — month 3,571,percentage_bps,estimated,"pasted_content_20.txt, CE Development Portfolio Financial Baseline, user-supplied 2026-08-21",,jchappell2120,3,3,predevelopment,yes,Inferred preliminary planning assumption anchored to the $11.5M historical planning figure. | Calculated monthly planning series from scenario drivers; not actual project performance.
6,Garden Haven,Single-Family Residential Development,Preliminary Planning — Low,downside,revenue,SCH-REV-03,monthly_effective_revenue,monthly effective revenue — month 3,33308,usd,estimated,"pasted_content_20.txt, CE Development Portfolio Financial Baseline, user-supplied 2026-08-21",,jchappell2120,3,3,predevelopment,yes,Inferred preliminary planning assumption anchored to the $11.5M historical planning figure. | Calculated monthly planning series from scenario drivers; not actual project performance.
6,Garden Haven,Single-Family Residential Development,Preliminary Planning — Low,downside,operations,SCH-OPEX-03,monthly_operating_expense,monthly operating expense — month 3,0,usd,estimated,"pasted_content_20.txt, CE Development Portfolio Financial Baseline, user-supplied 2026-08-21",,jchappell2120,3,3,predevelopment,yes,Inferred preliminary planning assumption anchored to the $11.5M historical planning figure. | Calculated monthly planning series from scenario drivers; not actual project performance.
6,Garden Haven,Single-Family Residential Development,Preliminary Planning — Low,downside,financing,SCH-DRAW-03,monthly_debt_draw,monthly debt draw — month 3,214500,usd,estimated,"pasted_content_20.txt, CE Development Portfolio Financial Baseline, user-supplied 2026-08-21",,jchappell2120,3,3,predevelopment,yes,Inferred preliminary planning assumption anchored to the $11.5M historical planning figure. | Calculated monthly planning series from scenario drivers; not actual project performance.
6,Garden Haven,Single-Family Residential Development,Preliminary Planning — Low,downside,financing,SCH-INT-03,monthly_interest,monthly interest — month 3,4424,usd,estimated,"pasted_content_20.txt, CE Development Portfolio Financial Baseline, user-supplied 2026-08-21",,jchappell2120,3,3,predevelopment,yes,Inferred preliminary planning assumption anchored to the $11.5M historical planning figure. | Calculated monthly planning series from scenario drivers; not actual project performance.
6,Garden Haven,Single-Family Residential Development,Preliminary Planning — Low,downside,cash_flow,SCH-CF-03,monthly_levered_cash_flow,monthly levered cash flow — month 3,-301116,usd,estimated,"pasted_content_20.txt, CE Development Portfolio Financial Baseline, user-supplied 2026-08-21",,jchappell2120,3,3,predevelopment,yes,Inferred preliminary planning assumption anchored to the $11.5M historical planning figure. | Calculated monthly planning series from scenario drivers; not actual project performance.
6,Garden Haven,Single-Family Residential Development,Preliminary Planning — Low,downside,capital_deployment,SCH-COST-04,monthly_development_spend,monthly development spend — month 4,330000,usd,estimated,"pasted_content_20.txt, CE Development Portfolio Financial Baseline, user-supplied 2026-08-21",,jchappell2120,4,4,predevelopment,yes,Inferred preliminary planning assumption anchored to the $11.5M historical planning figure. | Calculated monthly planning series from scenario drivers; not actual project performance.
6,Garden Haven,Single-Family Residential Development,Preliminary Planning — Low,downside,schedule,SCH-CUM-04,cumulative_deployment_bps,cumulative deployment bps — month 4,1000,percentage_bps,estimated,"pasted_content_20.txt, CE Development Portfolio Financial Baseline, user-supplied 2026-08-21",,jchappell2120,4,4,predevelopment,yes,Inferred preliminary planning assumption anchored to the $11.5M historical planning figure. | Calculated monthly planning series from scenario drivers; not actual project performance.
6,Garden Haven,Single-Family Residential Development,Preliminary Planning — Low,downside,schedule,SCH-OCC-04,occupancy_bps,occupancy bps — month 4,857,percentage_bps,estimated,"pasted_content_20.txt, CE Development Portfolio Financial Baseline, user-supplied 2026-08-21",,jchappell2120,4,4,predevelopment,yes,Inferred preliminary planning assumption anchored to the $11.5M historical planning figure. | Calculated monthly planning series from scenario drivers; not actual project performance.
6,Garden Haven,Single-Family Residential Development,Preliminary Planning — Low,downside,revenue,SCH-REV-04,monthly_effective_revenue,monthly effective revenue — month 4,49992,usd,estimated,"pasted_content_20.txt, CE Development Portfolio Financial Baseline, user-supplied 2026-08-21",,jchappell2120,4,4,predevelopment,yes,Inferred preliminary planning assumption anchored to the $11.5M historical planning figure. | Calculated monthly planning series from scenario drivers; not actual project performance.
6,Garden Haven,Single-Family Residential Development,Preliminary Planning — Low,downside,operations,SCH-OPEX-04,monthly_operating_expense,monthly operating expense — month 4,0,usd,estimated,"pasted_content_20.txt, CE Development Portfolio Financial Baseline, user-supplied 2026-08-21",,jchappell2120,4,4,predevelopment,yes,Inferred preliminary planning assumption anchored to the $11.5M historical planning figure. | Calculated monthly planning series from scenario drivers; not actual project performance.
6,Garden Haven,Single-Family Residential Development,Preliminary Planning — Low,downside,financing,SCH-DRAW-04,monthly_debt_draw,monthly debt draw — month 4,214500,usd,estimated,"pasted_content_20.txt, CE Development Portfolio Financial Baseline, user-supplied 2026-08-21",,jchappell2120,4,4,predevelopment,yes,Inferred preliminary planning assumption anchored to the $11.5M historical planning figure. | Calculated monthly planning series from scenario drivers; not actual project performance.
6,Garden Haven,Single-Family Residential Development,Preliminary Planning — Low,downside,financing,SCH-INT-04,monthly_interest,monthly interest — month 4,5899,usd,estimated,"pasted_content_20.txt, CE Development Portfolio Financial Baseline, user-supplied 2026-08-21",,jchappell2120,4,4,predevelopment,yes,Inferred preliminary planning assumption anchored to the $11.5M historical planning figure. | Calculated monthly planning series from scenario drivers; not actual project performance.
6,Garden Haven,Single-Family Residential Development,Preliminary Planning — Low,downside,cash_flow,SCH-CF-04,monthly_levered_cash_flow,monthly levered cash flow — month 4,-285907,usd,estimated,"pasted_content_20.txt, CE Development Portfolio Financial Baseline, user-supplied 2026-08-21",,jchappell2120,4,4,predevelopment,yes,Inferred preliminary planning assumption anchored to the $11.5M historical planning figure. | Calculated monthly planning series from scenario drivers; not actual project performance.
6,Garden Haven,Single-Family Residential Development,Preliminary Planning — Low,downside,capital_deployment,SCH-COST-05,monthly_development_spend,monthly development spend — month 5,660000,usd,estimated,"pasted_content_20.txt, CE Development Portfolio Financial Baseline, user-supplied 2026-08-21",,jchappell2120,5,5,construction,yes,Inferred preliminary planning assumption anchored to the $11.5M historical planning figure. | Calculated monthly planning series from scenario drivers; not actual project performance.
6,Garden Haven,Single-Family Residential Development,Preliminary Planning — Low,downside,schedule,SCH-CUM-05,cumulative_deployment_bps,cumulative deployment bps — month 5,1500,percentage_bps,estimated,"pasted_content_20.txt, CE Development Portfolio Financial Baseline, user-supplied 2026-08-21",,jchappell2120,5,5,construction,yes,Inferred preliminary planning assumption anchored to the $11.5M historical planning figure. | Calculated monthly planning series from scenario drivers; not actual project performance.
6,Garden Haven,Single-Family Residential Development,Preliminary Planning — Low,downside,schedule,SCH-OCC-05,occupancy_bps,occupancy bps — month 5,1143,percentage_bps,estimated,"pasted_content_20.txt, CE Development Portfolio Financial Baseline, user-supplied 2026-08-21",,jchappell2120,5,5,construction,yes,Inferred preliminary planning assumption anchored to the $11.5M historical planning figure. | Calculated monthly planning series from scenario drivers; not actual project performance.
6,Garden Haven,Single-Family Residential Development,Preliminary Planning — Low,downside,revenue,SCH-REV-05,monthly_effective_revenue,monthly effective revenue — month 5,66675,usd,estimated,"pasted_content_20.txt, CE Development Portfolio Financial Baseline, user-supplied 2026-08-21",,jchappell2120,5,5,construction,yes,Inferred preliminary planning assumption anchored to the $11.5M historical planning figure. | Calculated monthly planning series from scenario drivers; not actual project performance.
6,Garden Haven,Single-Family Residential Development,Preliminary Planning — Low,downside,operations,SCH-OPEX-05,monthly_operating_expense,monthly operating expense — month 5,0,usd,estimated,"pasted_content_20.txt, CE Development Portfolio Financial Baseline, user-supplied 2026-08-21",,jchappell2120,5,5,construction,yes,Inferred preliminary planning assumption anchored to the $11.5M historical planning figure. | Calculated monthly planning series from scenario drivers; not actual project performance.
6,Garden Haven,Single-Family Residential Development,Preliminary Planning — Low,downside,financing,SCH-DRAW-05,monthly_debt_draw,monthly debt draw — month 5,429000,usd,estimated,"pasted_content_20.txt, CE Development Portfolio Financial Baseline, user-supplied 2026-08-21",,jchappell2120,5,5,construction,yes,Inferred preliminary planning assumption anchored to the $11.5M historical planning figure. | Calculated monthly planning series from scenario drivers; not actual project performance.
6,Garden Haven,Single-Family Residential Development,Preliminary Planning — Low,downside,financing,SCH-INT-05,monthly_interest,monthly interest — month 5,8848,usd,estimated,"pasted_content_20.txt, CE Development Portfolio Financial Baseline, user-supplied 2026-08-21",,jchappell2120,5,5,construction,yes,Inferred preliminary planning assumption anchored to the $11.5M historical planning figure. | Calculated monthly planning series from scenario drivers; not actual project performance.
6,Garden Haven,Single-Family Residential Development,Preliminary Planning — Low,downside,cash_flow,SCH-CF-05,monthly_levered_cash_flow,monthly levered cash flow — month 5,-602173,usd,estimated,"pasted_content_20.txt, CE Development Portfolio Financial Baseline, user-supplied 2026-08-21",,jchappell2120,5,5,construction,yes,Inferred preliminary planning assumption anchored to the $11.5M historical planning figure. | Calculated monthly planning series from scenario drivers; not actual project performance.
6,Garden Haven,Single-Family Residential Development,Preliminary Planning — Low,downside,capital_deployment,SCH-COST-06,monthly_development_spend,monthly development spend — month 6,660000,usd,estimated,"pasted_content_20.txt, CE Development Portfolio Financial Baseline, user-supplied 2026-08-21",,jchappell2120,6,6,construction,yes,Inferred preliminary planning assumption anchored to the $11.5M historical planning figure. | Calculated monthly planning series from scenario drivers; not actual project performance.
6,Garden Haven,Single-Family Residential Development,Preliminary Planning — Low,downside,schedule,SCH-CUM-06,cumulative_deployment_bps,cumulative deployment bps — month 6,2000,percentage_bps,estimated,"pasted_content_20.txt, CE Development Portfolio Financial Baseline, user-supplied 2026-08-21",,jchappell2120,6,6,construction,yes,Inferred preliminary planning assumption anchored to the $11.5M historical planning figure. | Calculated monthly planning series from scenario drivers; not actual project performance.
6,Garden Haven,Single-Family Residential Development,Preliminary Planning — Low,downside,schedule,SCH-OCC-06,occupancy_bps,occupancy bps — month 6,1429,percentage_bps,estimated,"pasted_content_20.txt, CE Development Portfolio Financial Baseline, user-supplied 2026-08-21",,jchappell2120,6,6,construction,yes,Inferred preliminary planning assumption anchored to the $11.5M historical planning figure. | Calculated monthly planning series from scenario drivers; not actual project performance.
6,Garden Haven,Single-Family Residential Development,Preliminary Planning — Low,downside,revenue,SCH-REV-06,monthly_effective_revenue,monthly effective revenue — month 6,83358,usd,estimated,"pasted_content_20.txt, CE Development Portfolio Financial Baseline, user-supplied 2026-08-21",,jchappell2120,6,6,construction,yes,Inferred preliminary planning assumption anchored to the $11.5M historical planning figure. | Calculated monthly planning series from scenario drivers; not actual project performance.
6,Garden Haven,Single-Family Residential Development,Preliminary Planning — Low,downside,operations,SCH-OPEX-06,monthly_operating_expense,monthly operating expense — month 6,0,usd,estimated,"pasted_content_20.txt, CE Development Portfolio Financial Baseline, user-supplied 2026-08-21",,jchappell2120,6,6,construction,yes,Inferred preliminary planning assumption anchored to the $11.5M historical planning figure. | Calculated monthly planning series from scenario drivers; not actual project performance.
6,Garden Haven,Single-Family Residential Development,Preliminary Planning — Low,downside,financing,SCH-DRAW-06,monthly_debt_draw,monthly debt draw — month 6,429000,usd,estimated,"pasted_content_20.txt, CE Development Portfolio Financial Baseline, user-supplied 2026-08-21",,jchappell2120,6,6,construction,yes,Inferred preliminary planning assumption anchored to the $11.5M historical planning figure. | Calculated monthly planning series from scenario drivers; not actual project performance.
6,Garden Haven,Single-Family Residential Development,Preliminary Planning — Low,downside,financing,SCH-INT-06,monthly_interest,monthly interest — month 6,11798,usd,estimated,"pasted_content_20.txt, CE Development Portfolio Financial Baseline, user-supplied 2026-08-21",,jchappell2120,6,6,construction,yes,Inferred preliminary planning assumption anchored to the $11.5M historical planning figure. | Calculated monthly planning series from scenario drivers; not actual project performance.
6,Garden Haven,Single-Family Residential Development,Preliminary Planning — Low,downside,cash_flow,SCH-CF-06,monthly_levered_cash_flow,monthly levered cash flow — month 6,-588440,usd,estimated,"pasted_content_20.txt, CE Development Portfolio Financial Baseline, user-supplied 2026-08-21",,jchappell2120,6,6,construction,yes,Inferred preliminary planning assumption anchored to the $11.5M historical planning figure. | Calculated monthly planning series from scenario drivers; not actual project performance.
6,Garden Haven,Single-Family Residential Development,Preliminary Planning — Low,downside,capital_deployment,SCH-COST-07,monthly_development_spend,monthly development spend — month 7,660000,usd,estimated,"pasted_content_20.txt, CE Development Portfolio Financial Baseline, user-supplied 2026-08-21",,jchappell2120,7,7,construction,yes,Inferred preliminary planning assumption anchored to the $11.5M historical planning figure. | Calculated monthly planning series from scenario drivers; not actual project performance.
6,Garden Haven,Single-Family Residential Development,Preliminary Planning — Low,downside,schedule,SCH-CUM-07,cumulative_deployment_bps,cumulative deployment bps — month 7,2500,percentage_bps,estimated,"pasted_content_20.txt, CE Development Portfolio Financial Baseline, user-supplied 2026-08-21",,jchappell2120,7,7,construction,yes,Inferred preliminary planning assumption anchored to the $11.5M historical planning figure. | Calculated monthly planning series from scenario drivers; not actual project performance.
6,Garden Haven,Single-Family Residential Development,Preliminary Planning — Low,downside,schedule,SCH-OCC-07,occupancy_bps,occupancy bps — month 7,1714,percentage_bps,estimated,"pasted_content_20.txt, CE Development Portfolio Financial Baseline, user-supplied 2026-08-21",,jchappell2120,7,7,construction,yes,Inferred preliminary planning assumption anchored to the $11.5M historical planning figure. | Calculated monthly planning series from scenario drivers; not actual project performance.
6,Garden Haven,Single-Family Residential Development,Preliminary Planning — Low,downside,revenue,SCH-REV-07,monthly_effective_revenue,monthly effective revenue — month 7,99983,usd,estimated,"pasted_content_20.txt, CE Development Portfolio Financial Baseline, user-supplied 2026-08-21",,jchappell2120,7,7,construction,yes,Inferred preliminary planning assumption anchored to the $11.5M historical planning figure. | Calculated monthly planning series from scenario drivers; not actual project performance.
6,Garden Haven,Single-Family Residential Development,Preliminary Planning — Low,downside,operations,SCH-OPEX-07,monthly_operating_expense,monthly operating expense — month 7,0,usd,estimated,"pasted_content_20.txt, CE Development Portfolio Financial Baseline, user-supplied 2026-08-21",,jchappell2120,7,7,construction,yes,Inferred preliminary planning assumption anchored to the $11.5M historical planning figure. | Calculated monthly planning series from scenario drivers; not actual project performance.
6,Garden Haven,Single-Family Residential Development,Preliminary Planning — Low,downside,financing,SCH-DRAW-07,monthly_debt_draw,monthly debt draw — month 7,429000,usd,estimated,"pasted_content_20.txt, CE Development Portfolio Financial Baseline, user-supplied 2026-08-21",,jchappell2120,7,7,construction,yes,Inferred preliminary planning assumption anchored to the $11.5M historical planning figure. | Calculated monthly planning series from scenario drivers; not actual project performance.
6,Garden Haven,Single-Family Residential Development,Preliminary Planning — Low,downside,financing,SCH-INT-07,monthly_interest,monthly interest — month 7,14747,usd,estimated,"pasted_content_20.txt, CE Development Portfolio Financial Baseline, user-supplied 2026-08-21",,jchappell2120,7,7,construction,yes,Inferred preliminary planning assumption anchored to the $11.5M historical planning figure. | Calculated monthly planning series from scenario drivers; not actual project performance.
6,Garden Haven,Single-Family Residential Development,Preliminary Planning — Low,downside,cash_flow,SCH-CF-07,monthly_levered_cash_flow,monthly levered cash flow — month 7,-574764,usd,estimated,"pasted_content_20.txt, CE Development Portfolio Financial Baseline, user-supplied 2026-08-21",,jchappell2120,7,7,construction,yes,Inferred preliminary planning assumption anchored to the $11.5M historical planning figure. | Calculated monthly planning series from scenario drivers; not actual project performance.
6,Garden Haven,Single-Family Residential Development,Preliminary Planning — Low,downside,capital_deployment,SCH-COST-08,monthly_development_spend,monthly development spend — month 8,660000,usd,estimated,"pasted_content_20.txt, CE Development Portfolio Financial Baseline, user-supplied 2026-08-21",,jchappell2120,8,8,construction,yes,Inferred preliminary planning assumption anchored to the $11.5M historical planning figure. | Calculated monthly planning series from scenario drivers; not actual project performance.
6,Garden Haven,Single-Family Residential Development,Preliminary Planning — Low,downside,schedule,SCH-CUM-08,cumulative_deployment_bps,cumulative deployment bps — month 8,3000,percentage_bps,estimated,"pasted_content_20.txt, CE Development Portfolio Financial Baseline, user-supplied 2026-08-21",,jchappell2120,8,8,construction,yes,Inferred preliminary planning assumption anchored to the $11.5M historical planning figure. | Calculated monthly planning series from scenario drivers; not actual project performance.
6,Garden Haven,Single-Family Residential Development,Preliminary Planning — Low,downside,schedule,SCH-OCC-08,occupancy_bps,occupancy bps — month 8,2000,percentage_bps,estimated,"pasted_content_20.txt, CE Development Portfolio Financial Baseline, user-supplied 2026-08-21",,jchappell2120,8,8,construction,yes,Inferred preliminary planning assumption anchored to the $11.5M historical planning figure. | Calculated monthly planning series from scenario drivers; not actual project performance.
6,Garden Haven,Single-Family Residential Development,Preliminary Planning — Low,downside,revenue,SCH-REV-08,monthly_effective_revenue,monthly effective revenue — month 8,116667,usd,estimated,"pasted_content_20.txt, CE Development Portfolio Financial Baseline, user-supplied 2026-08-21",,jchappell2120,8,8,construction,yes,Inferred preliminary planning assumption anchored to the $11.5M historical planning figure. | Calculated monthly planning series from scenario drivers; not actual project performance.
6,Garden Haven,Single-Family Residential Development,Preliminary Planning — Low,downside,operations,SCH-OPEX-08,monthly_operating_expense,monthly operating expense — month 8,0,usd,estimated,"pasted_content_20.txt, CE Development Portfolio Financial Baseline, user-supplied 2026-08-21",,jchappell2120,8,8,construction,yes,Inferred preliminary planning assumption anchored to the $11.5M historical planning figure. | Calculated monthly planning series from scenario drivers; not actual project performance.
6,Garden Haven,Single-Family Residential Development,Preliminary Planning — Low,downside,financing,SCH-DRAW-08,monthly_debt_draw,monthly debt draw — month 8,429000,usd,estimated,"pasted_content_20.txt, CE Development Portfolio Financial Baseline, user-supplied 2026-08-21",,jchappell2120,8,8,construction,yes,Inferred preliminary planning assumption anchored to the $11.5M historical planning figure. | Calculated monthly planning series from scenario drivers; not actual project performance.
6,Garden Haven,Single-Family Residential Development,Preliminary Planning — Low,downside,financing,SCH-INT-08,monthly_interest,monthly interest — month 8,17696,usd,estimated,"pasted_content_20.txt, CE Development Portfolio Financial Baseline, user-supplied 2026-08-21",,jchappell2120,8,8,construction,yes,Inferred preliminary planning assumption anchored to the $11.5M historical planning figure. | Calculated monthly planning series from scenario drivers; not actual project performance.
6,Garden Haven,Single-Family Residential Development,Preliminary Planning — Low,downside,cash_flow,SCH-CF-08,monthly_levered_cash_flow,monthly levered cash flow — month 8,-561029,usd,estimated,"pasted_content_20.txt, CE Development Portfolio Financial Baseline, user-supplied 2026-08-21",,jchappell2120,8,8,construction,yes,Inferred preliminary planning assumption anchored to the $11.5M historical planning figure. | Calculated monthly planning series from scenario drivers; not actual project performance.
6,Garden Haven,Single-Family Residential Development,Preliminary Planning — Low,downside,capital_deployment,SCH-COST-09,monthly_development_spend,monthly development spend — month 9,825000,usd,estimated,"pasted_content_20.txt, CE Development Portfolio Financial Baseline, user-supplied 2026-08-21",,jchappell2120,9,9,construction,yes,Inferred preliminary planning assumption anchored to the $11.5M historical planning figure. | Calculated monthly planning series from scenario drivers; not actual project performance.
6,Garden Haven,Single-Family Residential Development,Preliminary Planning — Low,downside,schedule,SCH-CUM-09,cumulative_deployment_bps,cumulative deployment bps — month 9,3625,percentage_bps,estimated,"pasted_content_20.txt, CE Development Portfolio Financial Baseline, user-supplied 2026-08-21",,jchappell2120,9,9,construction,yes,Inferred preliminary planning assumption anchored to the $11.5M historical planning figure. | Calculated monthly planning series from scenario drivers; not actual project performance.
6,Garden Haven,Single-Family Residential Development,Preliminary Planning — Low,downside,schedule,SCH-OCC-09,occupancy_bps,occupancy bps — month 9,2286,percentage_bps,estimated,"pasted_content_20.txt, CE Development Portfolio Financial Baseline, user-supplied 2026-08-21",,jchappell2120,9,9,construction,yes,Inferred preliminary planning assumption anchored to the $11.5M historical planning figure. | Calculated monthly planning series from scenario drivers; not actual project performance.
6,Garden Haven,Single-Family Residential Development,Preliminary Planning — Low,downside,revenue,SCH-REV-09,monthly_effective_revenue,monthly effective revenue — month 9,133350,usd,estimated,"pasted_content_20.txt, CE Development Portfolio Financial Baseline, user-supplied 2026-08-21",,jchappell2120,9,9,construction,yes,Inferred preliminary planning assumption anchored to the $11.5M historical planning figure. | Calculated monthly planning series from scenario drivers; not actual project performance.
6,Garden Haven,Single-Family Residential Development,Preliminary Planning — Low,downside,operations,SCH-OPEX-09,monthly_operating_expense,monthly operating expense — month 9,0,usd,estimated,"pasted_content_20.txt, CE Development Portfolio Financial Baseline, user-supplied 2026-08-21",,jchappell2120,9,9,construction,yes,Inferred preliminary planning assumption anchored to the $11.5M historical planning figure. | Calculated monthly planning series from scenario drivers; not actual project performance.
6,Garden Haven,Single-Family Residential Development,Preliminary Planning — Low,downside,financing,SCH-DRAW-09,monthly_debt_draw,monthly debt draw — month 9,536250,usd,estimated,"pasted_content_20.txt, CE Development Portfolio Financial Baseline, user-supplied 2026-08-21",,jchappell2120,9,9,construction,yes,Inferred preliminary planning assumption anchored to the $11.5M historical planning figure. | Calculated monthly planning series from scenario drivers; not actual project performance.
6,Garden Haven,Single-Family Residential Development,Preliminary Planning — Low,downside,financing,SCH-INT-09,monthly_interest,monthly interest — month 9,21383,usd,estimated,"pasted_content_20.txt, CE Development Portfolio Financial Baseline, user-supplied 2026-08-21",,jchappell2120,9,9,construction,yes,Inferred preliminary planning assumption anchored to the $11.5M historical planning figure. | Calculated monthly planning series from scenario drivers; not actual project performance.
6,Garden Haven,Single-Family Residential Development,Preliminary Planning — Low,downside,cash_flow,SCH-CF-09,monthly_levered_cash_flow,monthly levered cash flow — month 9,-713033,usd,estimated,"pasted_content_20.txt, CE Development Portfolio Financial Baseline, user-supplied 2026-08-21",,jchappell2120,9,9,construction,yes,Inferred preliminary planning assumption anchored to the $11.5M historical planning figure. | Calculated monthly planning series from scenario drivers; not actual project performance.
6,Garden Haven,Single-Family Residential Development,Preliminary Planning — Low,downside,capital_deployment,SCH-COST-10,monthly_development_spend,monthly development spend — month 10,825000,usd,estimated,"pasted_content_20.txt, CE Development Portfolio Financial Baseline, user-supplied 2026-08-21",,jchappell2120,10,10,construction,yes,Inferred preliminary planning assumption anchored to the $11.5M historical planning figure. | Calculated monthly planning series from scenario drivers; not actual project performance.
6,Garden Haven,Single-Family Residential Development,Preliminary Planning — Low,downside,schedule,SCH-CUM-10,cumulative_deployment_bps,cumulative deployment bps — month 10,4250,percentage_bps,estimated,"pasted_content_20.txt, CE Development Portfolio Financial Baseline, user-supplied 2026-08-21",,jchappell2120,10,10,construction,yes,Inferred preliminary planning assumption anchored to the $11.5M historical planning figure. | Calculated monthly planning series from scenario drivers; not actual project performance.
6,Garden Haven,Single-Family Residential Development,Preliminary Planning — Low,downside,schedule,SCH-OCC-10,occupancy_bps,occupancy bps — month 10,2571,percentage_bps,estimated,"pasted_content_20.txt, CE Development Portfolio Financial Baseline, user-supplied 2026-08-21",,jchappell2120,10,10,construction,yes,Inferred preliminary planning assumption anchored to the $11.5M historical planning figure. | Calculated monthly planning series from scenario drivers; not actual project performance.
6,Garden Haven,Single-Family Residential Development,Preliminary Planning — Low,downside,revenue,SCH-REV-10,monthly_effective_revenue,monthly effective revenue — month 10,149975,usd,estimated,"pasted_content_20.txt, CE Development Portfolio Financial Baseline, user-supplied 2026-08-21",,jchappell2120,10,10,construction,yes,Inferred preliminary planning assumption anchored to the $11.5M historical planning figure. | Calculated monthly planning series from scenario drivers; not actual project performance.
6,Garden Haven,Single-Family Residential Development,Preliminary Planning — Low,downside,operations,SCH-OPEX-10,monthly_operating_expense,monthly operating expense — month 10,0,usd,estimated,"pasted_content_20.txt, CE Development Portfolio Financial Baseline, user-supplied 2026-08-21",,jchappell2120,10,10,construction,yes,Inferred preliminary planning assumption anchored to the $11.5M historical planning figure. | Calculated monthly planning series from scenario drivers; not actual project performance.
6,Garden Haven,Single-Family Residential Development,Preliminary Planning — Low,downside,financing,SCH-DRAW-10,monthly_debt_draw,monthly debt draw — month 10,536250,usd,estimated,"pasted_content_20.txt, CE Development Portfolio Financial Baseline, user-supplied 2026-08-21",,jchappell2120,10,10,construction,yes,Inferred preliminary planning assumption anchored to the $11.5M historical planning figure. | Calculated monthly planning series from scenario drivers; not actual project performance.
6,Garden Haven,Single-Family Residential Development,Preliminary Planning — Low,downside,financing,SCH-INT-10,monthly_interest,monthly interest — month 10,25070,usd,estimated,"pasted_content_20.txt, CE Development Portfolio Financial Baseline, user-supplied 2026-08-21",,jchappell2120,10,10,construction,yes,Inferred preliminary planning assumption anchored to the $11.5M historical planning figure. | Calculated monthly planning series from scenario drivers; not actual project performance.
6,Garden Haven,Single-Family Residential Development,Preliminary Planning — Low,downside,cash_flow,SCH-CF-10,monthly_levered_cash_flow,monthly levered cash flow — month 10,-700095,usd,estimated,"pasted_content_20.txt, CE Development Portfolio Financial Baseline, user-supplied 2026-08-21",,jchappell2120,10,10,construction,yes,Inferred preliminary planning assumption anchored to the $11.5M historical planning figure. | Calculated monthly planning series from scenario drivers; not actual project performance.
6,Garden Haven,Single-Family Residential Development,Preliminary Planning — Low,downside,capital_deployment,SCH-COST-11,monthly_development_spend,monthly development spend — month 11,825000,usd,estimated,"pasted_content_20.txt, CE Development Portfolio Financial Baseline, user-supplied 2026-08-21",,jchappell2120,11,11,construction,yes,Inferred preliminary planning assumption anchored to the $11.5M historical planning figure. | Calculated monthly planning series from scenario drivers; not actual project performance.
6,Garden Haven,Single-Family Residential Development,Preliminary Planning — Low,downside,schedule,SCH-CUM-11,cumulative_deployment_bps,cumulative deployment bps — month 11,4875,percentage_bps,estimated,"pasted_content_20.txt, CE Development Portfolio Financial Baseline, user-supplied 2026-08-21",,jchappell2120,11,11,construction,yes,Inferred preliminary planning assumption anchored to the $11.5M historical planning figure. | Calculated monthly planning series from scenario drivers; not actual project performance.
6,Garden Haven,Single-Family Residential Development,Preliminary Planning — Low,downside,schedule,SCH-OCC-11,occupancy_bps,occupancy bps — month 11,2857,percentage_bps,estimated,"pasted_content_20.txt, CE Development Portfolio Financial Baseline, user-supplied 2026-08-21",,jchappell2120,11,11,construction,yes,Inferred preliminary planning assumption anchored to the $11.5M historical planning figure. | Calculated monthly planning series from scenario drivers; not actual project performance.
6,Garden Haven,Single-Family Residential Development,Preliminary Planning — Low,downside,revenue,SCH-REV-11,monthly_effective_revenue,monthly effective revenue — month 11,166658,usd,estimated,"pasted_content_20.txt, CE Development Portfolio Financial Baseline, user-supplied 2026-08-21",,jchappell2120,11,11,construction,yes,Inferred preliminary planning assumption anchored to the $11.5M historical planning figure. | Calculated monthly planning series from scenario drivers; not actual project performance.
6,Garden Haven,Single-Family Residential Development,Preliminary Planning — Low,downside,operations,SCH-OPEX-11,monthly_operating_expense,monthly operating expense — month 11,0,usd,estimated,"pasted_content_20.txt, CE Development Portfolio Financial Baseline, user-supplied 2026-08-21",,jchappell2120,11,11,construction,yes,Inferred preliminary planning assumption anchored to the $11.5M historical planning figure. | Calculated monthly planning series from scenario drivers; not actual project performance.
6,Garden Haven,Single-Family Residential Development,Preliminary Planning — Low,downside,financing,SCH-DRAW-11,monthly_debt_draw,monthly debt draw — month 11,536250,usd,estimated,"pasted_content_20.txt, CE Development Portfolio Financial Baseline, user-supplied 2026-08-21",,jchappell2120,11,11,construction,yes,Inferred preliminary planning assumption anchored to the $11.5M historical planning figure. | Calculated monthly planning series from scenario drivers; not actual project performance.
6,Garden Haven,Single-Family Residential Development,Preliminary Planning — Low,downside,financing,SCH-INT-11,monthly_interest,monthly interest — month 11,28756,usd,estimated,"pasted_content_20.txt, CE Development Portfolio Financial Baseline, user-supplied 2026-08-21",,jchappell2120,11,11,construction,yes,Inferred preliminary planning assumption anchored to the $11.5M historical planning figure. | Calculated monthly planning series from scenario drivers; not actual project performance.
6,Garden Haven,Single-Family Residential Development,Preliminary Planning — Low,downside,cash_flow,SCH-CF-11,monthly_levered_cash_flow,monthly levered cash flow — month 11,-687098,usd,estimated,"pasted_content_20.txt, CE Development Portfolio Financial Baseline, user-supplied 2026-08-21",,jchappell2120,11,11,construction,yes,Inferred preliminary planning assumption anchored to the $11.5M historical planning figure. | Calculated monthly planning series from scenario drivers; not actual project performance.
6,Garden Haven,Single-Family Residential Development,Preliminary Planning — Low,downside,capital_deployment,SCH-COST-12,monthly_development_spend,monthly development spend — month 12,825000,usd,estimated,"pasted_content_20.txt, CE Development Portfolio Financial Baseline, user-supplied 2026-08-21",,jchappell2120,12,12,construction,yes,Inferred preliminary planning assumption anchored to the $11.5M historical planning figure. | Calculated monthly planning series from scenario drivers; not actual project performance.
6,Garden Haven,Single-Family Residential Development,Preliminary Planning — Low,downside,schedule,SCH-CUM-12,cumulative_deployment_bps,cumulative deployment bps — month 12,5500,percentage_bps,estimated,"pasted_content_20.txt, CE Development Portfolio Financial Baseline, user-supplied 2026-08-21",,jchappell2120,12,12,construction,yes,Inferred preliminary planning assumption anchored to the $11.5M historical planning figure. | Calculated monthly planning series from scenario drivers; not actual project performance.
6,Garden Haven,Single-Family Residential Development,Preliminary Planning — Low,downside,schedule,SCH-OCC-12,occupancy_bps,occupancy bps — month 12,3143,percentage_bps,estimated,"pasted_content_20.txt, CE Development Portfolio Financial Baseline, user-supplied 2026-08-21",,jchappell2120,12,12,construction,yes,Inferred preliminary planning assumption anchored to the $11.5M historical planning figure. | Calculated monthly planning series from scenario drivers; not actual project performance.
6,Garden Haven,Single-Family Residential Development,Preliminary Planning — Low,downside,revenue,SCH-REV-12,monthly_effective_revenue,monthly effective revenue — month 12,183342,usd,estimated,"pasted_content_20.txt, CE Development Portfolio Financial Baseline, user-supplied 2026-08-21",,jchappell2120,12,12,construction,yes,Inferred preliminary planning assumption anchored to the $11.5M historical planning figure. | Calculated monthly planning series from scenario drivers; not actual project performance.
6,Garden Haven,Single-Family Residential Development,Preliminary Planning — Low,downside,operations,SCH-OPEX-12,monthly_operating_expense,monthly operating expense — month 12,0,usd,estimated,"pasted_content_20.txt, CE Development Portfolio Financial Baseline, user-supplied 2026-08-21",,jchappell2120,12,12,construction,yes,Inferred preliminary planning assumption anchored to the $11.5M historical planning figure. | Calculated monthly planning series from scenario drivers; not actual project performance.
6,Garden Haven,Single-Family Residential Development,Preliminary Planning — Low,downside,financing,SCH-DRAW-12,monthly_debt_draw,monthly debt draw — month 12,536250,usd,estimated,"pasted_content_20.txt, CE Development Portfolio Financial Baseline, user-supplied 2026-08-21",,jchappell2120,12,12,construction,yes,Inferred preliminary planning assumption anchored to the $11.5M historical planning figure. | Calculated monthly planning series from scenario drivers; not actual project performance.
6,Garden Haven,Single-Family Residential Development,Preliminary Planning — Low,downside,financing,SCH-INT-12,monthly_interest,monthly interest — month 12,32443,usd,estimated,"pasted_content_20.txt, CE Development Portfolio Financial Baseline, user-supplied 2026-08-21",,jchappell2120,12,12,construction,yes,Inferred preliminary planning assumption anchored to the $11.5M historical planning figure. | Calculated monthly planning series from scenario drivers; not actual project performance.
6,Garden Haven,Single-Family Residential Development,Preliminary Planning — Low,downside,cash_flow,SCH-CF-12,monthly_levered_cash_flow,monthly levered cash flow — month 12,-674101,usd,estimated,"pasted_content_20.txt, CE Development Portfolio Financial Baseline, user-supplied 2026-08-21",,jchappell2120,12,12,construction,yes,Inferred preliminary planning assumption anchored to the $11.5M historical planning figure. | Calculated monthly planning series from scenario drivers; not actual project performance.
6,Garden Haven,Single-Family Residential Development,Preliminary Planning — Low,downside,capital_deployment,SCH-COST-13,monthly_development_spend,monthly development spend — month 13,693000,usd,estimated,"pasted_content_20.txt, CE Development Portfolio Financial Baseline, user-supplied 2026-08-21",,jchappell2120,13,13,construction,yes,Inferred preliminary planning assumption anchored to the $11.5M historical planning figure. | Calculated monthly planning series from scenario drivers; not actual project performance.
6,Garden Haven,Single-Family Residential Development,Preliminary Planning — Low,downside,schedule,SCH-CUM-13,cumulative_deployment_bps,cumulative deployment bps — month 13,6025,percentage_bps,estimated,"pasted_content_20.txt, CE Development Portfolio Financial Baseline, user-supplied 2026-08-21",,jchappell2120,13,13,construction,yes,Inferred preliminary planning assumption anchored to the $11.5M historical planning figure. | Calculated monthly planning series from scenario drivers; not actual project performance.
6,Garden Haven,Single-Family Residential Development,Preliminary Planning — Low,downside,schedule,SCH-OCC-13,occupancy_bps,occupancy bps — month 13,3429,percentage_bps,estimated,"pasted_content_20.txt, CE Development Portfolio Financial Baseline, user-supplied 2026-08-21",,jchappell2120,13,13,construction,yes,Inferred preliminary planning assumption anchored to the $11.5M historical planning figure. | Calculated monthly planning series from scenario drivers; not actual project performance.
6,Garden Haven,Single-Family Residential Development,Preliminary Planning — Low,downside,revenue,SCH-REV-13,monthly_effective_revenue,monthly effective revenue — month 13,200025,usd,estimated,"pasted_content_20.txt, CE Development Portfolio Financial Baseline, user-supplied 2026-08-21",,jchappell2120,13,13,construction,yes,Inferred preliminary planning assumption anchored to the $11.5M historical planning figure. | Calculated monthly planning series from scenario drivers; not actual project performance.
6,Garden Haven,Single-Family Residential Development,Preliminary Planning — Low,downside,operations,SCH-OPEX-13,monthly_operating_expense,monthly operating expense — month 13,0,usd,estimated,"pasted_content_20.txt, CE Development Portfolio Financial Baseline, user-supplied 2026-08-21",,jchappell2120,13,13,construction,yes,Inferred preliminary planning assumption anchored to the $11.5M historical planning figure. | Calculated monthly planning series from scenario drivers; not actual project performance.
6,Garden Haven,Single-Family Residential Development,Preliminary Planning — Low,downside,financing,SCH-DRAW-13,monthly_debt_draw,monthly debt draw — month 13,450450,usd,estimated,"pasted_content_20.txt, CE Development Portfolio Financial Baseline, user-supplied 2026-08-21",,jchappell2120,13,13,construction,yes,Inferred preliminary planning assumption anchored to the $11.5M historical planning figure. | Calculated monthly planning series from scenario drivers; not actual project performance.
6,Garden Haven,Single-Family Residential Development,Preliminary Planning — Low,downside,financing,SCH-INT-13,monthly_interest,monthly interest — month 13,35540,usd,estimated,"pasted_content_20.txt, CE Development Portfolio Financial Baseline, user-supplied 2026-08-21",,jchappell2120,13,13,construction,yes,Inferred preliminary planning assumption anchored to the $11.5M historical planning figure. | Calculated monthly planning series from scenario drivers; not actual project performance.
6,Garden Haven,Single-Family Residential Development,Preliminary Planning — Low,downside,cash_flow,SCH-CF-13,monthly_levered_cash_flow,monthly levered cash flow — month 13,-528515,usd,estimated,"pasted_content_20.txt, CE Development Portfolio Financial Baseline, user-supplied 2026-08-21",,jchappell2120,13,13,construction,yes,Inferred preliminary planning assumption anchored to the $11.5M historical planning figure. | Calculated monthly planning series from scenario drivers; not actual project performance.
6,Garden Haven,Single-Family Residential Development,Preliminary Planning — Low,downside,capital_deployment,SCH-COST-14,monthly_development_spend,monthly development spend — month 14,693000,usd,estimated,"pasted_content_20.txt, CE Development Portfolio Financial Baseline, user-supplied 2026-08-21",,jchappell2120,14,14,construction,yes,Inferred preliminary planning assumption anchored to the $11.5M historical planning figure. | Calculated monthly planning series from scenario drivers; not actual project performance.
6,Garden Haven,Single-Family Residential Development,Preliminary Planning — Low,downside,schedule,SCH-CUM-14,cumulative_deployment_bps,cumulative deployment bps — month 14,6550,percentage_bps,estimated,"pasted_content_20.txt, CE Development Portfolio Financial Baseline, user-supplied 2026-08-21",,jchappell2120,14,14,construction,yes,Inferred preliminary planning assumption anchored to the $11.5M historical planning figure. | Calculated monthly planning series from scenario drivers; not actual project performance.
6,Garden Haven,Single-Family Residential Development,Preliminary Planning — Low,downside,schedule,SCH-OCC-14,occupancy_bps,occupancy bps — month 14,3714,percentage_bps,estimated,"pasted_content_20.txt, CE Development Portfolio Financial Baseline, user-supplied 2026-08-21",,jchappell2120,14,14,construction,yes,Inferred preliminary planning assumption anchored to the $11.5M historical planning figure. | Calculated monthly planning series from scenario drivers; not actual project performance.
6,Garden Haven,Single-Family Residential Development,Preliminary Planning — Low,downside,revenue,SCH-REV-14,monthly_effective_revenue,monthly effective revenue — month 14,216650,usd,estimated,"pasted_content_20.txt, CE Development Portfolio Financial Baseline, user-supplied 2026-08-21",,jchappell2120,14,14,construction,yes,Inferred preliminary planning assumption anchored to the $11.5M historical planning figure. | Calculated monthly planning series from scenario drivers; not actual project performance.
6,Garden Haven,Single-Family Residential Development,Preliminary Planning — Low,downside,operations,SCH-OPEX-14,monthly_operating_expense,monthly operating expense — month 14,0,usd,estimated,"pasted_content_20.txt, CE Development Portfolio Financial Baseline, user-supplied 2026-08-21",,jchappell2120,14,14,construction,yes,Inferred preliminary planning assumption anchored to the $11.5M historical planning figure. | Calculated monthly planning series from scenario drivers; not actual project performance.
6,Garden Haven,Single-Family Residential Development,Preliminary Planning — Low,downside,financing,SCH-DRAW-14,monthly_debt_draw,monthly debt draw — month 14,450450,usd,estimated,"pasted_content_20.txt, CE Development Portfolio Financial Baseline, user-supplied 2026-08-21",,jchappell2120,14,14,construction,yes,Inferred preliminary planning assumption anchored to the $11.5M historical planning figure. | Calculated monthly planning series from scenario drivers; not actual project performance.
6,Garden Haven,Single-Family Residential Development,Preliminary Planning — Low,downside,financing,SCH-INT-14,monthly_interest,monthly interest — month 14,38637,usd,estimated,"pasted_content_20.txt, CE Development Portfolio Financial Baseline, user-supplied 2026-08-21",,jchappell2120,14,14,construction,yes,Inferred preliminary planning assumption anchored to the $11.5M historical planning figure. | Calculated monthly planning series from scenario drivers; not actual project performance.
6,Garden Haven,Single-Family Residential Development,Preliminary Planning — Low,downside,cash_flow,SCH-CF-14,monthly_levered_cash_flow,monthly levered cash flow — month 14,-514987,usd,estimated,"pasted_content_20.txt, CE Development Portfolio Financial Baseline, user-supplied 2026-08-21",,jchappell2120,14,14,construction,yes,Inferred preliminary planning assumption anchored to the $11.5M historical planning figure. | Calculated monthly planning series from scenario drivers; not actual project performance.
6,Garden Haven,Single-Family Residential Development,Preliminary Planning — Low,downside,capital_deployment,SCH-COST-15,monthly_development_spend,monthly development spend — month 15,693000,usd,estimated,"pasted_content_20.txt, CE Development Portfolio Financial Baseline, user-supplied 2026-08-21",,jchappell2120,15,15,construction,yes,Inferred preliminary planning assumption anchored to the $11.5M historical planning figure. | Calculated monthly planning series from scenario drivers; not actual project performance.
6,Garden Haven,Single-Family Residential Development,Preliminary Planning — Low,downside,schedule,SCH-CUM-15,cumulative_deployment_bps,cumulative deployment bps — month 15,7075,percentage_bps,estimated,"pasted_content_20.txt, CE Development Portfolio Financial Baseline, user-supplied 2026-08-21",,jchappell2120,15,15,construction,yes,Inferred preliminary planning assumption anchored to the $11.5M historical planning figure. | Calculated monthly planning series from scenario drivers; not actual project performance.
6,Garden Haven,Single-Family Residential Development,Preliminary Planning — Low,downside,schedule,SCH-OCC-15,occupancy_bps,occupancy bps — month 15,4000,percentage_bps,estimated,"pasted_content_20.txt, CE Development Portfolio Financial Baseline, user-supplied 2026-08-21",,jchappell2120,15,15,construction,yes,Inferred preliminary planning assumption anchored to the $11.5M historical planning figure. | Calculated monthly planning series from scenario drivers; not actual project performance.
6,Garden Haven,Single-Family Residential Development,Preliminary Planning — Low,downside,revenue,SCH-REV-15,monthly_effective_revenue,monthly effective revenue — month 15,233333,usd,estimated,"pasted_content_20.txt, CE Development Portfolio Financial Baseline, user-supplied 2026-08-21",,jchappell2120,15,15,construction,yes,Inferred preliminary planning assumption anchored to the $11.5M historical planning figure. | Calculated monthly planning series from scenario drivers; not actual project performance.
6,Garden Haven,Single-Family Residential Development,Preliminary Planning — Low,downside,operations,SCH-OPEX-15,monthly_operating_expense,monthly operating expense — month 15,0,usd,estimated,"pasted_content_20.txt, CE Development Portfolio Financial Baseline, user-supplied 2026-08-21",,jchappell2120,15,15,construction,yes,Inferred preliminary planning assumption anchored to the $11.5M historical planning figure. | Calculated monthly planning series from scenario drivers; not actual project performance.
6,Garden Haven,Single-Family Residential Development,Preliminary Planning — Low,downside,financing,SCH-DRAW-15,monthly_debt_draw,monthly debt draw — month 15,450450,usd,estimated,"pasted_content_20.txt, CE Development Portfolio Financial Baseline, user-supplied 2026-08-21",,jchappell2120,15,15,construction,yes,Inferred preliminary planning assumption anchored to the $11.5M historical planning figure. | Calculated monthly planning series from scenario drivers; not actual project performance.
6,Garden Haven,Single-Family Residential Development,Preliminary Planning — Low,downside,financing,SCH-INT-15,monthly_interest,monthly interest — month 15,41734,usd,estimated,"pasted_content_20.txt, CE Development Portfolio Financial Baseline, user-supplied 2026-08-21",,jchappell2120,15,15,construction,yes,Inferred preliminary planning assumption anchored to the $11.5M historical planning figure. | Calculated monthly planning series from scenario drivers; not actual project performance.
6,Garden Haven,Single-Family Residential Development,Preliminary Planning — Low,downside,cash_flow,SCH-CF-15,monthly_levered_cash_flow,monthly levered cash flow — month 15,-501401,usd,estimated,"pasted_content_20.txt, CE Development Portfolio Financial Baseline, user-supplied 2026-08-21",,jchappell2120,15,15,construction,yes,Inferred preliminary planning assumption anchored to the $11.5M historical planning figure. | Calculated monthly planning series from scenario drivers; not actual project performance.
6,Garden Haven,Single-Family Residential Development,Preliminary Planning — Low,downside,capital_deployment,SCH-COST-16,monthly_development_spend,monthly development spend — month 16,693000,usd,estimated,"pasted_content_20.txt, CE Development Portfolio Financial Baseline, user-supplied 2026-08-21",,jchappell2120,16,16,construction,yes,Inferred preliminary planning assumption anchored to the $11.5M historical planning figure. | Calculated monthly planning series from scenario drivers; not actual project performance.
6,Garden Haven,Single-Family Residential Development,Preliminary Planning — Low,downside,schedule,SCH-CUM-16,cumulative_deployment_bps,cumulative deployment bps — month 16,7600,percentage_bps,estimated,"pasted_content_20.txt, CE Development Portfolio Financial Baseline, user-supplied 2026-08-21",,jchappell2120,16,16,construction,yes,Inferred preliminary planning assumption anchored to the $11.5M historical planning figure. | Calculated monthly planning series from scenario drivers; not actual project performance.
6,Garden Haven,Single-Family Residential Development,Preliminary Planning — Low,downside,schedule,SCH-OCC-16,occupancy_bps,occupancy bps — month 16,4286,percentage_bps,estimated,"pasted_content_20.txt, CE Development Portfolio Financial Baseline, user-supplied 2026-08-21",,jchappell2120,16,16,construction,yes,Inferred preliminary planning assumption anchored to the $11.5M historical planning figure. | Calculated monthly planning series from scenario drivers; not actual project performance.
6,Garden Haven,Single-Family Residential Development,Preliminary Planning — Low,downside,revenue,SCH-REV-16,monthly_effective_revenue,monthly effective revenue — month 16,250017,usd,estimated,"pasted_content_20.txt, CE Development Portfolio Financial Baseline, user-supplied 2026-08-21",,jchappell2120,16,16,construction,yes,Inferred preliminary planning assumption anchored to the $11.5M historical planning figure. | Calculated monthly planning series from scenario drivers; not actual project performance.
6,Garden Haven,Single-Family Residential Development,Preliminary Planning — Low,downside,operations,SCH-OPEX-16,monthly_operating_expense,monthly operating expense — month 16,0,usd,estimated,"pasted_content_20.txt, CE Development Portfolio Financial Baseline, user-supplied 2026-08-21",,jchappell2120,16,16,construction,yes,Inferred preliminary planning assumption anchored to the $11.5M historical planning figure. | Calculated monthly planning series from scenario drivers; not actual project performance.
6,Garden Haven,Single-Family Residential Development,Preliminary Planning — Low,downside,financing,SCH-DRAW-16,monthly_debt_draw,monthly debt draw — month 16,450450,usd,estimated,"pasted_content_20.txt, CE Development Portfolio Financial Baseline, user-supplied 2026-08-21",,jchappell2120,16,16,construction,yes,Inferred preliminary planning assumption anchored to the $11.5M historical planning figure. | Calculated monthly planning series from scenario drivers; not actual project performance.
6,Garden Haven,Single-Family Residential Development,Preliminary Planning — Low,downside,financing,SCH-INT-16,monthly_interest,monthly interest — month 16,44831,usd,estimated,"pasted_content_20.txt, CE Development Portfolio Financial Baseline, user-supplied 2026-08-21",,jchappell2120,16,16,construction,yes,Inferred preliminary planning assumption anchored to the $11.5M historical planning figure. | Calculated monthly planning series from scenario drivers; not actual project performance.
6,Garden Haven,Single-Family Residential Development,Preliminary Planning — Low,downside,cash_flow,SCH-CF-16,monthly_levered_cash_flow,monthly levered cash flow — month 16,-487814,usd,estimated,"pasted_content_20.txt, CE Development Portfolio Financial Baseline, user-supplied 2026-08-21",,jchappell2120,16,16,construction,yes,Inferred preliminary planning assumption anchored to the $11.5M historical planning figure. | Calculated monthly planning series from scenario drivers; not actual project performance.
6,Garden Haven,Single-Family Residential Development,Preliminary Planning — Low,downside,capital_deployment,SCH-COST-17,monthly_development_spend,monthly development spend — month 17,462000,usd,estimated,"pasted_content_20.txt, CE Development Portfolio Financial Baseline, user-supplied 2026-08-21",,jchappell2120,17,17,construction,yes,Inferred preliminary planning assumption anchored to the $11.5M historical planning figure. | Calculated monthly planning series from scenario drivers; not actual project performance.
6,Garden Haven,Single-Family Residential Development,Preliminary Planning — Low,downside,schedule,SCH-CUM-17,cumulative_deployment_bps,cumulative deployment bps — month 17,7950,percentage_bps,estimated,"pasted_content_20.txt, CE Development Portfolio Financial Baseline, user-supplied 2026-08-21",,jchappell2120,17,17,construction,yes,Inferred preliminary planning assumption anchored to the $11.5M historical planning figure. | Calculated monthly planning series from scenario drivers; not actual project performance.
6,Garden Haven,Single-Family Residential Development,Preliminary Planning — Low,downside,schedule,SCH-OCC-17,occupancy_bps,occupancy bps — month 17,4571,percentage_bps,estimated,"pasted_content_20.txt, CE Development Portfolio Financial Baseline, user-supplied 2026-08-21",,jchappell2120,17,17,construction,yes,Inferred preliminary planning assumption anchored to the $11.5M historical planning figure. | Calculated monthly planning series from scenario drivers; not actual project performance.
6,Garden Haven,Single-Family Residential Development,Preliminary Planning — Low,downside,revenue,SCH-REV-17,monthly_effective_revenue,monthly effective revenue — month 17,266642,usd,estimated,"pasted_content_20.txt, CE Development Portfolio Financial Baseline, user-supplied 2026-08-21",,jchappell2120,17,17,construction,yes,Inferred preliminary planning assumption anchored to the $11.5M historical planning figure. | Calculated monthly planning series from scenario drivers; not actual project performance.
6,Garden Haven,Single-Family Residential Development,Preliminary Planning — Low,downside,operations,SCH-OPEX-17,monthly_operating_expense,monthly operating expense — month 17,0,usd,estimated,"pasted_content_20.txt, CE Development Portfolio Financial Baseline, user-supplied 2026-08-21",,jchappell2120,17,17,construction,yes,Inferred preliminary planning assumption anchored to the $11.5M historical planning figure. | Calculated monthly planning series from scenario drivers; not actual project performance.
6,Garden Haven,Single-Family Residential Development,Preliminary Planning — Low,downside,financing,SCH-DRAW-17,monthly_debt_draw,monthly debt draw — month 17,300300,usd,estimated,"pasted_content_20.txt, CE Development Portfolio Financial Baseline, user-supplied 2026-08-21",,jchappell2120,17,17,construction,yes,Inferred preliminary planning assumption anchored to the $11.5M historical planning figure. | Calculated monthly planning series from scenario drivers; not actual project performance.
6,Garden Haven,Single-Family Residential Development,Preliminary Planning — Low,downside,financing,SCH-INT-17,monthly_interest,monthly interest — month 17,46895,usd,estimated,"pasted_content_20.txt, CE Development Portfolio Financial Baseline, user-supplied 2026-08-21",,jchappell2120,17,17,construction,yes,Inferred preliminary planning assumption anchored to the $11.5M historical planning figure. | Calculated monthly planning series from scenario drivers; not actual project performance.
6,Garden Haven,Single-Family Residential Development,Preliminary Planning — Low,downside,cash_flow,SCH-CF-17,monthly_levered_cash_flow,monthly levered cash flow — month 17,-242253,usd,estimated,"pasted_content_20.txt, CE Development Portfolio Financial Baseline, user-supplied 2026-08-21",,jchappell2120,17,17,construction,yes,Inferred preliminary planning assumption anchored to the $11.5M historical planning figure. | Calculated monthly planning series from scenario drivers; not actual project performance.
6,Garden Haven,Single-Family Residential Development,Preliminary Planning — Low,downside,capital_deployment,SCH-COST-18,monthly_development_spend,monthly development spend — month 18,462000,usd,estimated,"pasted_content_20.txt, CE Development Portfolio Financial Baseline, user-supplied 2026-08-21",,jchappell2120,18,18,construction,yes,Inferred preliminary planning assumption anchored to the $11.5M historical planning figure. | Calculated monthly planning series from scenario drivers; not actual project performance.
6,Garden Haven,Single-Family Residential Development,Preliminary Planning — Low,downside,schedule,SCH-CUM-18,cumulative_deployment_bps,cumulative deployment bps — month 18,8300,percentage_bps,estimated,"pasted_content_20.txt, CE Development Portfolio Financial Baseline, user-supplied 2026-08-21",,jchappell2120,18,18,construction,yes,Inferred preliminary planning assumption anchored to the $11.5M historical planning figure. | Calculated monthly planning series from scenario drivers; not actual project performance.
6,Garden Haven,Single-Family Residential Development,Preliminary Planning — Low,downside,schedule,SCH-OCC-18,occupancy_bps,occupancy bps — month 18,4857,percentage_bps,estimated,"pasted_content_20.txt, CE Development Portfolio Financial Baseline, user-supplied 2026-08-21",,jchappell2120,18,18,construction,yes,Inferred preliminary planning assumption anchored to the $11.5M historical planning figure. | Calculated monthly planning series from scenario drivers; not actual project performance.
6,Garden Haven,Single-Family Residential Development,Preliminary Planning — Low,downside,revenue,SCH-REV-18,monthly_effective_revenue,monthly effective revenue — month 18,283325,usd,estimated,"pasted_content_20.txt, CE Development Portfolio Financial Baseline, user-supplied 2026-08-21",,jchappell2120,18,18,construction,yes,Inferred preliminary planning assumption anchored to the $11.5M historical planning figure. | Calculated monthly planning series from scenario drivers; not actual project performance.
6,Garden Haven,Single-Family Residential Development,Preliminary Planning — Low,downside,operations,SCH-OPEX-18,monthly_operating_expense,monthly operating expense — month 18,0,usd,estimated,"pasted_content_20.txt, CE Development Portfolio Financial Baseline, user-supplied 2026-08-21",,jchappell2120,18,18,construction,yes,Inferred preliminary planning assumption anchored to the $11.5M historical planning figure. | Calculated monthly planning series from scenario drivers; not actual project performance.
6,Garden Haven,Single-Family Residential Development,Preliminary Planning — Low,downside,financing,SCH-DRAW-18,monthly_debt_draw,monthly debt draw — month 18,300300,usd,estimated,"pasted_content_20.txt, CE Development Portfolio Financial Baseline, user-supplied 2026-08-21",,jchappell2120,18,18,construction,yes,Inferred preliminary planning assumption anchored to the $11.5M historical planning figure. | Calculated monthly planning series from scenario drivers; not actual project performance.
6,Garden Haven,Single-Family Residential Development,Preliminary Planning — Low,downside,financing,SCH-INT-18,monthly_interest,monthly interest — month 18,48960,usd,estimated,"pasted_content_20.txt, CE Development Portfolio Financial Baseline, user-supplied 2026-08-21",,jchappell2120,18,18,construction,yes,Inferred preliminary planning assumption anchored to the $11.5M historical planning figure. | Calculated monthly planning series from scenario drivers; not actual project performance.
6,Garden Haven,Single-Family Residential Development,Preliminary Planning — Low,downside,cash_flow,SCH-CF-18,monthly_levered_cash_flow,monthly levered cash flow — month 18,-227635,usd,estimated,"pasted_content_20.txt, CE Development Portfolio Financial Baseline, user-supplied 2026-08-21",,jchappell2120,18,18,construction,yes,Inferred preliminary planning assumption anchored to the $11.5M historical planning figure. | Calculated monthly planning series from scenario drivers; not actual project performance.
6,Garden Haven,Single-Family Residential Development,Preliminary Planning — Low,downside,capital_deployment,SCH-COST-19,monthly_development_spend,monthly development spend — month 19,462000,usd,estimated,"pasted_content_20.txt, CE Development Portfolio Financial Baseline, user-supplied 2026-08-21",,jchappell2120,19,19,construction,yes,Inferred preliminary planning assumption anchored to the $11.5M historical planning figure. | Calculated monthly planning series from scenario drivers; not actual project performance.
6,Garden Haven,Single-Family Residential Development,Preliminary Planning — Low,downside,schedule,SCH-CUM-19,cumulative_deployment_bps,cumulative deployment bps — month 19,8650,percentage_bps,estimated,"pasted_content_20.txt, CE Development Portfolio Financial Baseline, user-supplied 2026-08-21",,jchappell2120,19,19,construction,yes,Inferred preliminary planning assumption anchored to the $11.5M historical planning figure. | Calculated monthly planning series from scenario drivers; not actual project performance.
6,Garden Haven,Single-Family Residential Development,Preliminary Planning — Low,downside,schedule,SCH-OCC-19,occupancy_bps,occupancy bps — month 19,5143,percentage_bps,estimated,"pasted_content_20.txt, CE Development Portfolio Financial Baseline, user-supplied 2026-08-21",,jchappell2120,19,19,construction,yes,Inferred preliminary planning assumption anchored to the $11.5M historical planning figure. | Calculated monthly planning series from scenario drivers; not actual project performance.
6,Garden Haven,Single-Family Residential Development,Preliminary Planning — Low,downside,revenue,SCH-REV-19,monthly_effective_revenue,monthly effective revenue — month 19,300008,usd,estimated,"pasted_content_20.txt, CE Development Portfolio Financial Baseline, user-supplied 2026-08-21",,jchappell2120,19,19,construction,yes,Inferred preliminary planning assumption anchored to the $11.5M historical planning figure. | Calculated monthly planning series from scenario drivers; not actual project performance.
6,Garden Haven,Single-Family Residential Development,Preliminary Planning — Low,downside,operations,SCH-OPEX-19,monthly_operating_expense,monthly operating expense — month 19,0,usd,estimated,"pasted_content_20.txt, CE Development Portfolio Financial Baseline, user-supplied 2026-08-21",,jchappell2120,19,19,construction,yes,Inferred preliminary planning assumption anchored to the $11.5M historical planning figure. | Calculated monthly planning series from scenario drivers; not actual project performance.
6,Garden Haven,Single-Family Residential Development,Preliminary Planning — Low,downside,financing,SCH-DRAW-19,monthly_debt_draw,monthly debt draw — month 19,300300,usd,estimated,"pasted_content_20.txt, CE Development Portfolio Financial Baseline, user-supplied 2026-08-21",,jchappell2120,19,19,construction,yes,Inferred preliminary planning assumption anchored to the $11.5M historical planning figure. | Calculated monthly planning series from scenario drivers; not actual project performance.
6,Garden Haven,Single-Family Residential Development,Preliminary Planning — Low,downside,financing,SCH-INT-19,monthly_interest,monthly interest — month 19,51024,usd,estimated,"pasted_content_20.txt, CE Development Portfolio Financial Baseline, user-supplied 2026-08-21",,jchappell2120,19,19,construction,yes,Inferred preliminary planning assumption anchored to the $11.5M historical planning figure. | Calculated monthly planning series from scenario drivers; not actual project performance.
6,Garden Haven,Single-Family Residential Development,Preliminary Planning — Low,downside,cash_flow,SCH-CF-19,monthly_levered_cash_flow,monthly levered cash flow — month 19,-213016,usd,estimated,"pasted_content_20.txt, CE Development Portfolio Financial Baseline, user-supplied 2026-08-21",,jchappell2120,19,19,construction,yes,Inferred preliminary planning assumption anchored to the $11.5M historical planning figure. | Calculated monthly planning series from scenario drivers; not actual project performance.
6,Garden Haven,Single-Family Residential Development,Preliminary Planning — Low,downside,capital_deployment,SCH-COST-20,monthly_development_spend,monthly development spend — month 20,462000,usd,estimated,"pasted_content_20.txt, CE Development Portfolio Financial Baseline, user-supplied 2026-08-21",,jchappell2120,20,20,construction,yes,Inferred preliminary planning assumption anchored to the $11.5M historical planning figure. | Calculated monthly planning series from scenario drivers; not actual project performance.
6,Garden Haven,Single-Family Residential Development,Preliminary Planning — Low,downside,schedule,SCH-CUM-20,cumulative_deployment_bps,cumulative deployment bps — month 20,9000,percentage_bps,estimated,"pasted_content_20.txt, CE Development Portfolio Financial Baseline, user-supplied 2026-08-21",,jchappell2120,20,20,construction,yes,Inferred preliminary planning assumption anchored to the $11.5M historical planning figure. | Calculated monthly planning series from scenario drivers; not actual project performance.
6,Garden Haven,Single-Family Residential Development,Preliminary Planning — Low,downside,schedule,SCH-OCC-20,occupancy_bps,occupancy bps — month 20,5429,percentage_bps,estimated,"pasted_content_20.txt, CE Development Portfolio Financial Baseline, user-supplied 2026-08-21",,jchappell2120,20,20,construction,yes,Inferred preliminary planning assumption anchored to the $11.5M historical planning figure. | Calculated monthly planning series from scenario drivers; not actual project performance.
6,Garden Haven,Single-Family Residential Development,Preliminary Planning — Low,downside,revenue,SCH-REV-20,monthly_effective_revenue,monthly effective revenue — month 20,316692,usd,estimated,"pasted_content_20.txt, CE Development Portfolio Financial Baseline, user-supplied 2026-08-21",,jchappell2120,20,20,construction,yes,Inferred preliminary planning assumption anchored to the $11.5M historical planning figure. | Calculated monthly planning series from scenario drivers; not actual project performance.
6,Garden Haven,Single-Family Residential Development,Preliminary Planning — Low,downside,operations,SCH-OPEX-20,monthly_operating_expense,monthly operating expense — month 20,0,usd,estimated,"pasted_content_20.txt, CE Development Portfolio Financial Baseline, user-supplied 2026-08-21",,jchappell2120,20,20,construction,yes,Inferred preliminary planning assumption anchored to the $11.5M historical planning figure. | Calculated monthly planning series from scenario drivers; not actual project performance.
6,Garden Haven,Single-Family Residential Development,Preliminary Planning — Low,downside,financing,SCH-DRAW-20,monthly_debt_draw,monthly debt draw — month 20,300300,usd,estimated,"pasted_content_20.txt, CE Development Portfolio Financial Baseline, user-supplied 2026-08-21",,jchappell2120,20,20,construction,yes,Inferred preliminary planning assumption anchored to the $11.5M historical planning figure. | Calculated monthly planning series from scenario drivers; not actual project performance.
6,Garden Haven,Single-Family Residential Development,Preliminary Planning — Low,downside,financing,SCH-INT-20,monthly_interest,monthly interest — month 20,53089,usd,estimated,"pasted_content_20.txt, CE Development Portfolio Financial Baseline, user-supplied 2026-08-21",,jchappell2120,20,20,construction,yes,Inferred preliminary planning assumption anchored to the $11.5M historical planning figure. | Calculated monthly planning series from scenario drivers; not actual project performance.
6,Garden Haven,Single-Family Residential Development,Preliminary Planning — Low,downside,cash_flow,SCH-CF-20,monthly_levered_cash_flow,monthly levered cash flow — month 20,-198397,usd,estimated,"pasted_content_20.txt, CE Development Portfolio Financial Baseline, user-supplied 2026-08-21",,jchappell2120,20,20,construction,yes,Inferred preliminary planning assumption anchored to the $11.5M historical planning figure. | Calculated monthly planning series from scenario drivers; not actual project performance.
6,Garden Haven,Single-Family Residential Development,Preliminary Planning — Low,downside,capital_deployment,SCH-COST-21,monthly_development_spend,monthly development spend — month 21,330000,usd,estimated,"pasted_content_20.txt, CE Development Portfolio Financial Baseline, user-supplied 2026-08-21",,jchappell2120,21,21,construction,yes,Inferred preliminary planning assumption anchored to the $11.5M historical planning figure. | Calculated monthly planning series from scenario drivers; not actual project performance.
6,Garden Haven,Single-Family Residential Development,Preliminary Planning — Low,downside,schedule,SCH-CUM-21,cumulative_deployment_bps,cumulative deployment bps — month 21,9250,percentage_bps,estimated,"pasted_content_20.txt, CE Development Portfolio Financial Baseline, user-supplied 2026-08-21",,jchappell2120,21,21,construction,yes,Inferred preliminary planning assumption anchored to the $11.5M historical planning figure. | Calculated monthly planning series from scenario drivers; not actual project performance.
6,Garden Haven,Single-Family Residential Development,Preliminary Planning — Low,downside,schedule,SCH-OCC-21,occupancy_bps,occupancy bps — month 21,5714,percentage_bps,estimated,"pasted_content_20.txt, CE Development Portfolio Financial Baseline, user-supplied 2026-08-21",,jchappell2120,21,21,construction,yes,Inferred preliminary planning assumption anchored to the $11.5M historical planning figure. | Calculated monthly planning series from scenario drivers; not actual project performance.
6,Garden Haven,Single-Family Residential Development,Preliminary Planning — Low,downside,revenue,SCH-REV-21,monthly_effective_revenue,monthly effective revenue — month 21,333317,usd,estimated,"pasted_content_20.txt, CE Development Portfolio Financial Baseline, user-supplied 2026-08-21",,jchappell2120,21,21,construction,yes,Inferred preliminary planning assumption anchored to the $11.5M historical planning figure. | Calculated monthly planning series from scenario drivers; not actual project performance.
6,Garden Haven,Single-Family Residential Development,Preliminary Planning — Low,downside,operations,SCH-OPEX-21,monthly_operating_expense,monthly operating expense — month 21,0,usd,estimated,"pasted_content_20.txt, CE Development Portfolio Financial Baseline, user-supplied 2026-08-21",,jchappell2120,21,21,construction,yes,Inferred preliminary planning assumption anchored to the $11.5M historical planning figure. | Calculated monthly planning series from scenario drivers; not actual project performance.
6,Garden Haven,Single-Family Residential Development,Preliminary Planning — Low,downside,financing,SCH-DRAW-21,monthly_debt_draw,monthly debt draw — month 21,214500,usd,estimated,"pasted_content_20.txt, CE Development Portfolio Financial Baseline, user-supplied 2026-08-21",,jchappell2120,21,21,construction,yes,Inferred preliminary planning assumption anchored to the $11.5M historical planning figure. | Calculated monthly planning series from scenario drivers; not actual project performance.
6,Garden Haven,Single-Family Residential Development,Preliminary Planning — Low,downside,financing,SCH-INT-21,monthly_interest,monthly interest — month 21,54563,usd,estimated,"pasted_content_20.txt, CE Development Portfolio Financial Baseline, user-supplied 2026-08-21",,jchappell2120,21,21,construction,yes,Inferred preliminary planning assumption anchored to the $11.5M historical planning figure. | Calculated monthly planning series from scenario drivers; not actual project performance.
6,Garden Haven,Single-Family Residential Development,Preliminary Planning — Low,downside,cash_flow,SCH-CF-21,monthly_levered_cash_flow,monthly levered cash flow — month 21,-51246,usd,estimated,"pasted_content_20.txt, CE Development Portfolio Financial Baseline, user-supplied 2026-08-21",,jchappell2120,21,21,construction,yes,Inferred preliminary planning assumption anchored to the $11.5M historical planning figure. | Calculated monthly planning series from scenario drivers; not actual project performance.
6,Garden Haven,Single-Family Residential Development,Preliminary Planning — Low,downside,capital_deployment,SCH-COST-22,monthly_development_spend,monthly development spend — month 22,330000,usd,estimated,"pasted_content_20.txt, CE Development Portfolio Financial Baseline, user-supplied 2026-08-21",,jchappell2120,22,22,construction,yes,Inferred preliminary planning assumption anchored to the $11.5M historical planning figure. | Calculated monthly planning series from scenario drivers; not actual project performance.
6,Garden Haven,Single-Family Residential Development,Preliminary Planning — Low,downside,schedule,SCH-CUM-22,cumulative_deployment_bps,cumulative deployment bps — month 22,9500,percentage_bps,estimated,"pasted_content_20.txt, CE Development Portfolio Financial Baseline, user-supplied 2026-08-21",,jchappell2120,22,22,construction,yes,Inferred preliminary planning assumption anchored to the $11.5M historical planning figure. | Calculated monthly planning series from scenario drivers; not actual project performance.
6,Garden Haven,Single-Family Residential Development,Preliminary Planning — Low,downside,schedule,SCH-OCC-22,occupancy_bps,occupancy bps — month 22,6000,percentage_bps,estimated,"pasted_content_20.txt, CE Development Portfolio Financial Baseline, user-supplied 2026-08-21",,jchappell2120,22,22,construction,yes,Inferred preliminary planning assumption anchored to the $11.5M historical planning figure. | Calculated monthly planning series from scenario drivers; not actual project performance.
6,Garden Haven,Single-Family Residential Development,Preliminary Planning — Low,downside,revenue,SCH-REV-22,monthly_effective_revenue,monthly effective revenue — month 22,350000,usd,estimated,"pasted_content_20.txt, CE Development Portfolio Financial Baseline, user-supplied 2026-08-21",,jchappell2120,22,22,construction,yes,Inferred preliminary planning assumption anchored to the $11.5M historical planning figure. | Calculated monthly planning series from scenario drivers; not actual project performance.
6,Garden Haven,Single-Family Residential Development,Preliminary Planning — Low,downside,operations,SCH-OPEX-22,monthly_operating_expense,monthly operating expense — month 22,0,usd,estimated,"pasted_content_20.txt, CE Development Portfolio Financial Baseline, user-supplied 2026-08-21",,jchappell2120,22,22,construction,yes,Inferred preliminary planning assumption anchored to the $11.5M historical planning figure. | Calculated monthly planning series from scenario drivers; not actual project performance.
6,Garden Haven,Single-Family Residential Development,Preliminary Planning — Low,downside,financing,SCH-DRAW-22,monthly_debt_draw,monthly debt draw — month 22,214500,usd,estimated,"pasted_content_20.txt, CE Development Portfolio Financial Baseline, user-supplied 2026-08-21",,jchappell2120,22,22,construction,yes,Inferred preliminary planning assumption anchored to the $11.5M historical planning figure. | Calculated monthly planning series from scenario drivers; not actual project performance.
6,Garden Haven,Single-Family Residential Development,Preliminary Planning — Low,downside,financing,SCH-INT-22,monthly_interest,monthly interest — month 22,56038,usd,estimated,"pasted_content_20.txt, CE Development Portfolio Financial Baseline, user-supplied 2026-08-21",,jchappell2120,22,22,construction,yes,Inferred preliminary planning assumption anchored to the $11.5M historical planning figure. | Calculated monthly planning series from scenario drivers; not actual project performance.
6,Garden Haven,Single-Family Residential Development,Preliminary Planning — Low,downside,cash_flow,SCH-CF-22,monthly_levered_cash_flow,monthly levered cash flow — month 22,-36038,usd,estimated,"pasted_content_20.txt, CE Development Portfolio Financial Baseline, user-supplied 2026-08-21",,jchappell2120,22,22,construction,yes,Inferred preliminary planning assumption anchored to the $11.5M historical planning figure. | Calculated monthly planning series from scenario drivers; not actual project performance.
6,Garden Haven,Single-Family Residential Development,Preliminary Planning — Low,downside,capital_deployment,SCH-COST-23,monthly_development_spend,monthly development spend — month 23,330000,usd,estimated,"pasted_content_20.txt, CE Development Portfolio Financial Baseline, user-supplied 2026-08-21",,jchappell2120,23,23,construction,yes,Inferred preliminary planning assumption anchored to the $11.5M historical planning figure. | Calculated monthly planning series from scenario drivers; not actual project performance.
6,Garden Haven,Single-Family Residential Development,Preliminary Planning — Low,downside,schedule,SCH-CUM-23,cumulative_deployment_bps,cumulative deployment bps — month 23,9750,percentage_bps,estimated,"pasted_content_20.txt, CE Development Portfolio Financial Baseline, user-supplied 2026-08-21",,jchappell2120,23,23,construction,yes,Inferred preliminary planning assumption anchored to the $11.5M historical planning figure. | Calculated monthly planning series from scenario drivers; not actual project performance.
6,Garden Haven,Single-Family Residential Development,Preliminary Planning — Low,downside,schedule,SCH-OCC-23,occupancy_bps,occupancy bps — month 23,6286,percentage_bps,estimated,"pasted_content_20.txt, CE Development Portfolio Financial Baseline, user-supplied 2026-08-21",,jchappell2120,23,23,construction,yes,Inferred preliminary planning assumption anchored to the $11.5M historical planning figure. | Calculated monthly planning series from scenario drivers; not actual project performance.
6,Garden Haven,Single-Family Residential Development,Preliminary Planning — Low,downside,revenue,SCH-REV-23,monthly_effective_revenue,monthly effective revenue — month 23,366683,usd,estimated,"pasted_content_20.txt, CE Development Portfolio Financial Baseline, user-supplied 2026-08-21",,jchappell2120,23,23,construction,yes,Inferred preliminary planning assumption anchored to the $11.5M historical planning figure. | Calculated monthly planning series from scenario drivers; not actual project performance.
6,Garden Haven,Single-Family Residential Development,Preliminary Planning — Low,downside,operations,SCH-OPEX-23,monthly_operating_expense,monthly operating expense — month 23,0,usd,estimated,"pasted_content_20.txt, CE Development Portfolio Financial Baseline, user-supplied 2026-08-21",,jchappell2120,23,23,construction,yes,Inferred preliminary planning assumption anchored to the $11.5M historical planning figure. | Calculated monthly planning series from scenario drivers; not actual project performance.
6,Garden Haven,Single-Family Residential Development,Preliminary Planning — Low,downside,financing,SCH-DRAW-23,monthly_debt_draw,monthly debt draw — month 23,214500,usd,estimated,"pasted_content_20.txt, CE Development Portfolio Financial Baseline, user-supplied 2026-08-21",,jchappell2120,23,23,construction,yes,Inferred preliminary planning assumption anchored to the $11.5M historical planning figure. | Calculated monthly planning series from scenario drivers; not actual project performance.
6,Garden Haven,Single-Family Residential Development,Preliminary Planning — Low,downside,financing,SCH-INT-23,monthly_interest,monthly interest — month 23,57513,usd,estimated,"pasted_content_20.txt, CE Development Portfolio Financial Baseline, user-supplied 2026-08-21",,jchappell2120,23,23,construction,yes,Inferred preliminary planning assumption anchored to the $11.5M historical planning figure. | Calculated monthly planning series from scenario drivers; not actual project performance.
6,Garden Haven,Single-Family Residential Development,Preliminary Planning — Low,downside,cash_flow,SCH-CF-23,monthly_levered_cash_flow,monthly levered cash flow — month 23,-20830,usd,estimated,"pasted_content_20.txt, CE Development Portfolio Financial Baseline, user-supplied 2026-08-21",,jchappell2120,23,23,construction,yes,Inferred preliminary planning assumption anchored to the $11.5M historical planning figure. | Calculated monthly planning series from scenario drivers; not actual project performance.
6,Garden Haven,Single-Family Residential Development,Preliminary Planning — Low,downside,capital_deployment,SCH-COST-24,monthly_development_spend,monthly development spend — month 24,330000,usd,estimated,"pasted_content_20.txt, CE Development Portfolio Financial Baseline, user-supplied 2026-08-21",,jchappell2120,24,24,construction,yes,Inferred preliminary planning assumption anchored to the $11.5M historical planning figure. | Calculated monthly planning series from scenario drivers; not actual project performance.
6,Garden Haven,Single-Family Residential Development,Preliminary Planning — Low,downside,schedule,SCH-CUM-24,cumulative_deployment_bps,cumulative deployment bps — month 24,10000,percentage_bps,estimated,"pasted_content_20.txt, CE Development Portfolio Financial Baseline, user-supplied 2026-08-21",,jchappell2120,24,24,construction,yes,Inferred preliminary planning assumption anchored to the $11.5M historical planning figure. | Calculated monthly planning series from scenario drivers; not actual project performance.
6,Garden Haven,Single-Family Residential Development,Preliminary Planning — Low,downside,schedule,SCH-OCC-24,occupancy_bps,occupancy bps — month 24,6571,percentage_bps,estimated,"pasted_content_20.txt, CE Development Portfolio Financial Baseline, user-supplied 2026-08-21",,jchappell2120,24,24,construction,yes,Inferred preliminary planning assumption anchored to the $11.5M historical planning figure. | Calculated monthly planning series from scenario drivers; not actual project performance.
6,Garden Haven,Single-Family Residential Development,Preliminary Planning — Low,downside,revenue,SCH-REV-24,monthly_effective_revenue,monthly effective revenue — month 24,383308,usd,estimated,"pasted_content_20.txt, CE Development Portfolio Financial Baseline, user-supplied 2026-08-21",,jchappell2120,24,24,construction,yes,Inferred preliminary planning assumption anchored to the $11.5M historical planning figure. | Calculated monthly planning series from scenario drivers; not actual project performance.
6,Garden Haven,Single-Family Residential Development,Preliminary Planning — Low,downside,operations,SCH-OPEX-24,monthly_operating_expense,monthly operating expense — month 24,0,usd,estimated,"pasted_content_20.txt, CE Development Portfolio Financial Baseline, user-supplied 2026-08-21",,jchappell2120,24,24,construction,yes,Inferred preliminary planning assumption anchored to the $11.5M historical planning figure. | Calculated monthly planning series from scenario drivers; not actual project performance.
6,Garden Haven,Single-Family Residential Development,Preliminary Planning — Low,downside,financing,SCH-DRAW-24,monthly_debt_draw,monthly debt draw — month 24,214500,usd,estimated,"pasted_content_20.txt, CE Development Portfolio Financial Baseline, user-supplied 2026-08-21",,jchappell2120,24,24,construction,yes,Inferred preliminary planning assumption anchored to the $11.5M historical planning figure. | Calculated monthly planning series from scenario drivers; not actual project performance.
6,Garden Haven,Single-Family Residential Development,Preliminary Planning — Low,downside,financing,SCH-INT-24,monthly_interest,monthly interest — month 24,58988,usd,estimated,"pasted_content_20.txt, CE Development Portfolio Financial Baseline, user-supplied 2026-08-21",,jchappell2120,24,24,construction,yes,Inferred preliminary planning assumption anchored to the $11.5M historical planning figure. | Calculated monthly planning series from scenario drivers; not actual project performance.
6,Garden Haven,Single-Family Residential Development,Preliminary Planning — Low,downside,cash_flow,SCH-CF-24,monthly_levered_cash_flow,monthly levered cash flow — month 24,-5680,usd,estimated,"pasted_content_20.txt, CE Development Portfolio Financial Baseline, user-supplied 2026-08-21",,jchappell2120,24,24,construction,yes,Inferred preliminary planning assumption anchored to the $11.5M historical planning figure. | Calculated monthly planning series from scenario drivers; not actual project performance.
6,Garden Haven,Single-Family Residential Development,Preliminary Planning — Low,downside,capital_deployment,SCH-COST-25,monthly_development_spend,monthly development spend — month 25,0,usd,estimated,"pasted_content_20.txt, CE Development Portfolio Financial Baseline, user-supplied 2026-08-21",,jchappell2120,25,25,lease_up_stabilization,yes,Inferred preliminary planning assumption anchored to the $11.5M historical planning figure. | Calculated monthly planning series from scenario drivers; not actual project performance.
6,Garden Haven,Single-Family Residential Development,Preliminary Planning — Low,downside,schedule,SCH-CUM-25,cumulative_deployment_bps,cumulative deployment bps — month 25,10000,percentage_bps,estimated,"pasted_content_20.txt, CE Development Portfolio Financial Baseline, user-supplied 2026-08-21",,jchappell2120,25,25,lease_up_stabilization,yes,Inferred preliminary planning assumption anchored to the $11.5M historical planning figure. | Calculated monthly planning series from scenario drivers; not actual project performance.
6,Garden Haven,Single-Family Residential Development,Preliminary Planning — Low,downside,schedule,SCH-OCC-25,occupancy_bps,occupancy bps — month 25,6857,percentage_bps,estimated,"pasted_content_20.txt, CE Development Portfolio Financial Baseline, user-supplied 2026-08-21",,jchappell2120,25,25,lease_up_stabilization,yes,Inferred preliminary planning assumption anchored to the $11.5M historical planning figure. | Calculated monthly planning series from scenario drivers; not actual project performance.
6,Garden Haven,Single-Family Residential Development,Preliminary Planning — Low,downside,revenue,SCH-REV-25,monthly_effective_revenue,monthly effective revenue — month 25,399992,usd,estimated,"pasted_content_20.txt, CE Development Portfolio Financial Baseline, user-supplied 2026-08-21",,jchappell2120,25,25,lease_up_stabilization,yes,Inferred preliminary planning assumption anchored to the $11.5M historical planning figure. | Calculated monthly planning series from scenario drivers; not actual project performance.
6,Garden Haven,Single-Family Residential Development,Preliminary Planning — Low,downside,operations,SCH-OPEX-25,monthly_operating_expense,monthly operating expense — month 25,0,usd,estimated,"pasted_content_20.txt, CE Development Portfolio Financial Baseline, user-supplied 2026-08-21",,jchappell2120,25,25,lease_up_stabilization,yes,Inferred preliminary planning assumption anchored to the $11.5M historical planning figure. | Calculated monthly planning series from scenario drivers; not actual project performance.
6,Garden Haven,Single-Family Residential Development,Preliminary Planning — Low,downside,financing,SCH-DRAW-25,monthly_debt_draw,monthly debt draw — month 25,0,usd,estimated,"pasted_content_20.txt, CE Development Portfolio Financial Baseline, user-supplied 2026-08-21",,jchappell2120,25,25,lease_up_stabilization,yes,Inferred preliminary planning assumption anchored to the $11.5M historical planning figure. | Calculated monthly planning series from scenario drivers; not actual project performance.
6,Garden Haven,Single-Family Residential Development,Preliminary Planning — Low,downside,financing,SCH-INT-25,monthly_interest,monthly interest — month 25,58988,usd,estimated,"pasted_content_20.txt, CE Development Portfolio Financial Baseline, user-supplied 2026-08-21",,jchappell2120,25,25,lease_up_stabilization,yes,Inferred preliminary planning assumption anchored to the $11.5M historical planning figure. | Calculated monthly planning series from scenario drivers; not actual project performance.
6,Garden Haven,Single-Family Residential Development,Preliminary Planning — Low,downside,cash_flow,SCH-CF-25,monthly_levered_cash_flow,monthly levered cash flow — month 25,341004,usd,estimated,"pasted_content_20.txt, CE Development Portfolio Financial Baseline, user-supplied 2026-08-21",,jchappell2120,25,25,lease_up_stabilization,yes,Inferred preliminary planning assumption anchored to the $11.5M historical planning figure. | Calculated monthly planning series from scenario drivers; not actual project performance.
6,Garden Haven,Single-Family Residential Development,Preliminary Planning — Low,downside,capital_deployment,SCH-COST-26,monthly_development_spend,monthly development spend — month 26,0,usd,estimated,"pasted_content_20.txt, CE Development Portfolio Financial Baseline, user-supplied 2026-08-21",,jchappell2120,26,26,lease_up_stabilization,yes,Inferred preliminary planning assumption anchored to the $11.5M historical planning figure. | Calculated monthly planning series from scenario drivers; not actual project performance.
6,Garden Haven,Single-Family Residential Development,Preliminary Planning — Low,downside,schedule,SCH-CUM-26,cumulative_deployment_bps,cumulative deployment bps — month 26,10000,percentage_bps,estimated,"pasted_content_20.txt, CE Development Portfolio Financial Baseline, user-supplied 2026-08-21",,jchappell2120,26,26,lease_up_stabilization,yes,Inferred preliminary planning assumption anchored to the $11.5M historical planning figure. | Calculated monthly planning series from scenario drivers; not actual project performance.
6,Garden Haven,Single-Family Residential Development,Preliminary Planning — Low,downside,schedule,SCH-OCC-26,occupancy_bps,occupancy bps — month 26,7143,percentage_bps,estimated,"pasted_content_20.txt, CE Development Portfolio Financial Baseline, user-supplied 2026-08-21",,jchappell2120,26,26,lease_up_stabilization,yes,Inferred preliminary planning assumption anchored to the $11.5M historical planning figure. | Calculated monthly planning series from scenario drivers; not actual project performance.
6,Garden Haven,Single-Family Residential Development,Preliminary Planning — Low,downside,revenue,SCH-REV-26,monthly_effective_revenue,monthly effective revenue — month 26,416675,usd,estimated,"pasted_content_20.txt, CE Development Portfolio Financial Baseline, user-supplied 2026-08-21",,jchappell2120,26,26,lease_up_stabilization,yes,Inferred preliminary planning assumption anchored to the $11.5M historical planning figure. | Calculated monthly planning series from scenario drivers; not actual project performance.
6,Garden Haven,Single-Family Residential Development,Preliminary Planning — Low,downside,operations,SCH-OPEX-26,monthly_operating_expense,monthly operating expense — month 26,0,usd,estimated,"pasted_content_20.txt, CE Development Portfolio Financial Baseline, user-supplied 2026-08-21",,jchappell2120,26,26,lease_up_stabilization,yes,Inferred preliminary planning assumption anchored to the $11.5M historical planning figure. | Calculated monthly planning series from scenario drivers; not actual project performance.
6,Garden Haven,Single-Family Residential Development,Preliminary Planning — Low,downside,financing,SCH-DRAW-26,monthly_debt_draw,monthly debt draw — month 26,0,usd,estimated,"pasted_content_20.txt, CE Development Portfolio Financial Baseline, user-supplied 2026-08-21",,jchappell2120,26,26,lease_up_stabilization,yes,Inferred preliminary planning assumption anchored to the $11.5M historical planning figure. | Calculated monthly planning series from scenario drivers; not actual project performance.
6,Garden Haven,Single-Family Residential Development,Preliminary Planning — Low,downside,financing,SCH-INT-26,monthly_interest,monthly interest — month 26,58988,usd,estimated,"pasted_content_20.txt, CE Development Portfolio Financial Baseline, user-supplied 2026-08-21",,jchappell2120,26,26,lease_up_stabilization,yes,Inferred preliminary planning assumption anchored to the $11.5M historical planning figure. | Calculated monthly planning series from scenario drivers; not actual project performance.
6,Garden Haven,Single-Family Residential Development,Preliminary Planning — Low,downside,cash_flow,SCH-CF-26,monthly_levered_cash_flow,monthly levered cash flow — month 26,357687,usd,estimated,"pasted_content_20.txt, CE Development Portfolio Financial Baseline, user-supplied 2026-08-21",,jchappell2120,26,26,lease_up_stabilization,yes,Inferred preliminary planning assumption anchored to the $11.5M historical planning figure. | Calculated monthly planning series from scenario drivers; not actual project performance.
6,Garden Haven,Single-Family Residential Development,Preliminary Planning — Low,downside,capital_deployment,SCH-COST-27,monthly_development_spend,monthly development spend — month 27,0,usd,estimated,"pasted_content_20.txt, CE Development Portfolio Financial Baseline, user-supplied 2026-08-21",,jchappell2120,27,27,lease_up_stabilization,yes,Inferred preliminary planning assumption anchored to the $11.5M historical planning figure. | Calculated monthly planning series from scenario drivers; not actual project performance.
6,Garden Haven,Single-Family Residential Development,Preliminary Planning — Low,downside,schedule,SCH-CUM-27,cumulative_deployment_bps,cumulative deployment bps — month 27,10000,percentage_bps,estimated,"pasted_content_20.txt, CE Development Portfolio Financial Baseline, user-supplied 2026-08-21",,jchappell2120,27,27,lease_up_stabilization,yes,Inferred preliminary planning assumption anchored to the $11.5M historical planning figure. | Calculated monthly planning series from scenario drivers; not actual project performance.
6,Garden Haven,Single-Family Residential Development,Preliminary Planning — Low,downside,schedule,SCH-OCC-27,occupancy_bps,occupancy bps — month 27,7429,percentage_bps,estimated,"pasted_content_20.txt, CE Development Portfolio Financial Baseline, user-supplied 2026-08-21",,jchappell2120,27,27,lease_up_stabilization,yes,Inferred preliminary planning assumption anchored to the $11.5M historical planning figure. | Calculated monthly planning series from scenario drivers; not actual project performance.
6,Garden Haven,Single-Family Residential Development,Preliminary Planning — Low,downside,revenue,SCH-REV-27,monthly_effective_revenue,monthly effective revenue — month 27,433358,usd,estimated,"pasted_content_20.txt, CE Development Portfolio Financial Baseline, user-supplied 2026-08-21",,jchappell2120,27,27,lease_up_stabilization,yes,Inferred preliminary planning assumption anchored to the $11.5M historical planning figure. | Calculated monthly planning series from scenario drivers; not actual project performance.
6,Garden Haven,Single-Family Residential Development,Preliminary Planning — Low,downside,operations,SCH-OPEX-27,monthly_operating_expense,monthly operating expense — month 27,0,usd,estimated,"pasted_content_20.txt, CE Development Portfolio Financial Baseline, user-supplied 2026-08-21",,jchappell2120,27,27,lease_up_stabilization,yes,Inferred preliminary planning assumption anchored to the $11.5M historical planning figure. | Calculated monthly planning series from scenario drivers; not actual project performance.
6,Garden Haven,Single-Family Residential Development,Preliminary Planning — Low,downside,financing,SCH-DRAW-27,monthly_debt_draw,monthly debt draw — month 27,0,usd,estimated,"pasted_content_20.txt, CE Development Portfolio Financial Baseline, user-supplied 2026-08-21",,jchappell2120,27,27,lease_up_stabilization,yes,Inferred preliminary planning assumption anchored to the $11.5M historical planning figure. | Calculated monthly planning series from scenario drivers; not actual project performance.
6,Garden Haven,Single-Family Residential Development,Preliminary Planning — Low,downside,financing,SCH-INT-27,monthly_interest,monthly interest — month 27,58988,usd,estimated,"pasted_content_20.txt, CE Development Portfolio Financial Baseline, user-supplied 2026-08-21",,jchappell2120,27,27,lease_up_stabilization,yes,Inferred preliminary planning assumption anchored to the $11.5M historical planning figure. | Calculated monthly planning series from scenario drivers; not actual project performance.
6,Garden Haven,Single-Family Residential Development,Preliminary Planning — Low,downside,cash_flow,SCH-CF-27,monthly_levered_cash_flow,monthly levered cash flow — month 27,374370,usd,estimated,"pasted_content_20.txt, CE Development Portfolio Financial Baseline, user-supplied 2026-08-21",,jchappell2120,27,27,lease_up_stabilization,yes,Inferred preliminary planning assumption anchored to the $11.5M historical planning figure. | Calculated monthly planning series from scenario drivers; not actual project performance.
6,Garden Haven,Single-Family Residential Development,Preliminary Planning — Low,downside,capital_deployment,SCH-COST-28,monthly_development_spend,monthly development spend — month 28,0,usd,estimated,"pasted_content_20.txt, CE Development Portfolio Financial Baseline, user-supplied 2026-08-21",,jchappell2120,28,28,lease_up_stabilization,yes,Inferred preliminary planning assumption anchored to the $11.5M historical planning figure. | Calculated monthly planning series from scenario drivers; not actual project performance.
6,Garden Haven,Single-Family Residential Development,Preliminary Planning — Low,downside,schedule,SCH-CUM-28,cumulative_deployment_bps,cumulative deployment bps — month 28,10000,percentage_bps,estimated,"pasted_content_20.txt, CE Development Portfolio Financial Baseline, user-supplied 2026-08-21",,jchappell2120,28,28,lease_up_stabilization,yes,Inferred preliminary planning assumption anchored to the $11.5M historical planning figure. | Calculated monthly planning series from scenario drivers; not actual project performance.
6,Garden Haven,Single-Family Residential Development,Preliminary Planning — Low,downside,schedule,SCH-OCC-28,occupancy_bps,occupancy bps — month 28,7714,percentage_bps,estimated,"pasted_content_20.txt, CE Development Portfolio Financial Baseline, user-supplied 2026-08-21",,jchappell2120,28,28,lease_up_stabilization,yes,Inferred preliminary planning assumption anchored to the $11.5M historical planning figure. | Calculated monthly planning series from scenario drivers; not actual project performance.
6,Garden Haven,Single-Family Residential Development,Preliminary Planning — Low,downside,revenue,SCH-REV-28,monthly_effective_revenue,monthly effective revenue — month 28,449983,usd,estimated,"pasted_content_20.txt, CE Development Portfolio Financial Baseline, user-supplied 2026-08-21",,jchappell2120,28,28,lease_up_stabilization,yes,Inferred preliminary planning assumption anchored to the $11.5M historical planning figure. | Calculated monthly planning series from scenario drivers; not actual project performance.
6,Garden Haven,Single-Family Residential Development,Preliminary Planning — Low,downside,operations,SCH-OPEX-28,monthly_operating_expense,monthly operating expense — month 28,0,usd,estimated,"pasted_content_20.txt, CE Development Portfolio Financial Baseline, user-supplied 2026-08-21",,jchappell2120,28,28,lease_up_stabilization,yes,Inferred preliminary planning assumption anchored to the $11.5M historical planning figure. | Calculated monthly planning series from scenario drivers; not actual project performance.
6,Garden Haven,Single-Family Residential Development,Preliminary Planning — Low,downside,financing,SCH-DRAW-28,monthly_debt_draw,monthly debt draw — month 28,0,usd,estimated,"pasted_content_20.txt, CE Development Portfolio Financial Baseline, user-supplied 2026-08-21",,jchappell2120,28,28,lease_up_stabilization,yes,Inferred preliminary planning assumption anchored to the $11.5M historical planning figure. | Calculated monthly planning series from scenario drivers; not actual project performance.
6,Garden Haven,Single-Family Residential Development,Preliminary Planning — Low,downside,financing,SCH-INT-28,monthly_interest,monthly interest — month 28,58988,usd,estimated,"pasted_content_20.txt, CE Development Portfolio Financial Baseline, user-supplied 2026-08-21",,jchappell2120,28,28,lease_up_stabilization,yes,Inferred preliminary planning assumption anchored to the $11.5M historical planning figure. | Calculated monthly planning series from scenario drivers; not actual project performance.
6,Garden Haven,Single-Family Residential Development,Preliminary Planning — Low,downside,cash_flow,SCH-CF-28,monthly_levered_cash_flow,monthly levered cash flow — month 28,390995,usd,estimated,"pasted_content_20.txt, CE Development Portfolio Financial Baseline, user-supplied 2026-08-21",,jchappell2120,28,28,lease_up_stabilization,yes,Inferred preliminary planning assumption anchored to the $11.5M historical planning figure. | Calculated monthly planning series from scenario drivers; not actual project performance.
6,Garden Haven,Single-Family Residential Development,Preliminary Planning — Low,downside,capital_deployment,SCH-COST-29,monthly_development_spend,monthly development spend — month 29,0,usd,estimated,"pasted_content_20.txt, CE Development Portfolio Financial Baseline, user-supplied 2026-08-21",,jchappell2120,29,29,lease_up_stabilization,yes,Inferred preliminary planning assumption anchored to the $11.5M historical planning figure. | Calculated monthly planning series from scenario drivers; not actual project performance.
6,Garden Haven,Single-Family Residential Development,Preliminary Planning — Low,downside,schedule,SCH-CUM-29,cumulative_deployment_bps,cumulative deployment bps — month 29,10000,percentage_bps,estimated,"pasted_content_20.txt, CE Development Portfolio Financial Baseline, user-supplied 2026-08-21",,jchappell2120,29,29,lease_up_stabilization,yes,Inferred preliminary planning assumption anchored to the $11.5M historical planning figure. | Calculated monthly planning series from scenario drivers; not actual project performance.
6,Garden Haven,Single-Family Residential Development,Preliminary Planning — Low,downside,schedule,SCH-OCC-29,occupancy_bps,occupancy bps — month 29,8000,percentage_bps,estimated,"pasted_content_20.txt, CE Development Portfolio Financial Baseline, user-supplied 2026-08-21",,jchappell2120,29,29,lease_up_stabilization,yes,Inferred preliminary planning assumption anchored to the $11.5M historical planning figure. | Calculated monthly planning series from scenario drivers; not actual project performance.
6,Garden Haven,Single-Family Residential Development,Preliminary Planning — Low,downside,revenue,SCH-REV-29,monthly_effective_revenue,monthly effective revenue — month 29,466667,usd,estimated,"pasted_content_20.txt, CE Development Portfolio Financial Baseline, user-supplied 2026-08-21",,jchappell2120,29,29,lease_up_stabilization,yes,Inferred preliminary planning assumption anchored to the $11.5M historical planning figure. | Calculated monthly planning series from scenario drivers; not actual project performance.
6,Garden Haven,Single-Family Residential Development,Preliminary Planning — Low,downside,operations,SCH-OPEX-29,monthly_operating_expense,monthly operating expense — month 29,0,usd,estimated,"pasted_content_20.txt, CE Development Portfolio Financial Baseline, user-supplied 2026-08-21",,jchappell2120,29,29,lease_up_stabilization,yes,Inferred preliminary planning assumption anchored to the $11.5M historical planning figure. | Calculated monthly planning series from scenario drivers; not actual project performance.
6,Garden Haven,Single-Family Residential Development,Preliminary Planning — Low,downside,financing,SCH-DRAW-29,monthly_debt_draw,monthly debt draw — month 29,0,usd,estimated,"pasted_content_20.txt, CE Development Portfolio Financial Baseline, user-supplied 2026-08-21",,jchappell2120,29,29,lease_up_stabilization,yes,Inferred preliminary planning assumption anchored to the $11.5M historical planning figure. | Calculated monthly planning series from scenario drivers; not actual project performance.
6,Garden Haven,Single-Family Residential Development,Preliminary Planning — Low,downside,financing,SCH-INT-29,monthly_interest,monthly interest — month 29,58988,usd,estimated,"pasted_content_20.txt, CE Development Portfolio Financial Baseline, user-supplied 2026-08-21",,jchappell2120,29,29,lease_up_stabilization,yes,Inferred preliminary planning assumption anchored to the $11.5M historical planning figure. | Calculated monthly planning series from scenario drivers; not actual project performance.
6,Garden Haven,Single-Family Residential Development,Preliminary Planning — Low,downside,cash_flow,SCH-CF-29,monthly_levered_cash_flow,monthly levered cash flow — month 29,407679,usd,estimated,"pasted_content_20.txt, CE Development Portfolio Financial Baseline, user-supplied 2026-08-21",,jchappell2120,29,29,lease_up_stabilization,yes,Inferred preliminary planning assumption anchored to the $11.5M historical planning figure. | Calculated monthly planning series from scenario drivers; not actual project performance.
6,Garden Haven,Single-Family Residential Development,Preliminary Planning — Low,downside,capital_deployment,SCH-COST-30,monthly_development_spend,monthly development spend — month 30,0,usd,estimated,"pasted_content_20.txt, CE Development Portfolio Financial Baseline, user-supplied 2026-08-21",,jchappell2120,30,30,lease_up_stabilization,yes,Inferred preliminary planning assumption anchored to the $11.5M historical planning figure. | Calculated monthly planning series from scenario drivers; not actual project performance.
6,Garden Haven,Single-Family Residential Development,Preliminary Planning — Low,downside,schedule,SCH-CUM-30,cumulative_deployment_bps,cumulative deployment bps — month 30,10000,percentage_bps,estimated,"pasted_content_20.txt, CE Development Portfolio Financial Baseline, user-supplied 2026-08-21",,jchappell2120,30,30,lease_up_stabilization,yes,Inferred preliminary planning assumption anchored to the $11.5M historical planning figure. | Calculated monthly planning series from scenario drivers; not actual project performance.
6,Garden Haven,Single-Family Residential Development,Preliminary Planning — Low,downside,schedule,SCH-OCC-30,occupancy_bps,occupancy bps — month 30,8286,percentage_bps,estimated,"pasted_content_20.txt, CE Development Portfolio Financial Baseline, user-supplied 2026-08-21",,jchappell2120,30,30,lease_up_stabilization,yes,Inferred preliminary planning assumption anchored to the $11.5M historical planning figure. | Calculated monthly planning series from scenario drivers; not actual project performance.
6,Garden Haven,Single-Family Residential Development,Preliminary Planning — Low,downside,revenue,SCH-REV-30,monthly_effective_revenue,monthly effective revenue — month 30,483350,usd,estimated,"pasted_content_20.txt, CE Development Portfolio Financial Baseline, user-supplied 2026-08-21",,jchappell2120,30,30,lease_up_stabilization,yes,Inferred preliminary planning assumption anchored to the $11.5M historical planning figure. | Calculated monthly planning series from scenario drivers; not actual project performance.
6,Garden Haven,Single-Family Residential Development,Preliminary Planning — Low,downside,operations,SCH-OPEX-30,monthly_operating_expense,monthly operating expense — month 30,0,usd,estimated,"pasted_content_20.txt, CE Development Portfolio Financial Baseline, user-supplied 2026-08-21",,jchappell2120,30,30,lease_up_stabilization,yes,Inferred preliminary planning assumption anchored to the $11.5M historical planning figure. | Calculated monthly planning series from scenario drivers; not actual project performance.
6,Garden Haven,Single-Family Residential Development,Preliminary Planning — Low,downside,financing,SCH-DRAW-30,monthly_debt_draw,monthly debt draw — month 30,0,usd,estimated,"pasted_content_20.txt, CE Development Portfolio Financial Baseline, user-supplied 2026-08-21",,jchappell2120,30,30,lease_up_stabilization,yes,Inferred preliminary planning assumption anchored to the $11.5M historical planning figure. | Calculated monthly planning series from scenario drivers; not actual project performance.
6,Garden Haven,Single-Family Residential Development,Preliminary Planning — Low,downside,financing,SCH-INT-30,monthly_interest,monthly interest — month 30,58988,usd,estimated,"pasted_content_20.txt, CE Development Portfolio Financial Baseline, user-supplied 2026-08-21",,jchappell2120,30,30,lease_up_stabilization,yes,Inferred preliminary planning assumption anchored to the $11.5M historical planning figure. | Calculated monthly planning series from scenario drivers; not actual project performance.
6,Garden Haven,Single-Family Residential Development,Preliminary Planning — Low,downside,cash_flow,SCH-CF-30,monthly_levered_cash_flow,monthly levered cash flow — month 30,424362,usd,estimated,"pasted_content_20.txt, CE Development Portfolio Financial Baseline, user-supplied 2026-08-21",,jchappell2120,30,30,lease_up_stabilization,yes,Inferred preliminary planning assumption anchored to the $11.5M historical planning figure. | Calculated monthly planning series from scenario drivers; not actual project performance.
6,Garden Haven,Single-Family Residential Development,Preliminary Planning — Low,downside,capital_deployment,SCH-COST-31,monthly_development_spend,monthly development spend — month 31,0,usd,estimated,"pasted_content_20.txt, CE Development Portfolio Financial Baseline, user-supplied 2026-08-21",,jchappell2120,31,31,lease_up_stabilization,yes,Inferred preliminary planning assumption anchored to the $11.5M historical planning figure. | Calculated monthly planning series from scenario drivers; not actual project performance.
6,Garden Haven,Single-Family Residential Development,Preliminary Planning — Low,downside,schedule,SCH-CUM-31,cumulative_deployment_bps,cumulative deployment bps — month 31,10000,percentage_bps,estimated,"pasted_content_20.txt, CE Development Portfolio Financial Baseline, user-supplied 2026-08-21",,jchappell2120,31,31,lease_up_stabilization,yes,Inferred preliminary planning assumption anchored to the $11.5M historical planning figure. | Calculated monthly planning series from scenario drivers; not actual project performance.
6,Garden Haven,Single-Family Residential Development,Preliminary Planning — Low,downside,schedule,SCH-OCC-31,occupancy_bps,occupancy bps — month 31,8571,percentage_bps,estimated,"pasted_content_20.txt, CE Development Portfolio Financial Baseline, user-supplied 2026-08-21",,jchappell2120,31,31,lease_up_stabilization,yes,Inferred preliminary planning assumption anchored to the $11.5M historical planning figure. | Calculated monthly planning series from scenario drivers; not actual project performance.
6,Garden Haven,Single-Family Residential Development,Preliminary Planning — Low,downside,revenue,SCH-REV-31,monthly_effective_revenue,monthly effective revenue — month 31,499975,usd,estimated,"pasted_content_20.txt, CE Development Portfolio Financial Baseline, user-supplied 2026-08-21",,jchappell2120,31,31,lease_up_stabilization,yes,Inferred preliminary planning assumption anchored to the $11.5M historical planning figure. | Calculated monthly planning series from scenario drivers; not actual project performance.
6,Garden Haven,Single-Family Residential Development,Preliminary Planning — Low,downside,operations,SCH-OPEX-31,monthly_operating_expense,monthly operating expense — month 31,0,usd,estimated,"pasted_content_20.txt, CE Development Portfolio Financial Baseline, user-supplied 2026-08-21",,jchappell2120,31,31,lease_up_stabilization,yes,Inferred preliminary planning assumption anchored to the $11.5M historical planning figure. | Calculated monthly planning series from scenario drivers; not actual project performance.
6,Garden Haven,Single-Family Residential Development,Preliminary Planning — Low,downside,financing,SCH-DRAW-31,monthly_debt_draw,monthly debt draw — month 31,0,usd,estimated,"pasted_content_20.txt, CE Development Portfolio Financial Baseline, user-supplied 2026-08-21",,jchappell2120,31,31,lease_up_stabilization,yes,Inferred preliminary planning assumption anchored to the $11.5M historical planning figure. | Calculated monthly planning series from scenario drivers; not actual project performance.
6,Garden Haven,Single-Family Residential Development,Preliminary Planning — Low,downside,financing,SCH-INT-31,monthly_interest,monthly interest — month 31,58988,usd,estimated,"pasted_content_20.txt, CE Development Portfolio Financial Baseline, user-supplied 2026-08-21",,jchappell2120,31,31,lease_up_stabilization,yes,Inferred preliminary planning assumption anchored to the $11.5M historical planning figure. | Calculated monthly planning series from scenario drivers; not actual project performance.
6,Garden Haven,Single-Family Residential Development,Preliminary Planning — Low,downside,cash_flow,SCH-CF-31,monthly_levered_cash_flow,monthly levered cash flow — month 31,440987,usd,estimated,"pasted_content_20.txt, CE Development Portfolio Financial Baseline, user-supplied 2026-08-21",,jchappell2120,31,31,lease_up_stabilization,yes,Inferred preliminary planning assumption anchored to the $11.5M historical planning figure. | Calculated monthly planning series from scenario drivers; not actual project performance.
6,Garden Haven,Single-Family Residential Development,Preliminary Planning — Low,downside,capital_deployment,SCH-COST-32,monthly_development_spend,monthly development spend — month 32,0,usd,estimated,"pasted_content_20.txt, CE Development Portfolio Financial Baseline, user-supplied 2026-08-21",,jchappell2120,32,32,lease_up_stabilization,yes,Inferred preliminary planning assumption anchored to the $11.5M historical planning figure. | Calculated monthly planning series from scenario drivers; not actual project performance.
6,Garden Haven,Single-Family Residential Development,Preliminary Planning — Low,downside,schedule,SCH-CUM-32,cumulative_deployment_bps,cumulative deployment bps — month 32,10000,percentage_bps,estimated,"pasted_content_20.txt, CE Development Portfolio Financial Baseline, user-supplied 2026-08-21",,jchappell2120,32,32,lease_up_stabilization,yes,Inferred preliminary planning assumption anchored to the $11.5M historical planning figure. | Calculated monthly planning series from scenario drivers; not actual project performance.
6,Garden Haven,Single-Family Residential Development,Preliminary Planning — Low,downside,schedule,SCH-OCC-32,occupancy_bps,occupancy bps — month 32,8857,percentage_bps,estimated,"pasted_content_20.txt, CE Development Portfolio Financial Baseline, user-supplied 2026-08-21",,jchappell2120,32,32,lease_up_stabilization,yes,Inferred preliminary planning assumption anchored to the $11.5M historical planning figure. | Calculated monthly planning series from scenario drivers; not actual project performance.
6,Garden Haven,Single-Family Residential Development,Preliminary Planning — Low,downside,revenue,SCH-REV-32,monthly_effective_revenue,monthly effective revenue — month 32,516658,usd,estimated,"pasted_content_20.txt, CE Development Portfolio Financial Baseline, user-supplied 2026-08-21",,jchappell2120,32,32,lease_up_stabilization,yes,Inferred preliminary planning assumption anchored to the $11.5M historical planning figure. | Calculated monthly planning series from scenario drivers; not actual project performance.
6,Garden Haven,Single-Family Residential Development,Preliminary Planning — Low,downside,operations,SCH-OPEX-32,monthly_operating_expense,monthly operating expense — month 32,0,usd,estimated,"pasted_content_20.txt, CE Development Portfolio Financial Baseline, user-supplied 2026-08-21",,jchappell2120,32,32,lease_up_stabilization,yes,Inferred preliminary planning assumption anchored to the $11.5M historical planning figure. | Calculated monthly planning series from scenario drivers; not actual project performance.
6,Garden Haven,Single-Family Residential Development,Preliminary Planning — Low,downside,financing,SCH-DRAW-32,monthly_debt_draw,monthly debt draw — month 32,0,usd,estimated,"pasted_content_20.txt, CE Development Portfolio Financial Baseline, user-supplied 2026-08-21",,jchappell2120,32,32,lease_up_stabilization,yes,Inferred preliminary planning assumption anchored to the $11.5M historical planning figure. | Calculated monthly planning series from scenario drivers; not actual project performance.
6,Garden Haven,Single-Family Residential Development,Preliminary Planning — Low,downside,financing,SCH-INT-32,monthly_interest,monthly interest — month 32,58988,usd,estimated,"pasted_content_20.txt, CE Development Portfolio Financial Baseline, user-supplied 2026-08-21",,jchappell2120,32,32,lease_up_stabilization,yes,Inferred preliminary planning assumption anchored to the $11.5M historical planning figure. | Calculated monthly planning series from scenario drivers; not actual project performance.
6,Garden Haven,Single-Family Residential Development,Preliminary Planning — Low,downside,cash_flow,SCH-CF-32,monthly_levered_cash_flow,monthly levered cash flow — month 32,457670,usd,estimated,"pasted_content_20.txt, CE Development Portfolio Financial Baseline, user-supplied 2026-08-21",,jchappell2120,32,32,lease_up_stabilization,yes,Inferred preliminary planning assumption anchored to the $11.5M historical planning figure. | Calculated monthly planning series from scenario drivers; not actual project performance.
6,Garden Haven,Single-Family Residential Development,Preliminary Planning — Low,downside,capital_deployment,SCH-COST-33,monthly_development_spend,monthly development spend — month 33,0,usd,estimated,"pasted_content_20.txt, CE Development Portfolio Financial Baseline, user-supplied 2026-08-21",,jchappell2120,33,33,lease_up_stabilization,yes,Inferred preliminary planning assumption anchored to the $11.5M historical planning figure. | Calculated monthly planning series from scenario drivers; not actual project performance.
6,Garden Haven,Single-Family Residential Development,Preliminary Planning — Low,downside,schedule,SCH-CUM-33,cumulative_deployment_bps,cumulative deployment bps — month 33,10000,percentage_bps,estimated,"pasted_content_20.txt, CE Development Portfolio Financial Baseline, user-supplied 2026-08-21",,jchappell2120,33,33,lease_up_stabilization,yes,Inferred preliminary planning assumption anchored to the $11.5M historical planning figure. | Calculated monthly planning series from scenario drivers; not actual project performance.
6,Garden Haven,Single-Family Residential Development,Preliminary Planning — Low,downside,schedule,SCH-OCC-33,occupancy_bps,occupancy bps — month 33,9143,percentage_bps,estimated,"pasted_content_20.txt, CE Development Portfolio Financial Baseline, user-supplied 2026-08-21",,jchappell2120,33,33,lease_up_stabilization,yes,Inferred preliminary planning assumption anchored to the $11.5M historical planning figure. | Calculated monthly planning series from scenario drivers; not actual project performance.
6,Garden Haven,Single-Family Residential Development,Preliminary Planning — Low,downside,revenue,SCH-REV-33,monthly_effective_revenue,monthly effective revenue — month 33,533342,usd,estimated,"pasted_content_20.txt, CE Development Portfolio Financial Baseline, user-supplied 2026-08-21",,jchappell2120,33,33,lease_up_stabilization,yes,Inferred preliminary planning assumption anchored to the $11.5M historical planning figure. | Calculated monthly planning series from scenario drivers; not actual project performance.
6,Garden Haven,Single-Family Residential Development,Preliminary Planning — Low,downside,operations,SCH-OPEX-33,monthly_operating_expense,monthly operating expense — month 33,0,usd,estimated,"pasted_content_20.txt, CE Development Portfolio Financial Baseline, user-supplied 2026-08-21",,jchappell2120,33,33,lease_up_stabilization,yes,Inferred preliminary planning assumption anchored to the $11.5M historical planning figure. | Calculated monthly planning series from scenario drivers; not actual project performance.
6,Garden Haven,Single-Family Residential Development,Preliminary Planning — Low,downside,financing,SCH-DRAW-33,monthly_debt_draw,monthly debt draw — month 33,0,usd,estimated,"pasted_content_20.txt, CE Development Portfolio Financial Baseline, user-supplied 2026-08-21",,jchappell2120,33,33,lease_up_stabilization,yes,Inferred preliminary planning assumption anchored to the $11.5M historical planning figure. | Calculated monthly planning series from scenario drivers; not actual project performance.
6,Garden Haven,Single-Family Residential Development,Preliminary Planning — Low,downside,financing,SCH-INT-33,monthly_interest,monthly interest — month 33,58988,usd,estimated,"pasted_content_20.txt, CE Development Portfolio Financial Baseline, user-supplied 2026-08-21",,jchappell2120,33,33,lease_up_stabilization,yes,Inferred preliminary planning assumption anchored to the $11.5M historical planning figure. | Calculated monthly planning series from scenario drivers; not actual project performance.
6,Garden Haven,Single-Family Residential Development,Preliminary Planning — Low,downside,cash_flow,SCH-CF-33,monthly_levered_cash_flow,monthly levered cash flow — month 33,474354,usd,estimated,"pasted_content_20.txt, CE Development Portfolio Financial Baseline, user-supplied 2026-08-21",,jchappell2120,33,33,lease_up_stabilization,yes,Inferred preliminary planning assumption anchored to the $11.5M historical planning figure. | Calculated monthly planning series from scenario drivers; not actual project performance.
6,Garden Haven,Single-Family Residential Development,Preliminary Planning — Low,downside,capital_deployment,SCH-COST-34,monthly_development_spend,monthly development spend — month 34,0,usd,estimated,"pasted_content_20.txt, CE Development Portfolio Financial Baseline, user-supplied 2026-08-21",,jchappell2120,34,34,lease_up_stabilization,yes,Inferred preliminary planning assumption anchored to the $11.5M historical planning figure. | Calculated monthly planning series from scenario drivers; not actual project performance.
6,Garden Haven,Single-Family Residential Development,Preliminary Planning — Low,downside,schedule,SCH-CUM-34,cumulative_deployment_bps,cumulative deployment bps — month 34,10000,percentage_bps,estimated,"pasted_content_20.txt, CE Development Portfolio Financial Baseline, user-supplied 2026-08-21",,jchappell2120,34,34,lease_up_stabilization,yes,Inferred preliminary planning assumption anchored to the $11.5M historical planning figure. | Calculated monthly planning series from scenario drivers; not actual project performance.
6,Garden Haven,Single-Family Residential Development,Preliminary Planning — Low,downside,schedule,SCH-OCC-34,occupancy_bps,occupancy bps — month 34,9429,percentage_bps,estimated,"pasted_content_20.txt, CE Development Portfolio Financial Baseline, user-supplied 2026-08-21",,jchappell2120,34,34,lease_up_stabilization,yes,Inferred preliminary planning assumption anchored to the $11.5M historical planning figure. | Calculated monthly planning series from scenario drivers; not actual project performance.
6,Garden Haven,Single-Family Residential Development,Preliminary Planning — Low,downside,revenue,SCH-REV-34,monthly_effective_revenue,monthly effective revenue — month 34,550025,usd,estimated,"pasted_content_20.txt, CE Development Portfolio Financial Baseline, user-supplied 2026-08-21",,jchappell2120,34,34,lease_up_stabilization,yes,Inferred preliminary planning assumption anchored to the $11.5M historical planning figure. | Calculated monthly planning series from scenario drivers; not actual project performance.
6,Garden Haven,Single-Family Residential Development,Preliminary Planning — Low,downside,operations,SCH-OPEX-34,monthly_operating_expense,monthly operating expense — month 34,0,usd,estimated,"pasted_content_20.txt, CE Development Portfolio Financial Baseline, user-supplied 2026-08-21",,jchappell2120,34,34,lease_up_stabilization,yes,Inferred preliminary planning assumption anchored to the $11.5M historical planning figure. | Calculated monthly planning series from scenario drivers; not actual project performance.
6,Garden Haven,Single-Family Residential Development,Preliminary Planning — Low,downside,financing,SCH-DRAW-34,monthly_debt_draw,monthly debt draw — month 34,0,usd,estimated,"pasted_content_20.txt, CE Development Portfolio Financial Baseline, user-supplied 2026-08-21",,jchappell2120,34,34,lease_up_stabilization,yes,Inferred preliminary planning assumption anchored to the $11.5M historical planning figure. | Calculated monthly planning series from scenario drivers; not actual project performance.
6,Garden Haven,Single-Family Residential Development,Preliminary Planning — Low,downside,financing,SCH-INT-34,monthly_interest,monthly interest — month 34,58988,usd,estimated,"pasted_content_20.txt, CE Development Portfolio Financial Baseline, user-supplied 2026-08-21",,jchappell2120,34,34,lease_up_stabilization,yes,Inferred preliminary planning assumption anchored to the $11.5M historical planning figure. | Calculated monthly planning series from scenario drivers; not actual project performance.
6,Garden Haven,Single-Family Residential Development,Preliminary Planning — Low,downside,cash_flow,SCH-CF-34,monthly_levered_cash_flow,monthly levered cash flow — month 34,491037,usd,estimated,"pasted_content_20.txt, CE Development Portfolio Financial Baseline, user-supplied 2026-08-21",,jchappell2120,34,34,lease_up_stabilization,yes,Inferred preliminary planning assumption anchored to the $11.5M historical planning figure. | Calculated monthly planning series from scenario drivers; not actual project performance.
6,Garden Haven,Single-Family Residential Development,Preliminary Planning — Low,downside,capital_deployment,SCH-COST-35,monthly_development_spend,monthly development spend — month 35,0,usd,estimated,"pasted_content_20.txt, CE Development Portfolio Financial Baseline, user-supplied 2026-08-21",,jchappell2120,35,35,lease_up_stabilization,yes,Inferred preliminary planning assumption anchored to the $11.5M historical planning figure. | Calculated monthly planning series from scenario drivers; not actual project performance.
6,Garden Haven,Single-Family Residential Development,Preliminary Planning — Low,downside,schedule,SCH-CUM-35,cumulative_deployment_bps,cumulative deployment bps — month 35,10000,percentage_bps,estimated,"pasted_content_20.txt, CE Development Portfolio Financial Baseline, user-supplied 2026-08-21",,jchappell2120,35,35,lease_up_stabilization,yes,Inferred preliminary planning assumption anchored to the $11.5M historical planning figure. | Calculated monthly planning series from scenario drivers; not actual project performance.
6,Garden Haven,Single-Family Residential Development,Preliminary Planning — Low,downside,schedule,SCH-OCC-35,occupancy_bps,occupancy bps — month 35,9714,percentage_bps,estimated,"pasted_content_20.txt, CE Development Portfolio Financial Baseline, user-supplied 2026-08-21",,jchappell2120,35,35,lease_up_stabilization,yes,Inferred preliminary planning assumption anchored to the $11.5M historical planning figure. | Calculated monthly planning series from scenario drivers; not actual project performance.
6,Garden Haven,Single-Family Residential Development,Preliminary Planning — Low,downside,revenue,SCH-REV-35,monthly_effective_revenue,monthly effective revenue — month 35,566650,usd,estimated,"pasted_content_20.txt, CE Development Portfolio Financial Baseline, user-supplied 2026-08-21",,jchappell2120,35,35,lease_up_stabilization,yes,Inferred preliminary planning assumption anchored to the $11.5M historical planning figure. | Calculated monthly planning series from scenario drivers; not actual project performance.
6,Garden Haven,Single-Family Residential Development,Preliminary Planning — Low,downside,operations,SCH-OPEX-35,monthly_operating_expense,monthly operating expense — month 35,0,usd,estimated,"pasted_content_20.txt, CE Development Portfolio Financial Baseline, user-supplied 2026-08-21",,jchappell2120,35,35,lease_up_stabilization,yes,Inferred preliminary planning assumption anchored to the $11.5M historical planning figure. | Calculated monthly planning series from scenario drivers; not actual project performance.
6,Garden Haven,Single-Family Residential Development,Preliminary Planning — Low,downside,financing,SCH-DRAW-35,monthly_debt_draw,monthly debt draw — month 35,0,usd,estimated,"pasted_content_20.txt, CE Development Portfolio Financial Baseline, user-supplied 2026-08-21",,jchappell2120,35,35,lease_up_stabilization,yes,Inferred preliminary planning assumption anchored to the $11.5M historical planning figure. | Calculated monthly planning series from scenario drivers; not actual project performance.
6,Garden Haven,Single-Family Residential Development,Preliminary Planning — Low,downside,financing,SCH-INT-35,monthly_interest,monthly interest — month 35,58988,usd,estimated,"pasted_content_20.txt, CE Development Portfolio Financial Baseline, user-supplied 2026-08-21",,jchappell2120,35,35,lease_up_stabilization,yes,Inferred preliminary planning assumption anchored to the $11.5M historical planning figure. | Calculated monthly planning series from scenario drivers; not actual project performance.
6,Garden Haven,Single-Family Residential Development,Preliminary Planning — Low,downside,cash_flow,SCH-CF-35,monthly_levered_cash_flow,monthly levered cash flow — month 35,507662,usd,estimated,"pasted_content_20.txt, CE Development Portfolio Financial Baseline, user-supplied 2026-08-21",,jchappell2120,35,35,lease_up_stabilization,yes,Inferred preliminary planning assumption anchored to the $11.5M historical planning figure. | Calculated monthly planning series from scenario drivers; not actual project performance.
6,Garden Haven,Single-Family Residential Development,Preliminary Planning — Low,downside,capital_deployment,SCH-COST-36,monthly_development_spend,monthly development spend — month 36,0,usd,estimated,"pasted_content_20.txt, CE Development Portfolio Financial Baseline, user-supplied 2026-08-21",,jchappell2120,36,36,lease_up_stabilization,yes,Inferred preliminary planning assumption anchored to the $11.5M historical planning figure. | Calculated monthly planning series from scenario drivers; not actual project performance.
6,Garden Haven,Single-Family Residential Development,Preliminary Planning — Low,downside,schedule,SCH-CUM-36,cumulative_deployment_bps,cumulative deployment bps — month 36,10000,percentage_bps,estimated,"pasted_content_20.txt, CE Development Portfolio Financial Baseline, user-supplied 2026-08-21",,jchappell2120,36,36,lease_up_stabilization,yes,Inferred preliminary planning assumption anchored to the $11.5M historical planning figure. | Calculated monthly planning series from scenario drivers; not actual project performance.
6,Garden Haven,Single-Family Residential Development,Preliminary Planning — Low,downside,schedule,SCH-OCC-36,occupancy_bps,occupancy bps — month 36,10000,percentage_bps,estimated,"pasted_content_20.txt, CE Development Portfolio Financial Baseline, user-supplied 2026-08-21",,jchappell2120,36,36,lease_up_stabilization,yes,Inferred preliminary planning assumption anchored to the $11.5M historical planning figure. | Calculated monthly planning series from scenario drivers; not actual project performance.
6,Garden Haven,Single-Family Residential Development,Preliminary Planning — Low,downside,revenue,SCH-REV-36,monthly_effective_revenue,monthly effective revenue — month 36,583333,usd,estimated,"pasted_content_20.txt, CE Development Portfolio Financial Baseline, user-supplied 2026-08-21",,jchappell2120,36,36,lease_up_stabilization,yes,Inferred preliminary planning assumption anchored to the $11.5M historical planning figure. | Calculated monthly planning series from scenario drivers; not actual project performance.
6,Garden Haven,Single-Family Residential Development,Preliminary Planning — Low,downside,operations,SCH-OPEX-36,monthly_operating_expense,monthly operating expense — month 36,0,usd,estimated,"pasted_content_20.txt, CE Development Portfolio Financial Baseline, user-supplied 2026-08-21",,jchappell2120,36,36,lease_up_stabilization,yes,Inferred preliminary planning assumption anchored to the $11.5M historical planning figure. | Calculated monthly planning series from scenario drivers; not actual project performance.
6,Garden Haven,Single-Family Residential Development,Preliminary Planning — Low,downside,financing,SCH-DRAW-36,monthly_debt_draw,monthly debt draw — month 36,0,usd,estimated,"pasted_content_20.txt, CE Development Portfolio Financial Baseline, user-supplied 2026-08-21",,jchappell2120,36,36,lease_up_stabilization,yes,Inferred preliminary planning assumption anchored to the $11.5M historical planning figure. | Calculated monthly planning series from scenario drivers; not actual project performance.
6,Garden Haven,Single-Family Residential Development,Preliminary Planning — Low,downside,financing,SCH-INT-36,monthly_interest,monthly interest — month 36,58988,usd,estimated,"pasted_content_20.txt, CE Development Portfolio Financial Baseline, user-supplied 2026-08-21",,jchappell2120,36,36,lease_up_stabilization,yes,Inferred preliminary planning assumption anchored to the $11.5M historical planning figure. | Calculated monthly planning series from scenario drivers; not actual project performance.
6,Garden Haven,Single-Family Residential Development,Preliminary Planning — Low,downside,cash_flow,SCH-CF-36,monthly_levered_cash_flow,monthly levered cash flow — month 36,524345,usd,estimated,"pasted_content_20.txt, CE Development Portfolio Financial Baseline, user-supplied 2026-08-21",,jchappell2120,36,36,lease_up_stabilization,yes,Inferred preliminary planning assumption anchored to the $11.5M historical planning figure. | Calculated monthly planning series from scenario drivers; not actual project performance.
6,Garden Haven,Single-Family Residential Development,Historical Planning — Garden Haven Base,base,project_identity,IDENT-001,project_stage,project stage,development,other,estimated,"pasted_content_20.txt, CE Development Portfolio Financial Baseline, user-supplied 2026-08-21",,jchappell2120,,,,yes,Estimated/user-supplied historical planning figure; component scope is not recovered.
6,Garden Haven,Single-Family Residential Development,Historical Planning — Garden Haven Base,base,project_identity,IDENT-002,program_units,program units,100,units,estimated,"pasted_content_20.txt, CE Development Portfolio Financial Baseline, user-supplied 2026-08-21",,jchappell2120,,,,yes,Estimated/user-supplied historical planning figure; component scope is not recovered.
6,Garden Haven,Single-Family Residential Development,Historical Planning — Garden Haven Base,base,project_identity,IDENT-003,program_buildings,program buildings,100,units,estimated,"pasted_content_20.txt, CE Development Portfolio Financial Baseline, user-supplied 2026-08-21",,jchappell2120,,,,yes,Estimated/user-supplied historical planning figure; component scope is not recovered.
6,Garden Haven,Single-Family Residential Development,Historical Planning — Garden Haven Base,base,project_identity,IDENT-004,program_residential_sf,program residential sf,190000,sf,estimated,"pasted_content_20.txt, CE Development Portfolio Financial Baseline, user-supplied 2026-08-21",,jchappell2120,,,,yes,Estimated/user-supplied historical planning figure; component scope is not recovered.
6,Garden Haven,Single-Family Residential Development,Historical Planning — Garden Haven Base,base,project_identity,IDENT-005,program_gross_sf,program gross sf,210000,sf,estimated,"pasted_content_20.txt, CE Development Portfolio Financial Baseline, user-supplied 2026-08-21",,jchappell2120,,,,yes,Estimated/user-supplied historical planning figure; component scope is not recovered.
6,Garden Haven,Single-Family Residential Development,Historical Planning — Garden Haven Base,base,scenario_driver,DRV-001,development_cost,development cost,11500000,usd,estimated,"pasted_content_20.txt, CE Development Portfolio Financial Baseline, user-supplied 2026-08-21",,jchappell2120,,,,yes,Estimated/user-supplied historical planning figure; component scope is not recovered.
6,Garden Haven,Single-Family Residential Development,Historical Planning — Garden Haven Base,base,scenario_driver,DRV-002,development_cost_per_unit,development cost per unit,115000,usd_per_unit,estimated,"pasted_content_20.txt, CE Development Portfolio Financial Baseline, user-supplied 2026-08-21",,jchappell2120,,,,yes,Estimated/user-supplied historical planning figure; component scope is not recovered.
6,Garden Haven,Single-Family Residential Development,Historical Planning — Garden Haven Base,base,scenario_driver,DRV-003,development_cost_per_gross_sf,development cost per gross sf,55,usd_per_sf,estimated,"pasted_content_20.txt, CE Development Portfolio Financial Baseline, user-supplied 2026-08-21",,jchappell2120,,,,yes,Estimated/user-supplied historical planning figure; component scope is not recovered.
6,Garden Haven,Single-Family Residential Development,Historical Planning — Garden Haven Base,base,scenario_driver,DRV-004,stabilized_occupancy_bps,stabilized occupancy bps,10000,percentage_bps,estimated,"pasted_content_20.txt, CE Development Portfolio Financial Baseline, user-supplied 2026-08-21",,jchappell2120,,,,yes,Estimated/user-supplied historical planning figure; component scope is not recovered.
6,Garden Haven,Single-Family Residential Development,Historical Planning — Garden Haven Base,base,scenario_driver,DRV-005,operating_expense_ratio_bps,operating expense ratio bps,0,percentage_bps,estimated,"pasted_content_20.txt, CE Development Portfolio Financial Baseline, user-supplied 2026-08-21",,jchappell2120,,,,yes,Estimated/user-supplied historical planning figure; component scope is not recovered.
6,Garden Haven,Single-Family Residential Development,Historical Planning — Garden Haven Base,base,scenario_driver,DRV-006,construction_debt_commitment,construction debt commitment,7475000,usd,estimated,"pasted_content_20.txt, CE Development Portfolio Financial Baseline, user-supplied 2026-08-21",,jchappell2120,,,,yes,Estimated/user-supplied historical planning figure; component scope is not recovered.
6,Garden Haven,Single-Family Residential Development,Historical Planning — Garden Haven Base,base,scenario_driver,DRV-007,construction_interest_rate_bps,construction interest rate bps,750,percentage_bps,estimated,"pasted_content_20.txt, CE Development Portfolio Financial Baseline, user-supplied 2026-08-21",,jchappell2120,,,,yes,Estimated/user-supplied historical planning figure; component scope is not recovered.
6,Garden Haven,Single-Family Residential Development,Historical Planning — Garden Haven Base,base,scenario_driver,DRV-008,construction_interest_only_months,construction interest only months,24,months,estimated,"pasted_content_20.txt, CE Development Portfolio Financial Baseline, user-supplied 2026-08-21",,jchappell2120,,,,yes,Estimated/user-supplied historical planning figure; component scope is not recovered.
6,Garden Haven,Single-Family Residential Development,Historical Planning — Garden Haven Base,base,scenario_driver,DRV-009,amortization_months,amortization months,360,months,estimated,"pasted_content_20.txt, CE Development Portfolio Financial Baseline, user-supplied 2026-08-21",,jchappell2120,,,,yes,Estimated/user-supplied historical planning figure; component scope is not recovered.
6,Garden Haven,Single-Family Residential Development,Historical Planning — Garden Haven Base,base,scenario_driver,DRV-010,financing_fee_bps,financing fee bps,100,percentage_bps,estimated,"pasted_content_20.txt, CE Development Portfolio Financial Baseline, user-supplied 2026-08-21",,jchappell2120,,,,yes,Estimated/user-supplied historical planning figure; component scope is not recovered.
6,Garden Haven,Single-Family Residential Development,Historical Planning — Garden Haven Base,base,scenario_driver,DRV-011,exit_cap_rate_bps,exit cap rate bps,0,percentage_bps,estimated,"pasted_content_20.txt, CE Development Portfolio Financial Baseline, user-supplied 2026-08-21",,jchappell2120,,,,yes,Estimated/user-supplied historical planning figure; component scope is not recovered.
6,Garden Haven,Single-Family Residential Development,Historical Planning — Garden Haven Base,base,scenario_driver,DRV-012,sale_cost_bps,sale cost bps,0,percentage_bps,estimated,"pasted_content_20.txt, CE Development Portfolio Financial Baseline, user-supplied 2026-08-21",,jchappell2120,,,,yes,Estimated/user-supplied historical planning figure; component scope is not recovered.
6,Garden Haven,Single-Family Residential Development,Historical Planning — Garden Haven Base,base,sales_program,SALE-001,home_count,home count,100,units,estimated,"pasted_content_20.txt, CE Development Portfolio Financial Baseline, user-supplied 2026-08-21",,jchappell2120,,,,yes,Estimated/user-supplied historical planning figure; component scope is not recovered.
6,Garden Haven,Single-Family Residential Development,Historical Planning — Garden Haven Base,base,sales_program,SALE-002,average_selling_price,average selling price,225000,usd_per_unit,estimated,"pasted_content_20.txt, CE Development Portfolio Financial Baseline, user-supplied 2026-08-21",,jchappell2120,,,,yes,Estimated/user-supplied historical planning figure; component scope is not recovered.
6,Garden Haven,Single-Family Residential Development,Historical Planning — Garden Haven Base,base,sales_program,SALE-003,gross_sales_revenue,gross sales revenue,22500000,usd,estimated,"pasted_content_20.txt, CE Development Portfolio Financial Baseline, user-supplied 2026-08-21",,jchappell2120,,,,yes,Estimated/user-supplied historical planning figure; component scope is not recovered.
6,Garden Haven,Single-Family Residential Development,Historical Planning — Garden Haven Base,base,sales_program,SALE-004,project_result,project result,11000000,usd,estimated,"pasted_content_20.txt, CE Development Portfolio Financial Baseline, user-supplied 2026-08-21",,jchappell2120,,,,yes,Estimated/user-supplied historical planning figure; component scope is not recovered.
6,Garden Haven,Single-Family Residential Development,Historical Planning — Garden Haven Base,base,budget_summary,BUD-001,extended_cost,Historical planning reference,11500000,usd,estimated,"pasted_content_20.txt, CE Development Portfolio Financial Baseline, user-supplied 2026-08-21",,jchappell2120,,,,yes,Estimated/user-supplied historical planning figure; component scope is not recovered.
6,Garden Haven,Single-Family Residential Development,Historical Planning — Garden Haven Base,base,wbs_budget,WBS-001,extended_cost,Residential subdivision / home delivery — Land acquisition consideration,977500,usd,estimated,"pasted_content_20.txt, CE Development Portfolio Financial Baseline, user-supplied 2026-08-21",,jchappell2120,,,predevelopment,yes,Estimated/user-supplied historical planning figure; component scope is not recovered. | Standardized WBS category: land_acquisition; applicability: Project-wide.
6,Garden Haven,Single-Family Residential Development,Historical Planning — Garden Haven Base,base,wbs_budget,WBS-002,extended_cost,Residential subdivision / home delivery — Acquisition due diligence,43125,usd,estimated,"pasted_content_20.txt, CE Development Portfolio Financial Baseline, user-supplied 2026-08-21",,jchappell2120,,,predevelopment,yes,Estimated/user-supplied historical planning figure; component scope is not recovered. | Standardized WBS category: land_acquisition; applicability: Project-wide.
6,Garden Haven,Single-Family Residential Development,Historical Planning — Garden Haven Base,base,wbs_budget,WBS-003,extended_cost,Residential subdivision / home delivery — Title and escrow,14375,usd,estimated,"pasted_content_20.txt, CE Development Portfolio Financial Baseline, user-supplied 2026-08-21",,jchappell2120,,,predevelopment,yes,Estimated/user-supplied historical planning figure; component scope is not recovered. | Standardized WBS category: land_acquisition; applicability: Project-wide.
6,Garden Haven,Single-Family Residential Development,Historical Planning — Garden Haven Base,base,wbs_budget,WBS-004,extended_cost,Residential subdivision / home delivery — Acquisition legal,14375,usd,estimated,"pasted_content_20.txt, CE Development Portfolio Financial Baseline, user-supplied 2026-08-21",,jchappell2120,,,predevelopment,yes,Estimated/user-supplied historical planning figure; component scope is not recovered. | Standardized WBS category: land_acquisition; applicability: Project-wide.
6,Garden Haven,Single-Family Residential Development,Historical Planning — Garden Haven Base,base,wbs_budget,WBS-005,extended_cost,Residential subdivision / home delivery — Environmental review,14375,usd,estimated,"pasted_content_20.txt, CE Development Portfolio Financial Baseline, user-supplied 2026-08-21",,jchappell2120,,,predevelopment,yes,Estimated/user-supplied historical planning figure; component scope is not recovered. | Standardized WBS category: land_acquisition; applicability: Project-wide.
6,Garden Haven,Single-Family Residential Development,Historical Planning — Garden Haven Base,base,wbs_budget,WBS-006,extended_cost,Residential subdivision / home delivery — Boundary and topographic survey,14375,usd,estimated,"pasted_content_20.txt, CE Development Portfolio Financial Baseline, user-supplied 2026-08-21",,jchappell2120,,,predevelopment,yes,Estimated/user-supplied historical planning figure; component scope is not recovered. | Standardized WBS category: land_acquisition; applicability: Project-wide.
6,Garden Haven,Single-Family Residential Development,Historical Planning — Garden Haven Base,base,wbs_budget,WBS-007,extended_cost,Residential subdivision / home delivery — Geotechnical investigation,21563,usd,estimated,"pasted_content_20.txt, CE Development Portfolio Financial Baseline, user-supplied 2026-08-21",,jchappell2120,,,predevelopment,yes,Estimated/user-supplied historical planning figure; component scope is not recovered. | Standardized WBS category: land_acquisition; applicability: Project-wide.
6,Garden Haven,Single-Family Residential Development,Historical Planning — Garden Haven Base,base,wbs_budget,WBS-008,extended_cost,Residential subdivision / home delivery — Acquisition brokerage,14375,usd,estimated,"pasted_content_20.txt, CE Development Portfolio Financial Baseline, user-supplied 2026-08-21",,jchappell2120,,,predevelopment,yes,Estimated/user-supplied historical planning figure; component scope is not recovered. | Standardized WBS category: land_acquisition; applicability: Project-wide.
6,Garden Haven,Single-Family Residential Development,Historical Planning — Garden Haven Base,base,wbs_budget,WBS-009,extended_cost,Residential subdivision / home delivery — Demolition and clearing allowance,14375,usd,estimated,"pasted_content_20.txt, CE Development Portfolio Financial Baseline, user-supplied 2026-08-21",,jchappell2120,,,predevelopment,yes,Estimated/user-supplied historical planning figure; component scope is not recovered. | Standardized WBS category: land_acquisition; applicability: Project-wide.
6,Garden Haven,Single-Family Residential Development,Historical Planning — Garden Haven Base,base,wbs_budget,WBS-010,extended_cost,Residential subdivision / home delivery — Land closing reserve,21563,usd,estimated,"pasted_content_20.txt, CE Development Portfolio Financial Baseline, user-supplied 2026-08-21",,jchappell2120,,,predevelopment,yes,Estimated/user-supplied historical planning figure; component scope is not recovered. | Standardized WBS category: land_acquisition; applicability: Project-wide.
6,Garden Haven,Single-Family Residential Development,Historical Planning — Garden Haven Base,base,wbs_budget,WBS-011,extended_cost,Residential subdivision / home delivery — Mass grading,201250,usd,estimated,"pasted_content_20.txt, CE Development Portfolio Financial Baseline, user-supplied 2026-08-21",,jchappell2120,,,construction,yes,Estimated/user-supplied historical planning figure; component scope is not recovered. | Standardized WBS category: site_development; applicability: Project-wide.
6,Garden Haven,Single-Family Residential Development,Historical Planning — Garden Haven Base,base,wbs_budget,WBS-012,extended_cost,Residential subdivision / home delivery — Utility extension,143750,usd,estimated,"pasted_content_20.txt, CE Development Portfolio Financial Baseline, user-supplied 2026-08-21",,jchappell2120,,,construction,yes,Estimated/user-supplied historical planning figure; component scope is not recovered. | Standardized WBS category: site_development; applicability: Project-wide.
6,Garden Haven,Single-Family Residential Development,Historical Planning — Garden Haven Base,base,wbs_budget,WBS-013,extended_cost,Residential subdivision / home delivery — Water and sewer improvements,143750,usd,estimated,"pasted_content_20.txt, CE Development Portfolio Financial Baseline, user-supplied 2026-08-21",,jchappell2120,,,construction,yes,Estimated/user-supplied historical planning figure; component scope is not recovered. | Standardized WBS category: site_development; applicability: Project-wide.
6,Garden Haven,Single-Family Residential Development,Historical Planning — Garden Haven Base,base,wbs_budget,WBS-014,extended_cost,Residential subdivision / home delivery — Stormwater infrastructure,143750,usd,estimated,"pasted_content_20.txt, CE Development Portfolio Financial Baseline, user-supplied 2026-08-21",,jchappell2120,,,construction,yes,Estimated/user-supplied historical planning figure; component scope is not recovered. | Standardized WBS category: site_development; applicability: Project-wide.
6,Garden Haven,Single-Family Residential Development,Historical Planning — Garden Haven Base,base,wbs_budget,WBS-015,extended_cost,"Residential subdivision / home delivery — Paving, curbs, and sidewalks",129375,usd,estimated,"pasted_content_20.txt, CE Development Portfolio Financial Baseline, user-supplied 2026-08-21",,jchappell2120,,,construction,yes,Estimated/user-supplied historical planning figure; component scope is not recovered. | Standardized WBS category: site_development; applicability: Project-wide.
6,Garden Haven,Single-Family Residential Development,Historical Planning — Garden Haven Base,base,wbs_budget,WBS-016,extended_cost,Residential subdivision / home delivery — Landscape and irrigation,71875,usd,estimated,"pasted_content_20.txt, CE Development Portfolio Financial Baseline, user-supplied 2026-08-21",,jchappell2120,,,construction,yes,Estimated/user-supplied historical planning figure; component scope is not recovered. | Standardized WBS category: site_development; applicability: Project-wide.
6,Garden Haven,Single-Family Residential Development,Historical Planning — Garden Haven Base,base,wbs_budget,WBS-017,extended_cost,Residential subdivision / home delivery — Detention and retention,86250,usd,estimated,"pasted_content_20.txt, CE Development Portfolio Financial Baseline, user-supplied 2026-08-21",,jchappell2120,,,construction,yes,Estimated/user-supplied historical planning figure; component scope is not recovered. | Standardized WBS category: site_development; applicability: Project-wide.
6,Garden Haven,Single-Family Residential Development,Historical Planning — Garden Haven Base,base,wbs_budget,WBS-018,extended_cost,Residential subdivision / home delivery — Earthwork and import/export,86250,usd,estimated,"pasted_content_20.txt, CE Development Portfolio Financial Baseline, user-supplied 2026-08-21",,jchappell2120,,,construction,yes,Estimated/user-supplied historical planning figure; component scope is not recovered. | Standardized WBS category: site_development; applicability: Project-wide.
6,Garden Haven,Single-Family Residential Development,Historical Planning — Garden Haven Base,base,wbs_budget,WBS-019,extended_cost,Residential subdivision / home delivery — Temporary utilities,57500,usd,estimated,"pasted_content_20.txt, CE Development Portfolio Financial Baseline, user-supplied 2026-08-21",,jchappell2120,,,construction,yes,Estimated/user-supplied historical planning figure; component scope is not recovered. | Standardized WBS category: site_development; applicability: Project-wide.
6,Garden Haven,Single-Family Residential Development,Historical Planning — Garden Haven Base,base,wbs_budget,WBS-020,extended_cost,Residential subdivision / home delivery — Site development reserve,86250,usd,estimated,"pasted_content_20.txt, CE Development Portfolio Financial Baseline, user-supplied 2026-08-21",,jchappell2120,,,construction,yes,Estimated/user-supplied historical planning figure; component scope is not recovered. | Standardized WBS category: site_development; applicability: Project-wide.
6,Garden Haven,Single-Family Residential Development,Historical Planning — Garden Haven Base,base,wbs_budget,WBS-021,extended_cost,Residential subdivision / home delivery — LGS primary structure,345000,usd,estimated,"pasted_content_20.txt, CE Development Portfolio Financial Baseline, user-supplied 2026-08-21",,jchappell2120,,,construction,yes,Estimated/user-supplied historical planning figure; component scope is not recovered. | Standardized WBS category: building_modular; applicability: All five buildings.
6,Garden Haven,Single-Family Residential Development,Historical Planning — Garden Haven Base,base,wbs_budget,WBS-022,extended_cost,Residential subdivision / home delivery — LGS secondary framing,230000,usd,estimated,"pasted_content_20.txt, CE Development Portfolio Financial Baseline, user-supplied 2026-08-21",,jchappell2120,,,construction,yes,Estimated/user-supplied historical planning figure; component scope is not recovered. | Standardized WBS category: building_modular; applicability: All five buildings.
6,Garden Haven,Single-Family Residential Development,Historical Planning — Garden Haven Base,base,wbs_budget,WBS-023,extended_cost,Residential subdivision / home delivery — Structural connectors and fasteners,201250,usd,estimated,"pasted_content_20.txt, CE Development Portfolio Financial Baseline, user-supplied 2026-08-21",,jchappell2120,,,construction,yes,Estimated/user-supplied historical planning figure; component scope is not recovered. | Standardized WBS category: building_modular; applicability: All five buildings.
6,Garden Haven,Single-Family Residential Development,Historical Planning — Garden Haven Base,base,wbs_budget,WBS-024,extended_cost,Residential subdivision / home delivery — Structural engineering coordination,143750,usd,estimated,"pasted_content_20.txt, CE Development Portfolio Financial Baseline, user-supplied 2026-08-21",,jchappell2120,,,construction,yes,Estimated/user-supplied historical planning figure; component scope is not recovered. | Standardized WBS category: building_modular; applicability: All five buildings.
6,Garden Haven,Single-Family Residential Development,Historical Planning — Garden Haven Base,base,wbs_budget,WBS-025,extended_cost,Residential subdivision / home delivery — Structural fabrication reserve,109250,usd,estimated,"pasted_content_20.txt, CE Development Portfolio Financial Baseline, user-supplied 2026-08-21",,jchappell2120,,,construction,yes,Estimated/user-supplied historical planning figure; component scope is not recovered. | Standardized WBS category: building_modular; applicability: All five buildings.
6,Garden Haven,Single-Family Residential Development,Historical Planning — Garden Haven Base,base,wbs_budget,WBS-026,extended_cost,Residential subdivision / home delivery — Exterior wall assemblies,201250,usd,estimated,"pasted_content_20.txt, CE Development Portfolio Financial Baseline, user-supplied 2026-08-21",,jchappell2120,,,construction,yes,Estimated/user-supplied historical planning figure; component scope is not recovered. | Standardized WBS category: building_modular; applicability: All five buildings.
6,Garden Haven,Single-Family Residential Development,Historical Planning — Garden Haven Base,base,wbs_budget,WBS-027,extended_cost,Residential subdivision / home delivery — Exterior cladding,143750,usd,estimated,"pasted_content_20.txt, CE Development Portfolio Financial Baseline, user-supplied 2026-08-21",,jchappell2120,,,construction,yes,Estimated/user-supplied historical planning figure; component scope is not recovered. | Standardized WBS category: building_modular; applicability: All five buildings.
6,Garden Haven,Single-Family Residential Development,Historical Planning — Garden Haven Base,base,wbs_budget,WBS-028,extended_cost,Residential subdivision / home delivery — Air and water barrier,143750,usd,estimated,"pasted_content_20.txt, CE Development Portfolio Financial Baseline, user-supplied 2026-08-21",,jchappell2120,,,construction,yes,Estimated/user-supplied historical planning figure; component scope is not recovered. | Standardized WBS category: building_modular; applicability: All five buildings.
6,Garden Haven,Single-Family Residential Development,Historical Planning — Garden Haven Base,base,wbs_budget,WBS-029,extended_cost,Residential subdivision / home delivery — Insulation systems,132250,usd,estimated,"pasted_content_20.txt, CE Development Portfolio Financial Baseline, user-supplied 2026-08-21",,jchappell2120,,,construction,yes,Estimated/user-supplied historical planning figure; component scope is not recovered. | Standardized WBS category: building_modular; applicability: All five buildings.
6,Garden Haven,Single-Family Residential Development,Historical Planning — Garden Haven Base,base,wbs_budget,WBS-030,extended_cost,Residential subdivision / home delivery — Exterior finish reserve,115000,usd,estimated,"pasted_content_20.txt, CE Development Portfolio Financial Baseline, user-supplied 2026-08-21",,jchappell2120,,,construction,yes,Estimated/user-supplied historical planning figure; component scope is not recovered. | Standardized WBS category: building_modular; applicability: All five buildings.
6,Garden Haven,Single-Family Residential Development,Historical Planning — Garden Haven Base,base,wbs_budget,WBS-031,extended_cost,Residential subdivision / home delivery — Plumbing rough-in,258750,usd,estimated,"pasted_content_20.txt, CE Development Portfolio Financial Baseline, user-supplied 2026-08-21",,jchappell2120,,,construction,yes,Estimated/user-supplied historical planning figure; component scope is not recovered. | Standardized WBS category: building_modular; applicability: All five buildings.
6,Garden Haven,Single-Family Residential Development,Historical Planning — Garden Haven Base,base,wbs_budget,WBS-032,extended_cost,Residential subdivision / home delivery — Electrical rough-in,258750,usd,estimated,"pasted_content_20.txt, CE Development Portfolio Financial Baseline, user-supplied 2026-08-21",,jchappell2120,,,construction,yes,Estimated/user-supplied historical planning figure; component scope is not recovered. | Standardized WBS category: building_modular; applicability: All five buildings.
6,Garden Haven,Single-Family Residential Development,Historical Planning — Garden Haven Base,base,wbs_budget,WBS-033,extended_cost,Residential subdivision / home delivery — HVAC equipment and distribution,258750,usd,estimated,"pasted_content_20.txt, CE Development Portfolio Financial Baseline, user-supplied 2026-08-21",,jchappell2120,,,construction,yes,Estimated/user-supplied historical planning figure; component scope is not recovered. | Standardized WBS category: building_modular; applicability: All five buildings.
6,Garden Haven,Single-Family Residential Development,Historical Planning — Garden Haven Base,base,wbs_budget,WBS-034,extended_cost,Residential subdivision / home delivery — Fire protection,158125,usd,estimated,"pasted_content_20.txt, CE Development Portfolio Financial Baseline, user-supplied 2026-08-21",,jchappell2120,,,construction,yes,Estimated/user-supplied historical planning figure; component scope is not recovered. | Standardized WBS category: building_modular; applicability: All five buildings.
6,Garden Haven,Single-Family Residential Development,Historical Planning — Garden Haven Base,base,wbs_budget,WBS-035,extended_cost,Residential subdivision / home delivery — Low-voltage and controls,100625,usd,estimated,"pasted_content_20.txt, CE Development Portfolio Financial Baseline, user-supplied 2026-08-21",,jchappell2120,,,construction,yes,Estimated/user-supplied historical planning figure; component scope is not recovered. | Standardized WBS category: building_modular; applicability: All five buildings.
6,Garden Haven,Single-Family Residential Development,Historical Planning — Garden Haven Base,base,wbs_budget,WBS-036,extended_cost,Residential subdivision / home delivery — Metering and service equipment,57500,usd,estimated,"pasted_content_20.txt, CE Development Portfolio Financial Baseline, user-supplied 2026-08-21",,jchappell2120,,,construction,yes,Estimated/user-supplied historical planning figure; component scope is not recovered. | Standardized WBS category: building_modular; applicability: All five buildings.
6,Garden Haven,Single-Family Residential Development,Historical Planning — Garden Haven Base,base,wbs_budget,WBS-037,extended_cost,Residential subdivision / home delivery — MEP design coordination,186875,usd,estimated,"pasted_content_20.txt, CE Development Portfolio Financial Baseline, user-supplied 2026-08-21",,jchappell2120,,,construction,yes,Estimated/user-supplied historical planning figure; component scope is not recovered. | Standardized WBS category: building_modular; applicability: All five buildings.
6,Garden Haven,Single-Family Residential Development,Historical Planning — Garden Haven Base,base,wbs_budget,WBS-038,extended_cost,Residential subdivision / home delivery — MEP integration reserve,192625,usd,estimated,"pasted_content_20.txt, CE Development Portfolio Financial Baseline, user-supplied 2026-08-21",,jchappell2120,,,construction,yes,Estimated/user-supplied historical planning figure; component scope is not recovered. | Standardized WBS category: building_modular; applicability: All five buildings.
6,Garden Haven,Single-Family Residential Development,Historical Planning — Garden Haven Base,base,wbs_budget,WBS-039,extended_cost,Residential subdivision / home delivery — Unit framing and partitions,201250,usd,estimated,"pasted_content_20.txt, CE Development Portfolio Financial Baseline, user-supplied 2026-08-21",,jchappell2120,,,construction,yes,Estimated/user-supplied historical planning figure; component scope is not recovered. | Standardized WBS category: building_modular; applicability: All five buildings.
6,Garden Haven,Single-Family Residential Development,Historical Planning — Garden Haven Base,base,wbs_budget,WBS-040,extended_cost,Residential subdivision / home delivery — Drywall and finish prep,201250,usd,estimated,"pasted_content_20.txt, CE Development Portfolio Financial Baseline, user-supplied 2026-08-21",,jchappell2120,,,construction,yes,Estimated/user-supplied historical planning figure; component scope is not recovered. | Standardized WBS category: building_modular; applicability: All five buildings.
6,Garden Haven,Single-Family Residential Development,Historical Planning — Garden Haven Base,base,wbs_budget,WBS-041,extended_cost,Residential subdivision / home delivery — Interior paint,115000,usd,estimated,"pasted_content_20.txt, CE Development Portfolio Financial Baseline, user-supplied 2026-08-21",,jchappell2120,,,construction,yes,Estimated/user-supplied historical planning figure; component scope is not recovered. | Standardized WBS category: building_modular; applicability: All five buildings.
6,Garden Haven,Single-Family Residential Development,Historical Planning — Garden Haven Base,base,wbs_budget,WBS-042,extended_cost,Residential subdivision / home delivery — Flooring,230000,usd,estimated,"pasted_content_20.txt, CE Development Portfolio Financial Baseline, user-supplied 2026-08-21",,jchappell2120,,,construction,yes,Estimated/user-supplied historical planning figure; component scope is not recovered. | Standardized WBS category: building_modular; applicability: All five buildings.
6,Garden Haven,Single-Family Residential Development,Historical Planning — Garden Haven Base,base,wbs_budget,WBS-043,extended_cost,Residential subdivision / home delivery — Cabinets and countertops,258750,usd,estimated,"pasted_content_20.txt, CE Development Portfolio Financial Baseline, user-supplied 2026-08-21",,jchappell2120,,,construction,yes,Estimated/user-supplied historical planning figure; component scope is not recovered. | Standardized WBS category: building_modular; applicability: All five buildings.
6,Garden Haven,Single-Family Residential Development,Historical Planning — Garden Haven Base,base,wbs_budget,WBS-044,extended_cost,Residential subdivision / home delivery — Millwork,172500,usd,estimated,"pasted_content_20.txt, CE Development Portfolio Financial Baseline, user-supplied 2026-08-21",,jchappell2120,,,construction,yes,Estimated/user-supplied historical planning figure; component scope is not recovered. | Standardized WBS category: building_modular; applicability: All five buildings.
6,Garden Haven,Single-Family Residential Development,Historical Planning — Garden Haven Base,base,wbs_budget,WBS-045,extended_cost,Residential subdivision / home delivery — Bathroom finishes,230000,usd,estimated,"pasted_content_20.txt, CE Development Portfolio Financial Baseline, user-supplied 2026-08-21",,jchappell2120,,,construction,yes,Estimated/user-supplied historical planning figure; component scope is not recovered. | Standardized WBS category: building_modular; applicability: All five buildings.
6,Garden Haven,Single-Family Residential Development,Historical Planning — Garden Haven Base,base,wbs_budget,WBS-046,extended_cost,Residential subdivision / home delivery — Interior doors and hardware,143750,usd,estimated,"pasted_content_20.txt, CE Development Portfolio Financial Baseline, user-supplied 2026-08-21",,jchappell2120,,,construction,yes,Estimated/user-supplied historical planning figure; component scope is not recovered. | Standardized WBS category: building_modular; applicability: All five buildings.
6,Garden Haven,Single-Family Residential Development,Historical Planning — Garden Haven Base,base,wbs_budget,WBS-047,extended_cost,Residential subdivision / home delivery — Roofing membrane,230000,usd,estimated,"pasted_content_20.txt, CE Development Portfolio Financial Baseline, user-supplied 2026-08-21",,jchappell2120,,,construction,yes,Estimated/user-supplied historical planning figure; component scope is not recovered. | Standardized WBS category: building_modular; applicability: All five buildings.
6,Garden Haven,Single-Family Residential Development,Historical Planning — Garden Haven Base,base,wbs_budget,WBS-048,extended_cost,Residential subdivision / home delivery — Roof insulation and accessories,138000,usd,estimated,"pasted_content_20.txt, CE Development Portfolio Financial Baseline, user-supplied 2026-08-21",,jchappell2120,,,construction,yes,Estimated/user-supplied historical planning figure; component scope is not recovered. | Standardized WBS category: building_modular; applicability: All five buildings.
6,Garden Haven,Single-Family Residential Development,Historical Planning — Garden Haven Base,base,wbs_budget,WBS-049,extended_cost,Residential subdivision / home delivery — Windows,316250,usd,estimated,"pasted_content_20.txt, CE Development Portfolio Financial Baseline, user-supplied 2026-08-21",,jchappell2120,,,construction,yes,Estimated/user-supplied historical planning figure; component scope is not recovered. | Standardized WBS category: building_modular; applicability: All five buildings.
6,Garden Haven,Single-Family Residential Development,Historical Planning — Garden Haven Base,base,wbs_budget,WBS-050,extended_cost,Residential subdivision / home delivery — Exterior doors and glazing,126500,usd,estimated,"pasted_content_20.txt, CE Development Portfolio Financial Baseline, user-supplied 2026-08-21",,jchappell2120,,,construction,yes,Estimated/user-supplied historical planning figure; component scope is not recovered. | Standardized WBS category: building_modular; applicability: All five buildings.
6,Garden Haven,Single-Family Residential Development,Historical Planning — Garden Haven Base,base,wbs_budget,WBS-051,extended_cost,Residential subdivision / home delivery — Appliances,143750,usd,estimated,"pasted_content_20.txt, CE Development Portfolio Financial Baseline, user-supplied 2026-08-21",,jchappell2120,,,construction,yes,Estimated/user-supplied historical planning figure; component scope is not recovered. | Standardized WBS category: building_modular; applicability: All five buildings.
6,Garden Haven,Single-Family Residential Development,Historical Planning — Garden Haven Base,base,wbs_budget,WBS-052,extended_cost,Residential subdivision / home delivery — Plumbing fixtures,115000,usd,estimated,"pasted_content_20.txt, CE Development Portfolio Financial Baseline, user-supplied 2026-08-21",,jchappell2120,,,construction,yes,Estimated/user-supplied historical planning figure; component scope is not recovered. | Standardized WBS category: building_modular; applicability: All five buildings.
6,Garden Haven,Single-Family Residential Development,Historical Planning — Garden Haven Base,base,wbs_budget,WBS-053,extended_cost,Residential subdivision / home delivery — Electrical fixtures,109250,usd,estimated,"pasted_content_20.txt, CE Development Portfolio Financial Baseline, user-supplied 2026-08-21",,jchappell2120,,,construction,yes,Estimated/user-supplied historical planning figure; component scope is not recovered. | Standardized WBS category: building_modular; applicability: All five buildings.
6,Garden Haven,Single-Family Residential Development,Historical Planning — Garden Haven Base,base,wbs_budget,WBS-054,extended_cost,Residential subdivision / home delivery — Common-area finishes,201250,usd,estimated,"pasted_content_20.txt, CE Development Portfolio Financial Baseline, user-supplied 2026-08-21",,jchappell2120,,,construction,yes,Estimated/user-supplied historical planning figure; component scope is not recovered. | Standardized WBS category: building_modular; applicability: All five buildings.
6,Garden Haven,Single-Family Residential Development,Historical Planning — Garden Haven Base,base,wbs_budget,WBS-055,extended_cost,Residential subdivision / home delivery — Amenity equipment,143750,usd,estimated,"pasted_content_20.txt, CE Development Portfolio Financial Baseline, user-supplied 2026-08-21",,jchappell2120,,,construction,yes,Estimated/user-supplied historical planning figure; component scope is not recovered. | Standardized WBS category: building_modular; applicability: Project-wide.
6,Garden Haven,Single-Family Residential Development,Historical Planning — Garden Haven Base,base,wbs_budget,WBS-056,extended_cost,Residential subdivision / home delivery — Common-area furnishings allowance,97750,usd,estimated,"pasted_content_20.txt, CE Development Portfolio Financial Baseline, user-supplied 2026-08-21",,jchappell2120,,,construction,yes,Estimated/user-supplied historical planning figure; component scope is not recovered. | Standardized WBS category: building_modular; applicability: Project-wide.
6,Garden Haven,Single-Family Residential Development,Historical Planning — Garden Haven Base,base,wbs_budget,WBS-057,extended_cost,Residential subdivision / home delivery — QA/QC inspection,215625,usd,estimated,"pasted_content_20.txt, CE Development Portfolio Financial Baseline, user-supplied 2026-08-21",,jchappell2120,,,commissioning,yes,Estimated/user-supplied historical planning figure; component scope is not recovered. | Standardized WBS category: building_modular; applicability: All five buildings.
6,Garden Haven,Single-Family Residential Development,Historical Planning — Garden Haven Base,base,wbs_budget,WBS-058,extended_cost,Residential subdivision / home delivery — Building commissioning,143750,usd,estimated,"pasted_content_20.txt, CE Development Portfolio Financial Baseline, user-supplied 2026-08-21",,jchappell2120,,,commissioning,yes,Estimated/user-supplied historical planning figure; component scope is not recovered. | Standardized WBS category: building_modular; applicability: All five buildings.
6,Garden Haven,Single-Family Residential Development,Historical Planning — Garden Haven Base,base,wbs_budget,WBS-059,extended_cost,Residential subdivision / home delivery — Punch and turnover,143750,usd,estimated,"pasted_content_20.txt, CE Development Portfolio Financial Baseline, user-supplied 2026-08-21",,jchappell2120,,,building_completion,yes,Estimated/user-supplied historical planning figure; component scope is not recovered. | Standardized WBS category: building_modular; applicability: All five buildings.
6,Garden Haven,Single-Family Residential Development,Historical Planning — Garden Haven Base,base,wbs_budget,WBS-060,extended_cost,Residential subdivision / home delivery — Building completion reserve,445625,usd,estimated,"pasted_content_20.txt, CE Development Portfolio Financial Baseline, user-supplied 2026-08-21",,jchappell2120,,,building_completion,yes,Estimated/user-supplied historical planning figure; component scope is not recovered. | Standardized WBS category: building_modular; applicability: All five buildings.
6,Garden Haven,Single-Family Residential Development,Historical Planning — Garden Haven Base,base,wbs_budget,WBS-061,extended_cost,Residential subdivision / home delivery — Factory production setup,57500,usd,estimated,"pasted_content_20.txt, CE Development Portfolio Financial Baseline, user-supplied 2026-08-21",,jchappell2120,,,factory_production,yes,Estimated/user-supplied historical planning figure; component scope is not recovered. | Standardized WBS category: factory_logistics_installation; applicability: All five buildings.
6,Garden Haven,Single-Family Residential Development,Historical Planning — Garden Haven Base,base,wbs_budget,WBS-062,extended_cost,Residential subdivision / home delivery — Panel and module assembly,51750,usd,estimated,"pasted_content_20.txt, CE Development Portfolio Financial Baseline, user-supplied 2026-08-21",,jchappell2120,,,factory_production,yes,Estimated/user-supplied historical planning figure; component scope is not recovered. | Standardized WBS category: factory_logistics_installation; applicability: All five buildings.
6,Garden Haven,Single-Family Residential Development,Historical Planning — Garden Haven Base,base,wbs_budget,WBS-063,extended_cost,Residential subdivision / home delivery — Factory labor coordination,51750,usd,estimated,"pasted_content_20.txt, CE Development Portfolio Financial Baseline, user-supplied 2026-08-21",,jchappell2120,,,factory_production,yes,Estimated/user-supplied historical planning figure; component scope is not recovered. | Standardized WBS category: factory_logistics_installation; applicability: All five buildings.
6,Garden Haven,Single-Family Residential Development,Historical Planning — Garden Haven Base,base,wbs_budget,WBS-064,extended_cost,Residential subdivision / home delivery — Factory QA hold points,28750,usd,estimated,"pasted_content_20.txt, CE Development Portfolio Financial Baseline, user-supplied 2026-08-21",,jchappell2120,,,factory_production,yes,Estimated/user-supplied historical planning figure; component scope is not recovered. | Standardized WBS category: factory_logistics_installation; applicability: All five buildings.
6,Garden Haven,Single-Family Residential Development,Historical Planning — Garden Haven Base,base,wbs_budget,WBS-065,extended_cost,Residential subdivision / home delivery — Packaging and protection,23000,usd,estimated,"pasted_content_20.txt, CE Development Portfolio Financial Baseline, user-supplied 2026-08-21",,jchappell2120,,,factory_production,yes,Estimated/user-supplied historical planning figure; component scope is not recovered. | Standardized WBS category: factory_logistics_installation; applicability: All five buildings.
6,Garden Haven,Single-Family Residential Development,Historical Planning — Garden Haven Base,base,wbs_budget,WBS-066,extended_cost,Residential subdivision / home delivery — Staging and handling,28750,usd,estimated,"pasted_content_20.txt, CE Development Portfolio Financial Baseline, user-supplied 2026-08-21",,jchappell2120,,,logistics,yes,Estimated/user-supplied historical planning figure; component scope is not recovered. | Standardized WBS category: factory_logistics_installation; applicability: All five buildings.
6,Garden Haven,Single-Family Residential Development,Historical Planning — Garden Haven Base,base,wbs_budget,WBS-067,extended_cost,Residential subdivision / home delivery — Transportation,71875,usd,estimated,"pasted_content_20.txt, CE Development Portfolio Financial Baseline, user-supplied 2026-08-21",,jchappell2120,,,transportation,yes,Estimated/user-supplied historical planning figure; component scope is not recovered. | Standardized WBS category: factory_logistics_installation; applicability: All five buildings.
6,Garden Haven,Single-Family Residential Development,Historical Planning — Garden Haven Base,base,wbs_budget,WBS-068,extended_cost,Residential subdivision / home delivery — Route and permit coordination,14375,usd,estimated,"pasted_content_20.txt, CE Development Portfolio Financial Baseline, user-supplied 2026-08-21",,jchappell2120,,,transportation,yes,Estimated/user-supplied historical planning figure; component scope is not recovered. | Standardized WBS category: factory_logistics_installation; applicability: All five buildings.
6,Garden Haven,Single-Family Residential Development,Historical Planning — Garden Haven Base,base,wbs_budget,WBS-069,extended_cost,Residential subdivision / home delivery — Transit insurance allowance,14375,usd,estimated,"pasted_content_20.txt, CE Development Portfolio Financial Baseline, user-supplied 2026-08-21",,jchappell2120,,,transportation,yes,Estimated/user-supplied historical planning figure; component scope is not recovered. | Standardized WBS category: factory_logistics_installation; applicability: All five buildings.
6,Garden Haven,Single-Family Residential Development,Historical Planning — Garden Haven Base,base,wbs_budget,WBS-070,extended_cost,Residential subdivision / home delivery — Site receiving,28750,usd,estimated,"pasted_content_20.txt, CE Development Portfolio Financial Baseline, user-supplied 2026-08-21",,jchappell2120,,,site_installation,yes,Estimated/user-supplied historical planning figure; component scope is not recovered. | Standardized WBS category: factory_logistics_installation; applicability: All five buildings.
6,Garden Haven,Single-Family Residential Development,Historical Planning — Garden Haven Base,base,wbs_budget,WBS-071,extended_cost,Residential subdivision / home delivery — Crane and lifting,57500,usd,estimated,"pasted_content_20.txt, CE Development Portfolio Financial Baseline, user-supplied 2026-08-21",,jchappell2120,,,site_installation,yes,Estimated/user-supplied historical planning figure; component scope is not recovered. | Standardized WBS category: factory_logistics_installation; applicability: All five buildings.
6,Garden Haven,Single-Family Residential Development,Historical Planning — Garden Haven Base,base,wbs_budget,WBS-072,extended_cost,Residential subdivision / home delivery — Set and alignment,43125,usd,estimated,"pasted_content_20.txt, CE Development Portfolio Financial Baseline, user-supplied 2026-08-21",,jchappell2120,,,site_installation,yes,Estimated/user-supplied historical planning figure; component scope is not recovered. | Standardized WBS category: factory_logistics_installation; applicability: All five buildings.
6,Garden Haven,Single-Family Residential Development,Historical Planning — Garden Haven Base,base,wbs_budget,WBS-073,extended_cost,Residential subdivision / home delivery — Installation coordination,28750,usd,estimated,"pasted_content_20.txt, CE Development Portfolio Financial Baseline, user-supplied 2026-08-21",,jchappell2120,,,site_installation,yes,Estimated/user-supplied historical planning figure; component scope is not recovered. | Standardized WBS category: factory_logistics_installation; applicability: All five buildings.
6,Garden Haven,Single-Family Residential Development,Historical Planning — Garden Haven Base,base,wbs_budget,WBS-074,extended_cost,Residential subdivision / home delivery — Temporary weather protection,23000,usd,estimated,"pasted_content_20.txt, CE Development Portfolio Financial Baseline, user-supplied 2026-08-21",,jchappell2120,,,site_installation,yes,Estimated/user-supplied historical planning figure; component scope is not recovered. | Standardized WBS category: factory_logistics_installation; applicability: All five buildings.
6,Garden Haven,Single-Family Residential Development,Historical Planning — Garden Haven Base,base,wbs_budget,WBS-075,extended_cost,Residential subdivision / home delivery — Logistics reserve,51750,usd,estimated,"pasted_content_20.txt, CE Development Portfolio Financial Baseline, user-supplied 2026-08-21",,jchappell2120,,,site_installation,yes,Estimated/user-supplied historical planning figure; component scope is not recovered. | Standardized WBS category: factory_logistics_installation; applicability: All five buildings.
6,Garden Haven,Single-Family Residential Development,Historical Planning — Garden Haven Base,base,wbs_budget,WBS-076,extended_cost,Residential subdivision / home delivery — Architecture,86250,usd,estimated,"pasted_content_20.txt, CE Development Portfolio Financial Baseline, user-supplied 2026-08-21",,jchappell2120,,,design_entitlement,yes,Estimated/user-supplied historical planning figure; component scope is not recovered. | Standardized WBS category: professional_soft_costs; applicability: Project-wide.
6,Garden Haven,Single-Family Residential Development,Historical Planning — Garden Haven Base,base,wbs_budget,WBS-077,extended_cost,Residential subdivision / home delivery — Structural engineering,57500,usd,estimated,"pasted_content_20.txt, CE Development Portfolio Financial Baseline, user-supplied 2026-08-21",,jchappell2120,,,design_entitlement,yes,Estimated/user-supplied historical planning figure; component scope is not recovered. | Standardized WBS category: professional_soft_costs; applicability: Project-wide.
6,Garden Haven,Single-Family Residential Development,Historical Planning — Garden Haven Base,base,wbs_budget,WBS-078,extended_cost,Residential subdivision / home delivery — MEP engineering,57500,usd,estimated,"pasted_content_20.txt, CE Development Portfolio Financial Baseline, user-supplied 2026-08-21",,jchappell2120,,,design_entitlement,yes,Estimated/user-supplied historical planning figure; component scope is not recovered. | Standardized WBS category: professional_soft_costs; applicability: Project-wide.
6,Garden Haven,Single-Family Residential Development,Historical Planning — Garden Haven Base,base,wbs_budget,WBS-079,extended_cost,Residential subdivision / home delivery — Civil engineering,43125,usd,estimated,"pasted_content_20.txt, CE Development Portfolio Financial Baseline, user-supplied 2026-08-21",,jchappell2120,,,design_entitlement,yes,Estimated/user-supplied historical planning figure; component scope is not recovered. | Standardized WBS category: professional_soft_costs; applicability: Project-wide.
6,Garden Haven,Single-Family Residential Development,Historical Planning — Garden Haven Base,base,wbs_budget,WBS-080,extended_cost,Residential subdivision / home delivery — Permitting and entitlement,28750,usd,estimated,"pasted_content_20.txt, CE Development Portfolio Financial Baseline, user-supplied 2026-08-21",,jchappell2120,,,design_entitlement,yes,Estimated/user-supplied historical planning figure; component scope is not recovered. | Standardized WBS category: professional_soft_costs; applicability: Project-wide.
6,Garden Haven,Single-Family Residential Development,Historical Planning — Garden Haven Base,base,wbs_budget,WBS-081,extended_cost,Residential subdivision / home delivery — Project management,86250,usd,estimated,"pasted_content_20.txt, CE Development Portfolio Financial Baseline, user-supplied 2026-08-21",,jchappell2120,,,construction,yes,Estimated/user-supplied historical planning figure; component scope is not recovered. | Standardized WBS category: professional_soft_costs; applicability: Project-wide.
6,Garden Haven,Single-Family Residential Development,Historical Planning — Garden Haven Base,base,wbs_budget,WBS-082,extended_cost,Residential subdivision / home delivery — Legal,43125,usd,estimated,"pasted_content_20.txt, CE Development Portfolio Financial Baseline, user-supplied 2026-08-21",,jchappell2120,,,predevelopment,yes,Estimated/user-supplied historical planning figure; component scope is not recovered. | Standardized WBS category: professional_soft_costs; applicability: Project-wide.
6,Garden Haven,Single-Family Residential Development,Historical Planning — Garden Haven Base,base,wbs_budget,WBS-083,extended_cost,Residential subdivision / home delivery — Accounting and tax,28750,usd,estimated,"pasted_content_20.txt, CE Development Portfolio Financial Baseline, user-supplied 2026-08-21",,jchappell2120,,,predevelopment,yes,Estimated/user-supplied historical planning figure; component scope is not recovered. | Standardized WBS category: professional_soft_costs; applicability: Project-wide.
6,Garden Haven,Single-Family Residential Development,Historical Planning — Garden Haven Base,base,wbs_budget,WBS-084,extended_cost,Residential subdivision / home delivery — Builder's risk insurance,43125,usd,estimated,"pasted_content_20.txt, CE Development Portfolio Financial Baseline, user-supplied 2026-08-21",,jchappell2120,,,construction,yes,Estimated/user-supplied historical planning figure; component scope is not recovered. | Standardized WBS category: professional_soft_costs; applicability: Project-wide.
6,Garden Haven,Single-Family Residential Development,Historical Planning — Garden Haven Base,base,wbs_budget,WBS-085,extended_cost,Residential subdivision / home delivery — Marketing,43125,usd,estimated,"pasted_content_20.txt, CE Development Portfolio Financial Baseline, user-supplied 2026-08-21",,jchappell2120,,,lease_up_stabilization,yes,Estimated/user-supplied historical planning figure; component scope is not recovered. | Standardized WBS category: professional_soft_costs; applicability: Project-wide.
6,Garden Haven,Single-Family Residential Development,Historical Planning — Garden Haven Base,base,wbs_budget,WBS-086,extended_cost,Residential subdivision / home delivery — Leasing,43125,usd,estimated,"pasted_content_20.txt, CE Development Portfolio Financial Baseline, user-supplied 2026-08-21",,jchappell2120,,,lease_up_stabilization,yes,Estimated/user-supplied historical planning figure; component scope is not recovered. | Standardized WBS category: professional_soft_costs; applicability: Project-wide.
6,Garden Haven,Single-Family Residential Development,Historical Planning — Garden Haven Base,base,wbs_budget,WBS-087,extended_cost,Residential subdivision / home delivery — Leasing commissions,57500,usd,estimated,"pasted_content_20.txt, CE Development Portfolio Financial Baseline, user-supplied 2026-08-21",,jchappell2120,,,lease_up_stabilization,yes,Estimated/user-supplied historical planning figure; component scope is not recovered. | Standardized WBS category: professional_soft_costs; applicability: Project-wide.
6,Garden Haven,Single-Family Residential Development,Historical Planning — Garden Haven Base,base,wbs_budget,WBS-088,extended_cost,Residential subdivision / home delivery — Owner administration reserve,71875,usd,estimated,"pasted_content_20.txt, CE Development Portfolio Financial Baseline, user-supplied 2026-08-21",,jchappell2120,,,predevelopment,yes,Estimated/user-supplied historical planning figure; component scope is not recovered. | Standardized WBS category: professional_soft_costs; applicability: Project-wide.
6,Garden Haven,Single-Family Residential Development,Historical Planning — Garden Haven Base,base,wbs_budget,WBS-089,extended_cost,Residential subdivision / home delivery — Loan origination,100625,usd,estimated,"pasted_content_20.txt, CE Development Portfolio Financial Baseline, user-supplied 2026-08-21",,jchappell2120,,,predevelopment,yes,Estimated/user-supplied historical planning figure; component scope is not recovered. | Standardized WBS category: financing_carry; applicability: Project-wide.
6,Garden Haven,Single-Family Residential Development,Historical Planning — Garden Haven Base,base,wbs_budget,WBS-090,extended_cost,Residential subdivision / home delivery — Interest carry,115000,usd,estimated,"pasted_content_20.txt, CE Development Portfolio Financial Baseline, user-supplied 2026-08-21",,jchappell2120,,,construction,yes,Estimated/user-supplied historical planning figure; component scope is not recovered. | Standardized WBS category: financing_carry; applicability: Project-wide.
6,Garden Haven,Single-Family Residential Development,Historical Planning — Garden Haven Base,base,wbs_budget,WBS-091,extended_cost,Residential subdivision / home delivery — Lender legal and diligence,28750,usd,estimated,"pasted_content_20.txt, CE Development Portfolio Financial Baseline, user-supplied 2026-08-21",,jchappell2120,,,predevelopment,yes,Estimated/user-supplied historical planning figure; component scope is not recovered. | Standardized WBS category: financing_carry; applicability: Project-wide.
6,Garden Haven,Single-Family Residential Development,Historical Planning — Garden Haven Base,base,wbs_budget,WBS-092,extended_cost,Residential subdivision / home delivery — Loan administration,28750,usd,estimated,"pasted_content_20.txt, CE Development Portfolio Financial Baseline, user-supplied 2026-08-21",,jchappell2120,,,construction,yes,Estimated/user-supplied historical planning figure; component scope is not recovered. | Standardized WBS category: financing_carry; applicability: Project-wide.
6,Garden Haven,Single-Family Residential Development,Historical Planning — Garden Haven Base,base,wbs_budget,WBS-093,extended_cost,Residential subdivision / home delivery — Interest reserve,43125,usd,estimated,"pasted_content_20.txt, CE Development Portfolio Financial Baseline, user-supplied 2026-08-21",,jchappell2120,,,construction,yes,Estimated/user-supplied historical planning figure; component scope is not recovered. | Standardized WBS category: financing_carry; applicability: Project-wide.
6,Garden Haven,Single-Family Residential Development,Historical Planning — Garden Haven Base,base,wbs_budget,WBS-094,extended_cost,Residential subdivision / home delivery — Extension reserve,28750,usd,estimated,"pasted_content_20.txt, CE Development Portfolio Financial Baseline, user-supplied 2026-08-21",,jchappell2120,,,construction,yes,Estimated/user-supplied historical planning figure; component scope is not recovered. | Standardized WBS category: financing_carry; applicability: Project-wide.
6,Garden Haven,Single-Family Residential Development,Historical Planning — Garden Haven Base,base,wbs_budget,WBS-095,extended_cost,Residential subdivision / home delivery — Construction contingency,86250,usd,estimated,"pasted_content_20.txt, CE Development Portfolio Financial Baseline, user-supplied 2026-08-21",,jchappell2120,,,construction,yes,Estimated/user-supplied historical planning figure; component scope is not recovered. | Standardized WBS category: contingency; applicability: All five buildings.
6,Garden Haven,Single-Family Residential Development,Historical Planning — Garden Haven Base,base,wbs_budget,WBS-096,extended_cost,Residential subdivision / home delivery — Site contingency,28750,usd,estimated,"pasted_content_20.txt, CE Development Portfolio Financial Baseline, user-supplied 2026-08-21",,jchappell2120,,,construction,yes,Estimated/user-supplied historical planning figure; component scope is not recovered. | Standardized WBS category: contingency; applicability: Project-wide.
6,Garden Haven,Single-Family Residential Development,Historical Planning — Garden Haven Base,base,wbs_budget,WBS-097,extended_cost,Residential subdivision / home delivery — Materials contingency,28750,usd,estimated,"pasted_content_20.txt, CE Development Portfolio Financial Baseline, user-supplied 2026-08-21",,jchappell2120,,,construction,yes,Estimated/user-supplied historical planning figure; component scope is not recovered. | Standardized WBS category: contingency; applicability: All five buildings.
6,Garden Haven,Single-Family Residential Development,Historical Planning — Garden Haven Base,base,wbs_budget,WBS-098,extended_cost,Residential subdivision / home delivery — Factory contingency,28750,usd,estimated,"pasted_content_20.txt, CE Development Portfolio Financial Baseline, user-supplied 2026-08-21",,jchappell2120,,,factory_production,yes,Estimated/user-supplied historical planning figure; component scope is not recovered. | Standardized WBS category: contingency; applicability: All five buildings.
6,Garden Haven,Single-Family Residential Development,Historical Planning — Garden Haven Base,base,wbs_budget,WBS-099,extended_cost,Residential subdivision / home delivery — Schedule contingency,28750,usd,estimated,"pasted_content_20.txt, CE Development Portfolio Financial Baseline, user-supplied 2026-08-21",,jchappell2120,,,construction,yes,Estimated/user-supplied historical planning figure; component scope is not recovered. | Standardized WBS category: contingency; applicability: Project-wide.
6,Garden Haven,Single-Family Residential Development,Historical Planning — Garden Haven Base,base,wbs_budget,WBS-100,extended_cost,Residential subdivision / home delivery — Closeout contingency,28749,usd,estimated,"pasted_content_20.txt, CE Development Portfolio Financial Baseline, user-supplied 2026-08-21",,jchappell2120,,,building_completion,yes,Estimated/user-supplied historical planning figure; component scope is not recovered. | Standardized WBS category: contingency; applicability: Project-wide.
6,Garden Haven,Single-Family Residential Development,Historical Planning — Garden Haven Base,base,capital_deployment,SCH-COST-01,monthly_development_spend,monthly development spend — month 1,287500,usd,estimated,"pasted_content_20.txt, CE Development Portfolio Financial Baseline, user-supplied 2026-08-21",,jchappell2120,1,1,predevelopment,yes,Estimated/user-supplied historical planning figure; component scope is not recovered. | Calculated monthly planning series from scenario drivers; not actual project performance.
6,Garden Haven,Single-Family Residential Development,Historical Planning — Garden Haven Base,base,schedule,SCH-CUM-01,cumulative_deployment_bps,cumulative deployment bps — month 1,250,percentage_bps,estimated,"pasted_content_20.txt, CE Development Portfolio Financial Baseline, user-supplied 2026-08-21",,jchappell2120,1,1,predevelopment,yes,Estimated/user-supplied historical planning figure; component scope is not recovered. | Calculated monthly planning series from scenario drivers; not actual project performance.
6,Garden Haven,Single-Family Residential Development,Historical Planning — Garden Haven Base,base,schedule,SCH-OCC-01,occupancy_bps,occupancy bps — month 1,0,percentage_bps,estimated,"pasted_content_20.txt, CE Development Portfolio Financial Baseline, user-supplied 2026-08-21",,jchappell2120,1,1,predevelopment,yes,Estimated/user-supplied historical planning figure; component scope is not recovered. | Calculated monthly planning series from scenario drivers; not actual project performance.
6,Garden Haven,Single-Family Residential Development,Historical Planning — Garden Haven Base,base,revenue,SCH-REV-01,monthly_effective_revenue,monthly effective revenue — month 1,0,usd,estimated,"pasted_content_20.txt, CE Development Portfolio Financial Baseline, user-supplied 2026-08-21",,jchappell2120,1,1,predevelopment,yes,Estimated/user-supplied historical planning figure; component scope is not recovered. | Calculated monthly planning series from scenario drivers; not actual project performance.
6,Garden Haven,Single-Family Residential Development,Historical Planning — Garden Haven Base,base,operations,SCH-OPEX-01,monthly_operating_expense,monthly operating expense — month 1,0,usd,estimated,"pasted_content_20.txt, CE Development Portfolio Financial Baseline, user-supplied 2026-08-21",,jchappell2120,1,1,predevelopment,yes,Estimated/user-supplied historical planning figure; component scope is not recovered. | Calculated monthly planning series from scenario drivers; not actual project performance.
6,Garden Haven,Single-Family Residential Development,Historical Planning — Garden Haven Base,base,financing,SCH-DRAW-01,monthly_debt_draw,monthly debt draw — month 1,186875,usd,estimated,"pasted_content_20.txt, CE Development Portfolio Financial Baseline, user-supplied 2026-08-21",,jchappell2120,1,1,predevelopment,yes,Estimated/user-supplied historical planning figure; component scope is not recovered. | Calculated monthly planning series from scenario drivers; not actual project performance.
6,Garden Haven,Single-Family Residential Development,Historical Planning — Garden Haven Base,base,financing,SCH-INT-01,monthly_interest,monthly interest — month 1,1168,usd,estimated,"pasted_content_20.txt, CE Development Portfolio Financial Baseline, user-supplied 2026-08-21",,jchappell2120,1,1,predevelopment,yes,Estimated/user-supplied historical planning figure; component scope is not recovered. | Calculated monthly planning series from scenario drivers; not actual project performance.
6,Garden Haven,Single-Family Residential Development,Historical Planning — Garden Haven Base,base,cash_flow,SCH-CF-01,monthly_levered_cash_flow,monthly levered cash flow — month 1,-288668,usd,estimated,"pasted_content_20.txt, CE Development Portfolio Financial Baseline, user-supplied 2026-08-21",,jchappell2120,1,1,predevelopment,yes,Estimated/user-supplied historical planning figure; component scope is not recovered. | Calculated monthly planning series from scenario drivers; not actual project performance.
6,Garden Haven,Single-Family Residential Development,Historical Planning — Garden Haven Base,base,capital_deployment,SCH-COST-02,monthly_development_spend,monthly development spend — month 2,287500,usd,estimated,"pasted_content_20.txt, CE Development Portfolio Financial Baseline, user-supplied 2026-08-21",,jchappell2120,2,2,predevelopment,yes,Estimated/user-supplied historical planning figure; component scope is not recovered. | Calculated monthly planning series from scenario drivers; not actual project performance.
6,Garden Haven,Single-Family Residential Development,Historical Planning — Garden Haven Base,base,schedule,SCH-CUM-02,cumulative_deployment_bps,cumulative deployment bps — month 2,500,percentage_bps,estimated,"pasted_content_20.txt, CE Development Portfolio Financial Baseline, user-supplied 2026-08-21",,jchappell2120,2,2,predevelopment,yes,Estimated/user-supplied historical planning figure; component scope is not recovered. | Calculated monthly planning series from scenario drivers; not actual project performance.
6,Garden Haven,Single-Family Residential Development,Historical Planning — Garden Haven Base,base,schedule,SCH-OCC-02,occupancy_bps,occupancy bps — month 2,286,percentage_bps,estimated,"pasted_content_20.txt, CE Development Portfolio Financial Baseline, user-supplied 2026-08-21",,jchappell2120,2,2,predevelopment,yes,Estimated/user-supplied historical planning figure; component scope is not recovered. | Calculated monthly planning series from scenario drivers; not actual project performance.
6,Garden Haven,Single-Family Residential Development,Historical Planning — Garden Haven Base,base,revenue,SCH-REV-02,monthly_effective_revenue,monthly effective revenue — month 2,17875,usd,estimated,"pasted_content_20.txt, CE Development Portfolio Financial Baseline, user-supplied 2026-08-21",,jchappell2120,2,2,predevelopment,yes,Estimated/user-supplied historical planning figure; component scope is not recovered. | Calculated monthly planning series from scenario drivers; not actual project performance.
6,Garden Haven,Single-Family Residential Development,Historical Planning — Garden Haven Base,base,operations,SCH-OPEX-02,monthly_operating_expense,monthly operating expense — month 2,0,usd,estimated,"pasted_content_20.txt, CE Development Portfolio Financial Baseline, user-supplied 2026-08-21",,jchappell2120,2,2,predevelopment,yes,Estimated/user-supplied historical planning figure; component scope is not recovered. | Calculated monthly planning series from scenario drivers; not actual project performance.
6,Garden Haven,Single-Family Residential Development,Historical Planning — Garden Haven Base,base,financing,SCH-DRAW-02,monthly_debt_draw,monthly debt draw — month 2,186875,usd,estimated,"pasted_content_20.txt, CE Development Portfolio Financial Baseline, user-supplied 2026-08-21",,jchappell2120,2,2,predevelopment,yes,Estimated/user-supplied historical planning figure; component scope is not recovered. | Calculated monthly planning series from scenario drivers; not actual project performance.
6,Garden Haven,Single-Family Residential Development,Historical Planning — Garden Haven Base,base,financing,SCH-INT-02,monthly_interest,monthly interest — month 2,2336,usd,estimated,"pasted_content_20.txt, CE Development Portfolio Financial Baseline, user-supplied 2026-08-21",,jchappell2120,2,2,predevelopment,yes,Estimated/user-supplied historical planning figure; component scope is not recovered. | Calculated monthly planning series from scenario drivers; not actual project performance.
6,Garden Haven,Single-Family Residential Development,Historical Planning — Garden Haven Base,base,cash_flow,SCH-CF-02,monthly_levered_cash_flow,monthly levered cash flow — month 2,-271961,usd,estimated,"pasted_content_20.txt, CE Development Portfolio Financial Baseline, user-supplied 2026-08-21",,jchappell2120,2,2,predevelopment,yes,Estimated/user-supplied historical planning figure; component scope is not recovered. | Calculated monthly planning series from scenario drivers; not actual project performance.
6,Garden Haven,Single-Family Residential Development,Historical Planning — Garden Haven Base,base,capital_deployment,SCH-COST-03,monthly_development_spend,monthly development spend — month 3,287500,usd,estimated,"pasted_content_20.txt, CE Development Portfolio Financial Baseline, user-supplied 2026-08-21",,jchappell2120,3,3,predevelopment,yes,Estimated/user-supplied historical planning figure; component scope is not recovered. | Calculated monthly planning series from scenario drivers; not actual project performance.
6,Garden Haven,Single-Family Residential Development,Historical Planning — Garden Haven Base,base,schedule,SCH-CUM-03,cumulative_deployment_bps,cumulative deployment bps — month 3,750,percentage_bps,estimated,"pasted_content_20.txt, CE Development Portfolio Financial Baseline, user-supplied 2026-08-21",,jchappell2120,3,3,predevelopment,yes,Estimated/user-supplied historical planning figure; component scope is not recovered. | Calculated monthly planning series from scenario drivers; not actual project performance.
6,Garden Haven,Single-Family Residential Development,Historical Planning — Garden Haven Base,base,schedule,SCH-OCC-03,occupancy_bps,occupancy bps — month 3,571,percentage_bps,estimated,"pasted_content_20.txt, CE Development Portfolio Financial Baseline, user-supplied 2026-08-21",,jchappell2120,3,3,predevelopment,yes,Estimated/user-supplied historical planning figure; component scope is not recovered. | Calculated monthly planning series from scenario drivers; not actual project performance.
6,Garden Haven,Single-Family Residential Development,Historical Planning — Garden Haven Base,base,revenue,SCH-REV-03,monthly_effective_revenue,monthly effective revenue — month 3,35688,usd,estimated,"pasted_content_20.txt, CE Development Portfolio Financial Baseline, user-supplied 2026-08-21",,jchappell2120,3,3,predevelopment,yes,Estimated/user-supplied historical planning figure; component scope is not recovered. | Calculated monthly planning series from scenario drivers; not actual project performance.
6,Garden Haven,Single-Family Residential Development,Historical Planning — Garden Haven Base,base,operations,SCH-OPEX-03,monthly_operating_expense,monthly operating expense — month 3,0,usd,estimated,"pasted_content_20.txt, CE Development Portfolio Financial Baseline, user-supplied 2026-08-21",,jchappell2120,3,3,predevelopment,yes,Estimated/user-supplied historical planning figure; component scope is not recovered. | Calculated monthly planning series from scenario drivers; not actual project performance.
6,Garden Haven,Single-Family Residential Development,Historical Planning — Garden Haven Base,base,financing,SCH-DRAW-03,monthly_debt_draw,monthly debt draw — month 3,186875,usd,estimated,"pasted_content_20.txt, CE Development Portfolio Financial Baseline, user-supplied 2026-08-21",,jchappell2120,3,3,predevelopment,yes,Estimated/user-supplied historical planning figure; component scope is not recovered. | Calculated monthly planning series from scenario drivers; not actual project performance.
6,Garden Haven,Single-Family Residential Development,Historical Planning — Garden Haven Base,base,financing,SCH-INT-03,monthly_interest,monthly interest — month 3,3504,usd,estimated,"pasted_content_20.txt, CE Development Portfolio Financial Baseline, user-supplied 2026-08-21",,jchappell2120,3,3,predevelopment,yes,Estimated/user-supplied historical planning figure; component scope is not recovered. | Calculated monthly planning series from scenario drivers; not actual project performance.
6,Garden Haven,Single-Family Residential Development,Historical Planning — Garden Haven Base,base,cash_flow,SCH-CF-03,monthly_levered_cash_flow,monthly levered cash flow — month 3,-255316,usd,estimated,"pasted_content_20.txt, CE Development Portfolio Financial Baseline, user-supplied 2026-08-21",,jchappell2120,3,3,predevelopment,yes,Estimated/user-supplied historical planning figure; component scope is not recovered. | Calculated monthly planning series from scenario drivers; not actual project performance.
6,Garden Haven,Single-Family Residential Development,Historical Planning — Garden Haven Base,base,capital_deployment,SCH-COST-04,monthly_development_spend,monthly development spend — month 4,287500,usd,estimated,"pasted_content_20.txt, CE Development Portfolio Financial Baseline, user-supplied 2026-08-21",,jchappell2120,4,4,predevelopment,yes,Estimated/user-supplied historical planning figure; component scope is not recovered. | Calculated monthly planning series from scenario drivers; not actual project performance.
6,Garden Haven,Single-Family Residential Development,Historical Planning — Garden Haven Base,base,schedule,SCH-CUM-04,cumulative_deployment_bps,cumulative deployment bps — month 4,1000,percentage_bps,estimated,"pasted_content_20.txt, CE Development Portfolio Financial Baseline, user-supplied 2026-08-21",,jchappell2120,4,4,predevelopment,yes,Estimated/user-supplied historical planning figure; component scope is not recovered. | Calculated monthly planning series from scenario drivers; not actual project performance.
6,Garden Haven,Single-Family Residential Development,Historical Planning — Garden Haven Base,base,schedule,SCH-OCC-04,occupancy_bps,occupancy bps — month 4,857,percentage_bps,estimated,"pasted_content_20.txt, CE Development Portfolio Financial Baseline, user-supplied 2026-08-21",,jchappell2120,4,4,predevelopment,yes,Estimated/user-supplied historical planning figure; component scope is not recovered. | Calculated monthly planning series from scenario drivers; not actual project performance.
6,Garden Haven,Single-Family Residential Development,Historical Planning — Garden Haven Base,base,revenue,SCH-REV-04,monthly_effective_revenue,monthly effective revenue — month 4,53563,usd,estimated,"pasted_content_20.txt, CE Development Portfolio Financial Baseline, user-supplied 2026-08-21",,jchappell2120,4,4,predevelopment,yes,Estimated/user-supplied historical planning figure; component scope is not recovered. | Calculated monthly planning series from scenario drivers; not actual project performance.
6,Garden Haven,Single-Family Residential Development,Historical Planning — Garden Haven Base,base,operations,SCH-OPEX-04,monthly_operating_expense,monthly operating expense — month 4,0,usd,estimated,"pasted_content_20.txt, CE Development Portfolio Financial Baseline, user-supplied 2026-08-21",,jchappell2120,4,4,predevelopment,yes,Estimated/user-supplied historical planning figure; component scope is not recovered. | Calculated monthly planning series from scenario drivers; not actual project performance.
6,Garden Haven,Single-Family Residential Development,Historical Planning — Garden Haven Base,base,financing,SCH-DRAW-04,monthly_debt_draw,monthly debt draw — month 4,186875,usd,estimated,"pasted_content_20.txt, CE Development Portfolio Financial Baseline, user-supplied 2026-08-21",,jchappell2120,4,4,predevelopment,yes,Estimated/user-supplied historical planning figure; component scope is not recovered. | Calculated monthly planning series from scenario drivers; not actual project performance.
6,Garden Haven,Single-Family Residential Development,Historical Planning — Garden Haven Base,base,financing,SCH-INT-04,monthly_interest,monthly interest — month 4,4672,usd,estimated,"pasted_content_20.txt, CE Development Portfolio Financial Baseline, user-supplied 2026-08-21",,jchappell2120,4,4,predevelopment,yes,Estimated/user-supplied historical planning figure; component scope is not recovered. | Calculated monthly planning series from scenario drivers; not actual project performance.
6,Garden Haven,Single-Family Residential Development,Historical Planning — Garden Haven Base,base,cash_flow,SCH-CF-04,monthly_levered_cash_flow,monthly levered cash flow — month 4,-238609,usd,estimated,"pasted_content_20.txt, CE Development Portfolio Financial Baseline, user-supplied 2026-08-21",,jchappell2120,4,4,predevelopment,yes,Estimated/user-supplied historical planning figure; component scope is not recovered. | Calculated monthly planning series from scenario drivers; not actual project performance.
6,Garden Haven,Single-Family Residential Development,Historical Planning — Garden Haven Base,base,capital_deployment,SCH-COST-05,monthly_development_spend,monthly development spend — month 5,575000,usd,estimated,"pasted_content_20.txt, CE Development Portfolio Financial Baseline, user-supplied 2026-08-21",,jchappell2120,5,5,construction,yes,Estimated/user-supplied historical planning figure; component scope is not recovered. | Calculated monthly planning series from scenario drivers; not actual project performance.
6,Garden Haven,Single-Family Residential Development,Historical Planning — Garden Haven Base,base,schedule,SCH-CUM-05,cumulative_deployment_bps,cumulative deployment bps — month 5,1500,percentage_bps,estimated,"pasted_content_20.txt, CE Development Portfolio Financial Baseline, user-supplied 2026-08-21",,jchappell2120,5,5,construction,yes,Estimated/user-supplied historical planning figure; component scope is not recovered. | Calculated monthly planning series from scenario drivers; not actual project performance.
6,Garden Haven,Single-Family Residential Development,Historical Planning — Garden Haven Base,base,schedule,SCH-OCC-05,occupancy_bps,occupancy bps — month 5,1143,percentage_bps,estimated,"pasted_content_20.txt, CE Development Portfolio Financial Baseline, user-supplied 2026-08-21",,jchappell2120,5,5,construction,yes,Estimated/user-supplied historical planning figure; component scope is not recovered. | Calculated monthly planning series from scenario drivers; not actual project performance.
6,Garden Haven,Single-Family Residential Development,Historical Planning — Garden Haven Base,base,revenue,SCH-REV-05,monthly_effective_revenue,monthly effective revenue — month 5,71438,usd,estimated,"pasted_content_20.txt, CE Development Portfolio Financial Baseline, user-supplied 2026-08-21",,jchappell2120,5,5,construction,yes,Estimated/user-supplied historical planning figure; component scope is not recovered. | Calculated monthly planning series from scenario drivers; not actual project performance.
6,Garden Haven,Single-Family Residential Development,Historical Planning — Garden Haven Base,base,operations,SCH-OPEX-05,monthly_operating_expense,monthly operating expense — month 5,0,usd,estimated,"pasted_content_20.txt, CE Development Portfolio Financial Baseline, user-supplied 2026-08-21",,jchappell2120,5,5,construction,yes,Estimated/user-supplied historical planning figure; component scope is not recovered. | Calculated monthly planning series from scenario drivers; not actual project performance.
6,Garden Haven,Single-Family Residential Development,Historical Planning — Garden Haven Base,base,financing,SCH-DRAW-05,monthly_debt_draw,monthly debt draw — month 5,373750,usd,estimated,"pasted_content_20.txt, CE Development Portfolio Financial Baseline, user-supplied 2026-08-21",,jchappell2120,5,5,construction,yes,Estimated/user-supplied historical planning figure; component scope is not recovered. | Calculated monthly planning series from scenario drivers; not actual project performance.
6,Garden Haven,Single-Family Residential Development,Historical Planning — Garden Haven Base,base,financing,SCH-INT-05,monthly_interest,monthly interest — month 5,7008,usd,estimated,"pasted_content_20.txt, CE Development Portfolio Financial Baseline, user-supplied 2026-08-21",,jchappell2120,5,5,construction,yes,Estimated/user-supplied historical planning figure; component scope is not recovered. | Calculated monthly planning series from scenario drivers; not actual project performance.
6,Garden Haven,Single-Family Residential Development,Historical Planning — Garden Haven Base,base,cash_flow,SCH-CF-05,monthly_levered_cash_flow,monthly levered cash flow — month 5,-510570,usd,estimated,"pasted_content_20.txt, CE Development Portfolio Financial Baseline, user-supplied 2026-08-21",,jchappell2120,5,5,construction,yes,Estimated/user-supplied historical planning figure; component scope is not recovered. | Calculated monthly planning series from scenario drivers; not actual project performance.
6,Garden Haven,Single-Family Residential Development,Historical Planning — Garden Haven Base,base,capital_deployment,SCH-COST-06,monthly_development_spend,monthly development spend — month 6,575000,usd,estimated,"pasted_content_20.txt, CE Development Portfolio Financial Baseline, user-supplied 2026-08-21",,jchappell2120,6,6,construction,yes,Estimated/user-supplied historical planning figure; component scope is not recovered. | Calculated monthly planning series from scenario drivers; not actual project performance.
6,Garden Haven,Single-Family Residential Development,Historical Planning — Garden Haven Base,base,schedule,SCH-CUM-06,cumulative_deployment_bps,cumulative deployment bps — month 6,2000,percentage_bps,estimated,"pasted_content_20.txt, CE Development Portfolio Financial Baseline, user-supplied 2026-08-21",,jchappell2120,6,6,construction,yes,Estimated/user-supplied historical planning figure; component scope is not recovered. | Calculated monthly planning series from scenario drivers; not actual project performance.
6,Garden Haven,Single-Family Residential Development,Historical Planning — Garden Haven Base,base,schedule,SCH-OCC-06,occupancy_bps,occupancy bps — month 6,1429,percentage_bps,estimated,"pasted_content_20.txt, CE Development Portfolio Financial Baseline, user-supplied 2026-08-21",,jchappell2120,6,6,construction,yes,Estimated/user-supplied historical planning figure; component scope is not recovered. | Calculated monthly planning series from scenario drivers; not actual project performance.
6,Garden Haven,Single-Family Residential Development,Historical Planning — Garden Haven Base,base,revenue,SCH-REV-06,monthly_effective_revenue,monthly effective revenue — month 6,89313,usd,estimated,"pasted_content_20.txt, CE Development Portfolio Financial Baseline, user-supplied 2026-08-21",,jchappell2120,6,6,construction,yes,Estimated/user-supplied historical planning figure; component scope is not recovered. | Calculated monthly planning series from scenario drivers; not actual project performance.
6,Garden Haven,Single-Family Residential Development,Historical Planning — Garden Haven Base,base,operations,SCH-OPEX-06,monthly_operating_expense,monthly operating expense — month 6,0,usd,estimated,"pasted_content_20.txt, CE Development Portfolio Financial Baseline, user-supplied 2026-08-21",,jchappell2120,6,6,construction,yes,Estimated/user-supplied historical planning figure; component scope is not recovered. | Calculated monthly planning series from scenario drivers; not actual project performance.
6,Garden Haven,Single-Family Residential Development,Historical Planning — Garden Haven Base,base,financing,SCH-DRAW-06,monthly_debt_draw,monthly debt draw — month 6,373750,usd,estimated,"pasted_content_20.txt, CE Development Portfolio Financial Baseline, user-supplied 2026-08-21",,jchappell2120,6,6,construction,yes,Estimated/user-supplied historical planning figure; component scope is not recovered. | Calculated monthly planning series from scenario drivers; not actual project performance.
6,Garden Haven,Single-Family Residential Development,Historical Planning — Garden Haven Base,base,financing,SCH-INT-06,monthly_interest,monthly interest — month 6,9344,usd,estimated,"pasted_content_20.txt, CE Development Portfolio Financial Baseline, user-supplied 2026-08-21",,jchappell2120,6,6,construction,yes,Estimated/user-supplied historical planning figure; component scope is not recovered. | Calculated monthly planning series from scenario drivers; not actual project performance.
6,Garden Haven,Single-Family Residential Development,Historical Planning — Garden Haven Base,base,cash_flow,SCH-CF-06,monthly_levered_cash_flow,monthly levered cash flow — month 6,-495031,usd,estimated,"pasted_content_20.txt, CE Development Portfolio Financial Baseline, user-supplied 2026-08-21",,jchappell2120,6,6,construction,yes,Estimated/user-supplied historical planning figure; component scope is not recovered. | Calculated monthly planning series from scenario drivers; not actual project performance.
6,Garden Haven,Single-Family Residential Development,Historical Planning — Garden Haven Base,base,capital_deployment,SCH-COST-07,monthly_development_spend,monthly development spend — month 7,575000,usd,estimated,"pasted_content_20.txt, CE Development Portfolio Financial Baseline, user-supplied 2026-08-21",,jchappell2120,7,7,construction,yes,Estimated/user-supplied historical planning figure; component scope is not recovered. | Calculated monthly planning series from scenario drivers; not actual project performance.
6,Garden Haven,Single-Family Residential Development,Historical Planning — Garden Haven Base,base,schedule,SCH-CUM-07,cumulative_deployment_bps,cumulative deployment bps — month 7,2500,percentage_bps,estimated,"pasted_content_20.txt, CE Development Portfolio Financial Baseline, user-supplied 2026-08-21",,jchappell2120,7,7,construction,yes,Estimated/user-supplied historical planning figure; component scope is not recovered. | Calculated monthly planning series from scenario drivers; not actual project performance.
6,Garden Haven,Single-Family Residential Development,Historical Planning — Garden Haven Base,base,schedule,SCH-OCC-07,occupancy_bps,occupancy bps — month 7,1714,percentage_bps,estimated,"pasted_content_20.txt, CE Development Portfolio Financial Baseline, user-supplied 2026-08-21",,jchappell2120,7,7,construction,yes,Estimated/user-supplied historical planning figure; component scope is not recovered. | Calculated monthly planning series from scenario drivers; not actual project performance.
6,Garden Haven,Single-Family Residential Development,Historical Planning — Garden Haven Base,base,revenue,SCH-REV-07,monthly_effective_revenue,monthly effective revenue — month 7,107125,usd,estimated,"pasted_content_20.txt, CE Development Portfolio Financial Baseline, user-supplied 2026-08-21",,jchappell2120,7,7,construction,yes,Estimated/user-supplied historical planning figure; component scope is not recovered. | Calculated monthly planning series from scenario drivers; not actual project performance.
6,Garden Haven,Single-Family Residential Development,Historical Planning — Garden Haven Base,base,operations,SCH-OPEX-07,monthly_operating_expense,monthly operating expense — month 7,0,usd,estimated,"pasted_content_20.txt, CE Development Portfolio Financial Baseline, user-supplied 2026-08-21",,jchappell2120,7,7,construction,yes,Estimated/user-supplied historical planning figure; component scope is not recovered. | Calculated monthly planning series from scenario drivers; not actual project performance.
6,Garden Haven,Single-Family Residential Development,Historical Planning — Garden Haven Base,base,financing,SCH-DRAW-07,monthly_debt_draw,monthly debt draw — month 7,373750,usd,estimated,"pasted_content_20.txt, CE Development Portfolio Financial Baseline, user-supplied 2026-08-21",,jchappell2120,7,7,construction,yes,Estimated/user-supplied historical planning figure; component scope is not recovered. | Calculated monthly planning series from scenario drivers; not actual project performance.
6,Garden Haven,Single-Family Residential Development,Historical Planning — Garden Haven Base,base,financing,SCH-INT-07,monthly_interest,monthly interest — month 7,11680,usd,estimated,"pasted_content_20.txt, CE Development Portfolio Financial Baseline, user-supplied 2026-08-21",,jchappell2120,7,7,construction,yes,Estimated/user-supplied historical planning figure; component scope is not recovered. | Calculated monthly planning series from scenario drivers; not actual project performance.
6,Garden Haven,Single-Family Residential Development,Historical Planning — Garden Haven Base,base,cash_flow,SCH-CF-07,monthly_levered_cash_flow,monthly levered cash flow — month 7,-479555,usd,estimated,"pasted_content_20.txt, CE Development Portfolio Financial Baseline, user-supplied 2026-08-21",,jchappell2120,7,7,construction,yes,Estimated/user-supplied historical planning figure; component scope is not recovered. | Calculated monthly planning series from scenario drivers; not actual project performance.
6,Garden Haven,Single-Family Residential Development,Historical Planning — Garden Haven Base,base,capital_deployment,SCH-COST-08,monthly_development_spend,monthly development spend — month 8,575000,usd,estimated,"pasted_content_20.txt, CE Development Portfolio Financial Baseline, user-supplied 2026-08-21",,jchappell2120,8,8,construction,yes,Estimated/user-supplied historical planning figure; component scope is not recovered. | Calculated monthly planning series from scenario drivers; not actual project performance.
6,Garden Haven,Single-Family Residential Development,Historical Planning — Garden Haven Base,base,schedule,SCH-CUM-08,cumulative_deployment_bps,cumulative deployment bps — month 8,3000,percentage_bps,estimated,"pasted_content_20.txt, CE Development Portfolio Financial Baseline, user-supplied 2026-08-21",,jchappell2120,8,8,construction,yes,Estimated/user-supplied historical planning figure; component scope is not recovered. | Calculated monthly planning series from scenario drivers; not actual project performance.
6,Garden Haven,Single-Family Residential Development,Historical Planning — Garden Haven Base,base,schedule,SCH-OCC-08,occupancy_bps,occupancy bps — month 8,2000,percentage_bps,estimated,"pasted_content_20.txt, CE Development Portfolio Financial Baseline, user-supplied 2026-08-21",,jchappell2120,8,8,construction,yes,Estimated/user-supplied historical planning figure; component scope is not recovered. | Calculated monthly planning series from scenario drivers; not actual project performance.
6,Garden Haven,Single-Family Residential Development,Historical Planning — Garden Haven Base,base,revenue,SCH-REV-08,monthly_effective_revenue,monthly effective revenue — month 8,125000,usd,estimated,"pasted_content_20.txt, CE Development Portfolio Financial Baseline, user-supplied 2026-08-21",,jchappell2120,8,8,construction,yes,Estimated/user-supplied historical planning figure; component scope is not recovered. | Calculated monthly planning series from scenario drivers; not actual project performance.
6,Garden Haven,Single-Family Residential Development,Historical Planning — Garden Haven Base,base,operations,SCH-OPEX-08,monthly_operating_expense,monthly operating expense — month 8,0,usd,estimated,"pasted_content_20.txt, CE Development Portfolio Financial Baseline, user-supplied 2026-08-21",,jchappell2120,8,8,construction,yes,Estimated/user-supplied historical planning figure; component scope is not recovered. | Calculated monthly planning series from scenario drivers; not actual project performance.
6,Garden Haven,Single-Family Residential Development,Historical Planning — Garden Haven Base,base,financing,SCH-DRAW-08,monthly_debt_draw,monthly debt draw — month 8,373750,usd,estimated,"pasted_content_20.txt, CE Development Portfolio Financial Baseline, user-supplied 2026-08-21",,jchappell2120,8,8,construction,yes,Estimated/user-supplied historical planning figure; component scope is not recovered. | Calculated monthly planning series from scenario drivers; not actual project performance.
6,Garden Haven,Single-Family Residential Development,Historical Planning — Garden Haven Base,base,financing,SCH-INT-08,monthly_interest,monthly interest — month 8,14016,usd,estimated,"pasted_content_20.txt, CE Development Portfolio Financial Baseline, user-supplied 2026-08-21",,jchappell2120,8,8,construction,yes,Estimated/user-supplied historical planning figure; component scope is not recovered. | Calculated monthly planning series from scenario drivers; not actual project performance.
6,Garden Haven,Single-Family Residential Development,Historical Planning — Garden Haven Base,base,cash_flow,SCH-CF-08,monthly_levered_cash_flow,monthly levered cash flow — month 8,-464016,usd,estimated,"pasted_content_20.txt, CE Development Portfolio Financial Baseline, user-supplied 2026-08-21",,jchappell2120,8,8,construction,yes,Estimated/user-supplied historical planning figure; component scope is not recovered. | Calculated monthly planning series from scenario drivers; not actual project performance.
6,Garden Haven,Single-Family Residential Development,Historical Planning — Garden Haven Base,base,capital_deployment,SCH-COST-09,monthly_development_spend,monthly development spend — month 9,718750,usd,estimated,"pasted_content_20.txt, CE Development Portfolio Financial Baseline, user-supplied 2026-08-21",,jchappell2120,9,9,construction,yes,Estimated/user-supplied historical planning figure; component scope is not recovered. | Calculated monthly planning series from scenario drivers; not actual project performance.
6,Garden Haven,Single-Family Residential Development,Historical Planning — Garden Haven Base,base,schedule,SCH-CUM-09,cumulative_deployment_bps,cumulative deployment bps — month 9,3625,percentage_bps,estimated,"pasted_content_20.txt, CE Development Portfolio Financial Baseline, user-supplied 2026-08-21",,jchappell2120,9,9,construction,yes,Estimated/user-supplied historical planning figure; component scope is not recovered. | Calculated monthly planning series from scenario drivers; not actual project performance.
6,Garden Haven,Single-Family Residential Development,Historical Planning — Garden Haven Base,base,schedule,SCH-OCC-09,occupancy_bps,occupancy bps — month 9,2286,percentage_bps,estimated,"pasted_content_20.txt, CE Development Portfolio Financial Baseline, user-supplied 2026-08-21",,jchappell2120,9,9,construction,yes,Estimated/user-supplied historical planning figure; component scope is not recovered. | Calculated monthly planning series from scenario drivers; not actual project performance.
6,Garden Haven,Single-Family Residential Development,Historical Planning — Garden Haven Base,base,revenue,SCH-REV-09,monthly_effective_revenue,monthly effective revenue — month 9,142875,usd,estimated,"pasted_content_20.txt, CE Development Portfolio Financial Baseline, user-supplied 2026-08-21",,jchappell2120,9,9,construction,yes,Estimated/user-supplied historical planning figure; component scope is not recovered. | Calculated monthly planning series from scenario drivers; not actual project performance.
6,Garden Haven,Single-Family Residential Development,Historical Planning — Garden Haven Base,base,operations,SCH-OPEX-09,monthly_operating_expense,monthly operating expense — month 9,0,usd,estimated,"pasted_content_20.txt, CE Development Portfolio Financial Baseline, user-supplied 2026-08-21",,jchappell2120,9,9,construction,yes,Estimated/user-supplied historical planning figure; component scope is not recovered. | Calculated monthly planning series from scenario drivers; not actual project performance.
6,Garden Haven,Single-Family Residential Development,Historical Planning — Garden Haven Base,base,financing,SCH-DRAW-09,monthly_debt_draw,monthly debt draw — month 9,467188,usd,estimated,"pasted_content_20.txt, CE Development Portfolio Financial Baseline, user-supplied 2026-08-21",,jchappell2120,9,9,construction,yes,Estimated/user-supplied historical planning figure; component scope is not recovered. | Calculated monthly planning series from scenario drivers; not actual project performance.
6,Garden Haven,Single-Family Residential Development,Historical Planning — Garden Haven Base,base,financing,SCH-INT-09,monthly_interest,monthly interest — month 9,16936,usd,estimated,"pasted_content_20.txt, CE Development Portfolio Financial Baseline, user-supplied 2026-08-21",,jchappell2120,9,9,construction,yes,Estimated/user-supplied historical planning figure; component scope is not recovered. | Calculated monthly planning series from scenario drivers; not actual project performance.
6,Garden Haven,Single-Family Residential Development,Historical Planning — Garden Haven Base,base,cash_flow,SCH-CF-09,monthly_levered_cash_flow,monthly levered cash flow — month 9,-592811,usd,estimated,"pasted_content_20.txt, CE Development Portfolio Financial Baseline, user-supplied 2026-08-21",,jchappell2120,9,9,construction,yes,Estimated/user-supplied historical planning figure; component scope is not recovered. | Calculated monthly planning series from scenario drivers; not actual project performance.
6,Garden Haven,Single-Family Residential Development,Historical Planning — Garden Haven Base,base,capital_deployment,SCH-COST-10,monthly_development_spend,monthly development spend — month 10,718750,usd,estimated,"pasted_content_20.txt, CE Development Portfolio Financial Baseline, user-supplied 2026-08-21",,jchappell2120,10,10,construction,yes,Estimated/user-supplied historical planning figure; component scope is not recovered. | Calculated monthly planning series from scenario drivers; not actual project performance.
6,Garden Haven,Single-Family Residential Development,Historical Planning — Garden Haven Base,base,schedule,SCH-CUM-10,cumulative_deployment_bps,cumulative deployment bps — month 10,4250,percentage_bps,estimated,"pasted_content_20.txt, CE Development Portfolio Financial Baseline, user-supplied 2026-08-21",,jchappell2120,10,10,construction,yes,Estimated/user-supplied historical planning figure; component scope is not recovered. | Calculated monthly planning series from scenario drivers; not actual project performance.
6,Garden Haven,Single-Family Residential Development,Historical Planning — Garden Haven Base,base,schedule,SCH-OCC-10,occupancy_bps,occupancy bps — month 10,2571,percentage_bps,estimated,"pasted_content_20.txt, CE Development Portfolio Financial Baseline, user-supplied 2026-08-21",,jchappell2120,10,10,construction,yes,Estimated/user-supplied historical planning figure; component scope is not recovered. | Calculated monthly planning series from scenario drivers; not actual project performance.
6,Garden Haven,Single-Family Residential Development,Historical Planning — Garden Haven Base,base,revenue,SCH-REV-10,monthly_effective_revenue,monthly effective revenue — month 10,160688,usd,estimated,"pasted_content_20.txt, CE Development Portfolio Financial Baseline, user-supplied 2026-08-21",,jchappell2120,10,10,construction,yes,Estimated/user-supplied historical planning figure; component scope is not recovered. | Calculated monthly planning series from scenario drivers; not actual project performance.
6,Garden Haven,Single-Family Residential Development,Historical Planning — Garden Haven Base,base,operations,SCH-OPEX-10,monthly_operating_expense,monthly operating expense — month 10,0,usd,estimated,"pasted_content_20.txt, CE Development Portfolio Financial Baseline, user-supplied 2026-08-21",,jchappell2120,10,10,construction,yes,Estimated/user-supplied historical planning figure; component scope is not recovered. | Calculated monthly planning series from scenario drivers; not actual project performance.
6,Garden Haven,Single-Family Residential Development,Historical Planning — Garden Haven Base,base,financing,SCH-DRAW-10,monthly_debt_draw,monthly debt draw — month 10,467188,usd,estimated,"pasted_content_20.txt, CE Development Portfolio Financial Baseline, user-supplied 2026-08-21",,jchappell2120,10,10,construction,yes,Estimated/user-supplied historical planning figure; component scope is not recovered. | Calculated monthly planning series from scenario drivers; not actual project performance.
6,Garden Haven,Single-Family Residential Development,Historical Planning — Garden Haven Base,base,financing,SCH-INT-10,monthly_interest,monthly interest — month 10,19855,usd,estimated,"pasted_content_20.txt, CE Development Portfolio Financial Baseline, user-supplied 2026-08-21",,jchappell2120,10,10,construction,yes,Estimated/user-supplied historical planning figure; component scope is not recovered. | Calculated monthly planning series from scenario drivers; not actual project performance.
6,Garden Haven,Single-Family Residential Development,Historical Planning — Garden Haven Base,base,cash_flow,SCH-CF-10,monthly_levered_cash_flow,monthly levered cash flow — month 10,-577917,usd,estimated,"pasted_content_20.txt, CE Development Portfolio Financial Baseline, user-supplied 2026-08-21",,jchappell2120,10,10,construction,yes,Estimated/user-supplied historical planning figure; component scope is not recovered. | Calculated monthly planning series from scenario drivers; not actual project performance.
6,Garden Haven,Single-Family Residential Development,Historical Planning — Garden Haven Base,base,capital_deployment,SCH-COST-11,monthly_development_spend,monthly development spend — month 11,718750,usd,estimated,"pasted_content_20.txt, CE Development Portfolio Financial Baseline, user-supplied 2026-08-21",,jchappell2120,11,11,construction,yes,Estimated/user-supplied historical planning figure; component scope is not recovered. | Calculated monthly planning series from scenario drivers; not actual project performance.
6,Garden Haven,Single-Family Residential Development,Historical Planning — Garden Haven Base,base,schedule,SCH-CUM-11,cumulative_deployment_bps,cumulative deployment bps — month 11,4875,percentage_bps,estimated,"pasted_content_20.txt, CE Development Portfolio Financial Baseline, user-supplied 2026-08-21",,jchappell2120,11,11,construction,yes,Estimated/user-supplied historical planning figure; component scope is not recovered. | Calculated monthly planning series from scenario drivers; not actual project performance.
6,Garden Haven,Single-Family Residential Development,Historical Planning — Garden Haven Base,base,schedule,SCH-OCC-11,occupancy_bps,occupancy bps — month 11,2857,percentage_bps,estimated,"pasted_content_20.txt, CE Development Portfolio Financial Baseline, user-supplied 2026-08-21",,jchappell2120,11,11,construction,yes,Estimated/user-supplied historical planning figure; component scope is not recovered. | Calculated monthly planning series from scenario drivers; not actual project performance.
6,Garden Haven,Single-Family Residential Development,Historical Planning — Garden Haven Base,base,revenue,SCH-REV-11,monthly_effective_revenue,monthly effective revenue — month 11,178563,usd,estimated,"pasted_content_20.txt, CE Development Portfolio Financial Baseline, user-supplied 2026-08-21",,jchappell2120,11,11,construction,yes,Estimated/user-supplied historical planning figure; component scope is not recovered. | Calculated monthly planning series from scenario drivers; not actual project performance.
6,Garden Haven,Single-Family Residential Development,Historical Planning — Garden Haven Base,base,operations,SCH-OPEX-11,monthly_operating_expense,monthly operating expense — month 11,0,usd,estimated,"pasted_content_20.txt, CE Development Portfolio Financial Baseline, user-supplied 2026-08-21",,jchappell2120,11,11,construction,yes,Estimated/user-supplied historical planning figure; component scope is not recovered. | Calculated monthly planning series from scenario drivers; not actual project performance.
6,Garden Haven,Single-Family Residential Development,Historical Planning — Garden Haven Base,base,financing,SCH-DRAW-11,monthly_debt_draw,monthly debt draw — month 11,467188,usd,estimated,"pasted_content_20.txt, CE Development Portfolio Financial Baseline, user-supplied 2026-08-21",,jchappell2120,11,11,construction,yes,Estimated/user-supplied historical planning figure; component scope is not recovered. | Calculated monthly planning series from scenario drivers; not actual project performance.
6,Garden Haven,Single-Family Residential Development,Historical Planning — Garden Haven Base,base,financing,SCH-INT-11,monthly_interest,monthly interest — month 11,22775,usd,estimated,"pasted_content_20.txt, CE Development Portfolio Financial Baseline, user-supplied 2026-08-21",,jchappell2120,11,11,construction,yes,Estimated/user-supplied historical planning figure; component scope is not recovered. | Calculated monthly planning series from scenario drivers; not actual project performance.
6,Garden Haven,Single-Family Residential Development,Historical Planning — Garden Haven Base,base,cash_flow,SCH-CF-11,monthly_levered_cash_flow,monthly levered cash flow — month 11,-562962,usd,estimated,"pasted_content_20.txt, CE Development Portfolio Financial Baseline, user-supplied 2026-08-21",,jchappell2120,11,11,construction,yes,Estimated/user-supplied historical planning figure; component scope is not recovered. | Calculated monthly planning series from scenario drivers; not actual project performance.
6,Garden Haven,Single-Family Residential Development,Historical Planning — Garden Haven Base,base,capital_deployment,SCH-COST-12,monthly_development_spend,monthly development spend — month 12,718750,usd,estimated,"pasted_content_20.txt, CE Development Portfolio Financial Baseline, user-supplied 2026-08-21",,jchappell2120,12,12,construction,yes,Estimated/user-supplied historical planning figure; component scope is not recovered. | Calculated monthly planning series from scenario drivers; not actual project performance.
6,Garden Haven,Single-Family Residential Development,Historical Planning — Garden Haven Base,base,schedule,SCH-CUM-12,cumulative_deployment_bps,cumulative deployment bps — month 12,5500,percentage_bps,estimated,"pasted_content_20.txt, CE Development Portfolio Financial Baseline, user-supplied 2026-08-21",,jchappell2120,12,12,construction,yes,Estimated/user-supplied historical planning figure; component scope is not recovered. | Calculated monthly planning series from scenario drivers; not actual project performance.
6,Garden Haven,Single-Family Residential Development,Historical Planning — Garden Haven Base,base,schedule,SCH-OCC-12,occupancy_bps,occupancy bps — month 12,3143,percentage_bps,estimated,"pasted_content_20.txt, CE Development Portfolio Financial Baseline, user-supplied 2026-08-21",,jchappell2120,12,12,construction,yes,Estimated/user-supplied historical planning figure; component scope is not recovered. | Calculated monthly planning series from scenario drivers; not actual project performance.
6,Garden Haven,Single-Family Residential Development,Historical Planning — Garden Haven Base,base,revenue,SCH-REV-12,monthly_effective_revenue,monthly effective revenue — month 12,196438,usd,estimated,"pasted_content_20.txt, CE Development Portfolio Financial Baseline, user-supplied 2026-08-21",,jchappell2120,12,12,construction,yes,Estimated/user-supplied historical planning figure; component scope is not recovered. | Calculated monthly planning series from scenario drivers; not actual project performance.
6,Garden Haven,Single-Family Residential Development,Historical Planning — Garden Haven Base,base,operations,SCH-OPEX-12,monthly_operating_expense,monthly operating expense — month 12,0,usd,estimated,"pasted_content_20.txt, CE Development Portfolio Financial Baseline, user-supplied 2026-08-21",,jchappell2120,12,12,construction,yes,Estimated/user-supplied historical planning figure; component scope is not recovered. | Calculated monthly planning series from scenario drivers; not actual project performance.
6,Garden Haven,Single-Family Residential Development,Historical Planning — Garden Haven Base,base,financing,SCH-DRAW-12,monthly_debt_draw,monthly debt draw — month 12,467188,usd,estimated,"pasted_content_20.txt, CE Development Portfolio Financial Baseline, user-supplied 2026-08-21",,jchappell2120,12,12,construction,yes,Estimated/user-supplied historical planning figure; component scope is not recovered. | Calculated monthly planning series from scenario drivers; not actual project performance.
6,Garden Haven,Single-Family Residential Development,Historical Planning — Garden Haven Base,base,financing,SCH-INT-12,monthly_interest,monthly interest — month 12,25695,usd,estimated,"pasted_content_20.txt, CE Development Portfolio Financial Baseline, user-supplied 2026-08-21",,jchappell2120,12,12,construction,yes,Estimated/user-supplied historical planning figure; component scope is not recovered. | Calculated monthly planning series from scenario drivers; not actual project performance.
6,Garden Haven,Single-Family Residential Development,Historical Planning — Garden Haven Base,base,cash_flow,SCH-CF-12,monthly_levered_cash_flow,monthly levered cash flow — month 12,-548007,usd,estimated,"pasted_content_20.txt, CE Development Portfolio Financial Baseline, user-supplied 2026-08-21",,jchappell2120,12,12,construction,yes,Estimated/user-supplied historical planning figure; component scope is not recovered. | Calculated monthly planning series from scenario drivers; not actual project performance.
6,Garden Haven,Single-Family Residential Development,Historical Planning — Garden Haven Base,base,capital_deployment,SCH-COST-13,monthly_development_spend,monthly development spend — month 13,603750,usd,estimated,"pasted_content_20.txt, CE Development Portfolio Financial Baseline, user-supplied 2026-08-21",,jchappell2120,13,13,construction,yes,Estimated/user-supplied historical planning figure; component scope is not recovered. | Calculated monthly planning series from scenario drivers; not actual project performance.
6,Garden Haven,Single-Family Residential Development,Historical Planning — Garden Haven Base,base,schedule,SCH-CUM-13,cumulative_deployment_bps,cumulative deployment bps — month 13,6025,percentage_bps,estimated,"pasted_content_20.txt, CE Development Portfolio Financial Baseline, user-supplied 2026-08-21",,jchappell2120,13,13,construction,yes,Estimated/user-supplied historical planning figure; component scope is not recovered. | Calculated monthly planning series from scenario drivers; not actual project performance.
6,Garden Haven,Single-Family Residential Development,Historical Planning — Garden Haven Base,base,schedule,SCH-OCC-13,occupancy_bps,occupancy bps — month 13,3429,percentage_bps,estimated,"pasted_content_20.txt, CE Development Portfolio Financial Baseline, user-supplied 2026-08-21",,jchappell2120,13,13,construction,yes,Estimated/user-supplied historical planning figure; component scope is not recovered. | Calculated monthly planning series from scenario drivers; not actual project performance.
6,Garden Haven,Single-Family Residential Development,Historical Planning — Garden Haven Base,base,revenue,SCH-REV-13,monthly_effective_revenue,monthly effective revenue — month 13,214313,usd,estimated,"pasted_content_20.txt, CE Development Portfolio Financial Baseline, user-supplied 2026-08-21",,jchappell2120,13,13,construction,yes,Estimated/user-supplied historical planning figure; component scope is not recovered. | Calculated monthly planning series from scenario drivers; not actual project performance.
6,Garden Haven,Single-Family Residential Development,Historical Planning — Garden Haven Base,base,operations,SCH-OPEX-13,monthly_operating_expense,monthly operating expense — month 13,0,usd,estimated,"pasted_content_20.txt, CE Development Portfolio Financial Baseline, user-supplied 2026-08-21",,jchappell2120,13,13,construction,yes,Estimated/user-supplied historical planning figure; component scope is not recovered. | Calculated monthly planning series from scenario drivers; not actual project performance.
6,Garden Haven,Single-Family Residential Development,Historical Planning — Garden Haven Base,base,financing,SCH-DRAW-13,monthly_debt_draw,monthly debt draw — month 13,392438,usd,estimated,"pasted_content_20.txt, CE Development Portfolio Financial Baseline, user-supplied 2026-08-21",,jchappell2120,13,13,construction,yes,Estimated/user-supplied historical planning figure; component scope is not recovered. | Calculated monthly planning series from scenario drivers; not actual project performance.
6,Garden Haven,Single-Family Residential Development,Historical Planning — Garden Haven Base,base,financing,SCH-INT-13,monthly_interest,monthly interest — month 13,28148,usd,estimated,"pasted_content_20.txt, CE Development Portfolio Financial Baseline, user-supplied 2026-08-21",,jchappell2120,13,13,construction,yes,Estimated/user-supplied historical planning figure; component scope is not recovered. | Calculated monthly planning series from scenario drivers; not actual project performance.
6,Garden Haven,Single-Family Residential Development,Historical Planning — Garden Haven Base,base,cash_flow,SCH-CF-13,monthly_levered_cash_flow,monthly levered cash flow — month 13,-417585,usd,estimated,"pasted_content_20.txt, CE Development Portfolio Financial Baseline, user-supplied 2026-08-21",,jchappell2120,13,13,construction,yes,Estimated/user-supplied historical planning figure; component scope is not recovered. | Calculated monthly planning series from scenario drivers; not actual project performance.
6,Garden Haven,Single-Family Residential Development,Historical Planning — Garden Haven Base,base,capital_deployment,SCH-COST-14,monthly_development_spend,monthly development spend — month 14,603750,usd,estimated,"pasted_content_20.txt, CE Development Portfolio Financial Baseline, user-supplied 2026-08-21",,jchappell2120,14,14,construction,yes,Estimated/user-supplied historical planning figure; component scope is not recovered. | Calculated monthly planning series from scenario drivers; not actual project performance.
6,Garden Haven,Single-Family Residential Development,Historical Planning — Garden Haven Base,base,schedule,SCH-CUM-14,cumulative_deployment_bps,cumulative deployment bps — month 14,6550,percentage_bps,estimated,"pasted_content_20.txt, CE Development Portfolio Financial Baseline, user-supplied 2026-08-21",,jchappell2120,14,14,construction,yes,Estimated/user-supplied historical planning figure; component scope is not recovered. | Calculated monthly planning series from scenario drivers; not actual project performance.
6,Garden Haven,Single-Family Residential Development,Historical Planning — Garden Haven Base,base,schedule,SCH-OCC-14,occupancy_bps,occupancy bps — month 14,3714,percentage_bps,estimated,"pasted_content_20.txt, CE Development Portfolio Financial Baseline, user-supplied 2026-08-21",,jchappell2120,14,14,construction,yes,Estimated/user-supplied historical planning figure; component scope is not recovered. | Calculated monthly planning series from scenario drivers; not actual project performance.
6,Garden Haven,Single-Family Residential Development,Historical Planning — Garden Haven Base,base,revenue,SCH-REV-14,monthly_effective_revenue,monthly effective revenue — month 14,232125,usd,estimated,"pasted_content_20.txt, CE Development Portfolio Financial Baseline, user-supplied 2026-08-21",,jchappell2120,14,14,construction,yes,Estimated/user-supplied historical planning figure; component scope is not recovered. | Calculated monthly planning series from scenario drivers; not actual project performance.
6,Garden Haven,Single-Family Residential Development,Historical Planning — Garden Haven Base,base,operations,SCH-OPEX-14,monthly_operating_expense,monthly operating expense — month 14,0,usd,estimated,"pasted_content_20.txt, CE Development Portfolio Financial Baseline, user-supplied 2026-08-21",,jchappell2120,14,14,construction,yes,Estimated/user-supplied historical planning figure; component scope is not recovered. | Calculated monthly planning series from scenario drivers; not actual project performance.
6,Garden Haven,Single-Family Residential Development,Historical Planning — Garden Haven Base,base,financing,SCH-DRAW-14,monthly_debt_draw,monthly debt draw — month 14,392438,usd,estimated,"pasted_content_20.txt, CE Development Portfolio Financial Baseline, user-supplied 2026-08-21",,jchappell2120,14,14,construction,yes,Estimated/user-supplied historical planning figure; component scope is not recovered. | Calculated monthly planning series from scenario drivers; not actual project performance.
6,Garden Haven,Single-Family Residential Development,Historical Planning — Garden Haven Base,base,financing,SCH-INT-14,monthly_interest,monthly interest — month 14,30601,usd,estimated,"pasted_content_20.txt, CE Development Portfolio Financial Baseline, user-supplied 2026-08-21",,jchappell2120,14,14,construction,yes,Estimated/user-supplied historical planning figure; component scope is not recovered. | Calculated monthly planning series from scenario drivers; not actual project performance.
6,Garden Haven,Single-Family Residential Development,Historical Planning — Garden Haven Base,base,cash_flow,SCH-CF-14,monthly_levered_cash_flow,monthly levered cash flow — month 14,-402226,usd,estimated,"pasted_content_20.txt, CE Development Portfolio Financial Baseline, user-supplied 2026-08-21",,jchappell2120,14,14,construction,yes,Estimated/user-supplied historical planning figure; component scope is not recovered. | Calculated monthly planning series from scenario drivers; not actual project performance.
6,Garden Haven,Single-Family Residential Development,Historical Planning — Garden Haven Base,base,capital_deployment,SCH-COST-15,monthly_development_spend,monthly development spend — month 15,603750,usd,estimated,"pasted_content_20.txt, CE Development Portfolio Financial Baseline, user-supplied 2026-08-21",,jchappell2120,15,15,construction,yes,Estimated/user-supplied historical planning figure; component scope is not recovered. | Calculated monthly planning series from scenario drivers; not actual project performance.
6,Garden Haven,Single-Family Residential Development,Historical Planning — Garden Haven Base,base,schedule,SCH-CUM-15,cumulative_deployment_bps,cumulative deployment bps — month 15,7075,percentage_bps,estimated,"pasted_content_20.txt, CE Development Portfolio Financial Baseline, user-supplied 2026-08-21",,jchappell2120,15,15,construction,yes,Estimated/user-supplied historical planning figure; component scope is not recovered. | Calculated monthly planning series from scenario drivers; not actual project performance.
6,Garden Haven,Single-Family Residential Development,Historical Planning — Garden Haven Base,base,schedule,SCH-OCC-15,occupancy_bps,occupancy bps — month 15,4000,percentage_bps,estimated,"pasted_content_20.txt, CE Development Portfolio Financial Baseline, user-supplied 2026-08-21",,jchappell2120,15,15,construction,yes,Estimated/user-supplied historical planning figure; component scope is not recovered. | Calculated monthly planning series from scenario drivers; not actual project performance.
6,Garden Haven,Single-Family Residential Development,Historical Planning — Garden Haven Base,base,revenue,SCH-REV-15,monthly_effective_revenue,monthly effective revenue — month 15,250000,usd,estimated,"pasted_content_20.txt, CE Development Portfolio Financial Baseline, user-supplied 2026-08-21",,jchappell2120,15,15,construction,yes,Estimated/user-supplied historical planning figure; component scope is not recovered. | Calculated monthly planning series from scenario drivers; not actual project performance.
6,Garden Haven,Single-Family Residential Development,Historical Planning — Garden Haven Base,base,operations,SCH-OPEX-15,monthly_operating_expense,monthly operating expense — month 15,0,usd,estimated,"pasted_content_20.txt, CE Development Portfolio Financial Baseline, user-supplied 2026-08-21",,jchappell2120,15,15,construction,yes,Estimated/user-supplied historical planning figure; component scope is not recovered. | Calculated monthly planning series from scenario drivers; not actual project performance.
6,Garden Haven,Single-Family Residential Development,Historical Planning — Garden Haven Base,base,financing,SCH-DRAW-15,monthly_debt_draw,monthly debt draw — month 15,392438,usd,estimated,"pasted_content_20.txt, CE Development Portfolio Financial Baseline, user-supplied 2026-08-21",,jchappell2120,15,15,construction,yes,Estimated/user-supplied historical planning figure; component scope is not recovered. | Calculated monthly planning series from scenario drivers; not actual project performance.
6,Garden Haven,Single-Family Residential Development,Historical Planning — Garden Haven Base,base,financing,SCH-INT-15,monthly_interest,monthly interest — month 15,33054,usd,estimated,"pasted_content_20.txt, CE Development Portfolio Financial Baseline, user-supplied 2026-08-21",,jchappell2120,15,15,construction,yes,Estimated/user-supplied historical planning figure; component scope is not recovered. | Calculated monthly planning series from scenario drivers; not actual project performance.
6,Garden Haven,Single-Family Residential Development,Historical Planning — Garden Haven Base,base,cash_flow,SCH-CF-15,monthly_levered_cash_flow,monthly levered cash flow — month 15,-386804,usd,estimated,"pasted_content_20.txt, CE Development Portfolio Financial Baseline, user-supplied 2026-08-21",,jchappell2120,15,15,construction,yes,Estimated/user-supplied historical planning figure; component scope is not recovered. | Calculated monthly planning series from scenario drivers; not actual project performance.
6,Garden Haven,Single-Family Residential Development,Historical Planning — Garden Haven Base,base,capital_deployment,SCH-COST-16,monthly_development_spend,monthly development spend — month 16,603750,usd,estimated,"pasted_content_20.txt, CE Development Portfolio Financial Baseline, user-supplied 2026-08-21",,jchappell2120,16,16,construction,yes,Estimated/user-supplied historical planning figure; component scope is not recovered. | Calculated monthly planning series from scenario drivers; not actual project performance.
6,Garden Haven,Single-Family Residential Development,Historical Planning — Garden Haven Base,base,schedule,SCH-CUM-16,cumulative_deployment_bps,cumulative deployment bps — month 16,7600,percentage_bps,estimated,"pasted_content_20.txt, CE Development Portfolio Financial Baseline, user-supplied 2026-08-21",,jchappell2120,16,16,construction,yes,Estimated/user-supplied historical planning figure; component scope is not recovered. | Calculated monthly planning series from scenario drivers; not actual project performance.
6,Garden Haven,Single-Family Residential Development,Historical Planning — Garden Haven Base,base,schedule,SCH-OCC-16,occupancy_bps,occupancy bps — month 16,4286,percentage_bps,estimated,"pasted_content_20.txt, CE Development Portfolio Financial Baseline, user-supplied 2026-08-21",,jchappell2120,16,16,construction,yes,Estimated/user-supplied historical planning figure; component scope is not recovered. | Calculated monthly planning series from scenario drivers; not actual project performance.
6,Garden Haven,Single-Family Residential Development,Historical Planning — Garden Haven Base,base,revenue,SCH-REV-16,monthly_effective_revenue,monthly effective revenue — month 16,267875,usd,estimated,"pasted_content_20.txt, CE Development Portfolio Financial Baseline, user-supplied 2026-08-21",,jchappell2120,16,16,construction,yes,Estimated/user-supplied historical planning figure; component scope is not recovered. | Calculated monthly planning series from scenario drivers; not actual project performance.
6,Garden Haven,Single-Family Residential Development,Historical Planning — Garden Haven Base,base,operations,SCH-OPEX-16,monthly_operating_expense,monthly operating expense — month 16,0,usd,estimated,"pasted_content_20.txt, CE Development Portfolio Financial Baseline, user-supplied 2026-08-21",,jchappell2120,16,16,construction,yes,Estimated/user-supplied historical planning figure; component scope is not recovered. | Calculated monthly planning series from scenario drivers; not actual project performance.
6,Garden Haven,Single-Family Residential Development,Historical Planning — Garden Haven Base,base,financing,SCH-DRAW-16,monthly_debt_draw,monthly debt draw — month 16,392438,usd,estimated,"pasted_content_20.txt, CE Development Portfolio Financial Baseline, user-supplied 2026-08-21",,jchappell2120,16,16,construction,yes,Estimated/user-supplied historical planning figure; component scope is not recovered. | Calculated monthly planning series from scenario drivers; not actual project performance.
6,Garden Haven,Single-Family Residential Development,Historical Planning — Garden Haven Base,base,financing,SCH-INT-16,monthly_interest,monthly interest — month 16,35506,usd,estimated,"pasted_content_20.txt, CE Development Portfolio Financial Baseline, user-supplied 2026-08-21",,jchappell2120,16,16,construction,yes,Estimated/user-supplied historical planning figure; component scope is not recovered. | Calculated monthly planning series from scenario drivers; not actual project performance.
6,Garden Haven,Single-Family Residential Development,Historical Planning — Garden Haven Base,base,cash_flow,SCH-CF-16,monthly_levered_cash_flow,monthly levered cash flow — month 16,-371381,usd,estimated,"pasted_content_20.txt, CE Development Portfolio Financial Baseline, user-supplied 2026-08-21",,jchappell2120,16,16,construction,yes,Estimated/user-supplied historical planning figure; component scope is not recovered. | Calculated monthly planning series from scenario drivers; not actual project performance.
6,Garden Haven,Single-Family Residential Development,Historical Planning — Garden Haven Base,base,capital_deployment,SCH-COST-17,monthly_development_spend,monthly development spend — month 17,402500,usd,estimated,"pasted_content_20.txt, CE Development Portfolio Financial Baseline, user-supplied 2026-08-21",,jchappell2120,17,17,construction,yes,Estimated/user-supplied historical planning figure; component scope is not recovered. | Calculated monthly planning series from scenario drivers; not actual project performance.
6,Garden Haven,Single-Family Residential Development,Historical Planning — Garden Haven Base,base,schedule,SCH-CUM-17,cumulative_deployment_bps,cumulative deployment bps — month 17,7950,percentage_bps,estimated,"pasted_content_20.txt, CE Development Portfolio Financial Baseline, user-supplied 2026-08-21",,jchappell2120,17,17,construction,yes,Estimated/user-supplied historical planning figure; component scope is not recovered. | Calculated monthly planning series from scenario drivers; not actual project performance.
6,Garden Haven,Single-Family Residential Development,Historical Planning — Garden Haven Base,base,schedule,SCH-OCC-17,occupancy_bps,occupancy bps — month 17,4571,percentage_bps,estimated,"pasted_content_20.txt, CE Development Portfolio Financial Baseline, user-supplied 2026-08-21",,jchappell2120,17,17,construction,yes,Estimated/user-supplied historical planning figure; component scope is not recovered. | Calculated monthly planning series from scenario drivers; not actual project performance.
6,Garden Haven,Single-Family Residential Development,Historical Planning — Garden Haven Base,base,revenue,SCH-REV-17,monthly_effective_revenue,monthly effective revenue — month 17,285688,usd,estimated,"pasted_content_20.txt, CE Development Portfolio Financial Baseline, user-supplied 2026-08-21",,jchappell2120,17,17,construction,yes,Estimated/user-supplied historical planning figure; component scope is not recovered. | Calculated monthly planning series from scenario drivers; not actual project performance.
6,Garden Haven,Single-Family Residential Development,Historical Planning — Garden Haven Base,base,operations,SCH-OPEX-17,monthly_operating_expense,monthly operating expense — month 17,0,usd,estimated,"pasted_content_20.txt, CE Development Portfolio Financial Baseline, user-supplied 2026-08-21",,jchappell2120,17,17,construction,yes,Estimated/user-supplied historical planning figure; component scope is not recovered. | Calculated monthly planning series from scenario drivers; not actual project performance.
6,Garden Haven,Single-Family Residential Development,Historical Planning — Garden Haven Base,base,financing,SCH-DRAW-17,monthly_debt_draw,monthly debt draw — month 17,261625,usd,estimated,"pasted_content_20.txt, CE Development Portfolio Financial Baseline, user-supplied 2026-08-21",,jchappell2120,17,17,construction,yes,Estimated/user-supplied historical planning figure; component scope is not recovered. | Calculated monthly planning series from scenario drivers; not actual project performance.
6,Garden Haven,Single-Family Residential Development,Historical Planning — Garden Haven Base,base,financing,SCH-INT-17,monthly_interest,monthly interest — month 17,37141,usd,estimated,"pasted_content_20.txt, CE Development Portfolio Financial Baseline, user-supplied 2026-08-21",,jchappell2120,17,17,construction,yes,Estimated/user-supplied historical planning figure; component scope is not recovered. | Calculated monthly planning series from scenario drivers; not actual project performance.
6,Garden Haven,Single-Family Residential Development,Historical Planning — Garden Haven Base,base,cash_flow,SCH-CF-17,monthly_levered_cash_flow,monthly levered cash flow — month 17,-153953,usd,estimated,"pasted_content_20.txt, CE Development Portfolio Financial Baseline, user-supplied 2026-08-21",,jchappell2120,17,17,construction,yes,Estimated/user-supplied historical planning figure; component scope is not recovered. | Calculated monthly planning series from scenario drivers; not actual project performance.
6,Garden Haven,Single-Family Residential Development,Historical Planning — Garden Haven Base,base,capital_deployment,SCH-COST-18,monthly_development_spend,monthly development spend — month 18,402500,usd,estimated,"pasted_content_20.txt, CE Development Portfolio Financial Baseline, user-supplied 2026-08-21",,jchappell2120,18,18,construction,yes,Estimated/user-supplied historical planning figure; component scope is not recovered. | Calculated monthly planning series from scenario drivers; not actual project performance.
6,Garden Haven,Single-Family Residential Development,Historical Planning — Garden Haven Base,base,schedule,SCH-CUM-18,cumulative_deployment_bps,cumulative deployment bps — month 18,8300,percentage_bps,estimated,"pasted_content_20.txt, CE Development Portfolio Financial Baseline, user-supplied 2026-08-21",,jchappell2120,18,18,construction,yes,Estimated/user-supplied historical planning figure; component scope is not recovered. | Calculated monthly planning series from scenario drivers; not actual project performance.
6,Garden Haven,Single-Family Residential Development,Historical Planning — Garden Haven Base,base,schedule,SCH-OCC-18,occupancy_bps,occupancy bps — month 18,4857,percentage_bps,estimated,"pasted_content_20.txt, CE Development Portfolio Financial Baseline, user-supplied 2026-08-21",,jchappell2120,18,18,construction,yes,Estimated/user-supplied historical planning figure; component scope is not recovered. | Calculated monthly planning series from scenario drivers; not actual project performance.
6,Garden Haven,Single-Family Residential Development,Historical Planning — Garden Haven Base,base,revenue,SCH-REV-18,monthly_effective_revenue,monthly effective revenue — month 18,303563,usd,estimated,"pasted_content_20.txt, CE Development Portfolio Financial Baseline, user-supplied 2026-08-21",,jchappell2120,18,18,construction,yes,Estimated/user-supplied historical planning figure; component scope is not recovered. | Calculated monthly planning series from scenario drivers; not actual project performance.
6,Garden Haven,Single-Family Residential Development,Historical Planning — Garden Haven Base,base,operations,SCH-OPEX-18,monthly_operating_expense,monthly operating expense — month 18,0,usd,estimated,"pasted_content_20.txt, CE Development Portfolio Financial Baseline, user-supplied 2026-08-21",,jchappell2120,18,18,construction,yes,Estimated/user-supplied historical planning figure; component scope is not recovered. | Calculated monthly planning series from scenario drivers; not actual project performance.
6,Garden Haven,Single-Family Residential Development,Historical Planning — Garden Haven Base,base,financing,SCH-DRAW-18,monthly_debt_draw,monthly debt draw — month 18,261625,usd,estimated,"pasted_content_20.txt, CE Development Portfolio Financial Baseline, user-supplied 2026-08-21",,jchappell2120,18,18,construction,yes,Estimated/user-supplied historical planning figure; component scope is not recovered. | Calculated monthly planning series from scenario drivers; not actual project performance.
6,Garden Haven,Single-Family Residential Development,Historical Planning — Garden Haven Base,base,financing,SCH-INT-18,monthly_interest,monthly interest — month 18,38777,usd,estimated,"pasted_content_20.txt, CE Development Portfolio Financial Baseline, user-supplied 2026-08-21",,jchappell2120,18,18,construction,yes,Estimated/user-supplied historical planning figure; component scope is not recovered. | Calculated monthly planning series from scenario drivers; not actual project performance.
6,Garden Haven,Single-Family Residential Development,Historical Planning — Garden Haven Base,base,cash_flow,SCH-CF-18,monthly_levered_cash_flow,monthly levered cash flow — month 18,-137714,usd,estimated,"pasted_content_20.txt, CE Development Portfolio Financial Baseline, user-supplied 2026-08-21",,jchappell2120,18,18,construction,yes,Estimated/user-supplied historical planning figure; component scope is not recovered. | Calculated monthly planning series from scenario drivers; not actual project performance.
6,Garden Haven,Single-Family Residential Development,Historical Planning — Garden Haven Base,base,capital_deployment,SCH-COST-19,monthly_development_spend,monthly development spend — month 19,402500,usd,estimated,"pasted_content_20.txt, CE Development Portfolio Financial Baseline, user-supplied 2026-08-21",,jchappell2120,19,19,construction,yes,Estimated/user-supplied historical planning figure; component scope is not recovered. | Calculated monthly planning series from scenario drivers; not actual project performance.
6,Garden Haven,Single-Family Residential Development,Historical Planning — Garden Haven Base,base,schedule,SCH-CUM-19,cumulative_deployment_bps,cumulative deployment bps — month 19,8650,percentage_bps,estimated,"pasted_content_20.txt, CE Development Portfolio Financial Baseline, user-supplied 2026-08-21",,jchappell2120,19,19,construction,yes,Estimated/user-supplied historical planning figure; component scope is not recovered. | Calculated monthly planning series from scenario drivers; not actual project performance.
6,Garden Haven,Single-Family Residential Development,Historical Planning — Garden Haven Base,base,schedule,SCH-OCC-19,occupancy_bps,occupancy bps — month 19,5143,percentage_bps,estimated,"pasted_content_20.txt, CE Development Portfolio Financial Baseline, user-supplied 2026-08-21",,jchappell2120,19,19,construction,yes,Estimated/user-supplied historical planning figure; component scope is not recovered. | Calculated monthly planning series from scenario drivers; not actual project performance.
6,Garden Haven,Single-Family Residential Development,Historical Planning — Garden Haven Base,base,revenue,SCH-REV-19,monthly_effective_revenue,monthly effective revenue — month 19,321438,usd,estimated,"pasted_content_20.txt, CE Development Portfolio Financial Baseline, user-supplied 2026-08-21",,jchappell2120,19,19,construction,yes,Estimated/user-supplied historical planning figure; component scope is not recovered. | Calculated monthly planning series from scenario drivers; not actual project performance.
6,Garden Haven,Single-Family Residential Development,Historical Planning — Garden Haven Base,base,operations,SCH-OPEX-19,monthly_operating_expense,monthly operating expense — month 19,0,usd,estimated,"pasted_content_20.txt, CE Development Portfolio Financial Baseline, user-supplied 2026-08-21",,jchappell2120,19,19,construction,yes,Estimated/user-supplied historical planning figure; component scope is not recovered. | Calculated monthly planning series from scenario drivers; not actual project performance.
6,Garden Haven,Single-Family Residential Development,Historical Planning — Garden Haven Base,base,financing,SCH-DRAW-19,monthly_debt_draw,monthly debt draw — month 19,261625,usd,estimated,"pasted_content_20.txt, CE Development Portfolio Financial Baseline, user-supplied 2026-08-21",,jchappell2120,19,19,construction,yes,Estimated/user-supplied historical planning figure; component scope is not recovered. | Calculated monthly planning series from scenario drivers; not actual project performance.
6,Garden Haven,Single-Family Residential Development,Historical Planning — Garden Haven Base,base,financing,SCH-INT-19,monthly_interest,monthly interest — month 19,40412,usd,estimated,"pasted_content_20.txt, CE Development Portfolio Financial Baseline, user-supplied 2026-08-21",,jchappell2120,19,19,construction,yes,Estimated/user-supplied historical planning figure; component scope is not recovered. | Calculated monthly planning series from scenario drivers; not actual project performance.
6,Garden Haven,Single-Family Residential Development,Historical Planning — Garden Haven Base,base,cash_flow,SCH-CF-19,monthly_levered_cash_flow,monthly levered cash flow — month 19,-121474,usd,estimated,"pasted_content_20.txt, CE Development Portfolio Financial Baseline, user-supplied 2026-08-21",,jchappell2120,19,19,construction,yes,Estimated/user-supplied historical planning figure; component scope is not recovered. | Calculated monthly planning series from scenario drivers; not actual project performance.
6,Garden Haven,Single-Family Residential Development,Historical Planning — Garden Haven Base,base,capital_deployment,SCH-COST-20,monthly_development_spend,monthly development spend — month 20,402500,usd,estimated,"pasted_content_20.txt, CE Development Portfolio Financial Baseline, user-supplied 2026-08-21",,jchappell2120,20,20,construction,yes,Estimated/user-supplied historical planning figure; component scope is not recovered. | Calculated monthly planning series from scenario drivers; not actual project performance.
6,Garden Haven,Single-Family Residential Development,Historical Planning — Garden Haven Base,base,schedule,SCH-CUM-20,cumulative_deployment_bps,cumulative deployment bps — month 20,9000,percentage_bps,estimated,"pasted_content_20.txt, CE Development Portfolio Financial Baseline, user-supplied 2026-08-21",,jchappell2120,20,20,construction,yes,Estimated/user-supplied historical planning figure; component scope is not recovered. | Calculated monthly planning series from scenario drivers; not actual project performance.
6,Garden Haven,Single-Family Residential Development,Historical Planning — Garden Haven Base,base,schedule,SCH-OCC-20,occupancy_bps,occupancy bps — month 20,5429,percentage_bps,estimated,"pasted_content_20.txt, CE Development Portfolio Financial Baseline, user-supplied 2026-08-21",,jchappell2120,20,20,construction,yes,Estimated/user-supplied historical planning figure; component scope is not recovered. | Calculated monthly planning series from scenario drivers; not actual project performance.
6,Garden Haven,Single-Family Residential Development,Historical Planning — Garden Haven Base,base,revenue,SCH-REV-20,monthly_effective_revenue,monthly effective revenue — month 20,339313,usd,estimated,"pasted_content_20.txt, CE Development Portfolio Financial Baseline, user-supplied 2026-08-21",,jchappell2120,20,20,construction,yes,Estimated/user-supplied historical planning figure; component scope is not recovered. | Calculated monthly planning series from scenario drivers; not actual project performance.
6,Garden Haven,Single-Family Residential Development,Historical Planning — Garden Haven Base,base,operations,SCH-OPEX-20,monthly_operating_expense,monthly operating expense — month 20,0,usd,estimated,"pasted_content_20.txt, CE Development Portfolio Financial Baseline, user-supplied 2026-08-21",,jchappell2120,20,20,construction,yes,Estimated/user-supplied historical planning figure; component scope is not recovered. | Calculated monthly planning series from scenario drivers; not actual project performance.
6,Garden Haven,Single-Family Residential Development,Historical Planning — Garden Haven Base,base,financing,SCH-DRAW-20,monthly_debt_draw,monthly debt draw — month 20,261625,usd,estimated,"pasted_content_20.txt, CE Development Portfolio Financial Baseline, user-supplied 2026-08-21",,jchappell2120,20,20,construction,yes,Estimated/user-supplied historical planning figure; component scope is not recovered. | Calculated monthly planning series from scenario drivers; not actual project performance.
6,Garden Haven,Single-Family Residential Development,Historical Planning — Garden Haven Base,base,financing,SCH-INT-20,monthly_interest,monthly interest — month 20,42047,usd,estimated,"pasted_content_20.txt, CE Development Portfolio Financial Baseline, user-supplied 2026-08-21",,jchappell2120,20,20,construction,yes,Estimated/user-supplied historical planning figure; component scope is not recovered. | Calculated monthly planning series from scenario drivers; not actual project performance.
6,Garden Haven,Single-Family Residential Development,Historical Planning — Garden Haven Base,base,cash_flow,SCH-CF-20,monthly_levered_cash_flow,monthly levered cash flow — month 20,-105234,usd,estimated,"pasted_content_20.txt, CE Development Portfolio Financial Baseline, user-supplied 2026-08-21",,jchappell2120,20,20,construction,yes,Estimated/user-supplied historical planning figure; component scope is not recovered. | Calculated monthly planning series from scenario drivers; not actual project performance.
6,Garden Haven,Single-Family Residential Development,Historical Planning — Garden Haven Base,base,capital_deployment,SCH-COST-21,monthly_development_spend,monthly development spend — month 21,287500,usd,estimated,"pasted_content_20.txt, CE Development Portfolio Financial Baseline, user-supplied 2026-08-21",,jchappell2120,21,21,construction,yes,Estimated/user-supplied historical planning figure; component scope is not recovered. | Calculated monthly planning series from scenario drivers; not actual project performance.
6,Garden Haven,Single-Family Residential Development,Historical Planning — Garden Haven Base,base,schedule,SCH-CUM-21,cumulative_deployment_bps,cumulative deployment bps — month 21,9250,percentage_bps,estimated,"pasted_content_20.txt, CE Development Portfolio Financial Baseline, user-supplied 2026-08-21",,jchappell2120,21,21,construction,yes,Estimated/user-supplied historical planning figure; component scope is not recovered. | Calculated monthly planning series from scenario drivers; not actual project performance.
6,Garden Haven,Single-Family Residential Development,Historical Planning — Garden Haven Base,base,schedule,SCH-OCC-21,occupancy_bps,occupancy bps — month 21,5714,percentage_bps,estimated,"pasted_content_20.txt, CE Development Portfolio Financial Baseline, user-supplied 2026-08-21",,jchappell2120,21,21,construction,yes,Estimated/user-supplied historical planning figure; component scope is not recovered. | Calculated monthly planning series from scenario drivers; not actual project performance.
6,Garden Haven,Single-Family Residential Development,Historical Planning — Garden Haven Base,base,revenue,SCH-REV-21,monthly_effective_revenue,monthly effective revenue — month 21,357125,usd,estimated,"pasted_content_20.txt, CE Development Portfolio Financial Baseline, user-supplied 2026-08-21",,jchappell2120,21,21,construction,yes,Estimated/user-supplied historical planning figure; component scope is not recovered. | Calculated monthly planning series from scenario drivers; not actual project performance.
6,Garden Haven,Single-Family Residential Development,Historical Planning — Garden Haven Base,base,operations,SCH-OPEX-21,monthly_operating_expense,monthly operating expense — month 21,0,usd,estimated,"pasted_content_20.txt, CE Development Portfolio Financial Baseline, user-supplied 2026-08-21",,jchappell2120,21,21,construction,yes,Estimated/user-supplied historical planning figure; component scope is not recovered. | Calculated monthly planning series from scenario drivers; not actual project performance.
6,Garden Haven,Single-Family Residential Development,Historical Planning — Garden Haven Base,base,financing,SCH-DRAW-21,monthly_debt_draw,monthly debt draw — month 21,186875,usd,estimated,"pasted_content_20.txt, CE Development Portfolio Financial Baseline, user-supplied 2026-08-21",,jchappell2120,21,21,construction,yes,Estimated/user-supplied historical planning figure; component scope is not recovered. | Calculated monthly planning series from scenario drivers; not actual project performance.
6,Garden Haven,Single-Family Residential Development,Historical Planning — Garden Haven Base,base,financing,SCH-INT-21,monthly_interest,monthly interest — month 21,43215,usd,estimated,"pasted_content_20.txt, CE Development Portfolio Financial Baseline, user-supplied 2026-08-21",,jchappell2120,21,21,construction,yes,Estimated/user-supplied historical planning figure; component scope is not recovered. | Calculated monthly planning series from scenario drivers; not actual project performance.
6,Garden Haven,Single-Family Residential Development,Historical Planning — Garden Haven Base,base,cash_flow,SCH-CF-21,monthly_levered_cash_flow,monthly levered cash flow — month 21,26410,usd,estimated,"pasted_content_20.txt, CE Development Portfolio Financial Baseline, user-supplied 2026-08-21",,jchappell2120,21,21,construction,yes,Estimated/user-supplied historical planning figure; component scope is not recovered. | Calculated monthly planning series from scenario drivers; not actual project performance.
6,Garden Haven,Single-Family Residential Development,Historical Planning — Garden Haven Base,base,capital_deployment,SCH-COST-22,monthly_development_spend,monthly development spend — month 22,287500,usd,estimated,"pasted_content_20.txt, CE Development Portfolio Financial Baseline, user-supplied 2026-08-21",,jchappell2120,22,22,construction,yes,Estimated/user-supplied historical planning figure; component scope is not recovered. | Calculated monthly planning series from scenario drivers; not actual project performance.
6,Garden Haven,Single-Family Residential Development,Historical Planning — Garden Haven Base,base,schedule,SCH-CUM-22,cumulative_deployment_bps,cumulative deployment bps — month 22,9500,percentage_bps,estimated,"pasted_content_20.txt, CE Development Portfolio Financial Baseline, user-supplied 2026-08-21",,jchappell2120,22,22,construction,yes,Estimated/user-supplied historical planning figure; component scope is not recovered. | Calculated monthly planning series from scenario drivers; not actual project performance.
6,Garden Haven,Single-Family Residential Development,Historical Planning — Garden Haven Base,base,schedule,SCH-OCC-22,occupancy_bps,occupancy bps — month 22,6000,percentage_bps,estimated,"pasted_content_20.txt, CE Development Portfolio Financial Baseline, user-supplied 2026-08-21",,jchappell2120,22,22,construction,yes,Estimated/user-supplied historical planning figure; component scope is not recovered. | Calculated monthly planning series from scenario drivers; not actual project performance.
6,Garden Haven,Single-Family Residential Development,Historical Planning — Garden Haven Base,base,revenue,SCH-REV-22,monthly_effective_revenue,monthly effective revenue — month 22,375000,usd,estimated,"pasted_content_20.txt, CE Development Portfolio Financial Baseline, user-supplied 2026-08-21",,jchappell2120,22,22,construction,yes,Estimated/user-supplied historical planning figure; component scope is not recovered. | Calculated monthly planning series from scenario drivers; not actual project performance.
6,Garden Haven,Single-Family Residential Development,Historical Planning — Garden Haven Base,base,operations,SCH-OPEX-22,monthly_operating_expense,monthly operating expense — month 22,0,usd,estimated,"pasted_content_20.txt, CE Development Portfolio Financial Baseline, user-supplied 2026-08-21",,jchappell2120,22,22,construction,yes,Estimated/user-supplied historical planning figure; component scope is not recovered. | Calculated monthly planning series from scenario drivers; not actual project performance.
6,Garden Haven,Single-Family Residential Development,Historical Planning — Garden Haven Base,base,financing,SCH-DRAW-22,monthly_debt_draw,monthly debt draw — month 22,186875,usd,estimated,"pasted_content_20.txt, CE Development Portfolio Financial Baseline, user-supplied 2026-08-21",,jchappell2120,22,22,construction,yes,Estimated/user-supplied historical planning figure; component scope is not recovered. | Calculated monthly planning series from scenario drivers; not actual project performance.
6,Garden Haven,Single-Family Residential Development,Historical Planning — Garden Haven Base,base,financing,SCH-INT-22,monthly_interest,monthly interest — month 22,44383,usd,estimated,"pasted_content_20.txt, CE Development Portfolio Financial Baseline, user-supplied 2026-08-21",,jchappell2120,22,22,construction,yes,Estimated/user-supplied historical planning figure; component scope is not recovered. | Calculated monthly planning series from scenario drivers; not actual project performance.
6,Garden Haven,Single-Family Residential Development,Historical Planning — Garden Haven Base,base,cash_flow,SCH-CF-22,monthly_levered_cash_flow,monthly levered cash flow — month 22,43117,usd,estimated,"pasted_content_20.txt, CE Development Portfolio Financial Baseline, user-supplied 2026-08-21",,jchappell2120,22,22,construction,yes,Estimated/user-supplied historical planning figure; component scope is not recovered. | Calculated monthly planning series from scenario drivers; not actual project performance.
6,Garden Haven,Single-Family Residential Development,Historical Planning — Garden Haven Base,base,capital_deployment,SCH-COST-23,monthly_development_spend,monthly development spend — month 23,287500,usd,estimated,"pasted_content_20.txt, CE Development Portfolio Financial Baseline, user-supplied 2026-08-21",,jchappell2120,23,23,construction,yes,Estimated/user-supplied historical planning figure; component scope is not recovered. | Calculated monthly planning series from scenario drivers; not actual project performance.
6,Garden Haven,Single-Family Residential Development,Historical Planning — Garden Haven Base,base,schedule,SCH-CUM-23,cumulative_deployment_bps,cumulative deployment bps — month 23,9750,percentage_bps,estimated,"pasted_content_20.txt, CE Development Portfolio Financial Baseline, user-supplied 2026-08-21",,jchappell2120,23,23,construction,yes,Estimated/user-supplied historical planning figure; component scope is not recovered. | Calculated monthly planning series from scenario drivers; not actual project performance.
6,Garden Haven,Single-Family Residential Development,Historical Planning — Garden Haven Base,base,schedule,SCH-OCC-23,occupancy_bps,occupancy bps — month 23,6286,percentage_bps,estimated,"pasted_content_20.txt, CE Development Portfolio Financial Baseline, user-supplied 2026-08-21",,jchappell2120,23,23,construction,yes,Estimated/user-supplied historical planning figure; component scope is not recovered. | Calculated monthly planning series from scenario drivers; not actual project performance.
6,Garden Haven,Single-Family Residential Development,Historical Planning — Garden Haven Base,base,revenue,SCH-REV-23,monthly_effective_revenue,monthly effective revenue — month 23,392875,usd,estimated,"pasted_content_20.txt, CE Development Portfolio Financial Baseline, user-supplied 2026-08-21",,jchappell2120,23,23,construction,yes,Estimated/user-supplied historical planning figure; component scope is not recovered. | Calculated monthly planning series from scenario drivers; not actual project performance.
6,Garden Haven,Single-Family Residential Development,Historical Planning — Garden Haven Base,base,operations,SCH-OPEX-23,monthly_operating_expense,monthly operating expense — month 23,0,usd,estimated,"pasted_content_20.txt, CE Development Portfolio Financial Baseline, user-supplied 2026-08-21",,jchappell2120,23,23,construction,yes,Estimated/user-supplied historical planning figure; component scope is not recovered. | Calculated monthly planning series from scenario drivers; not actual project performance.
6,Garden Haven,Single-Family Residential Development,Historical Planning — Garden Haven Base,base,financing,SCH-DRAW-23,monthly_debt_draw,monthly debt draw — month 23,186875,usd,estimated,"pasted_content_20.txt, CE Development Portfolio Financial Baseline, user-supplied 2026-08-21",,jchappell2120,23,23,construction,yes,Estimated/user-supplied historical planning figure; component scope is not recovered. | Calculated monthly planning series from scenario drivers; not actual project performance.
6,Garden Haven,Single-Family Residential Development,Historical Planning — Garden Haven Base,base,financing,SCH-INT-23,monthly_interest,monthly interest — month 23,45551,usd,estimated,"pasted_content_20.txt, CE Development Portfolio Financial Baseline, user-supplied 2026-08-21",,jchappell2120,23,23,construction,yes,Estimated/user-supplied historical planning figure; component scope is not recovered. | Calculated monthly planning series from scenario drivers; not actual project performance.
6,Garden Haven,Single-Family Residential Development,Historical Planning — Garden Haven Base,base,cash_flow,SCH-CF-23,monthly_levered_cash_flow,monthly levered cash flow — month 23,59824,usd,estimated,"pasted_content_20.txt, CE Development Portfolio Financial Baseline, user-supplied 2026-08-21",,jchappell2120,23,23,construction,yes,Estimated/user-supplied historical planning figure; component scope is not recovered. | Calculated monthly planning series from scenario drivers; not actual project performance.
6,Garden Haven,Single-Family Residential Development,Historical Planning — Garden Haven Base,base,capital_deployment,SCH-COST-24,monthly_development_spend,monthly development spend — month 24,287500,usd,estimated,"pasted_content_20.txt, CE Development Portfolio Financial Baseline, user-supplied 2026-08-21",,jchappell2120,24,24,construction,yes,Estimated/user-supplied historical planning figure; component scope is not recovered. | Calculated monthly planning series from scenario drivers; not actual project performance.
6,Garden Haven,Single-Family Residential Development,Historical Planning — Garden Haven Base,base,schedule,SCH-CUM-24,cumulative_deployment_bps,cumulative deployment bps — month 24,10000,percentage_bps,estimated,"pasted_content_20.txt, CE Development Portfolio Financial Baseline, user-supplied 2026-08-21",,jchappell2120,24,24,construction,yes,Estimated/user-supplied historical planning figure; component scope is not recovered. | Calculated monthly planning series from scenario drivers; not actual project performance.
6,Garden Haven,Single-Family Residential Development,Historical Planning — Garden Haven Base,base,schedule,SCH-OCC-24,occupancy_bps,occupancy bps — month 24,6571,percentage_bps,estimated,"pasted_content_20.txt, CE Development Portfolio Financial Baseline, user-supplied 2026-08-21",,jchappell2120,24,24,construction,yes,Estimated/user-supplied historical planning figure; component scope is not recovered. | Calculated monthly planning series from scenario drivers; not actual project performance.
6,Garden Haven,Single-Family Residential Development,Historical Planning — Garden Haven Base,base,revenue,SCH-REV-24,monthly_effective_revenue,monthly effective revenue — month 24,410688,usd,estimated,"pasted_content_20.txt, CE Development Portfolio Financial Baseline, user-supplied 2026-08-21",,jchappell2120,24,24,construction,yes,Estimated/user-supplied historical planning figure; component scope is not recovered. | Calculated monthly planning series from scenario drivers; not actual project performance.
6,Garden Haven,Single-Family Residential Development,Historical Planning — Garden Haven Base,base,operations,SCH-OPEX-24,monthly_operating_expense,monthly operating expense — month 24,0,usd,estimated,"pasted_content_20.txt, CE Development Portfolio Financial Baseline, user-supplied 2026-08-21",,jchappell2120,24,24,construction,yes,Estimated/user-supplied historical planning figure; component scope is not recovered. | Calculated monthly planning series from scenario drivers; not actual project performance.
6,Garden Haven,Single-Family Residential Development,Historical Planning — Garden Haven Base,base,financing,SCH-DRAW-24,monthly_debt_draw,monthly debt draw — month 24,186875,usd,estimated,"pasted_content_20.txt, CE Development Portfolio Financial Baseline, user-supplied 2026-08-21",,jchappell2120,24,24,construction,yes,Estimated/user-supplied historical planning figure; component scope is not recovered. | Calculated monthly planning series from scenario drivers; not actual project performance.
6,Garden Haven,Single-Family Residential Development,Historical Planning — Garden Haven Base,base,financing,SCH-INT-24,monthly_interest,monthly interest — month 24,46719,usd,estimated,"pasted_content_20.txt, CE Development Portfolio Financial Baseline, user-supplied 2026-08-21",,jchappell2120,24,24,construction,yes,Estimated/user-supplied historical planning figure; component scope is not recovered. | Calculated monthly planning series from scenario drivers; not actual project performance.
6,Garden Haven,Single-Family Residential Development,Historical Planning — Garden Haven Base,base,cash_flow,SCH-CF-24,monthly_levered_cash_flow,monthly levered cash flow — month 24,76469,usd,estimated,"pasted_content_20.txt, CE Development Portfolio Financial Baseline, user-supplied 2026-08-21",,jchappell2120,24,24,construction,yes,Estimated/user-supplied historical planning figure; component scope is not recovered. | Calculated monthly planning series from scenario drivers; not actual project performance.
6,Garden Haven,Single-Family Residential Development,Historical Planning — Garden Haven Base,base,capital_deployment,SCH-COST-25,monthly_development_spend,monthly development spend — month 25,0,usd,estimated,"pasted_content_20.txt, CE Development Portfolio Financial Baseline, user-supplied 2026-08-21",,jchappell2120,25,25,lease_up_stabilization,yes,Estimated/user-supplied historical planning figure; component scope is not recovered. | Calculated monthly planning series from scenario drivers; not actual project performance.
6,Garden Haven,Single-Family Residential Development,Historical Planning — Garden Haven Base,base,schedule,SCH-CUM-25,cumulative_deployment_bps,cumulative deployment bps — month 25,10000,percentage_bps,estimated,"pasted_content_20.txt, CE Development Portfolio Financial Baseline, user-supplied 2026-08-21",,jchappell2120,25,25,lease_up_stabilization,yes,Estimated/user-supplied historical planning figure; component scope is not recovered. | Calculated monthly planning series from scenario drivers; not actual project performance.
6,Garden Haven,Single-Family Residential Development,Historical Planning — Garden Haven Base,base,schedule,SCH-OCC-25,occupancy_bps,occupancy bps — month 25,6857,percentage_bps,estimated,"pasted_content_20.txt, CE Development Portfolio Financial Baseline, user-supplied 2026-08-21",,jchappell2120,25,25,lease_up_stabilization,yes,Estimated/user-supplied historical planning figure; component scope is not recovered. | Calculated monthly planning series from scenario drivers; not actual project performance.
6,Garden Haven,Single-Family Residential Development,Historical Planning — Garden Haven Base,base,revenue,SCH-REV-25,monthly_effective_revenue,monthly effective revenue — month 25,428563,usd,estimated,"pasted_content_20.txt, CE Development Portfolio Financial Baseline, user-supplied 2026-08-21",,jchappell2120,25,25,lease_up_stabilization,yes,Estimated/user-supplied historical planning figure; component scope is not recovered. | Calculated monthly planning series from scenario drivers; not actual project performance.
6,Garden Haven,Single-Family Residential Development,Historical Planning — Garden Haven Base,base,operations,SCH-OPEX-25,monthly_operating_expense,monthly operating expense — month 25,0,usd,estimated,"pasted_content_20.txt, CE Development Portfolio Financial Baseline, user-supplied 2026-08-21",,jchappell2120,25,25,lease_up_stabilization,yes,Estimated/user-supplied historical planning figure; component scope is not recovered. | Calculated monthly planning series from scenario drivers; not actual project performance.
6,Garden Haven,Single-Family Residential Development,Historical Planning — Garden Haven Base,base,financing,SCH-DRAW-25,monthly_debt_draw,monthly debt draw — month 25,0,usd,estimated,"pasted_content_20.txt, CE Development Portfolio Financial Baseline, user-supplied 2026-08-21",,jchappell2120,25,25,lease_up_stabilization,yes,Estimated/user-supplied historical planning figure; component scope is not recovered. | Calculated monthly planning series from scenario drivers; not actual project performance.
6,Garden Haven,Single-Family Residential Development,Historical Planning — Garden Haven Base,base,financing,SCH-INT-25,monthly_interest,monthly interest — month 25,46719,usd,estimated,"pasted_content_20.txt, CE Development Portfolio Financial Baseline, user-supplied 2026-08-21",,jchappell2120,25,25,lease_up_stabilization,yes,Estimated/user-supplied historical planning figure; component scope is not recovered. | Calculated monthly planning series from scenario drivers; not actual project performance.
6,Garden Haven,Single-Family Residential Development,Historical Planning — Garden Haven Base,base,cash_flow,SCH-CF-25,monthly_levered_cash_flow,monthly levered cash flow — month 25,381844,usd,estimated,"pasted_content_20.txt, CE Development Portfolio Financial Baseline, user-supplied 2026-08-21",,jchappell2120,25,25,lease_up_stabilization,yes,Estimated/user-supplied historical planning figure; component scope is not recovered. | Calculated monthly planning series from scenario drivers; not actual project performance.
6,Garden Haven,Single-Family Residential Development,Historical Planning — Garden Haven Base,base,capital_deployment,SCH-COST-26,monthly_development_spend,monthly development spend — month 26,0,usd,estimated,"pasted_content_20.txt, CE Development Portfolio Financial Baseline, user-supplied 2026-08-21",,jchappell2120,26,26,lease_up_stabilization,yes,Estimated/user-supplied historical planning figure; component scope is not recovered. | Calculated monthly planning series from scenario drivers; not actual project performance.
6,Garden Haven,Single-Family Residential Development,Historical Planning — Garden Haven Base,base,schedule,SCH-CUM-26,cumulative_deployment_bps,cumulative deployment bps — month 26,10000,percentage_bps,estimated,"pasted_content_20.txt, CE Development Portfolio Financial Baseline, user-supplied 2026-08-21",,jchappell2120,26,26,lease_up_stabilization,yes,Estimated/user-supplied historical planning figure; component scope is not recovered. | Calculated monthly planning series from scenario drivers; not actual project performance.
6,Garden Haven,Single-Family Residential Development,Historical Planning — Garden Haven Base,base,schedule,SCH-OCC-26,occupancy_bps,occupancy bps — month 26,7143,percentage_bps,estimated,"pasted_content_20.txt, CE Development Portfolio Financial Baseline, user-supplied 2026-08-21",,jchappell2120,26,26,lease_up_stabilization,yes,Estimated/user-supplied historical planning figure; component scope is not recovered. | Calculated monthly planning series from scenario drivers; not actual project performance.
6,Garden Haven,Single-Family Residential Development,Historical Planning — Garden Haven Base,base,revenue,SCH-REV-26,monthly_effective_revenue,monthly effective revenue — month 26,446438,usd,estimated,"pasted_content_20.txt, CE Development Portfolio Financial Baseline, user-supplied 2026-08-21",,jchappell2120,26,26,lease_up_stabilization,yes,Estimated/user-supplied historical planning figure; component scope is not recovered. | Calculated monthly planning series from scenario drivers; not actual project performance.
6,Garden Haven,Single-Family Residential Development,Historical Planning — Garden Haven Base,base,operations,SCH-OPEX-26,monthly_operating_expense,monthly operating expense — month 26,0,usd,estimated,"pasted_content_20.txt, CE Development Portfolio Financial Baseline, user-supplied 2026-08-21",,jchappell2120,26,26,lease_up_stabilization,yes,Estimated/user-supplied historical planning figure; component scope is not recovered. | Calculated monthly planning series from scenario drivers; not actual project performance.
6,Garden Haven,Single-Family Residential Development,Historical Planning — Garden Haven Base,base,financing,SCH-DRAW-26,monthly_debt_draw,monthly debt draw — month 26,0,usd,estimated,"pasted_content_20.txt, CE Development Portfolio Financial Baseline, user-supplied 2026-08-21",,jchappell2120,26,26,lease_up_stabilization,yes,Estimated/user-supplied historical planning figure; component scope is not recovered. | Calculated monthly planning series from scenario drivers; not actual project performance.
6,Garden Haven,Single-Family Residential Development,Historical Planning — Garden Haven Base,base,financing,SCH-INT-26,monthly_interest,monthly interest — month 26,46719,usd,estimated,"pasted_content_20.txt, CE Development Portfolio Financial Baseline, user-supplied 2026-08-21",,jchappell2120,26,26,lease_up_stabilization,yes,Estimated/user-supplied historical planning figure; component scope is not recovered. | Calculated monthly planning series from scenario drivers; not actual project performance.
6,Garden Haven,Single-Family Residential Development,Historical Planning — Garden Haven Base,base,cash_flow,SCH-CF-26,monthly_levered_cash_flow,monthly levered cash flow — month 26,399719,usd,estimated,"pasted_content_20.txt, CE Development Portfolio Financial Baseline, user-supplied 2026-08-21",,jchappell2120,26,26,lease_up_stabilization,yes,Estimated/user-supplied historical planning figure; component scope is not recovered. | Calculated monthly planning series from scenario drivers; not actual project performance.
6,Garden Haven,Single-Family Residential Development,Historical Planning — Garden Haven Base,base,capital_deployment,SCH-COST-27,monthly_development_spend,monthly development spend — month 27,0,usd,estimated,"pasted_content_20.txt, CE Development Portfolio Financial Baseline, user-supplied 2026-08-21",,jchappell2120,27,27,lease_up_stabilization,yes,Estimated/user-supplied historical planning figure; component scope is not recovered. | Calculated monthly planning series from scenario drivers; not actual project performance.
6,Garden Haven,Single-Family Residential Development,Historical Planning — Garden Haven Base,base,schedule,SCH-CUM-27,cumulative_deployment_bps,cumulative deployment bps — month 27,10000,percentage_bps,estimated,"pasted_content_20.txt, CE Development Portfolio Financial Baseline, user-supplied 2026-08-21",,jchappell2120,27,27,lease_up_stabilization,yes,Estimated/user-supplied historical planning figure; component scope is not recovered. | Calculated monthly planning series from scenario drivers; not actual project performance.
6,Garden Haven,Single-Family Residential Development,Historical Planning — Garden Haven Base,base,schedule,SCH-OCC-27,occupancy_bps,occupancy bps — month 27,7429,percentage_bps,estimated,"pasted_content_20.txt, CE Development Portfolio Financial Baseline, user-supplied 2026-08-21",,jchappell2120,27,27,lease_up_stabilization,yes,Estimated/user-supplied historical planning figure; component scope is not recovered. | Calculated monthly planning series from scenario drivers; not actual project performance.
6,Garden Haven,Single-Family Residential Development,Historical Planning — Garden Haven Base,base,revenue,SCH-REV-27,monthly_effective_revenue,monthly effective revenue — month 27,464313,usd,estimated,"pasted_content_20.txt, CE Development Portfolio Financial Baseline, user-supplied 2026-08-21",,jchappell2120,27,27,lease_up_stabilization,yes,Estimated/user-supplied historical planning figure; component scope is not recovered. | Calculated monthly planning series from scenario drivers; not actual project performance.
6,Garden Haven,Single-Family Residential Development,Historical Planning — Garden Haven Base,base,operations,SCH-OPEX-27,monthly_operating_expense,monthly operating expense — month 27,0,usd,estimated,"pasted_content_20.txt, CE Development Portfolio Financial Baseline, user-supplied 2026-08-21",,jchappell2120,27,27,lease_up_stabilization,yes,Estimated/user-supplied historical planning figure; component scope is not recovered. | Calculated monthly planning series from scenario drivers; not actual project performance.
6,Garden Haven,Single-Family Residential Development,Historical Planning — Garden Haven Base,base,financing,SCH-DRAW-27,monthly_debt_draw,monthly debt draw — month 27,0,usd,estimated,"pasted_content_20.txt, CE Development Portfolio Financial Baseline, user-supplied 2026-08-21",,jchappell2120,27,27,lease_up_stabilization,yes,Estimated/user-supplied historical planning figure; component scope is not recovered. | Calculated monthly planning series from scenario drivers; not actual project performance.
6,Garden Haven,Single-Family Residential Development,Historical Planning — Garden Haven Base,base,financing,SCH-INT-27,monthly_interest,monthly interest — month 27,46719,usd,estimated,"pasted_content_20.txt, CE Development Portfolio Financial Baseline, user-supplied 2026-08-21",,jchappell2120,27,27,lease_up_stabilization,yes,Estimated/user-supplied historical planning figure; component scope is not recovered. | Calculated monthly planning series from scenario drivers; not actual project performance.
6,Garden Haven,Single-Family Residential Development,Historical Planning — Garden Haven Base,base,cash_flow,SCH-CF-27,monthly_levered_cash_flow,monthly levered cash flow — month 27,417594,usd,estimated,"pasted_content_20.txt, CE Development Portfolio Financial Baseline, user-supplied 2026-08-21",,jchappell2120,27,27,lease_up_stabilization,yes,Estimated/user-supplied historical planning figure; component scope is not recovered. | Calculated monthly planning series from scenario drivers; not actual project performance.
6,Garden Haven,Single-Family Residential Development,Historical Planning — Garden Haven Base,base,capital_deployment,SCH-COST-28,monthly_development_spend,monthly development spend — month 28,0,usd,estimated,"pasted_content_20.txt, CE Development Portfolio Financial Baseline, user-supplied 2026-08-21",,jchappell2120,28,28,lease_up_stabilization,yes,Estimated/user-supplied historical planning figure; component scope is not recovered. | Calculated monthly planning series from scenario drivers; not actual project performance.
6,Garden Haven,Single-Family Residential Development,Historical Planning — Garden Haven Base,base,schedule,SCH-CUM-28,cumulative_deployment_bps,cumulative deployment bps — month 28,10000,percentage_bps,estimated,"pasted_content_20.txt, CE Development Portfolio Financial Baseline, user-supplied 2026-08-21",,jchappell2120,28,28,lease_up_stabilization,yes,Estimated/user-supplied historical planning figure; component scope is not recovered. | Calculated monthly planning series from scenario drivers; not actual project performance.
6,Garden Haven,Single-Family Residential Development,Historical Planning — Garden Haven Base,base,schedule,SCH-OCC-28,occupancy_bps,occupancy bps — month 28,7714,percentage_bps,estimated,"pasted_content_20.txt, CE Development Portfolio Financial Baseline, user-supplied 2026-08-21",,jchappell2120,28,28,lease_up_stabilization,yes,Estimated/user-supplied historical planning figure; component scope is not recovered. | Calculated monthly planning series from scenario drivers; not actual project performance.
6,Garden Haven,Single-Family Residential Development,Historical Planning — Garden Haven Base,base,revenue,SCH-REV-28,monthly_effective_revenue,monthly effective revenue — month 28,482125,usd,estimated,"pasted_content_20.txt, CE Development Portfolio Financial Baseline, user-supplied 2026-08-21",,jchappell2120,28,28,lease_up_stabilization,yes,Estimated/user-supplied historical planning figure; component scope is not recovered. | Calculated monthly planning series from scenario drivers; not actual project performance.
6,Garden Haven,Single-Family Residential Development,Historical Planning — Garden Haven Base,base,operations,SCH-OPEX-28,monthly_operating_expense,monthly operating expense — month 28,0,usd,estimated,"pasted_content_20.txt, CE Development Portfolio Financial Baseline, user-supplied 2026-08-21",,jchappell2120,28,28,lease_up_stabilization,yes,Estimated/user-supplied historical planning figure; component scope is not recovered. | Calculated monthly planning series from scenario drivers; not actual project performance.
6,Garden Haven,Single-Family Residential Development,Historical Planning — Garden Haven Base,base,financing,SCH-DRAW-28,monthly_debt_draw,monthly debt draw — month 28,0,usd,estimated,"pasted_content_20.txt, CE Development Portfolio Financial Baseline, user-supplied 2026-08-21",,jchappell2120,28,28,lease_up_stabilization,yes,Estimated/user-supplied historical planning figure; component scope is not recovered. | Calculated monthly planning series from scenario drivers; not actual project performance.
6,Garden Haven,Single-Family Residential Development,Historical Planning — Garden Haven Base,base,financing,SCH-INT-28,monthly_interest,monthly interest — month 28,46719,usd,estimated,"pasted_content_20.txt, CE Development Portfolio Financial Baseline, user-supplied 2026-08-21",,jchappell2120,28,28,lease_up_stabilization,yes,Estimated/user-supplied historical planning figure; component scope is not recovered. | Calculated monthly planning series from scenario drivers; not actual project performance.
6,Garden Haven,Single-Family Residential Development,Historical Planning — Garden Haven Base,base,cash_flow,SCH-CF-28,monthly_levered_cash_flow,monthly levered cash flow — month 28,435406,usd,estimated,"pasted_content_20.txt, CE Development Portfolio Financial Baseline, user-supplied 2026-08-21",,jchappell2120,28,28,lease_up_stabilization,yes,Estimated/user-supplied historical planning figure; component scope is not recovered. | Calculated monthly planning series from scenario drivers; not actual project performance.
6,Garden Haven,Single-Family Residential Development,Historical Planning — Garden Haven Base,base,capital_deployment,SCH-COST-29,monthly_development_spend,monthly development spend — month 29,0,usd,estimated,"pasted_content_20.txt, CE Development Portfolio Financial Baseline, user-supplied 2026-08-21",,jchappell2120,29,29,lease_up_stabilization,yes,Estimated/user-supplied historical planning figure; component scope is not recovered. | Calculated monthly planning series from scenario drivers; not actual project performance.
6,Garden Haven,Single-Family Residential Development,Historical Planning — Garden Haven Base,base,schedule,SCH-CUM-29,cumulative_deployment_bps,cumulative deployment bps — month 29,10000,percentage_bps,estimated,"pasted_content_20.txt, CE Development Portfolio Financial Baseline, user-supplied 2026-08-21",,jchappell2120,29,29,lease_up_stabilization,yes,Estimated/user-supplied historical planning figure; component scope is not recovered. | Calculated monthly planning series from scenario drivers; not actual project performance.
6,Garden Haven,Single-Family Residential Development,Historical Planning — Garden Haven Base,base,schedule,SCH-OCC-29,occupancy_bps,occupancy bps — month 29,8000,percentage_bps,estimated,"pasted_content_20.txt, CE Development Portfolio Financial Baseline, user-supplied 2026-08-21",,jchappell2120,29,29,lease_up_stabilization,yes,Estimated/user-supplied historical planning figure; component scope is not recovered. | Calculated monthly planning series from scenario drivers; not actual project performance.
6,Garden Haven,Single-Family Residential Development,Historical Planning — Garden Haven Base,base,revenue,SCH-REV-29,monthly_effective_revenue,monthly effective revenue — month 29,500000,usd,estimated,"pasted_content_20.txt, CE Development Portfolio Financial Baseline, user-supplied 2026-08-21",,jchappell2120,29,29,lease_up_stabilization,yes,Estimated/user-supplied historical planning figure; component scope is not recovered. | Calculated monthly planning series from scenario drivers; not actual project performance.
6,Garden Haven,Single-Family Residential Development,Historical Planning — Garden Haven Base,base,operations,SCH-OPEX-29,monthly_operating_expense,monthly operating expense — month 29,0,usd,estimated,"pasted_content_20.txt, CE Development Portfolio Financial Baseline, user-supplied 2026-08-21",,jchappell2120,29,29,lease_up_stabilization,yes,Estimated/user-supplied historical planning figure; component scope is not recovered. | Calculated monthly planning series from scenario drivers; not actual project performance.
6,Garden Haven,Single-Family Residential Development,Historical Planning — Garden Haven Base,base,financing,SCH-DRAW-29,monthly_debt_draw,monthly debt draw — month 29,0,usd,estimated,"pasted_content_20.txt, CE Development Portfolio Financial Baseline, user-supplied 2026-08-21",,jchappell2120,29,29,lease_up_stabilization,yes,Estimated/user-supplied historical planning figure; component scope is not recovered. | Calculated monthly planning series from scenario drivers; not actual project performance.
6,Garden Haven,Single-Family Residential Development,Historical Planning — Garden Haven Base,base,financing,SCH-INT-29,monthly_interest,monthly interest — month 29,46719,usd,estimated,"pasted_content_20.txt, CE Development Portfolio Financial Baseline, user-supplied 2026-08-21",,jchappell2120,29,29,lease_up_stabilization,yes,Estimated/user-supplied historical planning figure; component scope is not recovered. | Calculated monthly planning series from scenario drivers; not actual project performance.
6,Garden Haven,Single-Family Residential Development,Historical Planning — Garden Haven Base,base,cash_flow,SCH-CF-29,monthly_levered_cash_flow,monthly levered cash flow — month 29,453281,usd,estimated,"pasted_content_20.txt, CE Development Portfolio Financial Baseline, user-supplied 2026-08-21",,jchappell2120,29,29,lease_up_stabilization,yes,Estimated/user-supplied historical planning figure; component scope is not recovered. | Calculated monthly planning series from scenario drivers; not actual project performance.
6,Garden Haven,Single-Family Residential Development,Historical Planning — Garden Haven Base,base,capital_deployment,SCH-COST-30,monthly_development_spend,monthly development spend — month 30,0,usd,estimated,"pasted_content_20.txt, CE Development Portfolio Financial Baseline, user-supplied 2026-08-21",,jchappell2120,30,30,lease_up_stabilization,yes,Estimated/user-supplied historical planning figure; component scope is not recovered. | Calculated monthly planning series from scenario drivers; not actual project performance.
6,Garden Haven,Single-Family Residential Development,Historical Planning — Garden Haven Base,base,schedule,SCH-CUM-30,cumulative_deployment_bps,cumulative deployment bps — month 30,10000,percentage_bps,estimated,"pasted_content_20.txt, CE Development Portfolio Financial Baseline, user-supplied 2026-08-21",,jchappell2120,30,30,lease_up_stabilization,yes,Estimated/user-supplied historical planning figure; component scope is not recovered. | Calculated monthly planning series from scenario drivers; not actual project performance.
6,Garden Haven,Single-Family Residential Development,Historical Planning — Garden Haven Base,base,schedule,SCH-OCC-30,occupancy_bps,occupancy bps — month 30,8286,percentage_bps,estimated,"pasted_content_20.txt, CE Development Portfolio Financial Baseline, user-supplied 2026-08-21",,jchappell2120,30,30,lease_up_stabilization,yes,Estimated/user-supplied historical planning figure; component scope is not recovered. | Calculated monthly planning series from scenario drivers; not actual project performance.
6,Garden Haven,Single-Family Residential Development,Historical Planning — Garden Haven Base,base,revenue,SCH-REV-30,monthly_effective_revenue,monthly effective revenue — month 30,517875,usd,estimated,"pasted_content_20.txt, CE Development Portfolio Financial Baseline, user-supplied 2026-08-21",,jchappell2120,30,30,lease_up_stabilization,yes,Estimated/user-supplied historical planning figure; component scope is not recovered. | Calculated monthly planning series from scenario drivers; not actual project performance.
6,Garden Haven,Single-Family Residential Development,Historical Planning — Garden Haven Base,base,operations,SCH-OPEX-30,monthly_operating_expense,monthly operating expense — month 30,0,usd,estimated,"pasted_content_20.txt, CE Development Portfolio Financial Baseline, user-supplied 2026-08-21",,jchappell2120,30,30,lease_up_stabilization,yes,Estimated/user-supplied historical planning figure; component scope is not recovered. | Calculated monthly planning series from scenario drivers; not actual project performance.
6,Garden Haven,Single-Family Residential Development,Historical Planning — Garden Haven Base,base,financing,SCH-DRAW-30,monthly_debt_draw,monthly debt draw — month 30,0,usd,estimated,"pasted_content_20.txt, CE Development Portfolio Financial Baseline, user-supplied 2026-08-21",,jchappell2120,30,30,lease_up_stabilization,yes,Estimated/user-supplied historical planning figure; component scope is not recovered. | Calculated monthly planning series from scenario drivers; not actual project performance.
6,Garden Haven,Single-Family Residential Development,Historical Planning — Garden Haven Base,base,financing,SCH-INT-30,monthly_interest,monthly interest — month 30,46719,usd,estimated,"pasted_content_20.txt, CE Development Portfolio Financial Baseline, user-supplied 2026-08-21",,jchappell2120,30,30,lease_up_stabilization,yes,Estimated/user-supplied historical planning figure; component scope is not recovered. | Calculated monthly planning series from scenario drivers; not actual project performance.
6,Garden Haven,Single-Family Residential Development,Historical Planning — Garden Haven Base,base,cash_flow,SCH-CF-30,monthly_levered_cash_flow,monthly levered cash flow — month 30,471156,usd,estimated,"pasted_content_20.txt, CE Development Portfolio Financial Baseline, user-supplied 2026-08-21",,jchappell2120,30,30,lease_up_stabilization,yes,Estimated/user-supplied historical planning figure; component scope is not recovered. | Calculated monthly planning series from scenario drivers; not actual project performance.
6,Garden Haven,Single-Family Residential Development,Historical Planning — Garden Haven Base,base,capital_deployment,SCH-COST-31,monthly_development_spend,monthly development spend — month 31,0,usd,estimated,"pasted_content_20.txt, CE Development Portfolio Financial Baseline, user-supplied 2026-08-21",,jchappell2120,31,31,lease_up_stabilization,yes,Estimated/user-supplied historical planning figure; component scope is not recovered. | Calculated monthly planning series from scenario drivers; not actual project performance.
6,Garden Haven,Single-Family Residential Development,Historical Planning — Garden Haven Base,base,schedule,SCH-CUM-31,cumulative_deployment_bps,cumulative deployment bps — month 31,10000,percentage_bps,estimated,"pasted_content_20.txt, CE Development Portfolio Financial Baseline, user-supplied 2026-08-21",,jchappell2120,31,31,lease_up_stabilization,yes,Estimated/user-supplied historical planning figure; component scope is not recovered. | Calculated monthly planning series from scenario drivers; not actual project performance.
6,Garden Haven,Single-Family Residential Development,Historical Planning — Garden Haven Base,base,schedule,SCH-OCC-31,occupancy_bps,occupancy bps — month 31,8571,percentage_bps,estimated,"pasted_content_20.txt, CE Development Portfolio Financial Baseline, user-supplied 2026-08-21",,jchappell2120,31,31,lease_up_stabilization,yes,Estimated/user-supplied historical planning figure; component scope is not recovered. | Calculated monthly planning series from scenario drivers; not actual project performance.
6,Garden Haven,Single-Family Residential Development,Historical Planning — Garden Haven Base,base,revenue,SCH-REV-31,monthly_effective_revenue,monthly effective revenue — month 31,535688,usd,estimated,"pasted_content_20.txt, CE Development Portfolio Financial Baseline, user-supplied 2026-08-21",,jchappell2120,31,31,lease_up_stabilization,yes,Estimated/user-supplied historical planning figure; component scope is not recovered. | Calculated monthly planning series from scenario drivers; not actual project performance.
6,Garden Haven,Single-Family Residential Development,Historical Planning — Garden Haven Base,base,operations,SCH-OPEX-31,monthly_operating_expense,monthly operating expense — month 31,0,usd,estimated,"pasted_content_20.txt, CE Development Portfolio Financial Baseline, user-supplied 2026-08-21",,jchappell2120,31,31,lease_up_stabilization,yes,Estimated/user-supplied historical planning figure; component scope is not recovered. | Calculated monthly planning series from scenario drivers; not actual project performance.
6,Garden Haven,Single-Family Residential Development,Historical Planning — Garden Haven Base,base,financing,SCH-DRAW-31,monthly_debt_draw,monthly debt draw — month 31,0,usd,estimated,"pasted_content_20.txt, CE Development Portfolio Financial Baseline, user-supplied 2026-08-21",,jchappell2120,31,31,lease_up_stabilization,yes,Estimated/user-supplied historical planning figure; component scope is not recovered. | Calculated monthly planning series from scenario drivers; not actual project performance.
6,Garden Haven,Single-Family Residential Development,Historical Planning — Garden Haven Base,base,financing,SCH-INT-31,monthly_interest,monthly interest — month 31,46719,usd,estimated,"pasted_content_20.txt, CE Development Portfolio Financial Baseline, user-supplied 2026-08-21",,jchappell2120,31,31,lease_up_stabilization,yes,Estimated/user-supplied historical planning figure; component scope is not recovered. | Calculated monthly planning series from scenario drivers; not actual project performance.
6,Garden Haven,Single-Family Residential Development,Historical Planning — Garden Haven Base,base,cash_flow,SCH-CF-31,monthly_levered_cash_flow,monthly levered cash flow — month 31,488969,usd,estimated,"pasted_content_20.txt, CE Development Portfolio Financial Baseline, user-supplied 2026-08-21",,jchappell2120,31,31,lease_up_stabilization,yes,Estimated/user-supplied historical planning figure; component scope is not recovered. | Calculated monthly planning series from scenario drivers; not actual project performance.
6,Garden Haven,Single-Family Residential Development,Historical Planning — Garden Haven Base,base,capital_deployment,SCH-COST-32,monthly_development_spend,monthly development spend — month 32,0,usd,estimated,"pasted_content_20.txt, CE Development Portfolio Financial Baseline, user-supplied 2026-08-21",,jchappell2120,32,32,lease_up_stabilization,yes,Estimated/user-supplied historical planning figure; component scope is not recovered. | Calculated monthly planning series from scenario drivers; not actual project performance.
6,Garden Haven,Single-Family Residential Development,Historical Planning — Garden Haven Base,base,schedule,SCH-CUM-32,cumulative_deployment_bps,cumulative deployment bps — month 32,10000,percentage_bps,estimated,"pasted_content_20.txt, CE Development Portfolio Financial Baseline, user-supplied 2026-08-21",,jchappell2120,32,32,lease_up_stabilization,yes,Estimated/user-supplied historical planning figure; component scope is not recovered. | Calculated monthly planning series from scenario drivers; not actual project performance.
6,Garden Haven,Single-Family Residential Development,Historical Planning — Garden Haven Base,base,schedule,SCH-OCC-32,occupancy_bps,occupancy bps — month 32,8857,percentage_bps,estimated,"pasted_content_20.txt, CE Development Portfolio Financial Baseline, user-supplied 2026-08-21",,jchappell2120,32,32,lease_up_stabilization,yes,Estimated/user-supplied historical planning figure; component scope is not recovered. | Calculated monthly planning series from scenario drivers; not actual project performance.
6,Garden Haven,Single-Family Residential Development,Historical Planning — Garden Haven Base,base,revenue,SCH-REV-32,monthly_effective_revenue,monthly effective revenue — month 32,553563,usd,estimated,"pasted_content_20.txt, CE Development Portfolio Financial Baseline, user-supplied 2026-08-21",,jchappell2120,32,32,lease_up_stabilization,yes,Estimated/user-supplied historical planning figure; component scope is not recovered. | Calculated monthly planning series from scenario drivers; not actual project performance.
6,Garden Haven,Single-Family Residential Development,Historical Planning — Garden Haven Base,base,operations,SCH-OPEX-32,monthly_operating_expense,monthly operating expense — month 32,0,usd,estimated,"pasted_content_20.txt, CE Development Portfolio Financial Baseline, user-supplied 2026-08-21",,jchappell2120,32,32,lease_up_stabilization,yes,Estimated/user-supplied historical planning figure; component scope is not recovered. | Calculated monthly planning series from scenario drivers; not actual project performance.
6,Garden Haven,Single-Family Residential Development,Historical Planning — Garden Haven Base,base,financing,SCH-DRAW-32,monthly_debt_draw,monthly debt draw — month 32,0,usd,estimated,"pasted_content_20.txt, CE Development Portfolio Financial Baseline, user-supplied 2026-08-21",,jchappell2120,32,32,lease_up_stabilization,yes,Estimated/user-supplied historical planning figure; component scope is not recovered. | Calculated monthly planning series from scenario drivers; not actual project performance.
6,Garden Haven,Single-Family Residential Development,Historical Planning — Garden Haven Base,base,financing,SCH-INT-32,monthly_interest,monthly interest — month 32,46719,usd,estimated,"pasted_content_20.txt, CE Development Portfolio Financial Baseline, user-supplied 2026-08-21",,jchappell2120,32,32,lease_up_stabilization,yes,Estimated/user-supplied historical planning figure; component scope is not recovered. | Calculated monthly planning series from scenario drivers; not actual project performance.
6,Garden Haven,Single-Family Residential Development,Historical Planning — Garden Haven Base,base,cash_flow,SCH-CF-32,monthly_levered_cash_flow,monthly levered cash flow — month 32,506844,usd,estimated,"pasted_content_20.txt, CE Development Portfolio Financial Baseline, user-supplied 2026-08-21",,jchappell2120,32,32,lease_up_stabilization,yes,Estimated/user-supplied historical planning figure; component scope is not recovered. | Calculated monthly planning series from scenario drivers; not actual project performance.
6,Garden Haven,Single-Family Residential Development,Historical Planning — Garden Haven Base,base,capital_deployment,SCH-COST-33,monthly_development_spend,monthly development spend — month 33,0,usd,estimated,"pasted_content_20.txt, CE Development Portfolio Financial Baseline, user-supplied 2026-08-21",,jchappell2120,33,33,lease_up_stabilization,yes,Estimated/user-supplied historical planning figure; component scope is not recovered. | Calculated monthly planning series from scenario drivers; not actual project performance.
6,Garden Haven,Single-Family Residential Development,Historical Planning — Garden Haven Base,base,schedule,SCH-CUM-33,cumulative_deployment_bps,cumulative deployment bps — month 33,10000,percentage_bps,estimated,"pasted_content_20.txt, CE Development Portfolio Financial Baseline, user-supplied 2026-08-21",,jchappell2120,33,33,lease_up_stabilization,yes,Estimated/user-supplied historical planning figure; component scope is not recovered. | Calculated monthly planning series from scenario drivers; not actual project performance.
6,Garden Haven,Single-Family Residential Development,Historical Planning — Garden Haven Base,base,schedule,SCH-OCC-33,occupancy_bps,occupancy bps — month 33,9143,percentage_bps,estimated,"pasted_content_20.txt, CE Development Portfolio Financial Baseline, user-supplied 2026-08-21",,jchappell2120,33,33,lease_up_stabilization,yes,Estimated/user-supplied historical planning figure; component scope is not recovered. | Calculated monthly planning series from scenario drivers; not actual project performance.
6,Garden Haven,Single-Family Residential Development,Historical Planning — Garden Haven Base,base,revenue,SCH-REV-33,monthly_effective_revenue,monthly effective revenue — month 33,571438,usd,estimated,"pasted_content_20.txt, CE Development Portfolio Financial Baseline, user-supplied 2026-08-21",,jchappell2120,33,33,lease_up_stabilization,yes,Estimated/user-supplied historical planning figure; component scope is not recovered. | Calculated monthly planning series from scenario drivers; not actual project performance.
6,Garden Haven,Single-Family Residential Development,Historical Planning — Garden Haven Base,base,operations,SCH-OPEX-33,monthly_operating_expense,monthly operating expense — month 33,0,usd,estimated,"pasted_content_20.txt, CE Development Portfolio Financial Baseline, user-supplied 2026-08-21",,jchappell2120,33,33,lease_up_stabilization,yes,Estimated/user-supplied historical planning figure; component scope is not recovered. | Calculated monthly planning series from scenario drivers; not actual project performance.
6,Garden Haven,Single-Family Residential Development,Historical Planning — Garden Haven Base,base,financing,SCH-DRAW-33,monthly_debt_draw,monthly debt draw — month 33,0,usd,estimated,"pasted_content_20.txt, CE Development Portfolio Financial Baseline, user-supplied 2026-08-21",,jchappell2120,33,33,lease_up_stabilization,yes,Estimated/user-supplied historical planning figure; component scope is not recovered. | Calculated monthly planning series from scenario drivers; not actual project performance.
6,Garden Haven,Single-Family Residential Development,Historical Planning — Garden Haven Base,base,financing,SCH-INT-33,monthly_interest,monthly interest — month 33,46719,usd,estimated,"pasted_content_20.txt, CE Development Portfolio Financial Baseline, user-supplied 2026-08-21",,jchappell2120,33,33,lease_up_stabilization,yes,Estimated/user-supplied historical planning figure; component scope is not recovered. | Calculated monthly planning series from scenario drivers; not actual project performance.
6,Garden Haven,Single-Family Residential Development,Historical Planning — Garden Haven Base,base,cash_flow,SCH-CF-33,monthly_levered_cash_flow,monthly levered cash flow — month 33,524719,usd,estimated,"pasted_content_20.txt, CE Development Portfolio Financial Baseline, user-supplied 2026-08-21",,jchappell2120,33,33,lease_up_stabilization,yes,Estimated/user-supplied historical planning figure; component scope is not recovered. | Calculated monthly planning series from scenario drivers; not actual project performance.
6,Garden Haven,Single-Family Residential Development,Historical Planning — Garden Haven Base,base,capital_deployment,SCH-COST-34,monthly_development_spend,monthly development spend — month 34,0,usd,estimated,"pasted_content_20.txt, CE Development Portfolio Financial Baseline, user-supplied 2026-08-21",,jchappell2120,34,34,lease_up_stabilization,yes,Estimated/user-supplied historical planning figure; component scope is not recovered. | Calculated monthly planning series from scenario drivers; not actual project performance.
6,Garden Haven,Single-Family Residential Development,Historical Planning — Garden Haven Base,base,schedule,SCH-CUM-34,cumulative_deployment_bps,cumulative deployment bps — month 34,10000,percentage_bps,estimated,"pasted_content_20.txt, CE Development Portfolio Financial Baseline, user-supplied 2026-08-21",,jchappell2120,34,34,lease_up_stabilization,yes,Estimated/user-supplied historical planning figure; component scope is not recovered. | Calculated monthly planning series from scenario drivers; not actual project performance.
6,Garden Haven,Single-Family Residential Development,Historical Planning — Garden Haven Base,base,schedule,SCH-OCC-34,occupancy_bps,occupancy bps — month 34,9429,percentage_bps,estimated,"pasted_content_20.txt, CE Development Portfolio Financial Baseline, user-supplied 2026-08-21",,jchappell2120,34,34,lease_up_stabilization,yes,Estimated/user-supplied historical planning figure; component scope is not recovered. | Calculated monthly planning series from scenario drivers; not actual project performance.
6,Garden Haven,Single-Family Residential Development,Historical Planning — Garden Haven Base,base,revenue,SCH-REV-34,monthly_effective_revenue,monthly effective revenue — month 34,589313,usd,estimated,"pasted_content_20.txt, CE Development Portfolio Financial Baseline, user-supplied 2026-08-21",,jchappell2120,34,34,lease_up_stabilization,yes,Estimated/user-supplied historical planning figure; component scope is not recovered. | Calculated monthly planning series from scenario drivers; not actual project performance.
6,Garden Haven,Single-Family Residential Development,Historical Planning — Garden Haven Base,base,operations,SCH-OPEX-34,monthly_operating_expense,monthly operating expense — month 34,0,usd,estimated,"pasted_content_20.txt, CE Development Portfolio Financial Baseline, user-supplied 2026-08-21",,jchappell2120,34,34,lease_up_stabilization,yes,Estimated/user-supplied historical planning figure; component scope is not recovered. | Calculated monthly planning series from scenario drivers; not actual project performance.
6,Garden Haven,Single-Family Residential Development,Historical Planning — Garden Haven Base,base,financing,SCH-DRAW-34,monthly_debt_draw,monthly debt draw — month 34,0,usd,estimated,"pasted_content_20.txt, CE Development Portfolio Financial Baseline, user-supplied 2026-08-21",,jchappell2120,34,34,lease_up_stabilization,yes,Estimated/user-supplied historical planning figure; component scope is not recovered. | Calculated monthly planning series from scenario drivers; not actual project performance.
6,Garden Haven,Single-Family Residential Development,Historical Planning — Garden Haven Base,base,financing,SCH-INT-34,monthly_interest,monthly interest — month 34,46719,usd,estimated,"pasted_content_20.txt, CE Development Portfolio Financial Baseline, user-supplied 2026-08-21",,jchappell2120,34,34,lease_up_stabilization,yes,Estimated/user-supplied historical planning figure; component scope is not recovered. | Calculated monthly planning series from scenario drivers; not actual project performance.
6,Garden Haven,Single-Family Residential Development,Historical Planning — Garden Haven Base,base,cash_flow,SCH-CF-34,monthly_levered_cash_flow,monthly levered cash flow — month 34,542594,usd,estimated,"pasted_content_20.txt, CE Development Portfolio Financial Baseline, user-supplied 2026-08-21",,jchappell2120,34,34,lease_up_stabilization,yes,Estimated/user-supplied historical planning figure; component scope is not recovered. | Calculated monthly planning series from scenario drivers; not actual project performance.
6,Garden Haven,Single-Family Residential Development,Historical Planning — Garden Haven Base,base,capital_deployment,SCH-COST-35,monthly_development_spend,monthly development spend — month 35,0,usd,estimated,"pasted_content_20.txt, CE Development Portfolio Financial Baseline, user-supplied 2026-08-21",,jchappell2120,35,35,lease_up_stabilization,yes,Estimated/user-supplied historical planning figure; component scope is not recovered. | Calculated monthly planning series from scenario drivers; not actual project performance.
6,Garden Haven,Single-Family Residential Development,Historical Planning — Garden Haven Base,base,schedule,SCH-CUM-35,cumulative_deployment_bps,cumulative deployment bps — month 35,10000,percentage_bps,estimated,"pasted_content_20.txt, CE Development Portfolio Financial Baseline, user-supplied 2026-08-21",,jchappell2120,35,35,lease_up_stabilization,yes,Estimated/user-supplied historical planning figure; component scope is not recovered. | Calculated monthly planning series from scenario drivers; not actual project performance.
6,Garden Haven,Single-Family Residential Development,Historical Planning — Garden Haven Base,base,schedule,SCH-OCC-35,occupancy_bps,occupancy bps — month 35,9714,percentage_bps,estimated,"pasted_content_20.txt, CE Development Portfolio Financial Baseline, user-supplied 2026-08-21",,jchappell2120,35,35,lease_up_stabilization,yes,Estimated/user-supplied historical planning figure; component scope is not recovered. | Calculated monthly planning series from scenario drivers; not actual project performance.
6,Garden Haven,Single-Family Residential Development,Historical Planning — Garden Haven Base,base,revenue,SCH-REV-35,monthly_effective_revenue,monthly effective revenue — month 35,607125,usd,estimated,"pasted_content_20.txt, CE Development Portfolio Financial Baseline, user-supplied 2026-08-21",,jchappell2120,35,35,lease_up_stabilization,yes,Estimated/user-supplied historical planning figure; component scope is not recovered. | Calculated monthly planning series from scenario drivers; not actual project performance.
6,Garden Haven,Single-Family Residential Development,Historical Planning — Garden Haven Base,base,operations,SCH-OPEX-35,monthly_operating_expense,monthly operating expense — month 35,0,usd,estimated,"pasted_content_20.txt, CE Development Portfolio Financial Baseline, user-supplied 2026-08-21",,jchappell2120,35,35,lease_up_stabilization,yes,Estimated/user-supplied historical planning figure; component scope is not recovered. | Calculated monthly planning series from scenario drivers; not actual project performance.
6,Garden Haven,Single-Family Residential Development,Historical Planning — Garden Haven Base,base,financing,SCH-DRAW-35,monthly_debt_draw,monthly debt draw — month 35,0,usd,estimated,"pasted_content_20.txt, CE Development Portfolio Financial Baseline, user-supplied 2026-08-21",,jchappell2120,35,35,lease_up_stabilization,yes,Estimated/user-supplied historical planning figure; component scope is not recovered. | Calculated monthly planning series from scenario drivers; not actual project performance.
6,Garden Haven,Single-Family Residential Development,Historical Planning — Garden Haven Base,base,financing,SCH-INT-35,monthly_interest,monthly interest — month 35,46719,usd,estimated,"pasted_content_20.txt, CE Development Portfolio Financial Baseline, user-supplied 2026-08-21",,jchappell2120,35,35,lease_up_stabilization,yes,Estimated/user-supplied historical planning figure; component scope is not recovered. | Calculated monthly planning series from scenario drivers; not actual project performance.
6,Garden Haven,Single-Family Residential Development,Historical Planning — Garden Haven Base,base,cash_flow,SCH-CF-35,monthly_levered_cash_flow,monthly levered cash flow — month 35,560406,usd,estimated,"pasted_content_20.txt, CE Development Portfolio Financial Baseline, user-supplied 2026-08-21",,jchappell2120,35,35,lease_up_stabilization,yes,Estimated/user-supplied historical planning figure; component scope is not recovered. | Calculated monthly planning series from scenario drivers; not actual project performance.
6,Garden Haven,Single-Family Residential Development,Historical Planning — Garden Haven Base,base,capital_deployment,SCH-COST-36,monthly_development_spend,monthly development spend — month 36,0,usd,estimated,"pasted_content_20.txt, CE Development Portfolio Financial Baseline, user-supplied 2026-08-21",,jchappell2120,36,36,lease_up_stabilization,yes,Estimated/user-supplied historical planning figure; component scope is not recovered. | Calculated monthly planning series from scenario drivers; not actual project performance.
6,Garden Haven,Single-Family Residential Development,Historical Planning — Garden Haven Base,base,schedule,SCH-CUM-36,cumulative_deployment_bps,cumulative deployment bps — month 36,10000,percentage_bps,estimated,"pasted_content_20.txt, CE Development Portfolio Financial Baseline, user-supplied 2026-08-21",,jchappell2120,36,36,lease_up_stabilization,yes,Estimated/user-supplied historical planning figure; component scope is not recovered. | Calculated monthly planning series from scenario drivers; not actual project performance.
6,Garden Haven,Single-Family Residential Development,Historical Planning — Garden Haven Base,base,schedule,SCH-OCC-36,occupancy_bps,occupancy bps — month 36,10000,percentage_bps,estimated,"pasted_content_20.txt, CE Development Portfolio Financial Baseline, user-supplied 2026-08-21",,jchappell2120,36,36,lease_up_stabilization,yes,Estimated/user-supplied historical planning figure; component scope is not recovered. | Calculated monthly planning series from scenario drivers; not actual project performance.
6,Garden Haven,Single-Family Residential Development,Historical Planning — Garden Haven Base,base,revenue,SCH-REV-36,monthly_effective_revenue,monthly effective revenue — month 36,625000,usd,estimated,"pasted_content_20.txt, CE Development Portfolio Financial Baseline, user-supplied 2026-08-21",,jchappell2120,36,36,lease_up_stabilization,yes,Estimated/user-supplied historical planning figure; component scope is not recovered. | Calculated monthly planning series from scenario drivers; not actual project performance.
6,Garden Haven,Single-Family Residential Development,Historical Planning — Garden Haven Base,base,operations,SCH-OPEX-36,monthly_operating_expense,monthly operating expense — month 36,0,usd,estimated,"pasted_content_20.txt, CE Development Portfolio Financial Baseline, user-supplied 2026-08-21",,jchappell2120,36,36,lease_up_stabilization,yes,Estimated/user-supplied historical planning figure; component scope is not recovered. | Calculated monthly planning series from scenario drivers; not actual project performance.
6,Garden Haven,Single-Family Residential Development,Historical Planning — Garden Haven Base,base,financing,SCH-DRAW-36,monthly_debt_draw,monthly debt draw — month 36,0,usd,estimated,"pasted_content_20.txt, CE Development Portfolio Financial Baseline, user-supplied 2026-08-21",,jchappell2120,36,36,lease_up_stabilization,yes,Estimated/user-supplied historical planning figure; component scope is not recovered. | Calculated monthly planning series from scenario drivers; not actual project performance.
6,Garden Haven,Single-Family Residential Development,Historical Planning — Garden Haven Base,base,financing,SCH-INT-36,monthly_interest,monthly interest — month 36,46719,usd,estimated,"pasted_content_20.txt, CE Development Portfolio Financial Baseline, user-supplied 2026-08-21",,jchappell2120,36,36,lease_up_stabilization,yes,Estimated/user-supplied historical planning figure; component scope is not recovered. | Calculated monthly planning series from scenario drivers; not actual project performance.
6,Garden Haven,Single-Family Residential Development,Historical Planning — Garden Haven Base,base,cash_flow,SCH-CF-36,monthly_levered_cash_flow,monthly levered cash flow — month 36,578281,usd,estimated,"pasted_content_20.txt, CE Development Portfolio Financial Baseline, user-supplied 2026-08-21",,jchappell2120,36,36,lease_up_stabilization,yes,Estimated/user-supplied historical planning figure; component scope is not recovered. | Calculated monthly planning series from scenario drivers; not actual project performance.
6,Garden Haven,Single-Family Residential Development,Preliminary Planning — High,upside,project_identity,IDENT-001,project_stage,project stage,development,other,estimated,"pasted_content_20.txt, CE Development Portfolio Financial Baseline, user-supplied 2026-08-21",,jchappell2120,,,,yes,Inferred preliminary planning assumption anchored to the $11.5M historical planning figure.
6,Garden Haven,Single-Family Residential Development,Preliminary Planning — High,upside,project_identity,IDENT-002,program_units,program units,100,units,estimated,"pasted_content_20.txt, CE Development Portfolio Financial Baseline, user-supplied 2026-08-21",,jchappell2120,,,,yes,Inferred preliminary planning assumption anchored to the $11.5M historical planning figure.
6,Garden Haven,Single-Family Residential Development,Preliminary Planning — High,upside,project_identity,IDENT-003,program_buildings,program buildings,100,units,estimated,"pasted_content_20.txt, CE Development Portfolio Financial Baseline, user-supplied 2026-08-21",,jchappell2120,,,,yes,Inferred preliminary planning assumption anchored to the $11.5M historical planning figure.
6,Garden Haven,Single-Family Residential Development,Preliminary Planning — High,upside,project_identity,IDENT-004,program_residential_sf,program residential sf,190000,sf,estimated,"pasted_content_20.txt, CE Development Portfolio Financial Baseline, user-supplied 2026-08-21",,jchappell2120,,,,yes,Inferred preliminary planning assumption anchored to the $11.5M historical planning figure.
6,Garden Haven,Single-Family Residential Development,Preliminary Planning — High,upside,project_identity,IDENT-005,program_gross_sf,program gross sf,210000,sf,estimated,"pasted_content_20.txt, CE Development Portfolio Financial Baseline, user-supplied 2026-08-21",,jchappell2120,,,,yes,Inferred preliminary planning assumption anchored to the $11.5M historical planning figure.
6,Garden Haven,Single-Family Residential Development,Preliminary Planning — High,upside,scenario_driver,DRV-001,development_cost,development cost,10400000,usd,estimated,"pasted_content_20.txt, CE Development Portfolio Financial Baseline, user-supplied 2026-08-21",,jchappell2120,,,,yes,Inferred preliminary planning assumption anchored to the $11.5M historical planning figure.
6,Garden Haven,Single-Family Residential Development,Preliminary Planning — High,upside,scenario_driver,DRV-002,development_cost_per_unit,development cost per unit,104000,usd_per_unit,estimated,"pasted_content_20.txt, CE Development Portfolio Financial Baseline, user-supplied 2026-08-21",,jchappell2120,,,,yes,Inferred preliminary planning assumption anchored to the $11.5M historical planning figure.
6,Garden Haven,Single-Family Residential Development,Preliminary Planning — High,upside,scenario_driver,DRV-003,development_cost_per_gross_sf,development cost per gross sf,50,usd_per_sf,estimated,"pasted_content_20.txt, CE Development Portfolio Financial Baseline, user-supplied 2026-08-21",,jchappell2120,,,,yes,Inferred preliminary planning assumption anchored to the $11.5M historical planning figure.
6,Garden Haven,Single-Family Residential Development,Preliminary Planning — High,upside,scenario_driver,DRV-004,stabilized_occupancy_bps,stabilized occupancy bps,10000,percentage_bps,estimated,"pasted_content_20.txt, CE Development Portfolio Financial Baseline, user-supplied 2026-08-21",,jchappell2120,,,,yes,Inferred preliminary planning assumption anchored to the $11.5M historical planning figure.
6,Garden Haven,Single-Family Residential Development,Preliminary Planning — High,upside,scenario_driver,DRV-005,operating_expense_ratio_bps,operating expense ratio bps,0,percentage_bps,estimated,"pasted_content_20.txt, CE Development Portfolio Financial Baseline, user-supplied 2026-08-21",,jchappell2120,,,,yes,Inferred preliminary planning assumption anchored to the $11.5M historical planning figure.
6,Garden Haven,Single-Family Residential Development,Preliminary Planning — High,upside,scenario_driver,DRV-006,construction_debt_commitment,construction debt commitment,6760000,usd,estimated,"pasted_content_20.txt, CE Development Portfolio Financial Baseline, user-supplied 2026-08-21",,jchappell2120,,,,yes,Inferred preliminary planning assumption anchored to the $11.5M historical planning figure.
6,Garden Haven,Single-Family Residential Development,Preliminary Planning — High,upside,scenario_driver,DRV-007,construction_interest_rate_bps,construction interest rate bps,700,percentage_bps,estimated,"pasted_content_20.txt, CE Development Portfolio Financial Baseline, user-supplied 2026-08-21",,jchappell2120,,,,yes,Inferred preliminary planning assumption anchored to the $11.5M historical planning figure.
6,Garden Haven,Single-Family Residential Development,Preliminary Planning — High,upside,scenario_driver,DRV-008,construction_interest_only_months,construction interest only months,24,months,estimated,"pasted_content_20.txt, CE Development Portfolio Financial Baseline, user-supplied 2026-08-21",,jchappell2120,,,,yes,Inferred preliminary planning assumption anchored to the $11.5M historical planning figure.
6,Garden Haven,Single-Family Residential Development,Preliminary Planning — High,upside,scenario_driver,DRV-009,amortization_months,amortization months,360,months,estimated,"pasted_content_20.txt, CE Development Portfolio Financial Baseline, user-supplied 2026-08-21",,jchappell2120,,,,yes,Inferred preliminary planning assumption anchored to the $11.5M historical planning figure.
6,Garden Haven,Single-Family Residential Development,Preliminary Planning — High,upside,scenario_driver,DRV-010,financing_fee_bps,financing fee bps,100,percentage_bps,estimated,"pasted_content_20.txt, CE Development Portfolio Financial Baseline, user-supplied 2026-08-21",,jchappell2120,,,,yes,Inferred preliminary planning assumption anchored to the $11.5M historical planning figure.
6,Garden Haven,Single-Family Residential Development,Preliminary Planning — High,upside,scenario_driver,DRV-011,exit_cap_rate_bps,exit cap rate bps,0,percentage_bps,estimated,"pasted_content_20.txt, CE Development Portfolio Financial Baseline, user-supplied 2026-08-21",,jchappell2120,,,,yes,Inferred preliminary planning assumption anchored to the $11.5M historical planning figure.
6,Garden Haven,Single-Family Residential Development,Preliminary Planning — High,upside,scenario_driver,DRV-012,sale_cost_bps,sale cost bps,0,percentage_bps,estimated,"pasted_content_20.txt, CE Development Portfolio Financial Baseline, user-supplied 2026-08-21",,jchappell2120,,,,yes,Inferred preliminary planning assumption anchored to the $11.5M historical planning figure.
6,Garden Haven,Single-Family Residential Development,Preliminary Planning — High,upside,sales_program,SALE-001,home_count,home count,100,units,estimated,"pasted_content_20.txt, CE Development Portfolio Financial Baseline, user-supplied 2026-08-21",,jchappell2120,,,,yes,Inferred preliminary planning assumption anchored to the $11.5M historical planning figure.
6,Garden Haven,Single-Family Residential Development,Preliminary Planning — High,upside,sales_program,SALE-002,average_selling_price,average selling price,240000,usd_per_unit,estimated,"pasted_content_20.txt, CE Development Portfolio Financial Baseline, user-supplied 2026-08-21",,jchappell2120,,,,yes,Inferred preliminary planning assumption anchored to the $11.5M historical planning figure.
6,Garden Haven,Single-Family Residential Development,Preliminary Planning — High,upside,sales_program,SALE-003,gross_sales_revenue,gross sales revenue,24000000,usd,estimated,"pasted_content_20.txt, CE Development Portfolio Financial Baseline, user-supplied 2026-08-21",,jchappell2120,,,,yes,Inferred preliminary planning assumption anchored to the $11.5M historical planning figure.
6,Garden Haven,Single-Family Residential Development,Preliminary Planning — High,upside,sales_program,SALE-004,project_result,project result,13600000,usd,estimated,"pasted_content_20.txt, CE Development Portfolio Financial Baseline, user-supplied 2026-08-21",,jchappell2120,,,,yes,Inferred preliminary planning assumption anchored to the $11.5M historical planning figure.
6,Garden Haven,Single-Family Residential Development,Preliminary Planning — High,upside,budget_summary,BUD-001,extended_cost,Historical planning reference,11500000,usd,estimated,"pasted_content_20.txt, CE Development Portfolio Financial Baseline, user-supplied 2026-08-21",,jchappell2120,,,,yes,Inferred preliminary planning assumption anchored to the $11.5M historical planning figure.
6,Garden Haven,Single-Family Residential Development,Preliminary Planning — High,upside,wbs_budget,WBS-001,extended_cost,Residential subdivision / home delivery — Land acquisition consideration,884000,usd,estimated,"pasted_content_20.txt, CE Development Portfolio Financial Baseline, user-supplied 2026-08-21",,jchappell2120,,,predevelopment,yes,Inferred preliminary planning assumption anchored to the $11.5M historical planning figure. | Standardized WBS category: land_acquisition; applicability: Project-wide.
6,Garden Haven,Single-Family Residential Development,Preliminary Planning — High,upside,wbs_budget,WBS-002,extended_cost,Residential subdivision / home delivery — Acquisition due diligence,39000,usd,estimated,"pasted_content_20.txt, CE Development Portfolio Financial Baseline, user-supplied 2026-08-21",,jchappell2120,,,predevelopment,yes,Inferred preliminary planning assumption anchored to the $11.5M historical planning figure. | Standardized WBS category: land_acquisition; applicability: Project-wide.
6,Garden Haven,Single-Family Residential Development,Preliminary Planning — High,upside,wbs_budget,WBS-003,extended_cost,Residential subdivision / home delivery — Title and escrow,13000,usd,estimated,"pasted_content_20.txt, CE Development Portfolio Financial Baseline, user-supplied 2026-08-21",,jchappell2120,,,predevelopment,yes,Inferred preliminary planning assumption anchored to the $11.5M historical planning figure. | Standardized WBS category: land_acquisition; applicability: Project-wide.
6,Garden Haven,Single-Family Residential Development,Preliminary Planning — High,upside,wbs_budget,WBS-004,extended_cost,Residential subdivision / home delivery — Acquisition legal,13000,usd,estimated,"pasted_content_20.txt, CE Development Portfolio Financial Baseline, user-supplied 2026-08-21",,jchappell2120,,,predevelopment,yes,Inferred preliminary planning assumption anchored to the $11.5M historical planning figure. | Standardized WBS category: land_acquisition; applicability: Project-wide.
6,Garden Haven,Single-Family Residential Development,Preliminary Planning — High,upside,wbs_budget,WBS-005,extended_cost,Residential subdivision / home delivery — Environmental review,13000,usd,estimated,"pasted_content_20.txt, CE Development Portfolio Financial Baseline, user-supplied 2026-08-21",,jchappell2120,,,predevelopment,yes,Inferred preliminary planning assumption anchored to the $11.5M historical planning figure. | Standardized WBS category: land_acquisition; applicability: Project-wide.
6,Garden Haven,Single-Family Residential Development,Preliminary Planning — High,upside,wbs_budget,WBS-006,extended_cost,Residential subdivision / home delivery — Boundary and topographic survey,13000,usd,estimated,"pasted_content_20.txt, CE Development Portfolio Financial Baseline, user-supplied 2026-08-21",,jchappell2120,,,predevelopment,yes,Inferred preliminary planning assumption anchored to the $11.5M historical planning figure. | Standardized WBS category: land_acquisition; applicability: Project-wide.
6,Garden Haven,Single-Family Residential Development,Preliminary Planning — High,upside,wbs_budget,WBS-007,extended_cost,Residential subdivision / home delivery — Geotechnical investigation,19500,usd,estimated,"pasted_content_20.txt, CE Development Portfolio Financial Baseline, user-supplied 2026-08-21",,jchappell2120,,,predevelopment,yes,Inferred preliminary planning assumption anchored to the $11.5M historical planning figure. | Standardized WBS category: land_acquisition; applicability: Project-wide.
6,Garden Haven,Single-Family Residential Development,Preliminary Planning — High,upside,wbs_budget,WBS-008,extended_cost,Residential subdivision / home delivery — Acquisition brokerage,13000,usd,estimated,"pasted_content_20.txt, CE Development Portfolio Financial Baseline, user-supplied 2026-08-21",,jchappell2120,,,predevelopment,yes,Inferred preliminary planning assumption anchored to the $11.5M historical planning figure. | Standardized WBS category: land_acquisition; applicability: Project-wide.
6,Garden Haven,Single-Family Residential Development,Preliminary Planning — High,upside,wbs_budget,WBS-009,extended_cost,Residential subdivision / home delivery — Demolition and clearing allowance,13000,usd,estimated,"pasted_content_20.txt, CE Development Portfolio Financial Baseline, user-supplied 2026-08-21",,jchappell2120,,,predevelopment,yes,Inferred preliminary planning assumption anchored to the $11.5M historical planning figure. | Standardized WBS category: land_acquisition; applicability: Project-wide.
6,Garden Haven,Single-Family Residential Development,Preliminary Planning — High,upside,wbs_budget,WBS-010,extended_cost,Residential subdivision / home delivery — Land closing reserve,19500,usd,estimated,"pasted_content_20.txt, CE Development Portfolio Financial Baseline, user-supplied 2026-08-21",,jchappell2120,,,predevelopment,yes,Inferred preliminary planning assumption anchored to the $11.5M historical planning figure. | Standardized WBS category: land_acquisition; applicability: Project-wide.
6,Garden Haven,Single-Family Residential Development,Preliminary Planning — High,upside,wbs_budget,WBS-011,extended_cost,Residential subdivision / home delivery — Mass grading,182000,usd,estimated,"pasted_content_20.txt, CE Development Portfolio Financial Baseline, user-supplied 2026-08-21",,jchappell2120,,,construction,yes,Inferred preliminary planning assumption anchored to the $11.5M historical planning figure. | Standardized WBS category: site_development; applicability: Project-wide.
6,Garden Haven,Single-Family Residential Development,Preliminary Planning — High,upside,wbs_budget,WBS-012,extended_cost,Residential subdivision / home delivery — Utility extension,130000,usd,estimated,"pasted_content_20.txt, CE Development Portfolio Financial Baseline, user-supplied 2026-08-21",,jchappell2120,,,construction,yes,Inferred preliminary planning assumption anchored to the $11.5M historical planning figure. | Standardized WBS category: site_development; applicability: Project-wide.
6,Garden Haven,Single-Family Residential Development,Preliminary Planning — High,upside,wbs_budget,WBS-013,extended_cost,Residential subdivision / home delivery — Water and sewer improvements,130000,usd,estimated,"pasted_content_20.txt, CE Development Portfolio Financial Baseline, user-supplied 2026-08-21",,jchappell2120,,,construction,yes,Inferred preliminary planning assumption anchored to the $11.5M historical planning figure. | Standardized WBS category: site_development; applicability: Project-wide.
6,Garden Haven,Single-Family Residential Development,Preliminary Planning — High,upside,wbs_budget,WBS-014,extended_cost,Residential subdivision / home delivery — Stormwater infrastructure,130000,usd,estimated,"pasted_content_20.txt, CE Development Portfolio Financial Baseline, user-supplied 2026-08-21",,jchappell2120,,,construction,yes,Inferred preliminary planning assumption anchored to the $11.5M historical planning figure. | Standardized WBS category: site_development; applicability: Project-wide.
6,Garden Haven,Single-Family Residential Development,Preliminary Planning — High,upside,wbs_budget,WBS-015,extended_cost,"Residential subdivision / home delivery — Paving, curbs, and sidewalks",117000,usd,estimated,"pasted_content_20.txt, CE Development Portfolio Financial Baseline, user-supplied 2026-08-21",,jchappell2120,,,construction,yes,Inferred preliminary planning assumption anchored to the $11.5M historical planning figure. | Standardized WBS category: site_development; applicability: Project-wide.
6,Garden Haven,Single-Family Residential Development,Preliminary Planning — High,upside,wbs_budget,WBS-016,extended_cost,Residential subdivision / home delivery — Landscape and irrigation,65000,usd,estimated,"pasted_content_20.txt, CE Development Portfolio Financial Baseline, user-supplied 2026-08-21",,jchappell2120,,,construction,yes,Inferred preliminary planning assumption anchored to the $11.5M historical planning figure. | Standardized WBS category: site_development; applicability: Project-wide.
6,Garden Haven,Single-Family Residential Development,Preliminary Planning — High,upside,wbs_budget,WBS-017,extended_cost,Residential subdivision / home delivery — Detention and retention,78000,usd,estimated,"pasted_content_20.txt, CE Development Portfolio Financial Baseline, user-supplied 2026-08-21",,jchappell2120,,,construction,yes,Inferred preliminary planning assumption anchored to the $11.5M historical planning figure. | Standardized WBS category: site_development; applicability: Project-wide.
6,Garden Haven,Single-Family Residential Development,Preliminary Planning — High,upside,wbs_budget,WBS-018,extended_cost,Residential subdivision / home delivery — Earthwork and import/export,78000,usd,estimated,"pasted_content_20.txt, CE Development Portfolio Financial Baseline, user-supplied 2026-08-21",,jchappell2120,,,construction,yes,Inferred preliminary planning assumption anchored to the $11.5M historical planning figure. | Standardized WBS category: site_development; applicability: Project-wide.
6,Garden Haven,Single-Family Residential Development,Preliminary Planning — High,upside,wbs_budget,WBS-019,extended_cost,Residential subdivision / home delivery — Temporary utilities,52000,usd,estimated,"pasted_content_20.txt, CE Development Portfolio Financial Baseline, user-supplied 2026-08-21",,jchappell2120,,,construction,yes,Inferred preliminary planning assumption anchored to the $11.5M historical planning figure. | Standardized WBS category: site_development; applicability: Project-wide.
6,Garden Haven,Single-Family Residential Development,Preliminary Planning — High,upside,wbs_budget,WBS-020,extended_cost,Residential subdivision / home delivery — Site development reserve,78000,usd,estimated,"pasted_content_20.txt, CE Development Portfolio Financial Baseline, user-supplied 2026-08-21",,jchappell2120,,,construction,yes,Inferred preliminary planning assumption anchored to the $11.5M historical planning figure. | Standardized WBS category: site_development; applicability: Project-wide.
6,Garden Haven,Single-Family Residential Development,Preliminary Planning — High,upside,wbs_budget,WBS-021,extended_cost,Residential subdivision / home delivery — LGS primary structure,312000,usd,estimated,"pasted_content_20.txt, CE Development Portfolio Financial Baseline, user-supplied 2026-08-21",,jchappell2120,,,construction,yes,Inferred preliminary planning assumption anchored to the $11.5M historical planning figure. | Standardized WBS category: building_modular; applicability: All five buildings.
6,Garden Haven,Single-Family Residential Development,Preliminary Planning — High,upside,wbs_budget,WBS-022,extended_cost,Residential subdivision / home delivery — LGS secondary framing,208000,usd,estimated,"pasted_content_20.txt, CE Development Portfolio Financial Baseline, user-supplied 2026-08-21",,jchappell2120,,,construction,yes,Inferred preliminary planning assumption anchored to the $11.5M historical planning figure. | Standardized WBS category: building_modular; applicability: All five buildings.
6,Garden Haven,Single-Family Residential Development,Preliminary Planning — High,upside,wbs_budget,WBS-023,extended_cost,Residential subdivision / home delivery — Structural connectors and fasteners,182000,usd,estimated,"pasted_content_20.txt, CE Development Portfolio Financial Baseline, user-supplied 2026-08-21",,jchappell2120,,,construction,yes,Inferred preliminary planning assumption anchored to the $11.5M historical planning figure. | Standardized WBS category: building_modular; applicability: All five buildings.
6,Garden Haven,Single-Family Residential Development,Preliminary Planning — High,upside,wbs_budget,WBS-024,extended_cost,Residential subdivision / home delivery — Structural engineering coordination,130000,usd,estimated,"pasted_content_20.txt, CE Development Portfolio Financial Baseline, user-supplied 2026-08-21",,jchappell2120,,,construction,yes,Inferred preliminary planning assumption anchored to the $11.5M historical planning figure. | Standardized WBS category: building_modular; applicability: All five buildings.
6,Garden Haven,Single-Family Residential Development,Preliminary Planning — High,upside,wbs_budget,WBS-025,extended_cost,Residential subdivision / home delivery — Structural fabrication reserve,98800,usd,estimated,"pasted_content_20.txt, CE Development Portfolio Financial Baseline, user-supplied 2026-08-21",,jchappell2120,,,construction,yes,Inferred preliminary planning assumption anchored to the $11.5M historical planning figure. | Standardized WBS category: building_modular; applicability: All five buildings.
6,Garden Haven,Single-Family Residential Development,Preliminary Planning — High,upside,wbs_budget,WBS-026,extended_cost,Residential subdivision / home delivery — Exterior wall assemblies,182000,usd,estimated,"pasted_content_20.txt, CE Development Portfolio Financial Baseline, user-supplied 2026-08-21",,jchappell2120,,,construction,yes,Inferred preliminary planning assumption anchored to the $11.5M historical planning figure. | Standardized WBS category: building_modular; applicability: All five buildings.
6,Garden Haven,Single-Family Residential Development,Preliminary Planning — High,upside,wbs_budget,WBS-027,extended_cost,Residential subdivision / home delivery — Exterior cladding,130000,usd,estimated,"pasted_content_20.txt, CE Development Portfolio Financial Baseline, user-supplied 2026-08-21",,jchappell2120,,,construction,yes,Inferred preliminary planning assumption anchored to the $11.5M historical planning figure. | Standardized WBS category: building_modular; applicability: All five buildings.
6,Garden Haven,Single-Family Residential Development,Preliminary Planning — High,upside,wbs_budget,WBS-028,extended_cost,Residential subdivision / home delivery — Air and water barrier,130000,usd,estimated,"pasted_content_20.txt, CE Development Portfolio Financial Baseline, user-supplied 2026-08-21",,jchappell2120,,,construction,yes,Inferred preliminary planning assumption anchored to the $11.5M historical planning figure. | Standardized WBS category: building_modular; applicability: All five buildings.
6,Garden Haven,Single-Family Residential Development,Preliminary Planning — High,upside,wbs_budget,WBS-029,extended_cost,Residential subdivision / home delivery — Insulation systems,119600,usd,estimated,"pasted_content_20.txt, CE Development Portfolio Financial Baseline, user-supplied 2026-08-21",,jchappell2120,,,construction,yes,Inferred preliminary planning assumption anchored to the $11.5M historical planning figure. | Standardized WBS category: building_modular; applicability: All five buildings.
6,Garden Haven,Single-Family Residential Development,Preliminary Planning — High,upside,wbs_budget,WBS-030,extended_cost,Residential subdivision / home delivery — Exterior finish reserve,104000,usd,estimated,"pasted_content_20.txt, CE Development Portfolio Financial Baseline, user-supplied 2026-08-21",,jchappell2120,,,construction,yes,Inferred preliminary planning assumption anchored to the $11.5M historical planning figure. | Standardized WBS category: building_modular; applicability: All five buildings.
6,Garden Haven,Single-Family Residential Development,Preliminary Planning — High,upside,wbs_budget,WBS-031,extended_cost,Residential subdivision / home delivery — Plumbing rough-in,234000,usd,estimated,"pasted_content_20.txt, CE Development Portfolio Financial Baseline, user-supplied 2026-08-21",,jchappell2120,,,construction,yes,Inferred preliminary planning assumption anchored to the $11.5M historical planning figure. | Standardized WBS category: building_modular; applicability: All five buildings.
6,Garden Haven,Single-Family Residential Development,Preliminary Planning — High,upside,wbs_budget,WBS-032,extended_cost,Residential subdivision / home delivery — Electrical rough-in,234000,usd,estimated,"pasted_content_20.txt, CE Development Portfolio Financial Baseline, user-supplied 2026-08-21",,jchappell2120,,,construction,yes,Inferred preliminary planning assumption anchored to the $11.5M historical planning figure. | Standardized WBS category: building_modular; applicability: All five buildings.
6,Garden Haven,Single-Family Residential Development,Preliminary Planning — High,upside,wbs_budget,WBS-033,extended_cost,Residential subdivision / home delivery — HVAC equipment and distribution,234000,usd,estimated,"pasted_content_20.txt, CE Development Portfolio Financial Baseline, user-supplied 2026-08-21",,jchappell2120,,,construction,yes,Inferred preliminary planning assumption anchored to the $11.5M historical planning figure. | Standardized WBS category: building_modular; applicability: All five buildings.
6,Garden Haven,Single-Family Residential Development,Preliminary Planning — High,upside,wbs_budget,WBS-034,extended_cost,Residential subdivision / home delivery — Fire protection,143000,usd,estimated,"pasted_content_20.txt, CE Development Portfolio Financial Baseline, user-supplied 2026-08-21",,jchappell2120,,,construction,yes,Inferred preliminary planning assumption anchored to the $11.5M historical planning figure. | Standardized WBS category: building_modular; applicability: All five buildings.
6,Garden Haven,Single-Family Residential Development,Preliminary Planning — High,upside,wbs_budget,WBS-035,extended_cost,Residential subdivision / home delivery — Low-voltage and controls,91000,usd,estimated,"pasted_content_20.txt, CE Development Portfolio Financial Baseline, user-supplied 2026-08-21",,jchappell2120,,,construction,yes,Inferred preliminary planning assumption anchored to the $11.5M historical planning figure. | Standardized WBS category: building_modular; applicability: All five buildings.
6,Garden Haven,Single-Family Residential Development,Preliminary Planning — High,upside,wbs_budget,WBS-036,extended_cost,Residential subdivision / home delivery — Metering and service equipment,52000,usd,estimated,"pasted_content_20.txt, CE Development Portfolio Financial Baseline, user-supplied 2026-08-21",,jchappell2120,,,construction,yes,Inferred preliminary planning assumption anchored to the $11.5M historical planning figure. | Standardized WBS category: building_modular; applicability: All five buildings.
6,Garden Haven,Single-Family Residential Development,Preliminary Planning — High,upside,wbs_budget,WBS-037,extended_cost,Residential subdivision / home delivery — MEP design coordination,169000,usd,estimated,"pasted_content_20.txt, CE Development Portfolio Financial Baseline, user-supplied 2026-08-21",,jchappell2120,,,construction,yes,Inferred preliminary planning assumption anchored to the $11.5M historical planning figure. | Standardized WBS category: building_modular; applicability: All five buildings.
6,Garden Haven,Single-Family Residential Development,Preliminary Planning — High,upside,wbs_budget,WBS-038,extended_cost,Residential subdivision / home delivery — MEP integration reserve,174200,usd,estimated,"pasted_content_20.txt, CE Development Portfolio Financial Baseline, user-supplied 2026-08-21",,jchappell2120,,,construction,yes,Inferred preliminary planning assumption anchored to the $11.5M historical planning figure. | Standardized WBS category: building_modular; applicability: All five buildings.
6,Garden Haven,Single-Family Residential Development,Preliminary Planning — High,upside,wbs_budget,WBS-039,extended_cost,Residential subdivision / home delivery — Unit framing and partitions,182000,usd,estimated,"pasted_content_20.txt, CE Development Portfolio Financial Baseline, user-supplied 2026-08-21",,jchappell2120,,,construction,yes,Inferred preliminary planning assumption anchored to the $11.5M historical planning figure. | Standardized WBS category: building_modular; applicability: All five buildings.
6,Garden Haven,Single-Family Residential Development,Preliminary Planning — High,upside,wbs_budget,WBS-040,extended_cost,Residential subdivision / home delivery — Drywall and finish prep,182000,usd,estimated,"pasted_content_20.txt, CE Development Portfolio Financial Baseline, user-supplied 2026-08-21",,jchappell2120,,,construction,yes,Inferred preliminary planning assumption anchored to the $11.5M historical planning figure. | Standardized WBS category: building_modular; applicability: All five buildings.
6,Garden Haven,Single-Family Residential Development,Preliminary Planning — High,upside,wbs_budget,WBS-041,extended_cost,Residential subdivision / home delivery — Interior paint,104000,usd,estimated,"pasted_content_20.txt, CE Development Portfolio Financial Baseline, user-supplied 2026-08-21",,jchappell2120,,,construction,yes,Inferred preliminary planning assumption anchored to the $11.5M historical planning figure. | Standardized WBS category: building_modular; applicability: All five buildings.
6,Garden Haven,Single-Family Residential Development,Preliminary Planning — High,upside,wbs_budget,WBS-042,extended_cost,Residential subdivision / home delivery — Flooring,208000,usd,estimated,"pasted_content_20.txt, CE Development Portfolio Financial Baseline, user-supplied 2026-08-21",,jchappell2120,,,construction,yes,Inferred preliminary planning assumption anchored to the $11.5M historical planning figure. | Standardized WBS category: building_modular; applicability: All five buildings.
6,Garden Haven,Single-Family Residential Development,Preliminary Planning — High,upside,wbs_budget,WBS-043,extended_cost,Residential subdivision / home delivery — Cabinets and countertops,234000,usd,estimated,"pasted_content_20.txt, CE Development Portfolio Financial Baseline, user-supplied 2026-08-21",,jchappell2120,,,construction,yes,Inferred preliminary planning assumption anchored to the $11.5M historical planning figure. | Standardized WBS category: building_modular; applicability: All five buildings.
6,Garden Haven,Single-Family Residential Development,Preliminary Planning — High,upside,wbs_budget,WBS-044,extended_cost,Residential subdivision / home delivery — Millwork,156000,usd,estimated,"pasted_content_20.txt, CE Development Portfolio Financial Baseline, user-supplied 2026-08-21",,jchappell2120,,,construction,yes,Inferred preliminary planning assumption anchored to the $11.5M historical planning figure. | Standardized WBS category: building_modular; applicability: All five buildings.
6,Garden Haven,Single-Family Residential Development,Preliminary Planning — High,upside,wbs_budget,WBS-045,extended_cost,Residential subdivision / home delivery — Bathroom finishes,208000,usd,estimated,"pasted_content_20.txt, CE Development Portfolio Financial Baseline, user-supplied 2026-08-21",,jchappell2120,,,construction,yes,Inferred preliminary planning assumption anchored to the $11.5M historical planning figure. | Standardized WBS category: building_modular; applicability: All five buildings.
6,Garden Haven,Single-Family Residential Development,Preliminary Planning — High,upside,wbs_budget,WBS-046,extended_cost,Residential subdivision / home delivery — Interior doors and hardware,130000,usd,estimated,"pasted_content_20.txt, CE Development Portfolio Financial Baseline, user-supplied 2026-08-21",,jchappell2120,,,construction,yes,Inferred preliminary planning assumption anchored to the $11.5M historical planning figure. | Standardized WBS category: building_modular; applicability: All five buildings.
6,Garden Haven,Single-Family Residential Development,Preliminary Planning — High,upside,wbs_budget,WBS-047,extended_cost,Residential subdivision / home delivery — Roofing membrane,208000,usd,estimated,"pasted_content_20.txt, CE Development Portfolio Financial Baseline, user-supplied 2026-08-21",,jchappell2120,,,construction,yes,Inferred preliminary planning assumption anchored to the $11.5M historical planning figure. | Standardized WBS category: building_modular; applicability: All five buildings.
6,Garden Haven,Single-Family Residential Development,Preliminary Planning — High,upside,wbs_budget,WBS-048,extended_cost,Residential subdivision / home delivery — Roof insulation and accessories,124800,usd,estimated,"pasted_content_20.txt, CE Development Portfolio Financial Baseline, user-supplied 2026-08-21",,jchappell2120,,,construction,yes,Inferred preliminary planning assumption anchored to the $11.5M historical planning figure. | Standardized WBS category: building_modular; applicability: All five buildings.
6,Garden Haven,Single-Family Residential Development,Preliminary Planning — High,upside,wbs_budget,WBS-049,extended_cost,Residential subdivision / home delivery — Windows,286000,usd,estimated,"pasted_content_20.txt, CE Development Portfolio Financial Baseline, user-supplied 2026-08-21",,jchappell2120,,,construction,yes,Inferred preliminary planning assumption anchored to the $11.5M historical planning figure. | Standardized WBS category: building_modular; applicability: All five buildings.
6,Garden Haven,Single-Family Residential Development,Preliminary Planning — High,upside,wbs_budget,WBS-050,extended_cost,Residential subdivision / home delivery — Exterior doors and glazing,114400,usd,estimated,"pasted_content_20.txt, CE Development Portfolio Financial Baseline, user-supplied 2026-08-21",,jchappell2120,,,construction,yes,Inferred preliminary planning assumption anchored to the $11.5M historical planning figure. | Standardized WBS category: building_modular; applicability: All five buildings.
6,Garden Haven,Single-Family Residential Development,Preliminary Planning — High,upside,wbs_budget,WBS-051,extended_cost,Residential subdivision / home delivery — Appliances,130000,usd,estimated,"pasted_content_20.txt, CE Development Portfolio Financial Baseline, user-supplied 2026-08-21",,jchappell2120,,,construction,yes,Inferred preliminary planning assumption anchored to the $11.5M historical planning figure. | Standardized WBS category: building_modular; applicability: All five buildings.
6,Garden Haven,Single-Family Residential Development,Preliminary Planning — High,upside,wbs_budget,WBS-052,extended_cost,Residential subdivision / home delivery — Plumbing fixtures,104000,usd,estimated,"pasted_content_20.txt, CE Development Portfolio Financial Baseline, user-supplied 2026-08-21",,jchappell2120,,,construction,yes,Inferred preliminary planning assumption anchored to the $11.5M historical planning figure. | Standardized WBS category: building_modular; applicability: All five buildings.
6,Garden Haven,Single-Family Residential Development,Preliminary Planning — High,upside,wbs_budget,WBS-053,extended_cost,Residential subdivision / home delivery — Electrical fixtures,98800,usd,estimated,"pasted_content_20.txt, CE Development Portfolio Financial Baseline, user-supplied 2026-08-21",,jchappell2120,,,construction,yes,Inferred preliminary planning assumption anchored to the $11.5M historical planning figure. | Standardized WBS category: building_modular; applicability: All five buildings.
6,Garden Haven,Single-Family Residential Development,Preliminary Planning — High,upside,wbs_budget,WBS-054,extended_cost,Residential subdivision / home delivery — Common-area finishes,182000,usd,estimated,"pasted_content_20.txt, CE Development Portfolio Financial Baseline, user-supplied 2026-08-21",,jchappell2120,,,construction,yes,Inferred preliminary planning assumption anchored to the $11.5M historical planning figure. | Standardized WBS category: building_modular; applicability: All five buildings.
6,Garden Haven,Single-Family Residential Development,Preliminary Planning — High,upside,wbs_budget,WBS-055,extended_cost,Residential subdivision / home delivery — Amenity equipment,130000,usd,estimated,"pasted_content_20.txt, CE Development Portfolio Financial Baseline, user-supplied 2026-08-21",,jchappell2120,,,construction,yes,Inferred preliminary planning assumption anchored to the $11.5M historical planning figure. | Standardized WBS category: building_modular; applicability: Project-wide.
6,Garden Haven,Single-Family Residential Development,Preliminary Planning — High,upside,wbs_budget,WBS-056,extended_cost,Residential subdivision / home delivery — Common-area furnishings allowance,88400,usd,estimated,"pasted_content_20.txt, CE Development Portfolio Financial Baseline, user-supplied 2026-08-21",,jchappell2120,,,construction,yes,Inferred preliminary planning assumption anchored to the $11.5M historical planning figure. | Standardized WBS category: building_modular; applicability: Project-wide.
6,Garden Haven,Single-Family Residential Development,Preliminary Planning — High,upside,wbs_budget,WBS-057,extended_cost,Residential subdivision / home delivery — QA/QC inspection,195000,usd,estimated,"pasted_content_20.txt, CE Development Portfolio Financial Baseline, user-supplied 2026-08-21",,jchappell2120,,,commissioning,yes,Inferred preliminary planning assumption anchored to the $11.5M historical planning figure. | Standardized WBS category: building_modular; applicability: All five buildings.
6,Garden Haven,Single-Family Residential Development,Preliminary Planning — High,upside,wbs_budget,WBS-058,extended_cost,Residential subdivision / home delivery — Building commissioning,130000,usd,estimated,"pasted_content_20.txt, CE Development Portfolio Financial Baseline, user-supplied 2026-08-21",,jchappell2120,,,commissioning,yes,Inferred preliminary planning assumption anchored to the $11.5M historical planning figure. | Standardized WBS category: building_modular; applicability: All five buildings.
6,Garden Haven,Single-Family Residential Development,Preliminary Planning — High,upside,wbs_budget,WBS-059,extended_cost,Residential subdivision / home delivery — Punch and turnover,130000,usd,estimated,"pasted_content_20.txt, CE Development Portfolio Financial Baseline, user-supplied 2026-08-21",,jchappell2120,,,building_completion,yes,Inferred preliminary planning assumption anchored to the $11.5M historical planning figure. | Standardized WBS category: building_modular; applicability: All five buildings.
6,Garden Haven,Single-Family Residential Development,Preliminary Planning — High,upside,wbs_budget,WBS-060,extended_cost,Residential subdivision / home delivery — Building completion reserve,403000,usd,estimated,"pasted_content_20.txt, CE Development Portfolio Financial Baseline, user-supplied 2026-08-21",,jchappell2120,,,building_completion,yes,Inferred preliminary planning assumption anchored to the $11.5M historical planning figure. | Standardized WBS category: building_modular; applicability: All five buildings.
6,Garden Haven,Single-Family Residential Development,Preliminary Planning — High,upside,wbs_budget,WBS-061,extended_cost,Residential subdivision / home delivery — Factory production setup,52000,usd,estimated,"pasted_content_20.txt, CE Development Portfolio Financial Baseline, user-supplied 2026-08-21",,jchappell2120,,,factory_production,yes,Inferred preliminary planning assumption anchored to the $11.5M historical planning figure. | Standardized WBS category: factory_logistics_installation; applicability: All five buildings.
6,Garden Haven,Single-Family Residential Development,Preliminary Planning — High,upside,wbs_budget,WBS-062,extended_cost,Residential subdivision / home delivery — Panel and module assembly,46800,usd,estimated,"pasted_content_20.txt, CE Development Portfolio Financial Baseline, user-supplied 2026-08-21",,jchappell2120,,,factory_production,yes,Inferred preliminary planning assumption anchored to the $11.5M historical planning figure. | Standardized WBS category: factory_logistics_installation; applicability: All five buildings.
6,Garden Haven,Single-Family Residential Development,Preliminary Planning — High,upside,wbs_budget,WBS-063,extended_cost,Residential subdivision / home delivery — Factory labor coordination,46800,usd,estimated,"pasted_content_20.txt, CE Development Portfolio Financial Baseline, user-supplied 2026-08-21",,jchappell2120,,,factory_production,yes,Inferred preliminary planning assumption anchored to the $11.5M historical planning figure. | Standardized WBS category: factory_logistics_installation; applicability: All five buildings.
6,Garden Haven,Single-Family Residential Development,Preliminary Planning — High,upside,wbs_budget,WBS-064,extended_cost,Residential subdivision / home delivery — Factory QA hold points,26000,usd,estimated,"pasted_content_20.txt, CE Development Portfolio Financial Baseline, user-supplied 2026-08-21",,jchappell2120,,,factory_production,yes,Inferred preliminary planning assumption anchored to the $11.5M historical planning figure. | Standardized WBS category: factory_logistics_installation; applicability: All five buildings.
6,Garden Haven,Single-Family Residential Development,Preliminary Planning — High,upside,wbs_budget,WBS-065,extended_cost,Residential subdivision / home delivery — Packaging and protection,20800,usd,estimated,"pasted_content_20.txt, CE Development Portfolio Financial Baseline, user-supplied 2026-08-21",,jchappell2120,,,factory_production,yes,Inferred preliminary planning assumption anchored to the $11.5M historical planning figure. | Standardized WBS category: factory_logistics_installation; applicability: All five buildings.
6,Garden Haven,Single-Family Residential Development,Preliminary Planning — High,upside,wbs_budget,WBS-066,extended_cost,Residential subdivision / home delivery — Staging and handling,26000,usd,estimated,"pasted_content_20.txt, CE Development Portfolio Financial Baseline, user-supplied 2026-08-21",,jchappell2120,,,logistics,yes,Inferred preliminary planning assumption anchored to the $11.5M historical planning figure. | Standardized WBS category: factory_logistics_installation; applicability: All five buildings.
6,Garden Haven,Single-Family Residential Development,Preliminary Planning — High,upside,wbs_budget,WBS-067,extended_cost,Residential subdivision / home delivery — Transportation,65000,usd,estimated,"pasted_content_20.txt, CE Development Portfolio Financial Baseline, user-supplied 2026-08-21",,jchappell2120,,,transportation,yes,Inferred preliminary planning assumption anchored to the $11.5M historical planning figure. | Standardized WBS category: factory_logistics_installation; applicability: All five buildings.
6,Garden Haven,Single-Family Residential Development,Preliminary Planning — High,upside,wbs_budget,WBS-068,extended_cost,Residential subdivision / home delivery — Route and permit coordination,13000,usd,estimated,"pasted_content_20.txt, CE Development Portfolio Financial Baseline, user-supplied 2026-08-21",,jchappell2120,,,transportation,yes,Inferred preliminary planning assumption anchored to the $11.5M historical planning figure. | Standardized WBS category: factory_logistics_installation; applicability: All five buildings.
6,Garden Haven,Single-Family Residential Development,Preliminary Planning — High,upside,wbs_budget,WBS-069,extended_cost,Residential subdivision / home delivery — Transit insurance allowance,13000,usd,estimated,"pasted_content_20.txt, CE Development Portfolio Financial Baseline, user-supplied 2026-08-21",,jchappell2120,,,transportation,yes,Inferred preliminary planning assumption anchored to the $11.5M historical planning figure. | Standardized WBS category: factory_logistics_installation; applicability: All five buildings.
6,Garden Haven,Single-Family Residential Development,Preliminary Planning — High,upside,wbs_budget,WBS-070,extended_cost,Residential subdivision / home delivery — Site receiving,26000,usd,estimated,"pasted_content_20.txt, CE Development Portfolio Financial Baseline, user-supplied 2026-08-21",,jchappell2120,,,site_installation,yes,Inferred preliminary planning assumption anchored to the $11.5M historical planning figure. | Standardized WBS category: factory_logistics_installation; applicability: All five buildings.
6,Garden Haven,Single-Family Residential Development,Preliminary Planning — High,upside,wbs_budget,WBS-071,extended_cost,Residential subdivision / home delivery — Crane and lifting,52000,usd,estimated,"pasted_content_20.txt, CE Development Portfolio Financial Baseline, user-supplied 2026-08-21",,jchappell2120,,,site_installation,yes,Inferred preliminary planning assumption anchored to the $11.5M historical planning figure. | Standardized WBS category: factory_logistics_installation; applicability: All five buildings.
6,Garden Haven,Single-Family Residential Development,Preliminary Planning — High,upside,wbs_budget,WBS-072,extended_cost,Residential subdivision / home delivery — Set and alignment,39000,usd,estimated,"pasted_content_20.txt, CE Development Portfolio Financial Baseline, user-supplied 2026-08-21",,jchappell2120,,,site_installation,yes,Inferred preliminary planning assumption anchored to the $11.5M historical planning figure. | Standardized WBS category: factory_logistics_installation; applicability: All five buildings.
6,Garden Haven,Single-Family Residential Development,Preliminary Planning — High,upside,wbs_budget,WBS-073,extended_cost,Residential subdivision / home delivery — Installation coordination,26000,usd,estimated,"pasted_content_20.txt, CE Development Portfolio Financial Baseline, user-supplied 2026-08-21",,jchappell2120,,,site_installation,yes,Inferred preliminary planning assumption anchored to the $11.5M historical planning figure. | Standardized WBS category: factory_logistics_installation; applicability: All five buildings.
6,Garden Haven,Single-Family Residential Development,Preliminary Planning — High,upside,wbs_budget,WBS-074,extended_cost,Residential subdivision / home delivery — Temporary weather protection,20800,usd,estimated,"pasted_content_20.txt, CE Development Portfolio Financial Baseline, user-supplied 2026-08-21",,jchappell2120,,,site_installation,yes,Inferred preliminary planning assumption anchored to the $11.5M historical planning figure. | Standardized WBS category: factory_logistics_installation; applicability: All five buildings.
6,Garden Haven,Single-Family Residential Development,Preliminary Planning — High,upside,wbs_budget,WBS-075,extended_cost,Residential subdivision / home delivery — Logistics reserve,46800,usd,estimated,"pasted_content_20.txt, CE Development Portfolio Financial Baseline, user-supplied 2026-08-21",,jchappell2120,,,site_installation,yes,Inferred preliminary planning assumption anchored to the $11.5M historical planning figure. | Standardized WBS category: factory_logistics_installation; applicability: All five buildings.
6,Garden Haven,Single-Family Residential Development,Preliminary Planning — High,upside,wbs_budget,WBS-076,extended_cost,Residential subdivision / home delivery — Architecture,78000,usd,estimated,"pasted_content_20.txt, CE Development Portfolio Financial Baseline, user-supplied 2026-08-21",,jchappell2120,,,design_entitlement,yes,Inferred preliminary planning assumption anchored to the $11.5M historical planning figure. | Standardized WBS category: professional_soft_costs; applicability: Project-wide.
6,Garden Haven,Single-Family Residential Development,Preliminary Planning — High,upside,wbs_budget,WBS-077,extended_cost,Residential subdivision / home delivery — Structural engineering,52000,usd,estimated,"pasted_content_20.txt, CE Development Portfolio Financial Baseline, user-supplied 2026-08-21",,jchappell2120,,,design_entitlement,yes,Inferred preliminary planning assumption anchored to the $11.5M historical planning figure. | Standardized WBS category: professional_soft_costs; applicability: Project-wide.
6,Garden Haven,Single-Family Residential Development,Preliminary Planning — High,upside,wbs_budget,WBS-078,extended_cost,Residential subdivision / home delivery — MEP engineering,52000,usd,estimated,"pasted_content_20.txt, CE Development Portfolio Financial Baseline, user-supplied 2026-08-21",,jchappell2120,,,design_entitlement,yes,Inferred preliminary planning assumption anchored to the $11.5M historical planning figure. | Standardized WBS category: professional_soft_costs; applicability: Project-wide.
6,Garden Haven,Single-Family Residential Development,Preliminary Planning — High,upside,wbs_budget,WBS-079,extended_cost,Residential subdivision / home delivery — Civil engineering,39000,usd,estimated,"pasted_content_20.txt, CE Development Portfolio Financial Baseline, user-supplied 2026-08-21",,jchappell2120,,,design_entitlement,yes,Inferred preliminary planning assumption anchored to the $11.5M historical planning figure. | Standardized WBS category: professional_soft_costs; applicability: Project-wide.
6,Garden Haven,Single-Family Residential Development,Preliminary Planning — High,upside,wbs_budget,WBS-080,extended_cost,Residential subdivision / home delivery — Permitting and entitlement,26000,usd,estimated,"pasted_content_20.txt, CE Development Portfolio Financial Baseline, user-supplied 2026-08-21",,jchappell2120,,,design_entitlement,yes,Inferred preliminary planning assumption anchored to the $11.5M historical planning figure. | Standardized WBS category: professional_soft_costs; applicability: Project-wide.
6,Garden Haven,Single-Family Residential Development,Preliminary Planning — High,upside,wbs_budget,WBS-081,extended_cost,Residential subdivision / home delivery — Project management,78000,usd,estimated,"pasted_content_20.txt, CE Development Portfolio Financial Baseline, user-supplied 2026-08-21",,jchappell2120,,,construction,yes,Inferred preliminary planning assumption anchored to the $11.5M historical planning figure. | Standardized WBS category: professional_soft_costs; applicability: Project-wide.
6,Garden Haven,Single-Family Residential Development,Preliminary Planning — High,upside,wbs_budget,WBS-082,extended_cost,Residential subdivision / home delivery — Legal,39000,usd,estimated,"pasted_content_20.txt, CE Development Portfolio Financial Baseline, user-supplied 2026-08-21",,jchappell2120,,,predevelopment,yes,Inferred preliminary planning assumption anchored to the $11.5M historical planning figure. | Standardized WBS category: professional_soft_costs; applicability: Project-wide.
6,Garden Haven,Single-Family Residential Development,Preliminary Planning — High,upside,wbs_budget,WBS-083,extended_cost,Residential subdivision / home delivery — Accounting and tax,26000,usd,estimated,"pasted_content_20.txt, CE Development Portfolio Financial Baseline, user-supplied 2026-08-21",,jchappell2120,,,predevelopment,yes,Inferred preliminary planning assumption anchored to the $11.5M historical planning figure. | Standardized WBS category: professional_soft_costs; applicability: Project-wide.
6,Garden Haven,Single-Family Residential Development,Preliminary Planning — High,upside,wbs_budget,WBS-084,extended_cost,Residential subdivision / home delivery — Builder's risk insurance,39000,usd,estimated,"pasted_content_20.txt, CE Development Portfolio Financial Baseline, user-supplied 2026-08-21",,jchappell2120,,,construction,yes,Inferred preliminary planning assumption anchored to the $11.5M historical planning figure. | Standardized WBS category: professional_soft_costs; applicability: Project-wide.
6,Garden Haven,Single-Family Residential Development,Preliminary Planning — High,upside,wbs_budget,WBS-085,extended_cost,Residential subdivision / home delivery — Marketing,39000,usd,estimated,"pasted_content_20.txt, CE Development Portfolio Financial Baseline, user-supplied 2026-08-21",,jchappell2120,,,lease_up_stabilization,yes,Inferred preliminary planning assumption anchored to the $11.5M historical planning figure. | Standardized WBS category: professional_soft_costs; applicability: Project-wide.
6,Garden Haven,Single-Family Residential Development,Preliminary Planning — High,upside,wbs_budget,WBS-086,extended_cost,Residential subdivision / home delivery — Leasing,39000,usd,estimated,"pasted_content_20.txt, CE Development Portfolio Financial Baseline, user-supplied 2026-08-21",,jchappell2120,,,lease_up_stabilization,yes,Inferred preliminary planning assumption anchored to the $11.5M historical planning figure. | Standardized WBS category: professional_soft_costs; applicability: Project-wide.
6,Garden Haven,Single-Family Residential Development,Preliminary Planning — High,upside,wbs_budget,WBS-087,extended_cost,Residential subdivision / home delivery — Leasing commissions,52000,usd,estimated,"pasted_content_20.txt, CE Development Portfolio Financial Baseline, user-supplied 2026-08-21",,jchappell2120,,,lease_up_stabilization,yes,Inferred preliminary planning assumption anchored to the $11.5M historical planning figure. | Standardized WBS category: professional_soft_costs; applicability: Project-wide.
6,Garden Haven,Single-Family Residential Development,Preliminary Planning — High,upside,wbs_budget,WBS-088,extended_cost,Residential subdivision / home delivery — Owner administration reserve,65000,usd,estimated,"pasted_content_20.txt, CE Development Portfolio Financial Baseline, user-supplied 2026-08-21",,jchappell2120,,,predevelopment,yes,Inferred preliminary planning assumption anchored to the $11.5M historical planning figure. | Standardized WBS category: professional_soft_costs; applicability: Project-wide.
6,Garden Haven,Single-Family Residential Development,Preliminary Planning — High,upside,wbs_budget,WBS-089,extended_cost,Residential subdivision / home delivery — Loan origination,91000,usd,estimated,"pasted_content_20.txt, CE Development Portfolio Financial Baseline, user-supplied 2026-08-21",,jchappell2120,,,predevelopment,yes,Inferred preliminary planning assumption anchored to the $11.5M historical planning figure. | Standardized WBS category: financing_carry; applicability: Project-wide.
6,Garden Haven,Single-Family Residential Development,Preliminary Planning — High,upside,wbs_budget,WBS-090,extended_cost,Residential subdivision / home delivery — Interest carry,104000,usd,estimated,"pasted_content_20.txt, CE Development Portfolio Financial Baseline, user-supplied 2026-08-21",,jchappell2120,,,construction,yes,Inferred preliminary planning assumption anchored to the $11.5M historical planning figure. | Standardized WBS category: financing_carry; applicability: Project-wide.
6,Garden Haven,Single-Family Residential Development,Preliminary Planning — High,upside,wbs_budget,WBS-091,extended_cost,Residential subdivision / home delivery — Lender legal and diligence,26000,usd,estimated,"pasted_content_20.txt, CE Development Portfolio Financial Baseline, user-supplied 2026-08-21",,jchappell2120,,,predevelopment,yes,Inferred preliminary planning assumption anchored to the $11.5M historical planning figure. | Standardized WBS category: financing_carry; applicability: Project-wide.
6,Garden Haven,Single-Family Residential Development,Preliminary Planning — High,upside,wbs_budget,WBS-092,extended_cost,Residential subdivision / home delivery — Loan administration,26000,usd,estimated,"pasted_content_20.txt, CE Development Portfolio Financial Baseline, user-supplied 2026-08-21",,jchappell2120,,,construction,yes,Inferred preliminary planning assumption anchored to the $11.5M historical planning figure. | Standardized WBS category: financing_carry; applicability: Project-wide.
6,Garden Haven,Single-Family Residential Development,Preliminary Planning — High,upside,wbs_budget,WBS-093,extended_cost,Residential subdivision / home delivery — Interest reserve,39000,usd,estimated,"pasted_content_20.txt, CE Development Portfolio Financial Baseline, user-supplied 2026-08-21",,jchappell2120,,,construction,yes,Inferred preliminary planning assumption anchored to the $11.5M historical planning figure. | Standardized WBS category: financing_carry; applicability: Project-wide.
6,Garden Haven,Single-Family Residential Development,Preliminary Planning — High,upside,wbs_budget,WBS-094,extended_cost,Residential subdivision / home delivery — Extension reserve,26000,usd,estimated,"pasted_content_20.txt, CE Development Portfolio Financial Baseline, user-supplied 2026-08-21",,jchappell2120,,,construction,yes,Inferred preliminary planning assumption anchored to the $11.5M historical planning figure. | Standardized WBS category: financing_carry; applicability: Project-wide.
6,Garden Haven,Single-Family Residential Development,Preliminary Planning — High,upside,wbs_budget,WBS-095,extended_cost,Residential subdivision / home delivery — Construction contingency,78000,usd,estimated,"pasted_content_20.txt, CE Development Portfolio Financial Baseline, user-supplied 2026-08-21",,jchappell2120,,,construction,yes,Inferred preliminary planning assumption anchored to the $11.5M historical planning figure. | Standardized WBS category: contingency; applicability: All five buildings.
6,Garden Haven,Single-Family Residential Development,Preliminary Planning — High,upside,wbs_budget,WBS-096,extended_cost,Residential subdivision / home delivery — Site contingency,26000,usd,estimated,"pasted_content_20.txt, CE Development Portfolio Financial Baseline, user-supplied 2026-08-21",,jchappell2120,,,construction,yes,Inferred preliminary planning assumption anchored to the $11.5M historical planning figure. | Standardized WBS category: contingency; applicability: Project-wide.
6,Garden Haven,Single-Family Residential Development,Preliminary Planning — High,upside,wbs_budget,WBS-097,extended_cost,Residential subdivision / home delivery — Materials contingency,26000,usd,estimated,"pasted_content_20.txt, CE Development Portfolio Financial Baseline, user-supplied 2026-08-21",,jchappell2120,,,construction,yes,Inferred preliminary planning assumption anchored to the $11.5M historical planning figure. | Standardized WBS category: contingency; applicability: All five buildings.
6,Garden Haven,Single-Family Residential Development,Preliminary Planning — High,upside,wbs_budget,WBS-098,extended_cost,Residential subdivision / home delivery — Factory contingency,26000,usd,estimated,"pasted_content_20.txt, CE Development Portfolio Financial Baseline, user-supplied 2026-08-21",,jchappell2120,,,factory_production,yes,Inferred preliminary planning assumption anchored to the $11.5M historical planning figure. | Standardized WBS category: contingency; applicability: All five buildings.
6,Garden Haven,Single-Family Residential Development,Preliminary Planning — High,upside,wbs_budget,WBS-099,extended_cost,Residential subdivision / home delivery — Schedule contingency,26000,usd,estimated,"pasted_content_20.txt, CE Development Portfolio Financial Baseline, user-supplied 2026-08-21",,jchappell2120,,,construction,yes,Inferred preliminary planning assumption anchored to the $11.5M historical planning figure. | Standardized WBS category: contingency; applicability: Project-wide.
6,Garden Haven,Single-Family Residential Development,Preliminary Planning — High,upside,wbs_budget,WBS-100,extended_cost,Residential subdivision / home delivery — Closeout contingency,26000,usd,estimated,"pasted_content_20.txt, CE Development Portfolio Financial Baseline, user-supplied 2026-08-21",,jchappell2120,,,building_completion,yes,Inferred preliminary planning assumption anchored to the $11.5M historical planning figure. | Standardized WBS category: contingency; applicability: Project-wide.
6,Garden Haven,Single-Family Residential Development,Preliminary Planning — High,upside,capital_deployment,SCH-COST-01,monthly_development_spend,monthly development spend — month 1,260000,usd,estimated,"pasted_content_20.txt, CE Development Portfolio Financial Baseline, user-supplied 2026-08-21",,jchappell2120,1,1,predevelopment,yes,Inferred preliminary planning assumption anchored to the $11.5M historical planning figure. | Calculated monthly planning series from scenario drivers; not actual project performance.
6,Garden Haven,Single-Family Residential Development,Preliminary Planning — High,upside,schedule,SCH-CUM-01,cumulative_deployment_bps,cumulative deployment bps — month 1,250,percentage_bps,estimated,"pasted_content_20.txt, CE Development Portfolio Financial Baseline, user-supplied 2026-08-21",,jchappell2120,1,1,predevelopment,yes,Inferred preliminary planning assumption anchored to the $11.5M historical planning figure. | Calculated monthly planning series from scenario drivers; not actual project performance.
6,Garden Haven,Single-Family Residential Development,Preliminary Planning — High,upside,schedule,SCH-OCC-01,occupancy_bps,occupancy bps — month 1,0,percentage_bps,estimated,"pasted_content_20.txt, CE Development Portfolio Financial Baseline, user-supplied 2026-08-21",,jchappell2120,1,1,predevelopment,yes,Inferred preliminary planning assumption anchored to the $11.5M historical planning figure. | Calculated monthly planning series from scenario drivers; not actual project performance.
6,Garden Haven,Single-Family Residential Development,Preliminary Planning — High,upside,revenue,SCH-REV-01,monthly_effective_revenue,monthly effective revenue — month 1,0,usd,estimated,"pasted_content_20.txt, CE Development Portfolio Financial Baseline, user-supplied 2026-08-21",,jchappell2120,1,1,predevelopment,yes,Inferred preliminary planning assumption anchored to the $11.5M historical planning figure. | Calculated monthly planning series from scenario drivers; not actual project performance.
6,Garden Haven,Single-Family Residential Development,Preliminary Planning — High,upside,operations,SCH-OPEX-01,monthly_operating_expense,monthly operating expense — month 1,0,usd,estimated,"pasted_content_20.txt, CE Development Portfolio Financial Baseline, user-supplied 2026-08-21",,jchappell2120,1,1,predevelopment,yes,Inferred preliminary planning assumption anchored to the $11.5M historical planning figure. | Calculated monthly planning series from scenario drivers; not actual project performance.
6,Garden Haven,Single-Family Residential Development,Preliminary Planning — High,upside,financing,SCH-DRAW-01,monthly_debt_draw,monthly debt draw — month 1,169000,usd,estimated,"pasted_content_20.txt, CE Development Portfolio Financial Baseline, user-supplied 2026-08-21",,jchappell2120,1,1,predevelopment,yes,Inferred preliminary planning assumption anchored to the $11.5M historical planning figure. | Calculated monthly planning series from scenario drivers; not actual project performance.
6,Garden Haven,Single-Family Residential Development,Preliminary Planning — High,upside,financing,SCH-INT-01,monthly_interest,monthly interest — month 1,986,usd,estimated,"pasted_content_20.txt, CE Development Portfolio Financial Baseline, user-supplied 2026-08-21",,jchappell2120,1,1,predevelopment,yes,Inferred preliminary planning assumption anchored to the $11.5M historical planning figure. | Calculated monthly planning series from scenario drivers; not actual project performance.
6,Garden Haven,Single-Family Residential Development,Preliminary Planning — High,upside,cash_flow,SCH-CF-01,monthly_levered_cash_flow,monthly levered cash flow — month 1,-260986,usd,estimated,"pasted_content_20.txt, CE Development Portfolio Financial Baseline, user-supplied 2026-08-21",,jchappell2120,1,1,predevelopment,yes,Inferred preliminary planning assumption anchored to the $11.5M historical planning figure. | Calculated monthly planning series from scenario drivers; not actual project performance.
6,Garden Haven,Single-Family Residential Development,Preliminary Planning — High,upside,capital_deployment,SCH-COST-02,monthly_development_spend,monthly development spend — month 2,260000,usd,estimated,"pasted_content_20.txt, CE Development Portfolio Financial Baseline, user-supplied 2026-08-21",,jchappell2120,2,2,predevelopment,yes,Inferred preliminary planning assumption anchored to the $11.5M historical planning figure. | Calculated monthly planning series from scenario drivers; not actual project performance.
6,Garden Haven,Single-Family Residential Development,Preliminary Planning — High,upside,schedule,SCH-CUM-02,cumulative_deployment_bps,cumulative deployment bps — month 2,500,percentage_bps,estimated,"pasted_content_20.txt, CE Development Portfolio Financial Baseline, user-supplied 2026-08-21",,jchappell2120,2,2,predevelopment,yes,Inferred preliminary planning assumption anchored to the $11.5M historical planning figure. | Calculated monthly planning series from scenario drivers; not actual project performance.
6,Garden Haven,Single-Family Residential Development,Preliminary Planning — High,upside,schedule,SCH-OCC-02,occupancy_bps,occupancy bps — month 2,286,percentage_bps,estimated,"pasted_content_20.txt, CE Development Portfolio Financial Baseline, user-supplied 2026-08-21",,jchappell2120,2,2,predevelopment,yes,Inferred preliminary planning assumption anchored to the $11.5M historical planning figure. | Calculated monthly planning series from scenario drivers; not actual project performance.
6,Garden Haven,Single-Family Residential Development,Preliminary Planning — High,upside,revenue,SCH-REV-02,monthly_effective_revenue,monthly effective revenue — month 2,19067,usd,estimated,"pasted_content_20.txt, CE Development Portfolio Financial Baseline, user-supplied 2026-08-21",,jchappell2120,2,2,predevelopment,yes,Inferred preliminary planning assumption anchored to the $11.5M historical planning figure. | Calculated monthly planning series from scenario drivers; not actual project performance.
6,Garden Haven,Single-Family Residential Development,Preliminary Planning — High,upside,operations,SCH-OPEX-02,monthly_operating_expense,monthly operating expense — month 2,0,usd,estimated,"pasted_content_20.txt, CE Development Portfolio Financial Baseline, user-supplied 2026-08-21",,jchappell2120,2,2,predevelopment,yes,Inferred preliminary planning assumption anchored to the $11.5M historical planning figure. | Calculated monthly planning series from scenario drivers; not actual project performance.
6,Garden Haven,Single-Family Residential Development,Preliminary Planning — High,upside,financing,SCH-DRAW-02,monthly_debt_draw,monthly debt draw — month 2,169000,usd,estimated,"pasted_content_20.txt, CE Development Portfolio Financial Baseline, user-supplied 2026-08-21",,jchappell2120,2,2,predevelopment,yes,Inferred preliminary planning assumption anchored to the $11.5M historical planning figure. | Calculated monthly planning series from scenario drivers; not actual project performance.
6,Garden Haven,Single-Family Residential Development,Preliminary Planning — High,upside,financing,SCH-INT-02,monthly_interest,monthly interest — month 2,1972,usd,estimated,"pasted_content_20.txt, CE Development Portfolio Financial Baseline, user-supplied 2026-08-21",,jchappell2120,2,2,predevelopment,yes,Inferred preliminary planning assumption anchored to the $11.5M historical planning figure. | Calculated monthly planning series from scenario drivers; not actual project performance.
6,Garden Haven,Single-Family Residential Development,Preliminary Planning — High,upside,cash_flow,SCH-CF-02,monthly_levered_cash_flow,monthly levered cash flow — month 2,-242905,usd,estimated,"pasted_content_20.txt, CE Development Portfolio Financial Baseline, user-supplied 2026-08-21",,jchappell2120,2,2,predevelopment,yes,Inferred preliminary planning assumption anchored to the $11.5M historical planning figure. | Calculated monthly planning series from scenario drivers; not actual project performance.
6,Garden Haven,Single-Family Residential Development,Preliminary Planning — High,upside,capital_deployment,SCH-COST-03,monthly_development_spend,monthly development spend — month 3,260000,usd,estimated,"pasted_content_20.txt, CE Development Portfolio Financial Baseline, user-supplied 2026-08-21",,jchappell2120,3,3,predevelopment,yes,Inferred preliminary planning assumption anchored to the $11.5M historical planning figure. | Calculated monthly planning series from scenario drivers; not actual project performance.
6,Garden Haven,Single-Family Residential Development,Preliminary Planning — High,upside,schedule,SCH-CUM-03,cumulative_deployment_bps,cumulative deployment bps — month 3,750,percentage_bps,estimated,"pasted_content_20.txt, CE Development Portfolio Financial Baseline, user-supplied 2026-08-21",,jchappell2120,3,3,predevelopment,yes,Inferred preliminary planning assumption anchored to the $11.5M historical planning figure. | Calculated monthly planning series from scenario drivers; not actual project performance.
6,Garden Haven,Single-Family Residential Development,Preliminary Planning — High,upside,schedule,SCH-OCC-03,occupancy_bps,occupancy bps — month 3,571,percentage_bps,estimated,"pasted_content_20.txt, CE Development Portfolio Financial Baseline, user-supplied 2026-08-21",,jchappell2120,3,3,predevelopment,yes,Inferred preliminary planning assumption anchored to the $11.5M historical planning figure. | Calculated monthly planning series from scenario drivers; not actual project performance.
6,Garden Haven,Single-Family Residential Development,Preliminary Planning — High,upside,revenue,SCH-REV-03,monthly_effective_revenue,monthly effective revenue — month 3,38067,usd,estimated,"pasted_content_20.txt, CE Development Portfolio Financial Baseline, user-supplied 2026-08-21",,jchappell2120,3,3,predevelopment,yes,Inferred preliminary planning assumption anchored to the $11.5M historical planning figure. | Calculated monthly planning series from scenario drivers; not actual project performance.
6,Garden Haven,Single-Family Residential Development,Preliminary Planning — High,upside,operations,SCH-OPEX-03,monthly_operating_expense,monthly operating expense — month 3,0,usd,estimated,"pasted_content_20.txt, CE Development Portfolio Financial Baseline, user-supplied 2026-08-21",,jchappell2120,3,3,predevelopment,yes,Inferred preliminary planning assumption anchored to the $11.5M historical planning figure. | Calculated monthly planning series from scenario drivers; not actual project performance.
6,Garden Haven,Single-Family Residential Development,Preliminary Planning — High,upside,financing,SCH-DRAW-03,monthly_debt_draw,monthly debt draw — month 3,169000,usd,estimated,"pasted_content_20.txt, CE Development Portfolio Financial Baseline, user-supplied 2026-08-21",,jchappell2120,3,3,predevelopment,yes,Inferred preliminary planning assumption anchored to the $11.5M historical planning figure. | Calculated monthly planning series from scenario drivers; not actual project performance.
6,Garden Haven,Single-Family Residential Development,Preliminary Planning — High,upside,financing,SCH-INT-03,monthly_interest,monthly interest — month 3,2958,usd,estimated,"pasted_content_20.txt, CE Development Portfolio Financial Baseline, user-supplied 2026-08-21",,jchappell2120,3,3,predevelopment,yes,Inferred preliminary planning assumption anchored to the $11.5M historical planning figure. | Calculated monthly planning series from scenario drivers; not actual project performance.
6,Garden Haven,Single-Family Residential Development,Preliminary Planning — High,upside,cash_flow,SCH-CF-03,monthly_levered_cash_flow,monthly levered cash flow — month 3,-224891,usd,estimated,"pasted_content_20.txt, CE Development Portfolio Financial Baseline, user-supplied 2026-08-21",,jchappell2120,3,3,predevelopment,yes,Inferred preliminary planning assumption anchored to the $11.5M historical planning figure. | Calculated monthly planning series from scenario drivers; not actual project performance.
6,Garden Haven,Single-Family Residential Development,Preliminary Planning — High,upside,capital_deployment,SCH-COST-04,monthly_development_spend,monthly development spend — month 4,260000,usd,estimated,"pasted_content_20.txt, CE Development Portfolio Financial Baseline, user-supplied 2026-08-21",,jchappell2120,4,4,predevelopment,yes,Inferred preliminary planning assumption anchored to the $11.5M historical planning figure. | Calculated monthly planning series from scenario drivers; not actual project performance.
6,Garden Haven,Single-Family Residential Development,Preliminary Planning — High,upside,schedule,SCH-CUM-04,cumulative_deployment_bps,cumulative deployment bps — month 4,1000,percentage_bps,estimated,"pasted_content_20.txt, CE Development Portfolio Financial Baseline, user-supplied 2026-08-21",,jchappell2120,4,4,predevelopment,yes,Inferred preliminary planning assumption anchored to the $11.5M historical planning figure. | Calculated monthly planning series from scenario drivers; not actual project performance.
6,Garden Haven,Single-Family Residential Development,Preliminary Planning — High,upside,schedule,SCH-OCC-04,occupancy_bps,occupancy bps — month 4,857,percentage_bps,estimated,"pasted_content_20.txt, CE Development Portfolio Financial Baseline, user-supplied 2026-08-21",,jchappell2120,4,4,predevelopment,yes,Inferred preliminary planning assumption anchored to the $11.5M historical planning figure. | Calculated monthly planning series from scenario drivers; not actual project performance.
6,Garden Haven,Single-Family Residential Development,Preliminary Planning — High,upside,revenue,SCH-REV-04,monthly_effective_revenue,monthly effective revenue — month 4,57133,usd,estimated,"pasted_content_20.txt, CE Development Portfolio Financial Baseline, user-supplied 2026-08-21",,jchappell2120,4,4,predevelopment,yes,Inferred preliminary planning assumption anchored to the $11.5M historical planning figure. | Calculated monthly planning series from scenario drivers; not actual project performance.
6,Garden Haven,Single-Family Residential Development,Preliminary Planning — High,upside,operations,SCH-OPEX-04,monthly_operating_expense,monthly operating expense — month 4,0,usd,estimated,"pasted_content_20.txt, CE Development Portfolio Financial Baseline, user-supplied 2026-08-21",,jchappell2120,4,4,predevelopment,yes,Inferred preliminary planning assumption anchored to the $11.5M historical planning figure. | Calculated monthly planning series from scenario drivers; not actual project performance.
6,Garden Haven,Single-Family Residential Development,Preliminary Planning — High,upside,financing,SCH-DRAW-04,monthly_debt_draw,monthly debt draw — month 4,169000,usd,estimated,"pasted_content_20.txt, CE Development Portfolio Financial Baseline, user-supplied 2026-08-21",,jchappell2120,4,4,predevelopment,yes,Inferred preliminary planning assumption anchored to the $11.5M historical planning figure. | Calculated monthly planning series from scenario drivers; not actual project performance.
6,Garden Haven,Single-Family Residential Development,Preliminary Planning — High,upside,financing,SCH-INT-04,monthly_interest,monthly interest — month 4,3943,usd,estimated,"pasted_content_20.txt, CE Development Portfolio Financial Baseline, user-supplied 2026-08-21",,jchappell2120,4,4,predevelopment,yes,Inferred preliminary planning assumption anchored to the $11.5M historical planning figure. | Calculated monthly planning series from scenario drivers; not actual project performance.
6,Garden Haven,Single-Family Residential Development,Preliminary Planning — High,upside,cash_flow,SCH-CF-04,monthly_levered_cash_flow,monthly levered cash flow — month 4,-206810,usd,estimated,"pasted_content_20.txt, CE Development Portfolio Financial Baseline, user-supplied 2026-08-21",,jchappell2120,4,4,predevelopment,yes,Inferred preliminary planning assumption anchored to the $11.5M historical planning figure. | Calculated monthly planning series from scenario drivers; not actual project performance.
6,Garden Haven,Single-Family Residential Development,Preliminary Planning — High,upside,capital_deployment,SCH-COST-05,monthly_development_spend,monthly development spend — month 5,520000,usd,estimated,"pasted_content_20.txt, CE Development Portfolio Financial Baseline, user-supplied 2026-08-21",,jchappell2120,5,5,construction,yes,Inferred preliminary planning assumption anchored to the $11.5M historical planning figure. | Calculated monthly planning series from scenario drivers; not actual project performance.
6,Garden Haven,Single-Family Residential Development,Preliminary Planning — High,upside,schedule,SCH-CUM-05,cumulative_deployment_bps,cumulative deployment bps — month 5,1500,percentage_bps,estimated,"pasted_content_20.txt, CE Development Portfolio Financial Baseline, user-supplied 2026-08-21",,jchappell2120,5,5,construction,yes,Inferred preliminary planning assumption anchored to the $11.5M historical planning figure. | Calculated monthly planning series from scenario drivers; not actual project performance.
6,Garden Haven,Single-Family Residential Development,Preliminary Planning — High,upside,schedule,SCH-OCC-05,occupancy_bps,occupancy bps — month 5,1143,percentage_bps,estimated,"pasted_content_20.txt, CE Development Portfolio Financial Baseline, user-supplied 2026-08-21",,jchappell2120,5,5,construction,yes,Inferred preliminary planning assumption anchored to the $11.5M historical planning figure. | Calculated monthly planning series from scenario drivers; not actual project performance.
6,Garden Haven,Single-Family Residential Development,Preliminary Planning — High,upside,revenue,SCH-REV-05,monthly_effective_revenue,monthly effective revenue — month 5,76200,usd,estimated,"pasted_content_20.txt, CE Development Portfolio Financial Baseline, user-supplied 2026-08-21",,jchappell2120,5,5,construction,yes,Inferred preliminary planning assumption anchored to the $11.5M historical planning figure. | Calculated monthly planning series from scenario drivers; not actual project performance.
6,Garden Haven,Single-Family Residential Development,Preliminary Planning — High,upside,operations,SCH-OPEX-05,monthly_operating_expense,monthly operating expense — month 5,0,usd,estimated,"pasted_content_20.txt, CE Development Portfolio Financial Baseline, user-supplied 2026-08-21",,jchappell2120,5,5,construction,yes,Inferred preliminary planning assumption anchored to the $11.5M historical planning figure. | Calculated monthly planning series from scenario drivers; not actual project performance.
6,Garden Haven,Single-Family Residential Development,Preliminary Planning — High,upside,financing,SCH-DRAW-05,monthly_debt_draw,monthly debt draw — month 5,338000,usd,estimated,"pasted_content_20.txt, CE Development Portfolio Financial Baseline, user-supplied 2026-08-21",,jchappell2120,5,5,construction,yes,Inferred preliminary planning assumption anchored to the $11.5M historical planning figure. | Calculated monthly planning series from scenario drivers; not actual project performance.
6,Garden Haven,Single-Family Residential Development,Preliminary Planning — High,upside,financing,SCH-INT-05,monthly_interest,monthly interest — month 5,5915,usd,estimated,"pasted_content_20.txt, CE Development Portfolio Financial Baseline, user-supplied 2026-08-21",,jchappell2120,5,5,construction,yes,Inferred preliminary planning assumption anchored to the $11.5M historical planning figure. | Calculated monthly planning series from scenario drivers; not actual project performance.
6,Garden Haven,Single-Family Residential Development,Preliminary Planning — High,upside,cash_flow,SCH-CF-05,monthly_levered_cash_flow,monthly levered cash flow — month 5,-449715,usd,estimated,"pasted_content_20.txt, CE Development Portfolio Financial Baseline, user-supplied 2026-08-21",,jchappell2120,5,5,construction,yes,Inferred preliminary planning assumption anchored to the $11.5M historical planning figure. | Calculated monthly planning series from scenario drivers; not actual project performance.
6,Garden Haven,Single-Family Residential Development,Preliminary Planning — High,upside,capital_deployment,SCH-COST-06,monthly_development_spend,monthly development spend — month 6,520000,usd,estimated,"pasted_content_20.txt, CE Development Portfolio Financial Baseline, user-supplied 2026-08-21",,jchappell2120,6,6,construction,yes,Inferred preliminary planning assumption anchored to the $11.5M historical planning figure. | Calculated monthly planning series from scenario drivers; not actual project performance.
6,Garden Haven,Single-Family Residential Development,Preliminary Planning — High,upside,schedule,SCH-CUM-06,cumulative_deployment_bps,cumulative deployment bps — month 6,2000,percentage_bps,estimated,"pasted_content_20.txt, CE Development Portfolio Financial Baseline, user-supplied 2026-08-21",,jchappell2120,6,6,construction,yes,Inferred preliminary planning assumption anchored to the $11.5M historical planning figure. | Calculated monthly planning series from scenario drivers; not actual project performance.
6,Garden Haven,Single-Family Residential Development,Preliminary Planning — High,upside,schedule,SCH-OCC-06,occupancy_bps,occupancy bps — month 6,1429,percentage_bps,estimated,"pasted_content_20.txt, CE Development Portfolio Financial Baseline, user-supplied 2026-08-21",,jchappell2120,6,6,construction,yes,Inferred preliminary planning assumption anchored to the $11.5M historical planning figure. | Calculated monthly planning series from scenario drivers; not actual project performance.
6,Garden Haven,Single-Family Residential Development,Preliminary Planning — High,upside,revenue,SCH-REV-06,monthly_effective_revenue,monthly effective revenue — month 6,95267,usd,estimated,"pasted_content_20.txt, CE Development Portfolio Financial Baseline, user-supplied 2026-08-21",,jchappell2120,6,6,construction,yes,Inferred preliminary planning assumption anchored to the $11.5M historical planning figure. | Calculated monthly planning series from scenario drivers; not actual project performance.
6,Garden Haven,Single-Family Residential Development,Preliminary Planning — High,upside,operations,SCH-OPEX-06,monthly_operating_expense,monthly operating expense — month 6,0,usd,estimated,"pasted_content_20.txt, CE Development Portfolio Financial Baseline, user-supplied 2026-08-21",,jchappell2120,6,6,construction,yes,Inferred preliminary planning assumption anchored to the $11.5M historical planning figure. | Calculated monthly planning series from scenario drivers; not actual project performance.
6,Garden Haven,Single-Family Residential Development,Preliminary Planning — High,upside,financing,SCH-DRAW-06,monthly_debt_draw,monthly debt draw — month 6,338000,usd,estimated,"pasted_content_20.txt, CE Development Portfolio Financial Baseline, user-supplied 2026-08-21",,jchappell2120,6,6,construction,yes,Inferred preliminary planning assumption anchored to the $11.5M historical planning figure. | Calculated monthly planning series from scenario drivers; not actual project performance.
6,Garden Haven,Single-Family Residential Development,Preliminary Planning — High,upside,financing,SCH-INT-06,monthly_interest,monthly interest — month 6,7887,usd,estimated,"pasted_content_20.txt, CE Development Portfolio Financial Baseline, user-supplied 2026-08-21",,jchappell2120,6,6,construction,yes,Inferred preliminary planning assumption anchored to the $11.5M historical planning figure. | Calculated monthly planning series from scenario drivers; not actual project performance.
6,Garden Haven,Single-Family Residential Development,Preliminary Planning — High,upside,cash_flow,SCH-CF-06,monthly_levered_cash_flow,monthly levered cash flow — month 6,-432620,usd,estimated,"pasted_content_20.txt, CE Development Portfolio Financial Baseline, user-supplied 2026-08-21",,jchappell2120,6,6,construction,yes,Inferred preliminary planning assumption anchored to the $11.5M historical planning figure. | Calculated monthly planning series from scenario drivers; not actual project performance.
6,Garden Haven,Single-Family Residential Development,Preliminary Planning — High,upside,capital_deployment,SCH-COST-07,monthly_development_spend,monthly development spend — month 7,520000,usd,estimated,"pasted_content_20.txt, CE Development Portfolio Financial Baseline, user-supplied 2026-08-21",,jchappell2120,7,7,construction,yes,Inferred preliminary planning assumption anchored to the $11.5M historical planning figure. | Calculated monthly planning series from scenario drivers; not actual project performance.
6,Garden Haven,Single-Family Residential Development,Preliminary Planning — High,upside,schedule,SCH-CUM-07,cumulative_deployment_bps,cumulative deployment bps — month 7,2500,percentage_bps,estimated,"pasted_content_20.txt, CE Development Portfolio Financial Baseline, user-supplied 2026-08-21",,jchappell2120,7,7,construction,yes,Inferred preliminary planning assumption anchored to the $11.5M historical planning figure. | Calculated monthly planning series from scenario drivers; not actual project performance.
6,Garden Haven,Single-Family Residential Development,Preliminary Planning — High,upside,schedule,SCH-OCC-07,occupancy_bps,occupancy bps — month 7,1714,percentage_bps,estimated,"pasted_content_20.txt, CE Development Portfolio Financial Baseline, user-supplied 2026-08-21",,jchappell2120,7,7,construction,yes,Inferred preliminary planning assumption anchored to the $11.5M historical planning figure. | Calculated monthly planning series from scenario drivers; not actual project performance.
6,Garden Haven,Single-Family Residential Development,Preliminary Planning — High,upside,revenue,SCH-REV-07,monthly_effective_revenue,monthly effective revenue — month 7,114267,usd,estimated,"pasted_content_20.txt, CE Development Portfolio Financial Baseline, user-supplied 2026-08-21",,jchappell2120,7,7,construction,yes,Inferred preliminary planning assumption anchored to the $11.5M historical planning figure. | Calculated monthly planning series from scenario drivers; not actual project performance.
6,Garden Haven,Single-Family Residential Development,Preliminary Planning — High,upside,operations,SCH-OPEX-07,monthly_operating_expense,monthly operating expense — month 7,0,usd,estimated,"pasted_content_20.txt, CE Development Portfolio Financial Baseline, user-supplied 2026-08-21",,jchappell2120,7,7,construction,yes,Inferred preliminary planning assumption anchored to the $11.5M historical planning figure. | Calculated monthly planning series from scenario drivers; not actual project performance.
6,Garden Haven,Single-Family Residential Development,Preliminary Planning — High,upside,financing,SCH-DRAW-07,monthly_debt_draw,monthly debt draw — month 7,338000,usd,estimated,"pasted_content_20.txt, CE Development Portfolio Financial Baseline, user-supplied 2026-08-21",,jchappell2120,7,7,construction,yes,Inferred preliminary planning assumption anchored to the $11.5M historical planning figure. | Calculated monthly planning series from scenario drivers; not actual project performance.
6,Garden Haven,Single-Family Residential Development,Preliminary Planning — High,upside,financing,SCH-INT-07,monthly_interest,monthly interest — month 7,9858,usd,estimated,"pasted_content_20.txt, CE Development Portfolio Financial Baseline, user-supplied 2026-08-21",,jchappell2120,7,7,construction,yes,Inferred preliminary planning assumption anchored to the $11.5M historical planning figure. | Calculated monthly planning series from scenario drivers; not actual project performance.
6,Garden Haven,Single-Family Residential Development,Preliminary Planning — High,upside,cash_flow,SCH-CF-07,monthly_levered_cash_flow,monthly levered cash flow — month 7,-415591,usd,estimated,"pasted_content_20.txt, CE Development Portfolio Financial Baseline, user-supplied 2026-08-21",,jchappell2120,7,7,construction,yes,Inferred preliminary planning assumption anchored to the $11.5M historical planning figure. | Calculated monthly planning series from scenario drivers; not actual project performance.
6,Garden Haven,Single-Family Residential Development,Preliminary Planning — High,upside,capital_deployment,SCH-COST-08,monthly_development_spend,monthly development spend — month 8,520000,usd,estimated,"pasted_content_20.txt, CE Development Portfolio Financial Baseline, user-supplied 2026-08-21",,jchappell2120,8,8,construction,yes,Inferred preliminary planning assumption anchored to the $11.5M historical planning figure. | Calculated monthly planning series from scenario drivers; not actual project performance.
6,Garden Haven,Single-Family Residential Development,Preliminary Planning — High,upside,schedule,SCH-CUM-08,cumulative_deployment_bps,cumulative deployment bps — month 8,3000,percentage_bps,estimated,"pasted_content_20.txt, CE Development Portfolio Financial Baseline, user-supplied 2026-08-21",,jchappell2120,8,8,construction,yes,Inferred preliminary planning assumption anchored to the $11.5M historical planning figure. | Calculated monthly planning series from scenario drivers; not actual project performance.
6,Garden Haven,Single-Family Residential Development,Preliminary Planning — High,upside,schedule,SCH-OCC-08,occupancy_bps,occupancy bps — month 8,2000,percentage_bps,estimated,"pasted_content_20.txt, CE Development Portfolio Financial Baseline, user-supplied 2026-08-21",,jchappell2120,8,8,construction,yes,Inferred preliminary planning assumption anchored to the $11.5M historical planning figure. | Calculated monthly planning series from scenario drivers; not actual project performance.
6,Garden Haven,Single-Family Residential Development,Preliminary Planning — High,upside,revenue,SCH-REV-08,monthly_effective_revenue,monthly effective revenue — month 8,133333,usd,estimated,"pasted_content_20.txt, CE Development Portfolio Financial Baseline, user-supplied 2026-08-21",,jchappell2120,8,8,construction,yes,Inferred preliminary planning assumption anchored to the $11.5M historical planning figure. | Calculated monthly planning series from scenario drivers; not actual project performance.
6,Garden Haven,Single-Family Residential Development,Preliminary Planning — High,upside,operations,SCH-OPEX-08,monthly_operating_expense,monthly operating expense — month 8,0,usd,estimated,"pasted_content_20.txt, CE Development Portfolio Financial Baseline, user-supplied 2026-08-21",,jchappell2120,8,8,construction,yes,Inferred preliminary planning assumption anchored to the $11.5M historical planning figure. | Calculated monthly planning series from scenario drivers; not actual project performance.
6,Garden Haven,Single-Family Residential Development,Preliminary Planning — High,upside,financing,SCH-DRAW-08,monthly_debt_draw,monthly debt draw — month 8,338000,usd,estimated,"pasted_content_20.txt, CE Development Portfolio Financial Baseline, user-supplied 2026-08-21",,jchappell2120,8,8,construction,yes,Inferred preliminary planning assumption anchored to the $11.5M historical planning figure. | Calculated monthly planning series from scenario drivers; not actual project performance.
6,Garden Haven,Single-Family Residential Development,Preliminary Planning — High,upside,financing,SCH-INT-08,monthly_interest,monthly interest — month 8,11830,usd,estimated,"pasted_content_20.txt, CE Development Portfolio Financial Baseline, user-supplied 2026-08-21",,jchappell2120,8,8,construction,yes,Inferred preliminary planning assumption anchored to the $11.5M historical planning figure. | Calculated monthly planning series from scenario drivers; not actual project performance.
6,Garden Haven,Single-Family Residential Development,Preliminary Planning — High,upside,cash_flow,SCH-CF-08,monthly_levered_cash_flow,monthly levered cash flow — month 8,-398497,usd,estimated,"pasted_content_20.txt, CE Development Portfolio Financial Baseline, user-supplied 2026-08-21",,jchappell2120,8,8,construction,yes,Inferred preliminary planning assumption anchored to the $11.5M historical planning figure. | Calculated monthly planning series from scenario drivers; not actual project performance.
6,Garden Haven,Single-Family Residential Development,Preliminary Planning — High,upside,capital_deployment,SCH-COST-09,monthly_development_spend,monthly development spend — month 9,650000,usd,estimated,"pasted_content_20.txt, CE Development Portfolio Financial Baseline, user-supplied 2026-08-21",,jchappell2120,9,9,construction,yes,Inferred preliminary planning assumption anchored to the $11.5M historical planning figure. | Calculated monthly planning series from scenario drivers; not actual project performance.
6,Garden Haven,Single-Family Residential Development,Preliminary Planning — High,upside,schedule,SCH-CUM-09,cumulative_deployment_bps,cumulative deployment bps — month 9,3625,percentage_bps,estimated,"pasted_content_20.txt, CE Development Portfolio Financial Baseline, user-supplied 2026-08-21",,jchappell2120,9,9,construction,yes,Inferred preliminary planning assumption anchored to the $11.5M historical planning figure. | Calculated monthly planning series from scenario drivers; not actual project performance.
6,Garden Haven,Single-Family Residential Development,Preliminary Planning — High,upside,schedule,SCH-OCC-09,occupancy_bps,occupancy bps — month 9,2286,percentage_bps,estimated,"pasted_content_20.txt, CE Development Portfolio Financial Baseline, user-supplied 2026-08-21",,jchappell2120,9,9,construction,yes,Inferred preliminary planning assumption anchored to the $11.5M historical planning figure. | Calculated monthly planning series from scenario drivers; not actual project performance.
6,Garden Haven,Single-Family Residential Development,Preliminary Planning — High,upside,revenue,SCH-REV-09,monthly_effective_revenue,monthly effective revenue — month 9,152400,usd,estimated,"pasted_content_20.txt, CE Development Portfolio Financial Baseline, user-supplied 2026-08-21",,jchappell2120,9,9,construction,yes,Inferred preliminary planning assumption anchored to the $11.5M historical planning figure. | Calculated monthly planning series from scenario drivers; not actual project performance.
6,Garden Haven,Single-Family Residential Development,Preliminary Planning — High,upside,operations,SCH-OPEX-09,monthly_operating_expense,monthly operating expense — month 9,0,usd,estimated,"pasted_content_20.txt, CE Development Portfolio Financial Baseline, user-supplied 2026-08-21",,jchappell2120,9,9,construction,yes,Inferred preliminary planning assumption anchored to the $11.5M historical planning figure. | Calculated monthly planning series from scenario drivers; not actual project performance.
6,Garden Haven,Single-Family Residential Development,Preliminary Planning — High,upside,financing,SCH-DRAW-09,monthly_debt_draw,monthly debt draw — month 9,422500,usd,estimated,"pasted_content_20.txt, CE Development Portfolio Financial Baseline, user-supplied 2026-08-21",,jchappell2120,9,9,construction,yes,Inferred preliminary planning assumption anchored to the $11.5M historical planning figure. | Calculated monthly planning series from scenario drivers; not actual project performance.
6,Garden Haven,Single-Family Residential Development,Preliminary Planning — High,upside,financing,SCH-INT-09,monthly_interest,monthly interest — month 9,14295,usd,estimated,"pasted_content_20.txt, CE Development Portfolio Financial Baseline, user-supplied 2026-08-21",,jchappell2120,9,9,construction,yes,Inferred preliminary planning assumption anchored to the $11.5M historical planning figure. | Calculated monthly planning series from scenario drivers; not actual project performance.
6,Garden Haven,Single-Family Residential Development,Preliminary Planning — High,upside,cash_flow,SCH-CF-09,monthly_levered_cash_flow,monthly levered cash flow — month 9,-511895,usd,estimated,"pasted_content_20.txt, CE Development Portfolio Financial Baseline, user-supplied 2026-08-21",,jchappell2120,9,9,construction,yes,Inferred preliminary planning assumption anchored to the $11.5M historical planning figure. | Calculated monthly planning series from scenario drivers; not actual project performance.
6,Garden Haven,Single-Family Residential Development,Preliminary Planning — High,upside,capital_deployment,SCH-COST-10,monthly_development_spend,monthly development spend — month 10,650000,usd,estimated,"pasted_content_20.txt, CE Development Portfolio Financial Baseline, user-supplied 2026-08-21",,jchappell2120,10,10,construction,yes,Inferred preliminary planning assumption anchored to the $11.5M historical planning figure. | Calculated monthly planning series from scenario drivers; not actual project performance.
6,Garden Haven,Single-Family Residential Development,Preliminary Planning — High,upside,schedule,SCH-CUM-10,cumulative_deployment_bps,cumulative deployment bps — month 10,4250,percentage_bps,estimated,"pasted_content_20.txt, CE Development Portfolio Financial Baseline, user-supplied 2026-08-21",,jchappell2120,10,10,construction,yes,Inferred preliminary planning assumption anchored to the $11.5M historical planning figure. | Calculated monthly planning series from scenario drivers; not actual project performance.
6,Garden Haven,Single-Family Residential Development,Preliminary Planning — High,upside,schedule,SCH-OCC-10,occupancy_bps,occupancy bps — month 10,2571,percentage_bps,estimated,"pasted_content_20.txt, CE Development Portfolio Financial Baseline, user-supplied 2026-08-21",,jchappell2120,10,10,construction,yes,Inferred preliminary planning assumption anchored to the $11.5M historical planning figure. | Calculated monthly planning series from scenario drivers; not actual project performance.
6,Garden Haven,Single-Family Residential Development,Preliminary Planning — High,upside,revenue,SCH-REV-10,monthly_effective_revenue,monthly effective revenue — month 10,171400,usd,estimated,"pasted_content_20.txt, CE Development Portfolio Financial Baseline, user-supplied 2026-08-21",,jchappell2120,10,10,construction,yes,Inferred preliminary planning assumption anchored to the $11.5M historical planning figure. | Calculated monthly planning series from scenario drivers; not actual project performance.
6,Garden Haven,Single-Family Residential Development,Preliminary Planning — High,upside,operations,SCH-OPEX-10,monthly_operating_expense,monthly operating expense — month 10,0,usd,estimated,"pasted_content_20.txt, CE Development Portfolio Financial Baseline, user-supplied 2026-08-21",,jchappell2120,10,10,construction,yes,Inferred preliminary planning assumption anchored to the $11.5M historical planning figure. | Calculated monthly planning series from scenario drivers; not actual project performance.
6,Garden Haven,Single-Family Residential Development,Preliminary Planning — High,upside,financing,SCH-DRAW-10,monthly_debt_draw,monthly debt draw — month 10,422500,usd,estimated,"pasted_content_20.txt, CE Development Portfolio Financial Baseline, user-supplied 2026-08-21",,jchappell2120,10,10,construction,yes,Inferred preliminary planning assumption anchored to the $11.5M historical planning figure. | Calculated monthly planning series from scenario drivers; not actual project performance.
6,Garden Haven,Single-Family Residential Development,Preliminary Planning — High,upside,financing,SCH-INT-10,monthly_interest,monthly interest — month 10,16759,usd,estimated,"pasted_content_20.txt, CE Development Portfolio Financial Baseline, user-supplied 2026-08-21",,jchappell2120,10,10,construction,yes,Inferred preliminary planning assumption anchored to the $11.5M historical planning figure. | Calculated monthly planning series from scenario drivers; not actual project performance.
6,Garden Haven,Single-Family Residential Development,Preliminary Planning — High,upside,cash_flow,SCH-CF-10,monthly_levered_cash_flow,monthly levered cash flow — month 10,-495359,usd,estimated,"pasted_content_20.txt, CE Development Portfolio Financial Baseline, user-supplied 2026-08-21",,jchappell2120,10,10,construction,yes,Inferred preliminary planning assumption anchored to the $11.5M historical planning figure. | Calculated monthly planning series from scenario drivers; not actual project performance.
6,Garden Haven,Single-Family Residential Development,Preliminary Planning — High,upside,capital_deployment,SCH-COST-11,monthly_development_spend,monthly development spend — month 11,650000,usd,estimated,"pasted_content_20.txt, CE Development Portfolio Financial Baseline, user-supplied 2026-08-21",,jchappell2120,11,11,construction,yes,Inferred preliminary planning assumption anchored to the $11.5M historical planning figure. | Calculated monthly planning series from scenario drivers; not actual project performance.
6,Garden Haven,Single-Family Residential Development,Preliminary Planning — High,upside,schedule,SCH-CUM-11,cumulative_deployment_bps,cumulative deployment bps — month 11,4875,percentage_bps,estimated,"pasted_content_20.txt, CE Development Portfolio Financial Baseline, user-supplied 2026-08-21",,jchappell2120,11,11,construction,yes,Inferred preliminary planning assumption anchored to the $11.5M historical planning figure. | Calculated monthly planning series from scenario drivers; not actual project performance.
6,Garden Haven,Single-Family Residential Development,Preliminary Planning — High,upside,schedule,SCH-OCC-11,occupancy_bps,occupancy bps — month 11,2857,percentage_bps,estimated,"pasted_content_20.txt, CE Development Portfolio Financial Baseline, user-supplied 2026-08-21",,jchappell2120,11,11,construction,yes,Inferred preliminary planning assumption anchored to the $11.5M historical planning figure. | Calculated monthly planning series from scenario drivers; not actual project performance.
6,Garden Haven,Single-Family Residential Development,Preliminary Planning — High,upside,revenue,SCH-REV-11,monthly_effective_revenue,monthly effective revenue — month 11,190467,usd,estimated,"pasted_content_20.txt, CE Development Portfolio Financial Baseline, user-supplied 2026-08-21",,jchappell2120,11,11,construction,yes,Inferred preliminary planning assumption anchored to the $11.5M historical planning figure. | Calculated monthly planning series from scenario drivers; not actual project performance.
6,Garden Haven,Single-Family Residential Development,Preliminary Planning — High,upside,operations,SCH-OPEX-11,monthly_operating_expense,monthly operating expense — month 11,0,usd,estimated,"pasted_content_20.txt, CE Development Portfolio Financial Baseline, user-supplied 2026-08-21",,jchappell2120,11,11,construction,yes,Inferred preliminary planning assumption anchored to the $11.5M historical planning figure. | Calculated monthly planning series from scenario drivers; not actual project performance.
6,Garden Haven,Single-Family Residential Development,Preliminary Planning — High,upside,financing,SCH-DRAW-11,monthly_debt_draw,monthly debt draw — month 11,422500,usd,estimated,"pasted_content_20.txt, CE Development Portfolio Financial Baseline, user-supplied 2026-08-21",,jchappell2120,11,11,construction,yes,Inferred preliminary planning assumption anchored to the $11.5M historical planning figure. | Calculated monthly planning series from scenario drivers; not actual project performance.
6,Garden Haven,Single-Family Residential Development,Preliminary Planning — High,upside,financing,SCH-INT-11,monthly_interest,monthly interest — month 11,19224,usd,estimated,"pasted_content_20.txt, CE Development Portfolio Financial Baseline, user-supplied 2026-08-21",,jchappell2120,11,11,construction,yes,Inferred preliminary planning assumption anchored to the $11.5M historical planning figure. | Calculated monthly planning series from scenario drivers; not actual project performance.
6,Garden Haven,Single-Family Residential Development,Preliminary Planning — High,upside,cash_flow,SCH-CF-11,monthly_levered_cash_flow,monthly levered cash flow — month 11,-478757,usd,estimated,"pasted_content_20.txt, CE Development Portfolio Financial Baseline, user-supplied 2026-08-21",,jchappell2120,11,11,construction,yes,Inferred preliminary planning assumption anchored to the $11.5M historical planning figure. | Calculated monthly planning series from scenario drivers; not actual project performance.
6,Garden Haven,Single-Family Residential Development,Preliminary Planning — High,upside,capital_deployment,SCH-COST-12,monthly_development_spend,monthly development spend — month 12,650000,usd,estimated,"pasted_content_20.txt, CE Development Portfolio Financial Baseline, user-supplied 2026-08-21",,jchappell2120,12,12,construction,yes,Inferred preliminary planning assumption anchored to the $11.5M historical planning figure. | Calculated monthly planning series from scenario drivers; not actual project performance.
6,Garden Haven,Single-Family Residential Development,Preliminary Planning — High,upside,schedule,SCH-CUM-12,cumulative_deployment_bps,cumulative deployment bps — month 12,5500,percentage_bps,estimated,"pasted_content_20.txt, CE Development Portfolio Financial Baseline, user-supplied 2026-08-21",,jchappell2120,12,12,construction,yes,Inferred preliminary planning assumption anchored to the $11.5M historical planning figure. | Calculated monthly planning series from scenario drivers; not actual project performance.
6,Garden Haven,Single-Family Residential Development,Preliminary Planning — High,upside,schedule,SCH-OCC-12,occupancy_bps,occupancy bps — month 12,3143,percentage_bps,estimated,"pasted_content_20.txt, CE Development Portfolio Financial Baseline, user-supplied 2026-08-21",,jchappell2120,12,12,construction,yes,Inferred preliminary planning assumption anchored to the $11.5M historical planning figure. | Calculated monthly planning series from scenario drivers; not actual project performance.
6,Garden Haven,Single-Family Residential Development,Preliminary Planning — High,upside,revenue,SCH-REV-12,monthly_effective_revenue,monthly effective revenue — month 12,209533,usd,estimated,"pasted_content_20.txt, CE Development Portfolio Financial Baseline, user-supplied 2026-08-21",,jchappell2120,12,12,construction,yes,Inferred preliminary planning assumption anchored to the $11.5M historical planning figure. | Calculated monthly planning series from scenario drivers; not actual project performance.
6,Garden Haven,Single-Family Residential Development,Preliminary Planning — High,upside,operations,SCH-OPEX-12,monthly_operating_expense,monthly operating expense — month 12,0,usd,estimated,"pasted_content_20.txt, CE Development Portfolio Financial Baseline, user-supplied 2026-08-21",,jchappell2120,12,12,construction,yes,Inferred preliminary planning assumption anchored to the $11.5M historical planning figure. | Calculated monthly planning series from scenario drivers; not actual project performance.
6,Garden Haven,Single-Family Residential Development,Preliminary Planning — High,upside,financing,SCH-DRAW-12,monthly_debt_draw,monthly debt draw — month 12,422500,usd,estimated,"pasted_content_20.txt, CE Development Portfolio Financial Baseline, user-supplied 2026-08-21",,jchappell2120,12,12,construction,yes,Inferred preliminary planning assumption anchored to the $11.5M historical planning figure. | Calculated monthly planning series from scenario drivers; not actual project performance.
6,Garden Haven,Single-Family Residential Development,Preliminary Planning — High,upside,financing,SCH-INT-12,monthly_interest,monthly interest — month 12,21688,usd,estimated,"pasted_content_20.txt, CE Development Portfolio Financial Baseline, user-supplied 2026-08-21",,jchappell2120,12,12,construction,yes,Inferred preliminary planning assumption anchored to the $11.5M historical planning figure. | Calculated monthly planning series from scenario drivers; not actual project performance.
6,Garden Haven,Single-Family Residential Development,Preliminary Planning — High,upside,cash_flow,SCH-CF-12,monthly_levered_cash_flow,monthly levered cash flow — month 12,-462155,usd,estimated,"pasted_content_20.txt, CE Development Portfolio Financial Baseline, user-supplied 2026-08-21",,jchappell2120,12,12,construction,yes,Inferred preliminary planning assumption anchored to the $11.5M historical planning figure. | Calculated monthly planning series from scenario drivers; not actual project performance.
6,Garden Haven,Single-Family Residential Development,Preliminary Planning — High,upside,capital_deployment,SCH-COST-13,monthly_development_spend,monthly development spend — month 13,546000,usd,estimated,"pasted_content_20.txt, CE Development Portfolio Financial Baseline, user-supplied 2026-08-21",,jchappell2120,13,13,construction,yes,Inferred preliminary planning assumption anchored to the $11.5M historical planning figure. | Calculated monthly planning series from scenario drivers; not actual project performance.
6,Garden Haven,Single-Family Residential Development,Preliminary Planning — High,upside,schedule,SCH-CUM-13,cumulative_deployment_bps,cumulative deployment bps — month 13,6025,percentage_bps,estimated,"pasted_content_20.txt, CE Development Portfolio Financial Baseline, user-supplied 2026-08-21",,jchappell2120,13,13,construction,yes,Inferred preliminary planning assumption anchored to the $11.5M historical planning figure. | Calculated monthly planning series from scenario drivers; not actual project performance.
6,Garden Haven,Single-Family Residential Development,Preliminary Planning — High,upside,schedule,SCH-OCC-13,occupancy_bps,occupancy bps — month 13,3429,percentage_bps,estimated,"pasted_content_20.txt, CE Development Portfolio Financial Baseline, user-supplied 2026-08-21",,jchappell2120,13,13,construction,yes,Inferred preliminary planning assumption anchored to the $11.5M historical planning figure. | Calculated monthly planning series from scenario drivers; not actual project performance.
6,Garden Haven,Single-Family Residential Development,Preliminary Planning — High,upside,revenue,SCH-REV-13,monthly_effective_revenue,monthly effective revenue — month 13,228600,usd,estimated,"pasted_content_20.txt, CE Development Portfolio Financial Baseline, user-supplied 2026-08-21",,jchappell2120,13,13,construction,yes,Inferred preliminary planning assumption anchored to the $11.5M historical planning figure. | Calculated monthly planning series from scenario drivers; not actual project performance.
6,Garden Haven,Single-Family Residential Development,Preliminary Planning — High,upside,operations,SCH-OPEX-13,monthly_operating_expense,monthly operating expense — month 13,0,usd,estimated,"pasted_content_20.txt, CE Development Portfolio Financial Baseline, user-supplied 2026-08-21",,jchappell2120,13,13,construction,yes,Inferred preliminary planning assumption anchored to the $11.5M historical planning figure. | Calculated monthly planning series from scenario drivers; not actual project performance.
6,Garden Haven,Single-Family Residential Development,Preliminary Planning — High,upside,financing,SCH-DRAW-13,monthly_debt_draw,monthly debt draw — month 13,354900,usd,estimated,"pasted_content_20.txt, CE Development Portfolio Financial Baseline, user-supplied 2026-08-21",,jchappell2120,13,13,construction,yes,Inferred preliminary planning assumption anchored to the $11.5M historical planning figure. | Calculated monthly planning series from scenario drivers; not actual project performance.
6,Garden Haven,Single-Family Residential Development,Preliminary Planning — High,upside,financing,SCH-INT-13,monthly_interest,monthly interest — month 13,23759,usd,estimated,"pasted_content_20.txt, CE Development Portfolio Financial Baseline, user-supplied 2026-08-21",,jchappell2120,13,13,construction,yes,Inferred preliminary planning assumption anchored to the $11.5M historical planning figure. | Calculated monthly planning series from scenario drivers; not actual project performance.
6,Garden Haven,Single-Family Residential Development,Preliminary Planning — High,upside,cash_flow,SCH-CF-13,monthly_levered_cash_flow,monthly levered cash flow — month 13,-341159,usd,estimated,"pasted_content_20.txt, CE Development Portfolio Financial Baseline, user-supplied 2026-08-21",,jchappell2120,13,13,construction,yes,Inferred preliminary planning assumption anchored to the $11.5M historical planning figure. | Calculated monthly planning series from scenario drivers; not actual project performance.
6,Garden Haven,Single-Family Residential Development,Preliminary Planning — High,upside,capital_deployment,SCH-COST-14,monthly_development_spend,monthly development spend — month 14,546000,usd,estimated,"pasted_content_20.txt, CE Development Portfolio Financial Baseline, user-supplied 2026-08-21",,jchappell2120,14,14,construction,yes,Inferred preliminary planning assumption anchored to the $11.5M historical planning figure. | Calculated monthly planning series from scenario drivers; not actual project performance.
6,Garden Haven,Single-Family Residential Development,Preliminary Planning — High,upside,schedule,SCH-CUM-14,cumulative_deployment_bps,cumulative deployment bps — month 14,6550,percentage_bps,estimated,"pasted_content_20.txt, CE Development Portfolio Financial Baseline, user-supplied 2026-08-21",,jchappell2120,14,14,construction,yes,Inferred preliminary planning assumption anchored to the $11.5M historical planning figure. | Calculated monthly planning series from scenario drivers; not actual project performance.
6,Garden Haven,Single-Family Residential Development,Preliminary Planning — High,upside,schedule,SCH-OCC-14,occupancy_bps,occupancy bps — month 14,3714,percentage_bps,estimated,"pasted_content_20.txt, CE Development Portfolio Financial Baseline, user-supplied 2026-08-21",,jchappell2120,14,14,construction,yes,Inferred preliminary planning assumption anchored to the $11.5M historical planning figure. | Calculated monthly planning series from scenario drivers; not actual project performance.
6,Garden Haven,Single-Family Residential Development,Preliminary Planning — High,upside,revenue,SCH-REV-14,monthly_effective_revenue,monthly effective revenue — month 14,247600,usd,estimated,"pasted_content_20.txt, CE Development Portfolio Financial Baseline, user-supplied 2026-08-21",,jchappell2120,14,14,construction,yes,Inferred preliminary planning assumption anchored to the $11.5M historical planning figure. | Calculated monthly planning series from scenario drivers; not actual project performance.
6,Garden Haven,Single-Family Residential Development,Preliminary Planning — High,upside,operations,SCH-OPEX-14,monthly_operating_expense,monthly operating expense — month 14,0,usd,estimated,"pasted_content_20.txt, CE Development Portfolio Financial Baseline, user-supplied 2026-08-21",,jchappell2120,14,14,construction,yes,Inferred preliminary planning assumption anchored to the $11.5M historical planning figure. | Calculated monthly planning series from scenario drivers; not actual project performance.
6,Garden Haven,Single-Family Residential Development,Preliminary Planning — High,upside,financing,SCH-DRAW-14,monthly_debt_draw,monthly debt draw — month 14,354900,usd,estimated,"pasted_content_20.txt, CE Development Portfolio Financial Baseline, user-supplied 2026-08-21",,jchappell2120,14,14,construction,yes,Inferred preliminary planning assumption anchored to the $11.5M historical planning figure. | Calculated monthly planning series from scenario drivers; not actual project performance.
6,Garden Haven,Single-Family Residential Development,Preliminary Planning — High,upside,financing,SCH-INT-14,monthly_interest,monthly interest — month 14,25829,usd,estimated,"pasted_content_20.txt, CE Development Portfolio Financial Baseline, user-supplied 2026-08-21",,jchappell2120,14,14,construction,yes,Inferred preliminary planning assumption anchored to the $11.5M historical planning figure. | Calculated monthly planning series from scenario drivers; not actual project performance.
6,Garden Haven,Single-Family Residential Development,Preliminary Planning — High,upside,cash_flow,SCH-CF-14,monthly_levered_cash_flow,monthly levered cash flow — month 14,-324229,usd,estimated,"pasted_content_20.txt, CE Development Portfolio Financial Baseline, user-supplied 2026-08-21",,jchappell2120,14,14,construction,yes,Inferred preliminary planning assumption anchored to the $11.5M historical planning figure. | Calculated monthly planning series from scenario drivers; not actual project performance.
6,Garden Haven,Single-Family Residential Development,Preliminary Planning — High,upside,capital_deployment,SCH-COST-15,monthly_development_spend,monthly development spend — month 15,546000,usd,estimated,"pasted_content_20.txt, CE Development Portfolio Financial Baseline, user-supplied 2026-08-21",,jchappell2120,15,15,construction,yes,Inferred preliminary planning assumption anchored to the $11.5M historical planning figure. | Calculated monthly planning series from scenario drivers; not actual project performance.
6,Garden Haven,Single-Family Residential Development,Preliminary Planning — High,upside,schedule,SCH-CUM-15,cumulative_deployment_bps,cumulative deployment bps — month 15,7075,percentage_bps,estimated,"pasted_content_20.txt, CE Development Portfolio Financial Baseline, user-supplied 2026-08-21",,jchappell2120,15,15,construction,yes,Inferred preliminary planning assumption anchored to the $11.5M historical planning figure. | Calculated monthly planning series from scenario drivers; not actual project performance.
6,Garden Haven,Single-Family Residential Development,Preliminary Planning — High,upside,schedule,SCH-OCC-15,occupancy_bps,occupancy bps — month 15,4000,percentage_bps,estimated,"pasted_content_20.txt, CE Development Portfolio Financial Baseline, user-supplied 2026-08-21",,jchappell2120,15,15,construction,yes,Inferred preliminary planning assumption anchored to the $11.5M historical planning figure. | Calculated monthly planning series from scenario drivers; not actual project performance.
6,Garden Haven,Single-Family Residential Development,Preliminary Planning — High,upside,revenue,SCH-REV-15,monthly_effective_revenue,monthly effective revenue — month 15,266667,usd,estimated,"pasted_content_20.txt, CE Development Portfolio Financial Baseline, user-supplied 2026-08-21",,jchappell2120,15,15,construction,yes,Inferred preliminary planning assumption anchored to the $11.5M historical planning figure. | Calculated monthly planning series from scenario drivers; not actual project performance.
6,Garden Haven,Single-Family Residential Development,Preliminary Planning — High,upside,operations,SCH-OPEX-15,monthly_operating_expense,monthly operating expense — month 15,0,usd,estimated,"pasted_content_20.txt, CE Development Portfolio Financial Baseline, user-supplied 2026-08-21",,jchappell2120,15,15,construction,yes,Inferred preliminary planning assumption anchored to the $11.5M historical planning figure. | Calculated monthly planning series from scenario drivers; not actual project performance.
6,Garden Haven,Single-Family Residential Development,Preliminary Planning — High,upside,financing,SCH-DRAW-15,monthly_debt_draw,monthly debt draw — month 15,354900,usd,estimated,"pasted_content_20.txt, CE Development Portfolio Financial Baseline, user-supplied 2026-08-21",,jchappell2120,15,15,construction,yes,Inferred preliminary planning assumption anchored to the $11.5M historical planning figure. | Calculated monthly planning series from scenario drivers; not actual project performance.
6,Garden Haven,Single-Family Residential Development,Preliminary Planning — High,upside,financing,SCH-INT-15,monthly_interest,monthly interest — month 15,27899,usd,estimated,"pasted_content_20.txt, CE Development Portfolio Financial Baseline, user-supplied 2026-08-21",,jchappell2120,15,15,construction,yes,Inferred preliminary planning assumption anchored to the $11.5M historical planning figure. | Calculated monthly planning series from scenario drivers; not actual project performance.
6,Garden Haven,Single-Family Residential Development,Preliminary Planning — High,upside,cash_flow,SCH-CF-15,monthly_levered_cash_flow,monthly levered cash flow — month 15,-307232,usd,estimated,"pasted_content_20.txt, CE Development Portfolio Financial Baseline, user-supplied 2026-08-21",,jchappell2120,15,15,construction,yes,Inferred preliminary planning assumption anchored to the $11.5M historical planning figure. | Calculated monthly planning series from scenario drivers; not actual project performance.
6,Garden Haven,Single-Family Residential Development,Preliminary Planning — High,upside,capital_deployment,SCH-COST-16,monthly_development_spend,monthly development spend — month 16,546000,usd,estimated,"pasted_content_20.txt, CE Development Portfolio Financial Baseline, user-supplied 2026-08-21",,jchappell2120,16,16,construction,yes,Inferred preliminary planning assumption anchored to the $11.5M historical planning figure. | Calculated monthly planning series from scenario drivers; not actual project performance.
6,Garden Haven,Single-Family Residential Development,Preliminary Planning — High,upside,schedule,SCH-CUM-16,cumulative_deployment_bps,cumulative deployment bps — month 16,7600,percentage_bps,estimated,"pasted_content_20.txt, CE Development Portfolio Financial Baseline, user-supplied 2026-08-21",,jchappell2120,16,16,construction,yes,Inferred preliminary planning assumption anchored to the $11.5M historical planning figure. | Calculated monthly planning series from scenario drivers; not actual project performance.
6,Garden Haven,Single-Family Residential Development,Preliminary Planning — High,upside,schedule,SCH-OCC-16,occupancy_bps,occupancy bps — month 16,4286,percentage_bps,estimated,"pasted_content_20.txt, CE Development Portfolio Financial Baseline, user-supplied 2026-08-21",,jchappell2120,16,16,construction,yes,Inferred preliminary planning assumption anchored to the $11.5M historical planning figure. | Calculated monthly planning series from scenario drivers; not actual project performance.
6,Garden Haven,Single-Family Residential Development,Preliminary Planning — High,upside,revenue,SCH-REV-16,monthly_effective_revenue,monthly effective revenue — month 16,285733,usd,estimated,"pasted_content_20.txt, CE Development Portfolio Financial Baseline, user-supplied 2026-08-21",,jchappell2120,16,16,construction,yes,Inferred preliminary planning assumption anchored to the $11.5M historical planning figure. | Calculated monthly planning series from scenario drivers; not actual project performance.
6,Garden Haven,Single-Family Residential Development,Preliminary Planning — High,upside,operations,SCH-OPEX-16,monthly_operating_expense,monthly operating expense — month 16,0,usd,estimated,"pasted_content_20.txt, CE Development Portfolio Financial Baseline, user-supplied 2026-08-21",,jchappell2120,16,16,construction,yes,Inferred preliminary planning assumption anchored to the $11.5M historical planning figure. | Calculated monthly planning series from scenario drivers; not actual project performance.
6,Garden Haven,Single-Family Residential Development,Preliminary Planning — High,upside,financing,SCH-DRAW-16,monthly_debt_draw,monthly debt draw — month 16,354900,usd,estimated,"pasted_content_20.txt, CE Development Portfolio Financial Baseline, user-supplied 2026-08-21",,jchappell2120,16,16,construction,yes,Inferred preliminary planning assumption anchored to the $11.5M historical planning figure. | Calculated monthly planning series from scenario drivers; not actual project performance.
6,Garden Haven,Single-Family Residential Development,Preliminary Planning — High,upside,financing,SCH-INT-16,monthly_interest,monthly interest — month 16,29969,usd,estimated,"pasted_content_20.txt, CE Development Portfolio Financial Baseline, user-supplied 2026-08-21",,jchappell2120,16,16,construction,yes,Inferred preliminary planning assumption anchored to the $11.5M historical planning figure. | Calculated monthly planning series from scenario drivers; not actual project performance.
6,Garden Haven,Single-Family Residential Development,Preliminary Planning — High,upside,cash_flow,SCH-CF-16,monthly_levered_cash_flow,monthly levered cash flow — month 16,-290236,usd,estimated,"pasted_content_20.txt, CE Development Portfolio Financial Baseline, user-supplied 2026-08-21",,jchappell2120,16,16,construction,yes,Inferred preliminary planning assumption anchored to the $11.5M historical planning figure. | Calculated monthly planning series from scenario drivers; not actual project performance.
6,Garden Haven,Single-Family Residential Development,Preliminary Planning — High,upside,capital_deployment,SCH-COST-17,monthly_development_spend,monthly development spend — month 17,364000,usd,estimated,"pasted_content_20.txt, CE Development Portfolio Financial Baseline, user-supplied 2026-08-21",,jchappell2120,17,17,construction,yes,Inferred preliminary planning assumption anchored to the $11.5M historical planning figure. | Calculated monthly planning series from scenario drivers; not actual project performance.
6,Garden Haven,Single-Family Residential Development,Preliminary Planning — High,upside,schedule,SCH-CUM-17,cumulative_deployment_bps,cumulative deployment bps — month 17,7950,percentage_bps,estimated,"pasted_content_20.txt, CE Development Portfolio Financial Baseline, user-supplied 2026-08-21",,jchappell2120,17,17,construction,yes,Inferred preliminary planning assumption anchored to the $11.5M historical planning figure. | Calculated monthly planning series from scenario drivers; not actual project performance.
6,Garden Haven,Single-Family Residential Development,Preliminary Planning — High,upside,schedule,SCH-OCC-17,occupancy_bps,occupancy bps — month 17,4571,percentage_bps,estimated,"pasted_content_20.txt, CE Development Portfolio Financial Baseline, user-supplied 2026-08-21",,jchappell2120,17,17,construction,yes,Inferred preliminary planning assumption anchored to the $11.5M historical planning figure. | Calculated monthly planning series from scenario drivers; not actual project performance.
6,Garden Haven,Single-Family Residential Development,Preliminary Planning — High,upside,revenue,SCH-REV-17,monthly_effective_revenue,monthly effective revenue — month 17,304733,usd,estimated,"pasted_content_20.txt, CE Development Portfolio Financial Baseline, user-supplied 2026-08-21",,jchappell2120,17,17,construction,yes,Inferred preliminary planning assumption anchored to the $11.5M historical planning figure. | Calculated monthly planning series from scenario drivers; not actual project performance.
6,Garden Haven,Single-Family Residential Development,Preliminary Planning — High,upside,operations,SCH-OPEX-17,monthly_operating_expense,monthly operating expense — month 17,0,usd,estimated,"pasted_content_20.txt, CE Development Portfolio Financial Baseline, user-supplied 2026-08-21",,jchappell2120,17,17,construction,yes,Inferred preliminary planning assumption anchored to the $11.5M historical planning figure. | Calculated monthly planning series from scenario drivers; not actual project performance.
6,Garden Haven,Single-Family Residential Development,Preliminary Planning — High,upside,financing,SCH-DRAW-17,monthly_debt_draw,monthly debt draw — month 17,236600,usd,estimated,"pasted_content_20.txt, CE Development Portfolio Financial Baseline, user-supplied 2026-08-21",,jchappell2120,17,17,construction,yes,Inferred preliminary planning assumption anchored to the $11.5M historical planning figure. | Calculated monthly planning series from scenario drivers; not actual project performance.
6,Garden Haven,Single-Family Residential Development,Preliminary Planning — High,upside,financing,SCH-INT-17,monthly_interest,monthly interest — month 17,31350,usd,estimated,"pasted_content_20.txt, CE Development Portfolio Financial Baseline, user-supplied 2026-08-21",,jchappell2120,17,17,construction,yes,Inferred preliminary planning assumption anchored to the $11.5M historical planning figure. | Calculated monthly planning series from scenario drivers; not actual project performance.
6,Garden Haven,Single-Family Residential Development,Preliminary Planning — High,upside,cash_flow,SCH-CF-17,monthly_levered_cash_flow,monthly levered cash flow — month 17,-90617,usd,estimated,"pasted_content_20.txt, CE Development Portfolio Financial Baseline, user-supplied 2026-08-21",,jchappell2120,17,17,construction,yes,Inferred preliminary planning assumption anchored to the $11.5M historical planning figure. | Calculated monthly planning series from scenario drivers; not actual project performance.
6,Garden Haven,Single-Family Residential Development,Preliminary Planning — High,upside,capital_deployment,SCH-COST-18,monthly_development_spend,monthly development spend — month 18,364000,usd,estimated,"pasted_content_20.txt, CE Development Portfolio Financial Baseline, user-supplied 2026-08-21",,jchappell2120,18,18,construction,yes,Inferred preliminary planning assumption anchored to the $11.5M historical planning figure. | Calculated monthly planning series from scenario drivers; not actual project performance.
6,Garden Haven,Single-Family Residential Development,Preliminary Planning — High,upside,schedule,SCH-CUM-18,cumulative_deployment_bps,cumulative deployment bps — month 18,8300,percentage_bps,estimated,"pasted_content_20.txt, CE Development Portfolio Financial Baseline, user-supplied 2026-08-21",,jchappell2120,18,18,construction,yes,Inferred preliminary planning assumption anchored to the $11.5M historical planning figure. | Calculated monthly planning series from scenario drivers; not actual project performance.
6,Garden Haven,Single-Family Residential Development,Preliminary Planning — High,upside,schedule,SCH-OCC-18,occupancy_bps,occupancy bps — month 18,4857,percentage_bps,estimated,"pasted_content_20.txt, CE Development Portfolio Financial Baseline, user-supplied 2026-08-21",,jchappell2120,18,18,construction,yes,Inferred preliminary planning assumption anchored to the $11.5M historical planning figure. | Calculated monthly planning series from scenario drivers; not actual project performance.
6,Garden Haven,Single-Family Residential Development,Preliminary Planning — High,upside,revenue,SCH-REV-18,monthly_effective_revenue,monthly effective revenue — month 18,323800,usd,estimated,"pasted_content_20.txt, CE Development Portfolio Financial Baseline, user-supplied 2026-08-21",,jchappell2120,18,18,construction,yes,Inferred preliminary planning assumption anchored to the $11.5M historical planning figure. | Calculated monthly planning series from scenario drivers; not actual project performance.
6,Garden Haven,Single-Family Residential Development,Preliminary Planning — High,upside,operations,SCH-OPEX-18,monthly_operating_expense,monthly operating expense — month 18,0,usd,estimated,"pasted_content_20.txt, CE Development Portfolio Financial Baseline, user-supplied 2026-08-21",,jchappell2120,18,18,construction,yes,Inferred preliminary planning assumption anchored to the $11.5M historical planning figure. | Calculated monthly planning series from scenario drivers; not actual project performance.
6,Garden Haven,Single-Family Residential Development,Preliminary Planning — High,upside,financing,SCH-DRAW-18,monthly_debt_draw,monthly debt draw — month 18,236600,usd,estimated,"pasted_content_20.txt, CE Development Portfolio Financial Baseline, user-supplied 2026-08-21",,jchappell2120,18,18,construction,yes,Inferred preliminary planning assumption anchored to the $11.5M historical planning figure. | Calculated monthly planning series from scenario drivers; not actual project performance.
6,Garden Haven,Single-Family Residential Development,Preliminary Planning — High,upside,financing,SCH-INT-18,monthly_interest,monthly interest — month 18,32730,usd,estimated,"pasted_content_20.txt, CE Development Portfolio Financial Baseline, user-supplied 2026-08-21",,jchappell2120,18,18,construction,yes,Inferred preliminary planning assumption anchored to the $11.5M historical planning figure. | Calculated monthly planning series from scenario drivers; not actual project performance.
6,Garden Haven,Single-Family Residential Development,Preliminary Planning — High,upside,cash_flow,SCH-CF-18,monthly_levered_cash_flow,monthly levered cash flow — month 18,-72930,usd,estimated,"pasted_content_20.txt, CE Development Portfolio Financial Baseline, user-supplied 2026-08-21",,jchappell2120,18,18,construction,yes,Inferred preliminary planning assumption anchored to the $11.5M historical planning figure. | Calculated monthly planning series from scenario drivers; not actual project performance.
6,Garden Haven,Single-Family Residential Development,Preliminary Planning — High,upside,capital_deployment,SCH-COST-19,monthly_development_spend,monthly development spend — month 19,364000,usd,estimated,"pasted_content_20.txt, CE Development Portfolio Financial Baseline, user-supplied 2026-08-21",,jchappell2120,19,19,construction,yes,Inferred preliminary planning assumption anchored to the $11.5M historical planning figure. | Calculated monthly planning series from scenario drivers; not actual project performance.
6,Garden Haven,Single-Family Residential Development,Preliminary Planning — High,upside,schedule,SCH-CUM-19,cumulative_deployment_bps,cumulative deployment bps — month 19,8650,percentage_bps,estimated,"pasted_content_20.txt, CE Development Portfolio Financial Baseline, user-supplied 2026-08-21",,jchappell2120,19,19,construction,yes,Inferred preliminary planning assumption anchored to the $11.5M historical planning figure. | Calculated monthly planning series from scenario drivers; not actual project performance.
6,Garden Haven,Single-Family Residential Development,Preliminary Planning — High,upside,schedule,SCH-OCC-19,occupancy_bps,occupancy bps — month 19,5143,percentage_bps,estimated,"pasted_content_20.txt, CE Development Portfolio Financial Baseline, user-supplied 2026-08-21",,jchappell2120,19,19,construction,yes,Inferred preliminary planning assumption anchored to the $11.5M historical planning figure. | Calculated monthly planning series from scenario drivers; not actual project performance.
6,Garden Haven,Single-Family Residential Development,Preliminary Planning — High,upside,revenue,SCH-REV-19,monthly_effective_revenue,monthly effective revenue — month 19,342867,usd,estimated,"pasted_content_20.txt, CE Development Portfolio Financial Baseline, user-supplied 2026-08-21",,jchappell2120,19,19,construction,yes,Inferred preliminary planning assumption anchored to the $11.5M historical planning figure. | Calculated monthly planning series from scenario drivers; not actual project performance.
6,Garden Haven,Single-Family Residential Development,Preliminary Planning — High,upside,operations,SCH-OPEX-19,monthly_operating_expense,monthly operating expense — month 19,0,usd,estimated,"pasted_content_20.txt, CE Development Portfolio Financial Baseline, user-supplied 2026-08-21",,jchappell2120,19,19,construction,yes,Inferred preliminary planning assumption anchored to the $11.5M historical planning figure. | Calculated monthly planning series from scenario drivers; not actual project performance.
6,Garden Haven,Single-Family Residential Development,Preliminary Planning — High,upside,financing,SCH-DRAW-19,monthly_debt_draw,monthly debt draw — month 19,236600,usd,estimated,"pasted_content_20.txt, CE Development Portfolio Financial Baseline, user-supplied 2026-08-21",,jchappell2120,19,19,construction,yes,Inferred preliminary planning assumption anchored to the $11.5M historical planning figure. | Calculated monthly planning series from scenario drivers; not actual project performance.
6,Garden Haven,Single-Family Residential Development,Preliminary Planning — High,upside,financing,SCH-INT-19,monthly_interest,monthly interest — month 19,34110,usd,estimated,"pasted_content_20.txt, CE Development Portfolio Financial Baseline, user-supplied 2026-08-21",,jchappell2120,19,19,construction,yes,Inferred preliminary planning assumption anchored to the $11.5M historical planning figure. | Calculated monthly planning series from scenario drivers; not actual project performance.
6,Garden Haven,Single-Family Residential Development,Preliminary Planning — High,upside,cash_flow,SCH-CF-19,monthly_levered_cash_flow,monthly levered cash flow — month 19,-55243,usd,estimated,"pasted_content_20.txt, CE Development Portfolio Financial Baseline, user-supplied 2026-08-21",,jchappell2120,19,19,construction,yes,Inferred preliminary planning assumption anchored to the $11.5M historical planning figure. | Calculated monthly planning series from scenario drivers; not actual project performance.
6,Garden Haven,Single-Family Residential Development,Preliminary Planning — High,upside,capital_deployment,SCH-COST-20,monthly_development_spend,monthly development spend — month 20,364000,usd,estimated,"pasted_content_20.txt, CE Development Portfolio Financial Baseline, user-supplied 2026-08-21",,jchappell2120,20,20,construction,yes,Inferred preliminary planning assumption anchored to the $11.5M historical planning figure. | Calculated monthly planning series from scenario drivers; not actual project performance.
6,Garden Haven,Single-Family Residential Development,Preliminary Planning — High,upside,schedule,SCH-CUM-20,cumulative_deployment_bps,cumulative deployment bps — month 20,9000,percentage_bps,estimated,"pasted_content_20.txt, CE Development Portfolio Financial Baseline, user-supplied 2026-08-21",,jchappell2120,20,20,construction,yes,Inferred preliminary planning assumption anchored to the $11.5M historical planning figure. | Calculated monthly planning series from scenario drivers; not actual project performance.
6,Garden Haven,Single-Family Residential Development,Preliminary Planning — High,upside,schedule,SCH-OCC-20,occupancy_bps,occupancy bps — month 20,5429,percentage_bps,estimated,"pasted_content_20.txt, CE Development Portfolio Financial Baseline, user-supplied 2026-08-21",,jchappell2120,20,20,construction,yes,Inferred preliminary planning assumption anchored to the $11.5M historical planning figure. | Calculated monthly planning series from scenario drivers; not actual project performance.
6,Garden Haven,Single-Family Residential Development,Preliminary Planning — High,upside,revenue,SCH-REV-20,monthly_effective_revenue,monthly effective revenue — month 20,361933,usd,estimated,"pasted_content_20.txt, CE Development Portfolio Financial Baseline, user-supplied 2026-08-21",,jchappell2120,20,20,construction,yes,Inferred preliminary planning assumption anchored to the $11.5M historical planning figure. | Calculated monthly planning series from scenario drivers; not actual project performance.
6,Garden Haven,Single-Family Residential Development,Preliminary Planning — High,upside,operations,SCH-OPEX-20,monthly_operating_expense,monthly operating expense — month 20,0,usd,estimated,"pasted_content_20.txt, CE Development Portfolio Financial Baseline, user-supplied 2026-08-21",,jchappell2120,20,20,construction,yes,Inferred preliminary planning assumption anchored to the $11.5M historical planning figure. | Calculated monthly planning series from scenario drivers; not actual project performance.
6,Garden Haven,Single-Family Residential Development,Preliminary Planning — High,upside,financing,SCH-DRAW-20,monthly_debt_draw,monthly debt draw — month 20,236600,usd,estimated,"pasted_content_20.txt, CE Development Portfolio Financial Baseline, user-supplied 2026-08-21",,jchappell2120,20,20,construction,yes,Inferred preliminary planning assumption anchored to the $11.5M historical planning figure. | Calculated monthly planning series from scenario drivers; not actual project performance.
6,Garden Haven,Single-Family Residential Development,Preliminary Planning — High,upside,financing,SCH-INT-20,monthly_interest,monthly interest — month 20,35490,usd,estimated,"pasted_content_20.txt, CE Development Portfolio Financial Baseline, user-supplied 2026-08-21",,jchappell2120,20,20,construction,yes,Inferred preliminary planning assumption anchored to the $11.5M historical planning figure. | Calculated monthly planning series from scenario drivers; not actual project performance.
6,Garden Haven,Single-Family Residential Development,Preliminary Planning — High,upside,cash_flow,SCH-CF-20,monthly_levered_cash_flow,monthly levered cash flow — month 20,-37557,usd,estimated,"pasted_content_20.txt, CE Development Portfolio Financial Baseline, user-supplied 2026-08-21",,jchappell2120,20,20,construction,yes,Inferred preliminary planning assumption anchored to the $11.5M historical planning figure. | Calculated monthly planning series from scenario drivers; not actual project performance.
6,Garden Haven,Single-Family Residential Development,Preliminary Planning — High,upside,capital_deployment,SCH-COST-21,monthly_development_spend,monthly development spend — month 21,260000,usd,estimated,"pasted_content_20.txt, CE Development Portfolio Financial Baseline, user-supplied 2026-08-21",,jchappell2120,21,21,construction,yes,Inferred preliminary planning assumption anchored to the $11.5M historical planning figure. | Calculated monthly planning series from scenario drivers; not actual project performance.
6,Garden Haven,Single-Family Residential Development,Preliminary Planning — High,upside,schedule,SCH-CUM-21,cumulative_deployment_bps,cumulative deployment bps — month 21,9250,percentage_bps,estimated,"pasted_content_20.txt, CE Development Portfolio Financial Baseline, user-supplied 2026-08-21",,jchappell2120,21,21,construction,yes,Inferred preliminary planning assumption anchored to the $11.5M historical planning figure. | Calculated monthly planning series from scenario drivers; not actual project performance.
6,Garden Haven,Single-Family Residential Development,Preliminary Planning — High,upside,schedule,SCH-OCC-21,occupancy_bps,occupancy bps — month 21,5714,percentage_bps,estimated,"pasted_content_20.txt, CE Development Portfolio Financial Baseline, user-supplied 2026-08-21",,jchappell2120,21,21,construction,yes,Inferred preliminary planning assumption anchored to the $11.5M historical planning figure. | Calculated monthly planning series from scenario drivers; not actual project performance.
6,Garden Haven,Single-Family Residential Development,Preliminary Planning — High,upside,revenue,SCH-REV-21,monthly_effective_revenue,monthly effective revenue — month 21,380933,usd,estimated,"pasted_content_20.txt, CE Development Portfolio Financial Baseline, user-supplied 2026-08-21",,jchappell2120,21,21,construction,yes,Inferred preliminary planning assumption anchored to the $11.5M historical planning figure. | Calculated monthly planning series from scenario drivers; not actual project performance.
6,Garden Haven,Single-Family Residential Development,Preliminary Planning — High,upside,operations,SCH-OPEX-21,monthly_operating_expense,monthly operating expense — month 21,0,usd,estimated,"pasted_content_20.txt, CE Development Portfolio Financial Baseline, user-supplied 2026-08-21",,jchappell2120,21,21,construction,yes,Inferred preliminary planning assumption anchored to the $11.5M historical planning figure. | Calculated monthly planning series from scenario drivers; not actual project performance.
6,Garden Haven,Single-Family Residential Development,Preliminary Planning — High,upside,financing,SCH-DRAW-21,monthly_debt_draw,monthly debt draw — month 21,169000,usd,estimated,"pasted_content_20.txt, CE Development Portfolio Financial Baseline, user-supplied 2026-08-21",,jchappell2120,21,21,construction,yes,Inferred preliminary planning assumption anchored to the $11.5M historical planning figure. | Calculated monthly planning series from scenario drivers; not actual project performance.
6,Garden Haven,Single-Family Residential Development,Preliminary Planning — High,upside,financing,SCH-INT-21,monthly_interest,monthly interest — month 21,36476,usd,estimated,"pasted_content_20.txt, CE Development Portfolio Financial Baseline, user-supplied 2026-08-21",,jchappell2120,21,21,construction,yes,Inferred preliminary planning assumption anchored to the $11.5M historical planning figure. | Calculated monthly planning series from scenario drivers; not actual project performance.
6,Garden Haven,Single-Family Residential Development,Preliminary Planning — High,upside,cash_flow,SCH-CF-21,monthly_levered_cash_flow,monthly levered cash flow — month 21,84457,usd,estimated,"pasted_content_20.txt, CE Development Portfolio Financial Baseline, user-supplied 2026-08-21",,jchappell2120,21,21,construction,yes,Inferred preliminary planning assumption anchored to the $11.5M historical planning figure. | Calculated monthly planning series from scenario drivers; not actual project performance.
6,Garden Haven,Single-Family Residential Development,Preliminary Planning — High,upside,capital_deployment,SCH-COST-22,monthly_development_spend,monthly development spend — month 22,260000,usd,estimated,"pasted_content_20.txt, CE Development Portfolio Financial Baseline, user-supplied 2026-08-21",,jchappell2120,22,22,construction,yes,Inferred preliminary planning assumption anchored to the $11.5M historical planning figure. | Calculated monthly planning series from scenario drivers; not actual project performance.
6,Garden Haven,Single-Family Residential Development,Preliminary Planning — High,upside,schedule,SCH-CUM-22,cumulative_deployment_bps,cumulative deployment bps — month 22,9500,percentage_bps,estimated,"pasted_content_20.txt, CE Development Portfolio Financial Baseline, user-supplied 2026-08-21",,jchappell2120,22,22,construction,yes,Inferred preliminary planning assumption anchored to the $11.5M historical planning figure. | Calculated monthly planning series from scenario drivers; not actual project performance.
6,Garden Haven,Single-Family Residential Development,Preliminary Planning — High,upside,schedule,SCH-OCC-22,occupancy_bps,occupancy bps — month 22,6000,percentage_bps,estimated,"pasted_content_20.txt, CE Development Portfolio Financial Baseline, user-supplied 2026-08-21",,jchappell2120,22,22,construction,yes,Inferred preliminary planning assumption anchored to the $11.5M historical planning figure. | Calculated monthly planning series from scenario drivers; not actual project performance.
6,Garden Haven,Single-Family Residential Development,Preliminary Planning — High,upside,revenue,SCH-REV-22,monthly_effective_revenue,monthly effective revenue — month 22,400000,usd,estimated,"pasted_content_20.txt, CE Development Portfolio Financial Baseline, user-supplied 2026-08-21",,jchappell2120,22,22,construction,yes,Inferred preliminary planning assumption anchored to the $11.5M historical planning figure. | Calculated monthly planning series from scenario drivers; not actual project performance.
6,Garden Haven,Single-Family Residential Development,Preliminary Planning — High,upside,operations,SCH-OPEX-22,monthly_operating_expense,monthly operating expense — month 22,0,usd,estimated,"pasted_content_20.txt, CE Development Portfolio Financial Baseline, user-supplied 2026-08-21",,jchappell2120,22,22,construction,yes,Inferred preliminary planning assumption anchored to the $11.5M historical planning figure. | Calculated monthly planning series from scenario drivers; not actual project performance.
6,Garden Haven,Single-Family Residential Development,Preliminary Planning — High,upside,financing,SCH-DRAW-22,monthly_debt_draw,monthly debt draw — month 22,169000,usd,estimated,"pasted_content_20.txt, CE Development Portfolio Financial Baseline, user-supplied 2026-08-21",,jchappell2120,22,22,construction,yes,Inferred preliminary planning assumption anchored to the $11.5M historical planning figure. | Calculated monthly planning series from scenario drivers; not actual project performance.
6,Garden Haven,Single-Family Residential Development,Preliminary Planning — High,upside,financing,SCH-INT-22,monthly_interest,monthly interest — month 22,37462,usd,estimated,"pasted_content_20.txt, CE Development Portfolio Financial Baseline, user-supplied 2026-08-21",,jchappell2120,22,22,construction,yes,Inferred preliminary planning assumption anchored to the $11.5M historical planning figure. | Calculated monthly planning series from scenario drivers; not actual project performance.
6,Garden Haven,Single-Family Residential Development,Preliminary Planning — High,upside,cash_flow,SCH-CF-22,monthly_levered_cash_flow,monthly levered cash flow — month 22,102538,usd,estimated,"pasted_content_20.txt, CE Development Portfolio Financial Baseline, user-supplied 2026-08-21",,jchappell2120,22,22,construction,yes,Inferred preliminary planning assumption anchored to the $11.5M historical planning figure. | Calculated monthly planning series from scenario drivers; not actual project performance.
6,Garden Haven,Single-Family Residential Development,Preliminary Planning — High,upside,capital_deployment,SCH-COST-23,monthly_development_spend,monthly development spend — month 23,260000,usd,estimated,"pasted_content_20.txt, CE Development Portfolio Financial Baseline, user-supplied 2026-08-21",,jchappell2120,23,23,construction,yes,Inferred preliminary planning assumption anchored to the $11.5M historical planning figure. | Calculated monthly planning series from scenario drivers; not actual project performance.
6,Garden Haven,Single-Family Residential Development,Preliminary Planning — High,upside,schedule,SCH-CUM-23,cumulative_deployment_bps,cumulative deployment bps — month 23,9750,percentage_bps,estimated,"pasted_content_20.txt, CE Development Portfolio Financial Baseline, user-supplied 2026-08-21",,jchappell2120,23,23,construction,yes,Inferred preliminary planning assumption anchored to the $11.5M historical planning figure. | Calculated monthly planning series from scenario drivers; not actual project performance.
6,Garden Haven,Single-Family Residential Development,Preliminary Planning — High,upside,schedule,SCH-OCC-23,occupancy_bps,occupancy bps — month 23,6286,percentage_bps,estimated,"pasted_content_20.txt, CE Development Portfolio Financial Baseline, user-supplied 2026-08-21",,jchappell2120,23,23,construction,yes,Inferred preliminary planning assumption anchored to the $11.5M historical planning figure. | Calculated monthly planning series from scenario drivers; not actual project performance.
6,Garden Haven,Single-Family Residential Development,Preliminary Planning — High,upside,revenue,SCH-REV-23,monthly_effective_revenue,monthly effective revenue — month 23,419067,usd,estimated,"pasted_content_20.txt, CE Development Portfolio Financial Baseline, user-supplied 2026-08-21",,jchappell2120,23,23,construction,yes,Inferred preliminary planning assumption anchored to the $11.5M historical planning figure. | Calculated monthly planning series from scenario drivers; not actual project performance.
6,Garden Haven,Single-Family Residential Development,Preliminary Planning — High,upside,operations,SCH-OPEX-23,monthly_operating_expense,monthly operating expense — month 23,0,usd,estimated,"pasted_content_20.txt, CE Development Portfolio Financial Baseline, user-supplied 2026-08-21",,jchappell2120,23,23,construction,yes,Inferred preliminary planning assumption anchored to the $11.5M historical planning figure. | Calculated monthly planning series from scenario drivers; not actual project performance.
6,Garden Haven,Single-Family Residential Development,Preliminary Planning — High,upside,financing,SCH-DRAW-23,monthly_debt_draw,monthly debt draw — month 23,169000,usd,estimated,"pasted_content_20.txt, CE Development Portfolio Financial Baseline, user-supplied 2026-08-21",,jchappell2120,23,23,construction,yes,Inferred preliminary planning assumption anchored to the $11.5M historical planning figure. | Calculated monthly planning series from scenario drivers; not actual project performance.
6,Garden Haven,Single-Family Residential Development,Preliminary Planning — High,upside,financing,SCH-INT-23,monthly_interest,monthly interest — month 23,38448,usd,estimated,"pasted_content_20.txt, CE Development Portfolio Financial Baseline, user-supplied 2026-08-21",,jchappell2120,23,23,construction,yes,Inferred preliminary planning assumption anchored to the $11.5M historical planning figure. | Calculated monthly planning series from scenario drivers; not actual project performance.
6,Garden Haven,Single-Family Residential Development,Preliminary Planning — High,upside,cash_flow,SCH-CF-23,monthly_levered_cash_flow,monthly levered cash flow — month 23,120619,usd,estimated,"pasted_content_20.txt, CE Development Portfolio Financial Baseline, user-supplied 2026-08-21",,jchappell2120,23,23,construction,yes,Inferred preliminary planning assumption anchored to the $11.5M historical planning figure. | Calculated monthly planning series from scenario drivers; not actual project performance.
6,Garden Haven,Single-Family Residential Development,Preliminary Planning — High,upside,capital_deployment,SCH-COST-24,monthly_development_spend,monthly development spend — month 24,260000,usd,estimated,"pasted_content_20.txt, CE Development Portfolio Financial Baseline, user-supplied 2026-08-21",,jchappell2120,24,24,construction,yes,Inferred preliminary planning assumption anchored to the $11.5M historical planning figure. | Calculated monthly planning series from scenario drivers; not actual project performance.
6,Garden Haven,Single-Family Residential Development,Preliminary Planning — High,upside,schedule,SCH-CUM-24,cumulative_deployment_bps,cumulative deployment bps — month 24,10000,percentage_bps,estimated,"pasted_content_20.txt, CE Development Portfolio Financial Baseline, user-supplied 2026-08-21",,jchappell2120,24,24,construction,yes,Inferred preliminary planning assumption anchored to the $11.5M historical planning figure. | Calculated monthly planning series from scenario drivers; not actual project performance.
6,Garden Haven,Single-Family Residential Development,Preliminary Planning — High,upside,schedule,SCH-OCC-24,occupancy_bps,occupancy bps — month 24,6571,percentage_bps,estimated,"pasted_content_20.txt, CE Development Portfolio Financial Baseline, user-supplied 2026-08-21",,jchappell2120,24,24,construction,yes,Inferred preliminary planning assumption anchored to the $11.5M historical planning figure. | Calculated monthly planning series from scenario drivers; not actual project performance.
6,Garden Haven,Single-Family Residential Development,Preliminary Planning — High,upside,revenue,SCH-REV-24,monthly_effective_revenue,monthly effective revenue — month 24,438067,usd,estimated,"pasted_content_20.txt, CE Development Portfolio Financial Baseline, user-supplied 2026-08-21",,jchappell2120,24,24,construction,yes,Inferred preliminary planning assumption anchored to the $11.5M historical planning figure. | Calculated monthly planning series from scenario drivers; not actual project performance.
6,Garden Haven,Single-Family Residential Development,Preliminary Planning — High,upside,operations,SCH-OPEX-24,monthly_operating_expense,monthly operating expense — month 24,0,usd,estimated,"pasted_content_20.txt, CE Development Portfolio Financial Baseline, user-supplied 2026-08-21",,jchappell2120,24,24,construction,yes,Inferred preliminary planning assumption anchored to the $11.5M historical planning figure. | Calculated monthly planning series from scenario drivers; not actual project performance.
6,Garden Haven,Single-Family Residential Development,Preliminary Planning — High,upside,financing,SCH-DRAW-24,monthly_debt_draw,monthly debt draw — month 24,169000,usd,estimated,"pasted_content_20.txt, CE Development Portfolio Financial Baseline, user-supplied 2026-08-21",,jchappell2120,24,24,construction,yes,Inferred preliminary planning assumption anchored to the $11.5M historical planning figure. | Calculated monthly planning series from scenario drivers; not actual project performance.
6,Garden Haven,Single-Family Residential Development,Preliminary Planning — High,upside,financing,SCH-INT-24,monthly_interest,monthly interest — month 24,39433,usd,estimated,"pasted_content_20.txt, CE Development Portfolio Financial Baseline, user-supplied 2026-08-21",,jchappell2120,24,24,construction,yes,Inferred preliminary planning assumption anchored to the $11.5M historical planning figure. | Calculated monthly planning series from scenario drivers; not actual project performance.
6,Garden Haven,Single-Family Residential Development,Preliminary Planning — High,upside,cash_flow,SCH-CF-24,monthly_levered_cash_flow,monthly levered cash flow — month 24,138634,usd,estimated,"pasted_content_20.txt, CE Development Portfolio Financial Baseline, user-supplied 2026-08-21",,jchappell2120,24,24,construction,yes,Inferred preliminary planning assumption anchored to the $11.5M historical planning figure. | Calculated monthly planning series from scenario drivers; not actual project performance.
6,Garden Haven,Single-Family Residential Development,Preliminary Planning — High,upside,capital_deployment,SCH-COST-25,monthly_development_spend,monthly development spend — month 25,0,usd,estimated,"pasted_content_20.txt, CE Development Portfolio Financial Baseline, user-supplied 2026-08-21",,jchappell2120,25,25,lease_up_stabilization,yes,Inferred preliminary planning assumption anchored to the $11.5M historical planning figure. | Calculated monthly planning series from scenario drivers; not actual project performance.
6,Garden Haven,Single-Family Residential Development,Preliminary Planning — High,upside,schedule,SCH-CUM-25,cumulative_deployment_bps,cumulative deployment bps — month 25,10000,percentage_bps,estimated,"pasted_content_20.txt, CE Development Portfolio Financial Baseline, user-supplied 2026-08-21",,jchappell2120,25,25,lease_up_stabilization,yes,Inferred preliminary planning assumption anchored to the $11.5M historical planning figure. | Calculated monthly planning series from scenario drivers; not actual project performance.
6,Garden Haven,Single-Family Residential Development,Preliminary Planning — High,upside,schedule,SCH-OCC-25,occupancy_bps,occupancy bps — month 25,6857,percentage_bps,estimated,"pasted_content_20.txt, CE Development Portfolio Financial Baseline, user-supplied 2026-08-21",,jchappell2120,25,25,lease_up_stabilization,yes,Inferred preliminary planning assumption anchored to the $11.5M historical planning figure. | Calculated monthly planning series from scenario drivers; not actual project performance.
6,Garden Haven,Single-Family Residential Development,Preliminary Planning — High,upside,revenue,SCH-REV-25,monthly_effective_revenue,monthly effective revenue — month 25,457133,usd,estimated,"pasted_content_20.txt, CE Development Portfolio Financial Baseline, user-supplied 2026-08-21",,jchappell2120,25,25,lease_up_stabilization,yes,Inferred preliminary planning assumption anchored to the $11.5M historical planning figure. | Calculated monthly planning series from scenario drivers; not actual project performance.
6,Garden Haven,Single-Family Residential Development,Preliminary Planning — High,upside,operations,SCH-OPEX-25,monthly_operating_expense,monthly operating expense — month 25,0,usd,estimated,"pasted_content_20.txt, CE Development Portfolio Financial Baseline, user-supplied 2026-08-21",,jchappell2120,25,25,lease_up_stabilization,yes,Inferred preliminary planning assumption anchored to the $11.5M historical planning figure. | Calculated monthly planning series from scenario drivers; not actual project performance.
6,Garden Haven,Single-Family Residential Development,Preliminary Planning — High,upside,financing,SCH-DRAW-25,monthly_debt_draw,monthly debt draw — month 25,0,usd,estimated,"pasted_content_20.txt, CE Development Portfolio Financial Baseline, user-supplied 2026-08-21",,jchappell2120,25,25,lease_up_stabilization,yes,Inferred preliminary planning assumption anchored to the $11.5M historical planning figure. | Calculated monthly planning series from scenario drivers; not actual project performance.
6,Garden Haven,Single-Family Residential Development,Preliminary Planning — High,upside,financing,SCH-INT-25,monthly_interest,monthly interest — month 25,39433,usd,estimated,"pasted_content_20.txt, CE Development Portfolio Financial Baseline, user-supplied 2026-08-21",,jchappell2120,25,25,lease_up_stabilization,yes,Inferred preliminary planning assumption anchored to the $11.5M historical planning figure. | Calculated monthly planning series from scenario drivers; not actual project performance.
6,Garden Haven,Single-Family Residential Development,Preliminary Planning — High,upside,cash_flow,SCH-CF-25,monthly_levered_cash_flow,monthly levered cash flow — month 25,417700,usd,estimated,"pasted_content_20.txt, CE Development Portfolio Financial Baseline, user-supplied 2026-08-21",,jchappell2120,25,25,lease_up_stabilization,yes,Inferred preliminary planning assumption anchored to the $11.5M historical planning figure. | Calculated monthly planning series from scenario drivers; not actual project performance.
6,Garden Haven,Single-Family Residential Development,Preliminary Planning — High,upside,capital_deployment,SCH-COST-26,monthly_development_spend,monthly development spend — month 26,0,usd,estimated,"pasted_content_20.txt, CE Development Portfolio Financial Baseline, user-supplied 2026-08-21",,jchappell2120,26,26,lease_up_stabilization,yes,Inferred preliminary planning assumption anchored to the $11.5M historical planning figure. | Calculated monthly planning series from scenario drivers; not actual project performance.
6,Garden Haven,Single-Family Residential Development,Preliminary Planning — High,upside,schedule,SCH-CUM-26,cumulative_deployment_bps,cumulative deployment bps — month 26,10000,percentage_bps,estimated,"pasted_content_20.txt, CE Development Portfolio Financial Baseline, user-supplied 2026-08-21",,jchappell2120,26,26,lease_up_stabilization,yes,Inferred preliminary planning assumption anchored to the $11.5M historical planning figure. | Calculated monthly planning series from scenario drivers; not actual project performance.
6,Garden Haven,Single-Family Residential Development,Preliminary Planning — High,upside,schedule,SCH-OCC-26,occupancy_bps,occupancy bps — month 26,7143,percentage_bps,estimated,"pasted_content_20.txt, CE Development Portfolio Financial Baseline, user-supplied 2026-08-21",,jchappell2120,26,26,lease_up_stabilization,yes,Inferred preliminary planning assumption anchored to the $11.5M historical planning figure. | Calculated monthly planning series from scenario drivers; not actual project performance.
6,Garden Haven,Single-Family Residential Development,Preliminary Planning — High,upside,revenue,SCH-REV-26,monthly_effective_revenue,monthly effective revenue — month 26,476200,usd,estimated,"pasted_content_20.txt, CE Development Portfolio Financial Baseline, user-supplied 2026-08-21",,jchappell2120,26,26,lease_up_stabilization,yes,Inferred preliminary planning assumption anchored to the $11.5M historical planning figure. | Calculated monthly planning series from scenario drivers; not actual project performance.
6,Garden Haven,Single-Family Residential Development,Preliminary Planning — High,upside,operations,SCH-OPEX-26,monthly_operating_expense,monthly operating expense — month 26,0,usd,estimated,"pasted_content_20.txt, CE Development Portfolio Financial Baseline, user-supplied 2026-08-21",,jchappell2120,26,26,lease_up_stabilization,yes,Inferred preliminary planning assumption anchored to the $11.5M historical planning figure. | Calculated monthly planning series from scenario drivers; not actual project performance.
6,Garden Haven,Single-Family Residential Development,Preliminary Planning — High,upside,financing,SCH-DRAW-26,monthly_debt_draw,monthly debt draw — month 26,0,usd,estimated,"pasted_content_20.txt, CE Development Portfolio Financial Baseline, user-supplied 2026-08-21",,jchappell2120,26,26,lease_up_stabilization,yes,Inferred preliminary planning assumption anchored to the $11.5M historical planning figure. | Calculated monthly planning series from scenario drivers; not actual project performance.
6,Garden Haven,Single-Family Residential Development,Preliminary Planning — High,upside,financing,SCH-INT-26,monthly_interest,monthly interest — month 26,39433,usd,estimated,"pasted_content_20.txt, CE Development Portfolio Financial Baseline, user-supplied 2026-08-21",,jchappell2120,26,26,lease_up_stabilization,yes,Inferred preliminary planning assumption anchored to the $11.5M historical planning figure. | Calculated monthly planning series from scenario drivers; not actual project performance.
6,Garden Haven,Single-Family Residential Development,Preliminary Planning — High,upside,cash_flow,SCH-CF-26,monthly_levered_cash_flow,monthly levered cash flow — month 26,436767,usd,estimated,"pasted_content_20.txt, CE Development Portfolio Financial Baseline, user-supplied 2026-08-21",,jchappell2120,26,26,lease_up_stabilization,yes,Inferred preliminary planning assumption anchored to the $11.5M historical planning figure. | Calculated monthly planning series from scenario drivers; not actual project performance.
6,Garden Haven,Single-Family Residential Development,Preliminary Planning — High,upside,capital_deployment,SCH-COST-27,monthly_development_spend,monthly development spend — month 27,0,usd,estimated,"pasted_content_20.txt, CE Development Portfolio Financial Baseline, user-supplied 2026-08-21",,jchappell2120,27,27,lease_up_stabilization,yes,Inferred preliminary planning assumption anchored to the $11.5M historical planning figure. | Calculated monthly planning series from scenario drivers; not actual project performance.
6,Garden Haven,Single-Family Residential Development,Preliminary Planning — High,upside,schedule,SCH-CUM-27,cumulative_deployment_bps,cumulative deployment bps — month 27,10000,percentage_bps,estimated,"pasted_content_20.txt, CE Development Portfolio Financial Baseline, user-supplied 2026-08-21",,jchappell2120,27,27,lease_up_stabilization,yes,Inferred preliminary planning assumption anchored to the $11.5M historical planning figure. | Calculated monthly planning series from scenario drivers; not actual project performance.
6,Garden Haven,Single-Family Residential Development,Preliminary Planning — High,upside,schedule,SCH-OCC-27,occupancy_bps,occupancy bps — month 27,7429,percentage_bps,estimated,"pasted_content_20.txt, CE Development Portfolio Financial Baseline, user-supplied 2026-08-21",,jchappell2120,27,27,lease_up_stabilization,yes,Inferred preliminary planning assumption anchored to the $11.5M historical planning figure. | Calculated monthly planning series from scenario drivers; not actual project performance.
6,Garden Haven,Single-Family Residential Development,Preliminary Planning — High,upside,revenue,SCH-REV-27,monthly_effective_revenue,monthly effective revenue — month 27,495267,usd,estimated,"pasted_content_20.txt, CE Development Portfolio Financial Baseline, user-supplied 2026-08-21",,jchappell2120,27,27,lease_up_stabilization,yes,Inferred preliminary planning assumption anchored to the $11.5M historical planning figure. | Calculated monthly planning series from scenario drivers; not actual project performance.
6,Garden Haven,Single-Family Residential Development,Preliminary Planning — High,upside,operations,SCH-OPEX-27,monthly_operating_expense,monthly operating expense — month 27,0,usd,estimated,"pasted_content_20.txt, CE Development Portfolio Financial Baseline, user-supplied 2026-08-21",,jchappell2120,27,27,lease_up_stabilization,yes,Inferred preliminary planning assumption anchored to the $11.5M historical planning figure. | Calculated monthly planning series from scenario drivers; not actual project performance.
6,Garden Haven,Single-Family Residential Development,Preliminary Planning — High,upside,financing,SCH-DRAW-27,monthly_debt_draw,monthly debt draw — month 27,0,usd,estimated,"pasted_content_20.txt, CE Development Portfolio Financial Baseline, user-supplied 2026-08-21",,jchappell2120,27,27,lease_up_stabilization,yes,Inferred preliminary planning assumption anchored to the $11.5M historical planning figure. | Calculated monthly planning series from scenario drivers; not actual project performance.
6,Garden Haven,Single-Family Residential Development,Preliminary Planning — High,upside,financing,SCH-INT-27,monthly_interest,monthly interest — month 27,39433,usd,estimated,"pasted_content_20.txt, CE Development Portfolio Financial Baseline, user-supplied 2026-08-21",,jchappell2120,27,27,lease_up_stabilization,yes,Inferred preliminary planning assumption anchored to the $11.5M historical planning figure. | Calculated monthly planning series from scenario drivers; not actual project performance.
6,Garden Haven,Single-Family Residential Development,Preliminary Planning — High,upside,cash_flow,SCH-CF-27,monthly_levered_cash_flow,monthly levered cash flow — month 27,455834,usd,estimated,"pasted_content_20.txt, CE Development Portfolio Financial Baseline, user-supplied 2026-08-21",,jchappell2120,27,27,lease_up_stabilization,yes,Inferred preliminary planning assumption anchored to the $11.5M historical planning figure. | Calculated monthly planning series from scenario drivers; not actual project performance.
6,Garden Haven,Single-Family Residential Development,Preliminary Planning — High,upside,capital_deployment,SCH-COST-28,monthly_development_spend,monthly development spend — month 28,0,usd,estimated,"pasted_content_20.txt, CE Development Portfolio Financial Baseline, user-supplied 2026-08-21",,jchappell2120,28,28,lease_up_stabilization,yes,Inferred preliminary planning assumption anchored to the $11.5M historical planning figure. | Calculated monthly planning series from scenario drivers; not actual project performance.
6,Garden Haven,Single-Family Residential Development,Preliminary Planning — High,upside,schedule,SCH-CUM-28,cumulative_deployment_bps,cumulative deployment bps — month 28,10000,percentage_bps,estimated,"pasted_content_20.txt, CE Development Portfolio Financial Baseline, user-supplied 2026-08-21",,jchappell2120,28,28,lease_up_stabilization,yes,Inferred preliminary planning assumption anchored to the $11.5M historical planning figure. | Calculated monthly planning series from scenario drivers; not actual project performance.
6,Garden Haven,Single-Family Residential Development,Preliminary Planning — High,upside,schedule,SCH-OCC-28,occupancy_bps,occupancy bps — month 28,7714,percentage_bps,estimated,"pasted_content_20.txt, CE Development Portfolio Financial Baseline, user-supplied 2026-08-21",,jchappell2120,28,28,lease_up_stabilization,yes,Inferred preliminary planning assumption anchored to the $11.5M historical planning figure. | Calculated monthly planning series from scenario drivers; not actual project performance.
6,Garden Haven,Single-Family Residential Development,Preliminary Planning — High,upside,revenue,SCH-REV-28,monthly_effective_revenue,monthly effective revenue — month 28,514267,usd,estimated,"pasted_content_20.txt, CE Development Portfolio Financial Baseline, user-supplied 2026-08-21",,jchappell2120,28,28,lease_up_stabilization,yes,Inferred preliminary planning assumption anchored to the $11.5M historical planning figure. | Calculated monthly planning series from scenario drivers; not actual project performance.
6,Garden Haven,Single-Family Residential Development,Preliminary Planning — High,upside,operations,SCH-OPEX-28,monthly_operating_expense,monthly operating expense — month 28,0,usd,estimated,"pasted_content_20.txt, CE Development Portfolio Financial Baseline, user-supplied 2026-08-21",,jchappell2120,28,28,lease_up_stabilization,yes,Inferred preliminary planning assumption anchored to the $11.5M historical planning figure. | Calculated monthly planning series from scenario drivers; not actual project performance.
6,Garden Haven,Single-Family Residential Development,Preliminary Planning — High,upside,financing,SCH-DRAW-28,monthly_debt_draw,monthly debt draw — month 28,0,usd,estimated,"pasted_content_20.txt, CE Development Portfolio Financial Baseline, user-supplied 2026-08-21",,jchappell2120,28,28,lease_up_stabilization,yes,Inferred preliminary planning assumption anchored to the $11.5M historical planning figure. | Calculated monthly planning series from scenario drivers; not actual project performance.
6,Garden Haven,Single-Family Residential Development,Preliminary Planning — High,upside,financing,SCH-INT-28,monthly_interest,monthly interest — month 28,39433,usd,estimated,"pasted_content_20.txt, CE Development Portfolio Financial Baseline, user-supplied 2026-08-21",,jchappell2120,28,28,lease_up_stabilization,yes,Inferred preliminary planning assumption anchored to the $11.5M historical planning figure. | Calculated monthly planning series from scenario drivers; not actual project performance.
6,Garden Haven,Single-Family Residential Development,Preliminary Planning — High,upside,cash_flow,SCH-CF-28,monthly_levered_cash_flow,monthly levered cash flow — month 28,474834,usd,estimated,"pasted_content_20.txt, CE Development Portfolio Financial Baseline, user-supplied 2026-08-21",,jchappell2120,28,28,lease_up_stabilization,yes,Inferred preliminary planning assumption anchored to the $11.5M historical planning figure. | Calculated monthly planning series from scenario drivers; not actual project performance.
6,Garden Haven,Single-Family Residential Development,Preliminary Planning — High,upside,capital_deployment,SCH-COST-29,monthly_development_spend,monthly development spend — month 29,0,usd,estimated,"pasted_content_20.txt, CE Development Portfolio Financial Baseline, user-supplied 2026-08-21",,jchappell2120,29,29,lease_up_stabilization,yes,Inferred preliminary planning assumption anchored to the $11.5M historical planning figure. | Calculated monthly planning series from scenario drivers; not actual project performance.
6,Garden Haven,Single-Family Residential Development,Preliminary Planning — High,upside,schedule,SCH-CUM-29,cumulative_deployment_bps,cumulative deployment bps — month 29,10000,percentage_bps,estimated,"pasted_content_20.txt, CE Development Portfolio Financial Baseline, user-supplied 2026-08-21",,jchappell2120,29,29,lease_up_stabilization,yes,Inferred preliminary planning assumption anchored to the $11.5M historical planning figure. | Calculated monthly planning series from scenario drivers; not actual project performance.
6,Garden Haven,Single-Family Residential Development,Preliminary Planning — High,upside,schedule,SCH-OCC-29,occupancy_bps,occupancy bps — month 29,8000,percentage_bps,estimated,"pasted_content_20.txt, CE Development Portfolio Financial Baseline, user-supplied 2026-08-21",,jchappell2120,29,29,lease_up_stabilization,yes,Inferred preliminary planning assumption anchored to the $11.5M historical planning figure. | Calculated monthly planning series from scenario drivers; not actual project performance.
6,Garden Haven,Single-Family Residential Development,Preliminary Planning — High,upside,revenue,SCH-REV-29,monthly_effective_revenue,monthly effective revenue — month 29,533333,usd,estimated,"pasted_content_20.txt, CE Development Portfolio Financial Baseline, user-supplied 2026-08-21",,jchappell2120,29,29,lease_up_stabilization,yes,Inferred preliminary planning assumption anchored to the $11.5M historical planning figure. | Calculated monthly planning series from scenario drivers; not actual project performance.
6,Garden Haven,Single-Family Residential Development,Preliminary Planning — High,upside,operations,SCH-OPEX-29,monthly_operating_expense,monthly operating expense — month 29,0,usd,estimated,"pasted_content_20.txt, CE Development Portfolio Financial Baseline, user-supplied 2026-08-21",,jchappell2120,29,29,lease_up_stabilization,yes,Inferred preliminary planning assumption anchored to the $11.5M historical planning figure. | Calculated monthly planning series from scenario drivers; not actual project performance.
6,Garden Haven,Single-Family Residential Development,Preliminary Planning — High,upside,financing,SCH-DRAW-29,monthly_debt_draw,monthly debt draw — month 29,0,usd,estimated,"pasted_content_20.txt, CE Development Portfolio Financial Baseline, user-supplied 2026-08-21",,jchappell2120,29,29,lease_up_stabilization,yes,Inferred preliminary planning assumption anchored to the $11.5M historical planning figure. | Calculated monthly planning series from scenario drivers; not actual project performance.
6,Garden Haven,Single-Family Residential Development,Preliminary Planning — High,upside,financing,SCH-INT-29,monthly_interest,monthly interest — month 29,39433,usd,estimated,"pasted_content_20.txt, CE Development Portfolio Financial Baseline, user-supplied 2026-08-21",,jchappell2120,29,29,lease_up_stabilization,yes,Inferred preliminary planning assumption anchored to the $11.5M historical planning figure. | Calculated monthly planning series from scenario drivers; not actual project performance.
6,Garden Haven,Single-Family Residential Development,Preliminary Planning — High,upside,cash_flow,SCH-CF-29,monthly_levered_cash_flow,monthly levered cash flow — month 29,493900,usd,estimated,"pasted_content_20.txt, CE Development Portfolio Financial Baseline, user-supplied 2026-08-21",,jchappell2120,29,29,lease_up_stabilization,yes,Inferred preliminary planning assumption anchored to the $11.5M historical planning figure. | Calculated monthly planning series from scenario drivers; not actual project performance.
6,Garden Haven,Single-Family Residential Development,Preliminary Planning — High,upside,capital_deployment,SCH-COST-30,monthly_development_spend,monthly development spend — month 30,0,usd,estimated,"pasted_content_20.txt, CE Development Portfolio Financial Baseline, user-supplied 2026-08-21",,jchappell2120,30,30,lease_up_stabilization,yes,Inferred preliminary planning assumption anchored to the $11.5M historical planning figure. | Calculated monthly planning series from scenario drivers; not actual project performance.
6,Garden Haven,Single-Family Residential Development,Preliminary Planning — High,upside,schedule,SCH-CUM-30,cumulative_deployment_bps,cumulative deployment bps — month 30,10000,percentage_bps,estimated,"pasted_content_20.txt, CE Development Portfolio Financial Baseline, user-supplied 2026-08-21",,jchappell2120,30,30,lease_up_stabilization,yes,Inferred preliminary planning assumption anchored to the $11.5M historical planning figure. | Calculated monthly planning series from scenario drivers; not actual project performance.
6,Garden Haven,Single-Family Residential Development,Preliminary Planning — High,upside,schedule,SCH-OCC-30,occupancy_bps,occupancy bps — month 30,8286,percentage_bps,estimated,"pasted_content_20.txt, CE Development Portfolio Financial Baseline, user-supplied 2026-08-21",,jchappell2120,30,30,lease_up_stabilization,yes,Inferred preliminary planning assumption anchored to the $11.5M historical planning figure. | Calculated monthly planning series from scenario drivers; not actual project performance.
6,Garden Haven,Single-Family Residential Development,Preliminary Planning — High,upside,revenue,SCH-REV-30,monthly_effective_revenue,monthly effective revenue — month 30,552400,usd,estimated,"pasted_content_20.txt, CE Development Portfolio Financial Baseline, user-supplied 2026-08-21",,jchappell2120,30,30,lease_up_stabilization,yes,Inferred preliminary planning assumption anchored to the $11.5M historical planning figure. | Calculated monthly planning series from scenario drivers; not actual project performance.
6,Garden Haven,Single-Family Residential Development,Preliminary Planning — High,upside,operations,SCH-OPEX-30,monthly_operating_expense,monthly operating expense — month 30,0,usd,estimated,"pasted_content_20.txt, CE Development Portfolio Financial Baseline, user-supplied 2026-08-21",,jchappell2120,30,30,lease_up_stabilization,yes,Inferred preliminary planning assumption anchored to the $11.5M historical planning figure. | Calculated monthly planning series from scenario drivers; not actual project performance.
6,Garden Haven,Single-Family Residential Development,Preliminary Planning — High,upside,financing,SCH-DRAW-30,monthly_debt_draw,monthly debt draw — month 30,0,usd,estimated,"pasted_content_20.txt, CE Development Portfolio Financial Baseline, user-supplied 2026-08-21",,jchappell2120,30,30,lease_up_stabilization,yes,Inferred preliminary planning assumption anchored to the $11.5M historical planning figure. | Calculated monthly planning series from scenario drivers; not actual project performance.
6,Garden Haven,Single-Family Residential Development,Preliminary Planning — High,upside,financing,SCH-INT-30,monthly_interest,monthly interest — month 30,39433,usd,estimated,"pasted_content_20.txt, CE Development Portfolio Financial Baseline, user-supplied 2026-08-21",,jchappell2120,30,30,lease_up_stabilization,yes,Inferred preliminary planning assumption anchored to the $11.5M historical planning figure. | Calculated monthly planning series from scenario drivers; not actual project performance.
6,Garden Haven,Single-Family Residential Development,Preliminary Planning — High,upside,cash_flow,SCH-CF-30,monthly_levered_cash_flow,monthly levered cash flow — month 30,512967,usd,estimated,"pasted_content_20.txt, CE Development Portfolio Financial Baseline, user-supplied 2026-08-21",,jchappell2120,30,30,lease_up_stabilization,yes,Inferred preliminary planning assumption anchored to the $11.5M historical planning figure. | Calculated monthly planning series from scenario drivers; not actual project performance.
6,Garden Haven,Single-Family Residential Development,Preliminary Planning — High,upside,capital_deployment,SCH-COST-31,monthly_development_spend,monthly development spend — month 31,0,usd,estimated,"pasted_content_20.txt, CE Development Portfolio Financial Baseline, user-supplied 2026-08-21",,jchappell2120,31,31,lease_up_stabilization,yes,Inferred preliminary planning assumption anchored to the $11.5M historical planning figure. | Calculated monthly planning series from scenario drivers; not actual project performance.
6,Garden Haven,Single-Family Residential Development,Preliminary Planning — High,upside,schedule,SCH-CUM-31,cumulative_deployment_bps,cumulative deployment bps — month 31,10000,percentage_bps,estimated,"pasted_content_20.txt, CE Development Portfolio Financial Baseline, user-supplied 2026-08-21",,jchappell2120,31,31,lease_up_stabilization,yes,Inferred preliminary planning assumption anchored to the $11.5M historical planning figure. | Calculated monthly planning series from scenario drivers; not actual project performance.
6,Garden Haven,Single-Family Residential Development,Preliminary Planning — High,upside,schedule,SCH-OCC-31,occupancy_bps,occupancy bps — month 31,8571,percentage_bps,estimated,"pasted_content_20.txt, CE Development Portfolio Financial Baseline, user-supplied 2026-08-21",,jchappell2120,31,31,lease_up_stabilization,yes,Inferred preliminary planning assumption anchored to the $11.5M historical planning figure. | Calculated monthly planning series from scenario drivers; not actual project performance.
6,Garden Haven,Single-Family Residential Development,Preliminary Planning — High,upside,revenue,SCH-REV-31,monthly_effective_revenue,monthly effective revenue — month 31,571400,usd,estimated,"pasted_content_20.txt, CE Development Portfolio Financial Baseline, user-supplied 2026-08-21",,jchappell2120,31,31,lease_up_stabilization,yes,Inferred preliminary planning assumption anchored to the $11.5M historical planning figure. | Calculated monthly planning series from scenario drivers; not actual project performance.
6,Garden Haven,Single-Family Residential Development,Preliminary Planning — High,upside,operations,SCH-OPEX-31,monthly_operating_expense,monthly operating expense — month 31,0,usd,estimated,"pasted_content_20.txt, CE Development Portfolio Financial Baseline, user-supplied 2026-08-21",,jchappell2120,31,31,lease_up_stabilization,yes,Inferred preliminary planning assumption anchored to the $11.5M historical planning figure. | Calculated monthly planning series from scenario drivers; not actual project performance.
6,Garden Haven,Single-Family Residential Development,Preliminary Planning — High,upside,financing,SCH-DRAW-31,monthly_debt_draw,monthly debt draw — month 31,0,usd,estimated,"pasted_content_20.txt, CE Development Portfolio Financial Baseline, user-supplied 2026-08-21",,jchappell2120,31,31,lease_up_stabilization,yes,Inferred preliminary planning assumption anchored to the $11.5M historical planning figure. | Calculated monthly planning series from scenario drivers; not actual project performance.
6,Garden Haven,Single-Family Residential Development,Preliminary Planning — High,upside,financing,SCH-INT-31,monthly_interest,monthly interest — month 31,39433,usd,estimated,"pasted_content_20.txt, CE Development Portfolio Financial Baseline, user-supplied 2026-08-21",,jchappell2120,31,31,lease_up_stabilization,yes,Inferred preliminary planning assumption anchored to the $11.5M historical planning figure. | Calculated monthly planning series from scenario drivers; not actual project performance.
6,Garden Haven,Single-Family Residential Development,Preliminary Planning — High,upside,cash_flow,SCH-CF-31,monthly_levered_cash_flow,monthly levered cash flow — month 31,531967,usd,estimated,"pasted_content_20.txt, CE Development Portfolio Financial Baseline, user-supplied 2026-08-21",,jchappell2120,31,31,lease_up_stabilization,yes,Inferred preliminary planning assumption anchored to the $11.5M historical planning figure. | Calculated monthly planning series from scenario drivers; not actual project performance.
6,Garden Haven,Single-Family Residential Development,Preliminary Planning — High,upside,capital_deployment,SCH-COST-32,monthly_development_spend,monthly development spend — month 32,0,usd,estimated,"pasted_content_20.txt, CE Development Portfolio Financial Baseline, user-supplied 2026-08-21",,jchappell2120,32,32,lease_up_stabilization,yes,Inferred preliminary planning assumption anchored to the $11.5M historical planning figure. | Calculated monthly planning series from scenario drivers; not actual project performance.
6,Garden Haven,Single-Family Residential Development,Preliminary Planning — High,upside,schedule,SCH-CUM-32,cumulative_deployment_bps,cumulative deployment bps — month 32,10000,percentage_bps,estimated,"pasted_content_20.txt, CE Development Portfolio Financial Baseline, user-supplied 2026-08-21",,jchappell2120,32,32,lease_up_stabilization,yes,Inferred preliminary planning assumption anchored to the $11.5M historical planning figure. | Calculated monthly planning series from scenario drivers; not actual project performance.
6,Garden Haven,Single-Family Residential Development,Preliminary Planning — High,upside,schedule,SCH-OCC-32,occupancy_bps,occupancy bps — month 32,8857,percentage_bps,estimated,"pasted_content_20.txt, CE Development Portfolio Financial Baseline, user-supplied 2026-08-21",,jchappell2120,32,32,lease_up_stabilization,yes,Inferred preliminary planning assumption anchored to the $11.5M historical planning figure. | Calculated monthly planning series from scenario drivers; not actual project performance.
6,Garden Haven,Single-Family Residential Development,Preliminary Planning — High,upside,revenue,SCH-REV-32,monthly_effective_revenue,monthly effective revenue — month 32,590467,usd,estimated,"pasted_content_20.txt, CE Development Portfolio Financial Baseline, user-supplied 2026-08-21",,jchappell2120,32,32,lease_up_stabilization,yes,Inferred preliminary planning assumption anchored to the $11.5M historical planning figure. | Calculated monthly planning series from scenario drivers; not actual project performance.
6,Garden Haven,Single-Family Residential Development,Preliminary Planning — High,upside,operations,SCH-OPEX-32,monthly_operating_expense,monthly operating expense — month 32,0,usd,estimated,"pasted_content_20.txt, CE Development Portfolio Financial Baseline, user-supplied 2026-08-21",,jchappell2120,32,32,lease_up_stabilization,yes,Inferred preliminary planning assumption anchored to the $11.5M historical planning figure. | Calculated monthly planning series from scenario drivers; not actual project performance.
6,Garden Haven,Single-Family Residential Development,Preliminary Planning — High,upside,financing,SCH-DRAW-32,monthly_debt_draw,monthly debt draw — month 32,0,usd,estimated,"pasted_content_20.txt, CE Development Portfolio Financial Baseline, user-supplied 2026-08-21",,jchappell2120,32,32,lease_up_stabilization,yes,Inferred preliminary planning assumption anchored to the $11.5M historical planning figure. | Calculated monthly planning series from scenario drivers; not actual project performance.
6,Garden Haven,Single-Family Residential Development,Preliminary Planning — High,upside,financing,SCH-INT-32,monthly_interest,monthly interest — month 32,39433,usd,estimated,"pasted_content_20.txt, CE Development Portfolio Financial Baseline, user-supplied 2026-08-21",,jchappell2120,32,32,lease_up_stabilization,yes,Inferred preliminary planning assumption anchored to the $11.5M historical planning figure. | Calculated monthly planning series from scenario drivers; not actual project performance.
6,Garden Haven,Single-Family Residential Development,Preliminary Planning — High,upside,cash_flow,SCH-CF-32,monthly_levered_cash_flow,monthly levered cash flow — month 32,551034,usd,estimated,"pasted_content_20.txt, CE Development Portfolio Financial Baseline, user-supplied 2026-08-21",,jchappell2120,32,32,lease_up_stabilization,yes,Inferred preliminary planning assumption anchored to the $11.5M historical planning figure. | Calculated monthly planning series from scenario drivers; not actual project performance.
6,Garden Haven,Single-Family Residential Development,Preliminary Planning — High,upside,capital_deployment,SCH-COST-33,monthly_development_spend,monthly development spend — month 33,0,usd,estimated,"pasted_content_20.txt, CE Development Portfolio Financial Baseline, user-supplied 2026-08-21",,jchappell2120,33,33,lease_up_stabilization,yes,Inferred preliminary planning assumption anchored to the $11.5M historical planning figure. | Calculated monthly planning series from scenario drivers; not actual project performance.
6,Garden Haven,Single-Family Residential Development,Preliminary Planning — High,upside,schedule,SCH-CUM-33,cumulative_deployment_bps,cumulative deployment bps — month 33,10000,percentage_bps,estimated,"pasted_content_20.txt, CE Development Portfolio Financial Baseline, user-supplied 2026-08-21",,jchappell2120,33,33,lease_up_stabilization,yes,Inferred preliminary planning assumption anchored to the $11.5M historical planning figure. | Calculated monthly planning series from scenario drivers; not actual project performance.
6,Garden Haven,Single-Family Residential Development,Preliminary Planning — High,upside,schedule,SCH-OCC-33,occupancy_bps,occupancy bps — month 33,9143,percentage_bps,estimated,"pasted_content_20.txt, CE Development Portfolio Financial Baseline, user-supplied 2026-08-21",,jchappell2120,33,33,lease_up_stabilization,yes,Inferred preliminary planning assumption anchored to the $11.5M historical planning figure. | Calculated monthly planning series from scenario drivers; not actual project performance.
6,Garden Haven,Single-Family Residential Development,Preliminary Planning — High,upside,revenue,SCH-REV-33,monthly_effective_revenue,monthly effective revenue — month 33,609533,usd,estimated,"pasted_content_20.txt, CE Development Portfolio Financial Baseline, user-supplied 2026-08-21",,jchappell2120,33,33,lease_up_stabilization,yes,Inferred preliminary planning assumption anchored to the $11.5M historical planning figure. | Calculated monthly planning series from scenario drivers; not actual project performance.
6,Garden Haven,Single-Family Residential Development,Preliminary Planning — High,upside,operations,SCH-OPEX-33,monthly_operating_expense,monthly operating expense — month 33,0,usd,estimated,"pasted_content_20.txt, CE Development Portfolio Financial Baseline, user-supplied 2026-08-21",,jchappell2120,33,33,lease_up_stabilization,yes,Inferred preliminary planning assumption anchored to the $11.5M historical planning figure. | Calculated monthly planning series from scenario drivers; not actual project performance.
6,Garden Haven,Single-Family Residential Development,Preliminary Planning — High,upside,financing,SCH-DRAW-33,monthly_debt_draw,monthly debt draw — month 33,0,usd,estimated,"pasted_content_20.txt, CE Development Portfolio Financial Baseline, user-supplied 2026-08-21",,jchappell2120,33,33,lease_up_stabilization,yes,Inferred preliminary planning assumption anchored to the $11.5M historical planning figure. | Calculated monthly planning series from scenario drivers; not actual project performance.
6,Garden Haven,Single-Family Residential Development,Preliminary Planning — High,upside,financing,SCH-INT-33,monthly_interest,monthly interest — month 33,39433,usd,estimated,"pasted_content_20.txt, CE Development Portfolio Financial Baseline, user-supplied 2026-08-21",,jchappell2120,33,33,lease_up_stabilization,yes,Inferred preliminary planning assumption anchored to the $11.5M historical planning figure. | Calculated monthly planning series from scenario drivers; not actual project performance.
6,Garden Haven,Single-Family Residential Development,Preliminary Planning — High,upside,cash_flow,SCH-CF-33,monthly_levered_cash_flow,monthly levered cash flow — month 33,570100,usd,estimated,"pasted_content_20.txt, CE Development Portfolio Financial Baseline, user-supplied 2026-08-21",,jchappell2120,33,33,lease_up_stabilization,yes,Inferred preliminary planning assumption anchored to the $11.5M historical planning figure. | Calculated monthly planning series from scenario drivers; not actual project performance.
6,Garden Haven,Single-Family Residential Development,Preliminary Planning — High,upside,capital_deployment,SCH-COST-34,monthly_development_spend,monthly development spend — month 34,0,usd,estimated,"pasted_content_20.txt, CE Development Portfolio Financial Baseline, user-supplied 2026-08-21",,jchappell2120,34,34,lease_up_stabilization,yes,Inferred preliminary planning assumption anchored to the $11.5M historical planning figure. | Calculated monthly planning series from scenario drivers; not actual project performance.
6,Garden Haven,Single-Family Residential Development,Preliminary Planning — High,upside,schedule,SCH-CUM-34,cumulative_deployment_bps,cumulative deployment bps — month 34,10000,percentage_bps,estimated,"pasted_content_20.txt, CE Development Portfolio Financial Baseline, user-supplied 2026-08-21",,jchappell2120,34,34,lease_up_stabilization,yes,Inferred preliminary planning assumption anchored to the $11.5M historical planning figure. | Calculated monthly planning series from scenario drivers; not actual project performance.
6,Garden Haven,Single-Family Residential Development,Preliminary Planning — High,upside,schedule,SCH-OCC-34,occupancy_bps,occupancy bps — month 34,9429,percentage_bps,estimated,"pasted_content_20.txt, CE Development Portfolio Financial Baseline, user-supplied 2026-08-21",,jchappell2120,34,34,lease_up_stabilization,yes,Inferred preliminary planning assumption anchored to the $11.5M historical planning figure. | Calculated monthly planning series from scenario drivers; not actual project performance.
6,Garden Haven,Single-Family Residential Development,Preliminary Planning — High,upside,revenue,SCH-REV-34,monthly_effective_revenue,monthly effective revenue — month 34,628600,usd,estimated,"pasted_content_20.txt, CE Development Portfolio Financial Baseline, user-supplied 2026-08-21",,jchappell2120,34,34,lease_up_stabilization,yes,Inferred preliminary planning assumption anchored to the $11.5M historical planning figure. | Calculated monthly planning series from scenario drivers; not actual project performance.
6,Garden Haven,Single-Family Residential Development,Preliminary Planning — High,upside,operations,SCH-OPEX-34,monthly_operating_expense,monthly operating expense — month 34,0,usd,estimated,"pasted_content_20.txt, CE Development Portfolio Financial Baseline, user-supplied 2026-08-21",,jchappell2120,34,34,lease_up_stabilization,yes,Inferred preliminary planning assumption anchored to the $11.5M historical planning figure. | Calculated monthly planning series from scenario drivers; not actual project performance.
6,Garden Haven,Single-Family Residential Development,Preliminary Planning — High,upside,financing,SCH-DRAW-34,monthly_debt_draw,monthly debt draw — month 34,0,usd,estimated,"pasted_content_20.txt, CE Development Portfolio Financial Baseline, user-supplied 2026-08-21",,jchappell2120,34,34,lease_up_stabilization,yes,Inferred preliminary planning assumption anchored to the $11.5M historical planning figure. | Calculated monthly planning series from scenario drivers; not actual project performance.
6,Garden Haven,Single-Family Residential Development,Preliminary Planning — High,upside,financing,SCH-INT-34,monthly_interest,monthly interest — month 34,39433,usd,estimated,"pasted_content_20.txt, CE Development Portfolio Financial Baseline, user-supplied 2026-08-21",,jchappell2120,34,34,lease_up_stabilization,yes,Inferred preliminary planning assumption anchored to the $11.5M historical planning figure. | Calculated monthly planning series from scenario drivers; not actual project performance.
6,Garden Haven,Single-Family Residential Development,Preliminary Planning — High,upside,cash_flow,SCH-CF-34,monthly_levered_cash_flow,monthly levered cash flow — month 34,589167,usd,estimated,"pasted_content_20.txt, CE Development Portfolio Financial Baseline, user-supplied 2026-08-21",,jchappell2120,34,34,lease_up_stabilization,yes,Inferred preliminary planning assumption anchored to the $11.5M historical planning figure. | Calculated monthly planning series from scenario drivers; not actual project performance.
6,Garden Haven,Single-Family Residential Development,Preliminary Planning — High,upside,capital_deployment,SCH-COST-35,monthly_development_spend,monthly development spend — month 35,0,usd,estimated,"pasted_content_20.txt, CE Development Portfolio Financial Baseline, user-supplied 2026-08-21",,jchappell2120,35,35,lease_up_stabilization,yes,Inferred preliminary planning assumption anchored to the $11.5M historical planning figure. | Calculated monthly planning series from scenario drivers; not actual project performance.
6,Garden Haven,Single-Family Residential Development,Preliminary Planning — High,upside,schedule,SCH-CUM-35,cumulative_deployment_bps,cumulative deployment bps — month 35,10000,percentage_bps,estimated,"pasted_content_20.txt, CE Development Portfolio Financial Baseline, user-supplied 2026-08-21",,jchappell2120,35,35,lease_up_stabilization,yes,Inferred preliminary planning assumption anchored to the $11.5M historical planning figure. | Calculated monthly planning series from scenario drivers; not actual project performance.
6,Garden Haven,Single-Family Residential Development,Preliminary Planning — High,upside,schedule,SCH-OCC-35,occupancy_bps,occupancy bps — month 35,9714,percentage_bps,estimated,"pasted_content_20.txt, CE Development Portfolio Financial Baseline, user-supplied 2026-08-21",,jchappell2120,35,35,lease_up_stabilization,yes,Inferred preliminary planning assumption anchored to the $11.5M historical planning figure. | Calculated monthly planning series from scenario drivers; not actual project performance.
6,Garden Haven,Single-Family Residential Development,Preliminary Planning — High,upside,revenue,SCH-REV-35,monthly_effective_revenue,monthly effective revenue — month 35,647600,usd,estimated,"pasted_content_20.txt, CE Development Portfolio Financial Baseline, user-supplied 2026-08-21",,jchappell2120,35,35,lease_up_stabilization,yes,Inferred preliminary planning assumption anchored to the $11.5M historical planning figure. | Calculated monthly planning series from scenario drivers; not actual project performance.
6,Garden Haven,Single-Family Residential Development,Preliminary Planning — High,upside,operations,SCH-OPEX-35,monthly_operating_expense,monthly operating expense — month 35,0,usd,estimated,"pasted_content_20.txt, CE Development Portfolio Financial Baseline, user-supplied 2026-08-21",,jchappell2120,35,35,lease_up_stabilization,yes,Inferred preliminary planning assumption anchored to the $11.5M historical planning figure. | Calculated monthly planning series from scenario drivers; not actual project performance.
6,Garden Haven,Single-Family Residential Development,Preliminary Planning — High,upside,financing,SCH-DRAW-35,monthly_debt_draw,monthly debt draw — month 35,0,usd,estimated,"pasted_content_20.txt, CE Development Portfolio Financial Baseline, user-supplied 2026-08-21",,jchappell2120,35,35,lease_up_stabilization,yes,Inferred preliminary planning assumption anchored to the $11.5M historical planning figure. | Calculated monthly planning series from scenario drivers; not actual project performance.
6,Garden Haven,Single-Family Residential Development,Preliminary Planning — High,upside,financing,SCH-INT-35,monthly_interest,monthly interest — month 35,39433,usd,estimated,"pasted_content_20.txt, CE Development Portfolio Financial Baseline, user-supplied 2026-08-21",,jchappell2120,35,35,lease_up_stabilization,yes,Inferred preliminary planning assumption anchored to the $11.5M historical planning figure. | Calculated monthly planning series from scenario drivers; not actual project performance.
6,Garden Haven,Single-Family Residential Development,Preliminary Planning — High,upside,cash_flow,SCH-CF-35,monthly_levered_cash_flow,monthly levered cash flow — month 35,608167,usd,estimated,"pasted_content_20.txt, CE Development Portfolio Financial Baseline, user-supplied 2026-08-21",,jchappell2120,35,35,lease_up_stabilization,yes,Inferred preliminary planning assumption anchored to the $11.5M historical planning figure. | Calculated monthly planning series from scenario drivers; not actual project performance.
6,Garden Haven,Single-Family Residential Development,Preliminary Planning — High,upside,capital_deployment,SCH-COST-36,monthly_development_spend,monthly development spend — month 36,0,usd,estimated,"pasted_content_20.txt, CE Development Portfolio Financial Baseline, user-supplied 2026-08-21",,jchappell2120,36,36,lease_up_stabilization,yes,Inferred preliminary planning assumption anchored to the $11.5M historical planning figure. | Calculated monthly planning series from scenario drivers; not actual project performance.
6,Garden Haven,Single-Family Residential Development,Preliminary Planning — High,upside,schedule,SCH-CUM-36,cumulative_deployment_bps,cumulative deployment bps — month 36,10000,percentage_bps,estimated,"pasted_content_20.txt, CE Development Portfolio Financial Baseline, user-supplied 2026-08-21",,jchappell2120,36,36,lease_up_stabilization,yes,Inferred preliminary planning assumption anchored to the $11.5M historical planning figure. | Calculated monthly planning series from scenario drivers; not actual project performance.
6,Garden Haven,Single-Family Residential Development,Preliminary Planning — High,upside,schedule,SCH-OCC-36,occupancy_bps,occupancy bps — month 36,10000,percentage_bps,estimated,"pasted_content_20.txt, CE Development Portfolio Financial Baseline, user-supplied 2026-08-21",,jchappell2120,36,36,lease_up_stabilization,yes,Inferred preliminary planning assumption anchored to the $11.5M historical planning figure. | Calculated monthly planning series from scenario drivers; not actual project performance.
6,Garden Haven,Single-Family Residential Development,Preliminary Planning — High,upside,revenue,SCH-REV-36,monthly_effective_revenue,monthly effective revenue — month 36,666667,usd,estimated,"pasted_content_20.txt, CE Development Portfolio Financial Baseline, user-supplied 2026-08-21",,jchappell2120,36,36,lease_up_stabilization,yes,Inferred preliminary planning assumption anchored to the $11.5M historical planning figure. | Calculated monthly planning series from scenario drivers; not actual project performance.
6,Garden Haven,Single-Family Residential Development,Preliminary Planning — High,upside,operations,SCH-OPEX-36,monthly_operating_expense,monthly operating expense — month 36,0,usd,estimated,"pasted_content_20.txt, CE Development Portfolio Financial Baseline, user-supplied 2026-08-21",,jchappell2120,36,36,lease_up_stabilization,yes,Inferred preliminary planning assumption anchored to the $11.5M historical planning figure. | Calculated monthly planning series from scenario drivers; not actual project performance.
6,Garden Haven,Single-Family Residential Development,Preliminary Planning — High,upside,financing,SCH-DRAW-36,monthly_debt_draw,monthly debt draw — month 36,0,usd,estimated,"pasted_content_20.txt, CE Development Portfolio Financial Baseline, user-supplied 2026-08-21",,jchappell2120,36,36,lease_up_stabilization,yes,Inferred preliminary planning assumption anchored to the $11.5M historical planning figure. | Calculated monthly planning series from scenario drivers; not actual project performance.
6,Garden Haven,Single-Family Residential Development,Preliminary Planning — High,upside,financing,SCH-INT-36,monthly_interest,monthly interest — month 36,39433,usd,estimated,"pasted_content_20.txt, CE Development Portfolio Financial Baseline, user-supplied 2026-08-21",,jchappell2120,36,36,lease_up_stabilization,yes,Inferred preliminary planning assumption anchored to the $11.5M historical planning figure. | Calculated monthly planning series from scenario drivers; not actual project performance.
6,Garden Haven,Single-Family Residential Development,Preliminary Planning — High,upside,cash_flow,SCH-CF-36,monthly_levered_cash_flow,monthly levered cash flow — month 36,627234,usd,estimated,"pasted_content_20.txt, CE Development Portfolio Financial Baseline, user-supplied 2026-08-21",,jchappell2120,36,36,lease_up_stabilization,yes,Inferred preliminary planning assumption anchored to the $11.5M historical planning figure. | Calculated monthly planning series from scenario drivers; not actual project performance.
